Sensor Timestamp (ns), time.time(), time.perf_counter_ns()
121088125000.000000,1752159948.272728,121115616399.000000
121121448000.000000,1752159948.313666,121156554403.000000
121154768000.000000,1752159948.341549,121184438119.000000
121188100000.000000,1752159948.373643,121216531600.000000
121221413000.000000,1752159948.406226,121249115443.000000
121254733000.000000,1752159948.441453,121284342392.000000
121288056000.000000,1752159948.472536,121315424667.000000
121321378000.000000,1752159948.505572,121348460373.000000
121354696000.000000,1752159948.539037,121381923350.000000
121388020000.000000,1752159948.572469,121415355754.000000
121421340000.000000,1752159948.605748,121448634956.000000
121454660000.000000,1752159948.639113,121482000102.000000
121487982000.000000,1752159948.672401,121515288637.000000
121521306000.000000,1752159948.705961,121548847928.000000
121554626000.000000,1752159948.741013,121583901009.000000
121587946000.000000,1752159948.773622,121616509222.000000
121621269000.000000,1752159948.805916,121648802867.000000
121654590000.000000,1752159948.838887,121681774722.000000
121687911000.000000,1752159948.872087,121714974648.000000
121721231000.000000,1752159948.905426,121748313368.000000
121754554000.000000,1752159948.938724,121781610866.000000
121787874000.000000,1752159948.972600,121815486670.000000
121821196000.000000,1752159949.005738,121848625282.000000
121854518000.000000,1752159949.038977,121881864226.000000
121887840000.000000,1752159949.072037,121914924358.000000
121921158000.000000,1752159949.105514,121948401520.000000
121954484000.000000,1752159949.138701,121981588483.000000
121987802000.000000,1752159949.171975,122014862204.000000
122021123000.000000,1752159949.205308,122048195221.000000
122054444000.000000,1752159949.238731,122081618402.000000
122087767000.000000,1752159949.271939,122114826421.000000
122121086000.000000,1752159949.305346,122148233510.000000
122154409000.000000,1752159949.338579,122181466546.000000
122187729000.000000,1752159949.371954,122214841414.000000
122221049000.000000,1752159949.405273,122248160468.000000
122254371000.000000,1752159949.438716,122281603797.000000
122287694000.000000,1752159949.471795,122314682706.000000
122321014000.000000,1752159949.505184,122348070777.000000
122354336000.000000,1752159949.538462,122381350146.000000
122387656000.000000,1752159949.571772,122414659256.000000
122420978000.000000,1752159949.605157,122448044012.000000
122454299000.000000,1752159949.638542,122481430102.000000
122487621000.000000,1752159949.671856,122514742655.000000
122520941000.000000,1752159949.705203,122548090801.000000
122554264000.000000,1752159949.738529,122581416299.000000
122587585000.000000,1752159949.771727,122614614225.000000
122620905000.000000,1752159949.805166,122648054073.000000
122654228000.000000,1752159949.838411,122681298868.000000
122687548000.000000,1752159949.872755,122715642665.000000
122720871000.000000,1752159949.905090,122747977142.000000
122754192000.000000,1752159949.938525,122781412138.000000
122787512000.000000,1752159949.971729,122814616564.000000
122820832000.000000,1752159950.004905,122847792583.000000
122854154000.000000,1752159950.038298,122881185005.000000
122887476000.000000,1752159950.071727,122914613631.000000
122920797000.000000,1752159950.105029,122947916407.000000
122954118000.000000,1752159950.138385,122981271720.000000
122987439000.000000,1752159950.171964,123014851288.000000
123020760000.000000,1752159950.206167,123049054586.000000
123054083000.000000,1752159950.238195,123081082179.000000
123087403000.000000,1752159950.273406,123116293239.000000
123120724000.000000,1752159950.310952,123153840595.000000
123154047000.000000,1752159950.343962,123186850320.000000
123187369000.000000,1752159950.378586,123221474408.000000
123220689000.000000,1752159950.410721,123253609351.000000
123254011000.000000,1752159950.443948,123286836592.000000
123287333000.000000,1752159950.477439,123320328791.000000
123320654000.000000,1752159950.510714,123353602567.000000
123353974000.000000,1752159950.544003,123386890955.000000
123387296000.000000,1752159950.577323,123420211693.000000
123420617000.000000,1752159950.610879,123453767910.000000
123453939000.000000,1752159950.643961,123486849708.000000
123487261000.000000,1752159950.677503,123520391906.000000
123520581000.000000,1752159950.710698,123553587054.000000
123553902000.000000,1752159950.744230,123587118790.000000
123587225000.000000,1752159950.777378,123620266198.000000
123620546000.000000,1752159950.810606,123653494901.000000
123653866000.000000,1752159950.844160,123687048581.000000
123687189000.000000,1752159950.877530,123720418300.000000
123720510000.000000,1752159950.911257,123754145755.000000
123753831000.000000,1752159950.944110,123786997742.000000
123787152000.000000,1752159950.977384,123820272926.000000
123820473000.000000,1752159951.010737,123853625238.000000
123853796000.000000,1752159951.044064,123886953403.000000
123887116000.000000,1752159951.077431,123920319252.000000
123920437000.000000,1752159951.110929,123953818099.000000
123953758000.000000,1752159951.144047,123986935804.000000
123987079000.000000,1752159951.177340,124020228302.000000
124020399000.000000,1752159951.212605,124055494306.000000
124053723000.000000,1752159951.244012,124086900816.000000
124087042000.000000,1752159951.277235,124120123557.000000
124120364000.000000,1752159951.310513,124153401500.000000
124153687000.000000,1752159951.343913,124186801534.000000
124187007000.000000,1752159951.377251,124220140031.000000
124220329000.000000,1752159951.410684,124253572972.000000
124253659000.000000,1752159951.443888,124286776750.000000
124286971000.000000,1752159951.477074,124319962565.000000
124320291000.000000,1752159951.510792,124353680853.000000
124353613000.000000,1752159951.543880,124386769040.000000
124386935000.000000,1752159951.577208,124420097853.000000
124420256000.000000,1752159951.612408,124455296987.000000
124453578000.000000,1752159951.643812,124486700738.000000
124486898000.000000,1752159951.677321,124520210066.000000
124520219000.000000,1752159951.710519,124553407955.000000
124553541000.000000,1752159951.743663,124586551734.000000
124586863000.000000,1752159951.777159,124620048081.000000
124620183000.000000,1752159951.810437,124653325617.000000
124653506000.000000,1752159951.843664,124686552765.000000
124686827000.000000,1752159951.877048,124719937039.000000
124720147000.000000,1752159951.910511,124753399646.000000
124753468000.000000,1752159951.943592,124786481093.000000
124786790000.000000,1752159951.977148,124820037865.000000
124820112000.000000,1752159952.010481,124853369973.000000
124853433000.000000,1752159952.060597,124903486163.000000
124886755000.000000,1752159952.255720,125098607136.000000
124920076000.000000,1752159952.272299,125115185831.000000
124953395000.000000,1752159952.288465,125131351625.000000
124986716000.000000,1752159952.305276,125148161797.000000
125053357000.000000,1752159952.488581,125331468388.000000
125219965000.000000,1752159952.505374,125348260635.000000
125253286000.000000,1752159952.526912,125369798342.000000
125286608000.000000,1752159952.667002,125509889520.000000
125319929000.000000,1752159952.688850,125531737074.000000
125453213000.000000,1752159952.705508,125548395175.000000
125486535000.000000,1752159952.895458,125738345436.000000
125519857000.000000,1752159952.922134,125765021134.000000
125619820000.000000,1752159952.943566,125786452695.000000
125653141000.000000,1752159952.960370,125803256367.000000
125686463000.000000,1752159952.977044,125819930135.000000
125953032000.000000,1752159953.169107,126011994361.000000
125986354000.000000,1752159953.286267,126129154299.000000
126019676000.000000,1752159953.303163,126146050359.000000
126052996000.000000,1752159953.330034,126172921128.000000
126086318000.000000,1752159953.513289,126356176997.000000
126119639000.000000,1752159953.535061,126377947571.000000
126252923000.000000,1752159953.551503,126394389953.000000
126286245000.000000,1752159953.709201,126552088643.000000
126319567000.000000,1752159953.731049,126573935993.000000
126452851000.000000,1752159953.747444,126590331376.000000
126486173000.000000,1752159953.763676,126606562188.000000
126519495000.000000,1752159953.970710,126813597672.000000
126686101000.000000,1752159953.992485,126835371320.000000
126719423000.000000,1752159954.009281,126852167344.000000
126752744000.000000,1752159954.025597,126868483636.000000
126786065000.000000,1752159954.225896,127068783266.000000
126952671000.000000,1752159954.243212,127086099042.000000
126985993000.000000,1752159954.259968,127102854771.000000
127019314000.000000,1752159954.409898,127252785253.000000
127052636000.000000,1752159954.432517,127275404554.000000
127185920000.000000,1752159954.454417,127297304033.000000
127219242000.000000,1752159954.636483,127479370532.000000
127252563000.000000,1752159954.657988,127500874499.000000
127385846000.000000,1752159954.679410,127522296282.000000
127419169000.000000,1752159954.812689,127655576034.000000
127452490000.000000,1752159954.829423,127672310467.000000
127619096000.000000,1752159954.932686,127775574278.000000
127652418000.000000,1752159954.949648,127792535059.000000
127685740000.000000,1752159954.977223,127820109631.000000
127752380000.000000,1752159955.115670,127958557169.000000
127785703000.000000,1752159955.138783,127981669647.000000
127885666000.000000,1752159955.145105,127987992471.000000
127918989000.000000,1752159955.244256,128087143071.000000
127952309000.000000,1752159955.255936,128098823382.000000
128052272000.000000,1752159955.393364,128236252252.000000
128085595000.000000,1752159955.411047,128253934669.000000
128118915000.000000,1752159955.417339,128260225549.000000
128218879000.000000,1752159955.550105,128392991864.000000
128252201000.000000,1752159955.566916,128409804407.000000
128352165000.000000,1752159955.583882,128426768836.000000
128385487000.000000,1752159955.685480,128528367545.000000
128418807000.000000,1752159955.696975,128539861729.000000
128518770000.000000,1752159955.839208,128682096391.000000
128552092000.000000,1752159955.856169,128699056006.000000
128585413000.000000,1752159955.878317,128721203759.000000
128652054000.000000,1752159956.006062,128848949526.000000
128685377000.000000,1752159956.023027,128865913362.000000
128785340000.000000,1752159956.039980,128882866366.000000
128818664000.000000,1752159956.168964,129011851761.000000
128851983000.000000,1752159956.190714,129033600576.000000
128951946000.000000,1752159956.207559,129050445951.000000
128985268000.000000,1752159956.313012,129155899116.000000
129018590000.000000,1752159956.334587,129177474489.000000
129151875000.000000,1752159956.473682,129316569554.000000
129185197000.000000,1752159956.490556,129333443133.000000
129218518000.000000,1752159956.507364,129350251379.000000
129285160000.000000,1752159956.663912,129506799699.000000
129318481000.000000,1752159956.675421,129518308050.000000
129418444000.000000,1752159956.697751,129540637466.000000
129451767000.000000,1752159956.826988,129669875228.000000
129485088000.000000,1752159956.843723,129686610050.000000
129618372000.000000,1752159956.860916,129703803049.000000
129651695000.000000,1752159956.984346,129827233516.000000
129685015000.000000,1752159957.000806,129843693397.000000
129784979000.000000,1752159957.012385,129855272136.000000
129818300000.000000,1752159957.132634,129975522061.000000
129851622000.000000,1752159957.149228,129992114441.000000
129951586000.000000,1752159957.279473,130122360723.000000
129984908000.000000,1752159957.296303,130139189803.000000
130018229000.000000,1752159957.313052,130155938976.000000
130118192000.000000,1752159957.460411,130303298778.000000
130151513000.000000,1752159957.487534,130330420857.000000
130251477000.000000,1752159957.509620,130352507352.000000
130284797000.000000,1752159957.686830,130529716837.000000
130318121000.000000,1752159957.703766,130546652637.000000
130418082000.000000,1752159957.715240,130558126600.000000
130451405000.000000,1752159957.731582,130574467928.000000
130484726000.000000,1752159957.903371,130746258760.000000
130651332000.000000,1752159957.914989,130757876258.000000
130684652000.000000,1752159957.937181,130780068658.000000
130717974000.000000,1752159958.030122,130873010266.000000
130751297000.000000,1752159958.051924,130894811783.000000
130851259000.000000,1752159958.201303,131044189423.000000
130884584000.000000,1752159958.223367,131066254066.000000
130917902000.000000,1752159958.239605,131082491618.000000
130984545000.000000,1752159958.255909,131098795187.000000
131017866000.000000,1752159958.424546,131267433126.000000
131184472000.000000,1752159958.441766,131284653385.000000
131217793000.000000,1752159958.468441,131311329175.000000
131251116000.000000,1752159958.604367,131447254106.000000
131284436000.000000,1752159958.631254,131474140838.000000
131384399000.000000,1752159958.653613,131496499587.000000
131417722000.000000,1752159958.786823,131629710729.000000
131451043000.000000,1752159958.803639,131646526679.000000
131551007000.000000,1752159958.820173,131663060041.000000
131584329000.000000,1752159958.945358,131788244979.000000
131617649000.000000,1752159958.972195,131815081693.000000
131717613000.000000,1752159958.993613,131836500699.000000
131784256000.000000,1752159959.133359,131976245975.000000
131817577000.000000,1752159959.150271,131993158479.000000
131917539000.000000,1752159959.172109,132014995793.000000
131950863000.000000,1752159959.301887,132144774267.000000
131984183000.000000,1752159959.323677,132166563415.000000
132084146000.000000,1752159959.340252,132183138999.000000
132117468000.000000,1752159959.452180,132295068336.000000
132150791000.000000,1752159959.468670,132311557495.000000
132284074000.000000,1752159959.590048,132432934902.000000
132317396000.000000,1752159959.606535,132449422025.000000
132350717000.000000,1752159959.628105,132470992139.000000
132384039000.000000,1752159959.768891,132611778343.000000
132450681000.000000,1752159959.796854,132639741187.000000
132550644000.000000,1752159959.813362,132656248735.000000
132583966000.000000,1752159959.947247,132790133884.000000
132617287000.000000,1752159959.963941,132806828391.000000
132717249000.000000,1752159959.991754,132834640627.000000
132750573000.000000,1752159960.146879,132989766080.000000
132783893000.000000,1752159960.158713,133001600370.000000
132917177000.000000,1752159960.171012,133013899505.000000
132950500000.000000,1752159960.177789,133020675654.000000
132983821000.000000,1752159960.337327,133180214203.000000
133083785000.000000,1752159960.364647,133207533539.000000
133117106000.000000,1752159960.469835,133312722726.000000
133150428000.000000,1752159960.486504,133329390698.000000
133183750000.000000,1752159960.514263,133357150230.000000
133283712000.000000,1752159960.693181,133536068243.000000
133317035000.000000,1752159960.709489,133552376165.000000
133416997000.000000,1752159960.725829,133568716215.000000
133450319000.000000,1752159960.742245,133585132524.000000
133550282000.000000,1752159960.957969,133800856201.000000
133650245000.000000,1752159960.974657,133817543079.000000
133683568000.000000,1752159960.991363,133834249198.000000
133716889000.000000,1752159961.012917,133855803682.000000
133750211000.000000,1752159961.029500,133872386692.000000
133950138000.000000,1752159961.186510,134029397504.000000
133983459000.000000,1752159961.214511,134057398347.000000
134016780000.000000,1752159961.324587,134167474455.000000
134050102000.000000,1752159961.341458,134184345571.000000
134083423000.000000,1752159961.358249,134201136244.000000
134150066000.000000,1752159961.522888,134365774785.000000
134183387000.000000,1752159961.539983,134382870304.000000
134283350000.000000,1752159961.561739,134404626008.000000
134316671000.000000,1752159961.699672,134542559407.000000
134349993000.000000,1752159961.716324,134559211211.000000
134483277000.000000,1752159961.831219,134674105667.000000
134516599000.000000,1752159961.847520,134690407015.000000
134549921000.000000,1752159961.869295,134712181977.000000
134683206000.000000,1752159961.998903,134841790955.000000
134716528000.000000,1752159962.015821,134858707848.000000
134816489000.000000,1752159962.143742,134986630408.000000
134849813000.000000,1752159962.160704,135003592078.000000
134883134000.000000,1752159962.178256,135021144313.000000
134983097000.000000,1752159962.288532,135131418974.000000
135016421000.000000,1752159962.316152,135159039527.000000
135116382000.000000,1752159962.463840,135306727638.000000
135149704000.000000,1752159962.480690,135323576902.000000
135183023000.000000,1752159962.502509,135345395697.000000
135249666000.000000,1752159962.518739,135361625509.000000
135282986000.000000,1752159962.633899,135476786979.000000
135449593000.000000,1752159962.732777,135575664639.000000
135482915000.000000,1752159962.749530,135592417035.000000
135516237000.000000,1752159962.771508,135614395402.000000
135549557000.000000,1752159962.901943,135744830384.000000
135582880000.000000,1752159962.913904,135756790709.000000
135682842000.000000,1752159962.935941,135778829186.000000
135716163000.000000,1752159963.055594,135898481399.000000
135749486000.000000,1752159963.083194,135926081212.000000
135849448000.000000,1752159963.100261,135943147695.000000
135882770000.000000,1752159963.212194,136055082310.000000
135916092000.000000,1752159963.229141,136072029517.000000
136016056000.000000,1752159963.245855,136088741580.000000
136049378000.000000,1752159963.424002,136266889495.000000
136082699000.000000,1752159963.440657,136283543985.000000
136182662000.000000,1752159963.457425,136300312602.000000
136249306000.000000,1752159963.558834,136401721777.000000
136282627000.000000,1752159963.575443,136418330138.000000
136382590000.000000,1752159963.705372,136548259406.000000
136415912000.000000,1752159963.722086,136564971840.000000
136449233000.000000,1752159963.738704,136581592201.000000
136515874000.000000,1752159963.882377,136725265302.000000
136549197000.000000,1752159963.899095,136741981551.000000
136682481000.000000,1752159963.925941,136768828635.000000
136715803000.000000,1752159964.103578,136946465317.000000
136749125000.000000,1752159964.125687,136968573570.000000
136849087000.000000,1752159964.141764,136984650236.000000
136882412000.000000,1752159964.173859,137016745254.000000
136915730000.000000,1752159964.311252,137154139420.000000
137115657000.000000,1752159964.333542,137176429393.000000
137148980000.000000,1752159964.472907,137315794972.000000
137182301000.000000,1752159964.494449,137337336235.000000
137215622000.000000,1752159964.506760,137349647406.000000
137315585000.000000,1752159964.655624,137498511220.000000
137348908000.000000,1752159964.687985,137530872234.000000
137448869000.000000,1752159964.704746,137547632370.000000
137482192000.000000,1752159964.801768,137644655060.000000
137515514000.000000,1752159964.818341,137661228051.000000
137615476000.000000,1752159964.960440,137803327845.000000
137648798000.000000,1752159964.977029,137819916151.000000
137682120000.000000,1752159964.993620,137836506790.000000
137782082000.000000,1752159965.125401,137968289028.000000
137815405000.000000,1752159965.142086,137984973685.000000
137948689000.000000,1752159965.299466,138142353546.000000
137982011000.000000,1752159965.326460,138169346609.000000
138015333000.000000,1752159965.353488,138196374987.000000
138081974000.000000,1752159965.380318,138223204738.000000
138115296000.000000,1752159965.545766,138388653377.000000
138315223000.000000,1752159965.573347,138416233468.000000
138348544000.000000,1752159965.671779,138514666542.000000
138381865000.000000,1752159965.688233,138531119609.000000
138415187000.000000,1752159965.705461,138548348497.000000
138515150000.000000,1752159965.848653,138691540607.000000
138548472000.000000,1752159965.875709,138718595965.000000
138648435000.000000,1752159965.892416,138735303047.000000
138681759000.000000,1752159965.999995,138842882899.000000
138715079000.000000,1752159966.016834,138859720664.000000
138815040000.000000,1752159966.128985,138971872072.000000
138848363000.000000,1752159966.145392,138988279547.000000
138881687000.000000,1752159966.172950,139015837287.000000
138981649000.000000,1752159966.349900,139192787628.000000
139014970000.000000,1752159966.366932,139209819927.000000
139148254000.000000,1752159966.388861,139231747702.000000
139181575000.000000,1752159966.510612,139353498973.000000
139214897000.000000,1752159966.527104,139369991780.000000
139348182000.000000,1752159966.731538,139574425196.000000
139381505000.000000,1752159966.748050,139590936725.000000
139414825000.000000,1752159966.769669,139612554801.000000
139481467000.000000,1752159966.786363,139629249309.000000
139548108000.000000,1752159966.888206,139731094143.000000
139714717000.000000,1752159966.981747,139824634574.000000
139748037000.000000,1752159967.003937,139846824085.000000
139781358000.000000,1752159967.020769,139863655887.000000
139814680000.000000,1752159967.131976,139974863662.000000
139848002000.000000,1752159967.148484,139991370951.000000
139947964000.000000,1752159967.304763,140147650238.000000
139981285000.000000,1752159967.321607,140164493817.000000
140014607000.000000,1752159967.338647,140181534690.000000
140081249000.000000,1752159967.360893,140203778311.000000
140147892000.000000,1752159967.501337,140344224373.000000
140281176000.000000,1752159967.523632,140366519975.000000
140314498000.000000,1752159967.647873,140490760669.000000
140347819000.000000,1752159967.664348,140507236199.000000
140381141000.000000,1752159967.681401,140524287442.000000
140481103000.000000,1752159967.848870,140691757325.000000
140514427000.000000,1752159967.865224,140708110690.000000
140581069000.000000,1752159967.891402,140734288915.000000
140614390000.000000,1752159967.912918,140755804882.000000
140681031000.000000,1752159968.119797,140962683739.000000
140847639000.000000,1752159968.146801,140989688098.000000
140880960000.000000,1752159968.298782,141141669121.000000
140914281000.000000,1752159968.320718,141163604452.000000
140947604000.000000,1752159968.337099,141179984983.000000
141080886000.000000,1752159968.353359,141196246035.000000
141114209000.000000,1752159968.506464,141349351854.000000
141280814000.000000,1752159968.523233,141366120509.000000
141314137000.000000,1752159968.645255,141488142109.000000
141347457000.000000,1752159968.661588,141504475586.000000
141380779000.000000,1752159968.678366,141521252852.000000
141447421000.000000,1752159968.699952,141542838521.000000
141480743000.000000,1752159968.797827,141640715123.000000
141647349000.000000,1752159968.950950,141793837442.000000
141680671000.000000,1752159968.967714,141810601375.000000
141713991000.000000,1752159969.071517,141914403584.000000
141747313000.000000,1752159969.083030,141925916009.000000
141780634000.000000,1752159969.099809,141942696201.000000
141880596000.000000,1752159969.288698,142131585386.000000
141913919000.000000,1752159969.316583,142159469454.000000
142013882000.000000,1752159969.332862,142175748227.000000
142047203000.000000,1752159969.349257,142192143666.000000
142080524000.000000,1752159969.566659,142409546205.000000
142280452000.000000,1752159969.599291,142442178603.000000
142313773000.000000,1752159969.615709,142458595115.000000
142347095000.000000,1752159969.631985,142474870666.000000
142413738000.000000,1752159969.819326,142662212692.000000
142547022000.000000,1752159969.836333,142679220490.000000
142580343000.000000,1752159969.868956,142711842648.000000
142613665000.000000,1752159969.996423,142839311049.000000
142646986000.000000,1752159970.018367,142861253564.000000
142780271000.000000,1752159970.040402,142883289560.000000
142813592000.000000,1752159970.215375,143058261766.000000
142846914000.000000,1752159970.231884,143074770981.000000
142946877000.000000,1752159970.253474,143096360446.000000
143013519000.000000,1752159970.265253,143108139330.000000
143046842000.000000,1752159970.450332,143293219392.000000
143180126000.000000,1752159970.461737,143304624726.000000
143213449000.000000,1752159970.483706,143326593963.000000
143246770000.000000,1752159970.608320,143451206743.000000
143280091000.000000,1752159970.625020,143467907381.000000
143413377000.000000,1752159970.652145,143495032090.000000
143446697000.000000,1752159970.792980,143635868553.000000
143480019000.000000,1752159970.820999,143663886229.000000
143579981000.000000,1752159970.837489,143680376240.000000
143613304000.000000,1752159970.963185,143806072577.000000
143646625000.000000,1752159970.969940,143812827005.000000
143779908000.000000,1752159971.093659,143936546948.000000
143813232000.000000,1752159971.105330,143948216759.000000
143846552000.000000,1752159971.121927,143964814269.000000
143913193000.000000,1752159971.232946,144075834102.000000
143946517000.000000,1752159971.249665,144092552239.000000
144046479000.000000,1752159971.362422,144205309434.000000
144079801000.000000,1752159971.379302,144222189957.000000
144113123000.000000,1752159971.396224,144239111776.000000
144179763000.000000,1752159971.478584,144321470944.000000
144213086000.000000,1752159971.500126,144343013910.000000
144313050000.000000,1752159971.647721,144490608004.000000
144346371000.000000,1752159971.669804,144512691499.000000
144379692000.000000,1752159971.691214,144534101078.000000
144413013000.000000,1752159971.718078,144560964588.000000
144479656000.000000,1752159971.857034,144699921100.000000
144646261000.000000,1752159971.878977,144721863782.000000
144679583000.000000,1752159972.012396,144855283531.000000
144712905000.000000,1752159972.029088,144871975391.000000
144746226000.000000,1752159972.056838,144899725053.000000
144846189000.000000,1752159972.174440,145017327410.000000
144879512000.000000,1752159972.201415,145044301881.000000
144979474000.000000,1752159972.217974,145060860965.000000
145012796000.000000,1752159972.335284,145178172067.000000
145046119000.000000,1752159972.374740,145217628133.000000
145146082000.000000,1752159972.509450,145352338546.000000
145179405000.000000,1752159972.525959,145368845742.000000
145212725000.000000,1752159972.547815,145390701296.000000
145312686000.000000,1752159972.574807,145417693581.000000
145346009000.000000,1752159972.745824,145588711630.000000
145512615000.000000,1752159972.772985,145615871357.000000
145545937000.000000,1752159972.891856,145734744194.000000
145579258000.000000,1752159972.913385,145756272234.000000
145612579000.000000,1752159972.929867,145772754245.000000
145712542000.000000,1752159973.061167,145904055455.000000
145745864000.000000,1752159973.083131,145926017377.000000
145845828000.000000,1752159973.105543,145948430811.000000
145879149000.000000,1752159973.280895,146123782086.000000
145912470000.000000,1752159973.292436,146135322769.000000
146045755000.000000,1752159973.314052,146156938457.000000
146079078000.000000,1752159973.419325,146262212143.000000
146112398000.000000,1752159973.436716,146279603584.000000
146212360000.000000,1752159973.453652,146296539328.000000
146245683000.000000,1752159973.584727,146427614152.000000
146279004000.000000,1752159973.606626,146449512798.000000
146412289000.000000,1752159973.740212,146583099471.000000
146445610000.000000,1752159973.762148,146605036593.000000
146478931000.000000,1752159973.774161,146617047457.000000
146545574000.000000,1752159973.790704,146633591214.000000
146578896000.000000,1752159973.929630,146772517809.000000
146712181000.000000,1752159974.064101,146906989121.000000
146745502000.000000,1752159974.101839,146944727046.000000
146778824000.000000,1752159974.118123,146961009158.000000
146812146000.000000,1752159974.139797,146982684005.000000
146912109000.000000,1752159974.258644,147101531938.000000
147078716000.000000,1752159974.359440,147202327557.000000
147112038000.000000,1752159974.376332,147219219588.000000
147145358000.000000,1752159974.392937,147235823326.000000
147178680000.000000,1752159974.494045,147336933089.000000
147212002000.000000,1752159974.521154,147364041634.000000
147311965000.000000,1752159974.637406,147480292985.000000
147345288000.000000,1752159974.659100,147501986777.000000
147378610000.000000,1752159974.670833,147513719681.000000
147478572000.000000,1752159974.815042,147657930087.000000
147511895000.000000,1752159974.826736,147669623788.000000
147578536000.000000,1752159974.848691,147691577761.000000
147611859000.000000,1752159974.960432,147803319386.000000
147645180000.000000,1752159974.977525,147820412822.000000
147778466000.000000,1752159975.134270,147977157549.000000
147811788000.000000,1752159975.151070,147993956636.000000
147845112000.000000,1752159975.183177,148026063254.000000
147911752000.000000,1752159975.199427,148042314348.000000
147978395000.000000,1752159975.376978,148219866006.000000
148111680000.000000,1752159975.398992,148241879849.000000
148145002000.000000,1752159975.420661,148263548160.000000
148178324000.000000,1752159975.576396,148419283490.000000
148211645000.000000,1752159975.593184,148436072356.000000
148344930000.000000,1752159975.625602,148468488970.000000
148378252000.000000,1752159975.742631,148585518665.000000
148411573000.000000,1752159975.759096,148601982571.000000
148544857000.000000,1752159975.781008,148623894434.000000
148578180000.000000,1752159975.910684,148753570800.000000
148611501000.000000,1752159975.938340,148781227172.000000
148711466000.000000,1752159975.954631,148797518544.000000
148744788000.000000,1752159976.092750,148935637981.000000
148778108000.000000,1752159976.114756,148957643121.000000
148878072000.000000,1752159976.126274,148969161676.000000
148911394000.000000,1752159976.293528,149136415265.000000
148944715000.000000,1752159976.315313,149158200277.000000
149044678000.000000,1752159976.336903,149179789977.000000
149078000000.000000,1752159976.358640,149201525954.000000
149111323000.000000,1752159976.543669,149386556323.000000
149277930000.000000,1752159976.560770,149403657629.000000
149311251000.000000,1752159976.688547,149531435850.000000
149344573000.000000,1752159976.705348,149548234957.000000
149377895000.000000,1752159976.721930,149564816917.000000
149511180000.000000,1752159976.941050,149783937623.000000
149544501000.000000,1752159976.957314,149800201161.000000
149644465000.000000,1752159976.978649,149821535049.000000
149677787000.000000,1752159977.000051,149842937066.000000
149711108000.000000,1752159977.016345,149859231419.000000
149944359000.000000,1752159977.230829,150073716399.000000
149977679000.000000,1752159977.363080,150205967070.000000
150011001000.000000,1752159977.379341,150222227534.000000
150044321000.000000,1752159977.396220,150239107880.000000
150077644000.000000,1752159977.417737,150260623970.000000
150210929000.000000,1752159977.623107,150465995461.000000
150377535000.000000,1752159977.634933,150477820012.000000
150410858000.000000,1752159977.763897,150606784349.000000
150444180000.000000,1752159977.780740,150623626936.000000
150477502000.000000,1752159977.802773,150645659243.000000
150577464000.000000,1752159977.975327,150818214309.000000
150610787000.000000,1752159977.997247,150840133857.000000
150710750000.000000,1752159978.013525,150856412728.000000
150744071000.000000,1752159978.034993,150877880652.000000
150777394000.000000,1752159978.192799,151035687274.000000
150977322000.000000,1752159978.215355,151058241778.000000
151010644000.000000,1752159978.340243,151183130254.000000
151043967000.000000,1752159978.356788,151199675474.000000
151077287000.000000,1752159978.373810,151216696929.000000
151177250000.000000,1752159978.511710,151354597517.000000
151210572000.000000,1752159978.528372,151371258921.000000
151310536000.000000,1752159978.554739,151397626012.000000
151343858000.000000,1752159978.662705,151505592753.000000
151377180000.000000,1752159978.684405,151527291452.000000
151477142000.000000,1752159978.813063,151655950552.000000
151510464000.000000,1752159978.834618,151677504845.000000
151543785000.000000,1752159978.850947,151693832549.000000
151610428000.000000,1752159978.867704,151710590507.000000
151677072000.000000,1752159979.047689,151890576174.000000
151777034000.000000,1752159979.070214,151913100771.000000
151810357000.000000,1752159979.097392,151940279149.000000
151843679000.000000,1752159979.241642,152084529739.000000
151877001000.000000,1752159979.258613,152101500584.000000
152010286000.000000,1752159979.270684,152113571077.000000
152043608000.000000,1752159979.414567,152257454412.000000
152076929000.000000,1752159979.437057,152279943454.000000
152210213000.000000,1752159979.453994,152296881355.000000
152243537000.000000,1752159979.640863,152483750500.000000
152276857000.000000,1752159979.657238,152500125740.000000
152410143000.000000,1752159979.673977,152516863977.000000
152443464000.000000,1752159979.695626,152538512750.000000
152476786000.000000,1752159979.842227,152685114740.000000
152610071000.000000,1752159979.853966,152696854070.000000
152643393000.000000,1752159980.020566,152863453259.000000
152676715000.000000,1752159980.036952,152879838481.000000
152710036000.000000,1752159980.058944,152901830176.000000
152809999000.000000,1752159980.080699,152923585578.000000
152843321000.000000,1752159980.299901,153142788302.000000
153009927000.000000,1752159980.321818,153164705980.000000
153043249000.000000,1752159980.338239,153181125720.000000
153076570000.000000,1752159980.354831,153197717384.000000
153143215000.000000,1752159980.463135,153306022066.000000
153276499000.000000,1752159980.562730,153405618087.000000
153309822000.000000,1752159980.584649,153427536654.000000
153343143000.000000,1752159980.607400,153450286952.000000
153376465000.000000,1752159980.712747,153555634797.000000
153409785000.000000,1752159980.729611,153572498847.000000
153543071000.000000,1752159980.831399,153674287010.000000
153576394000.000000,1752159980.847910,153690796323.000000
153609713000.000000,1752159980.875505,153718392233.000000
153643036000.000000,1752159980.996857,153839744823.000000
153676357000.000000,1752159981.013827,153856713909.000000
153809641000.000000,1752159981.123474,153966361390.000000
153842965000.000000,1752159981.151450,153994337203.000000
153876287000.000000,1752159981.173157,154016044920.000000
153942928000.000000,1752159981.274859,154117746677.000000
153976250000.000000,1752159981.286588,154129475007.000000
154109535000.000000,1752159981.424783,154267671203.000000
154142857000.000000,1752159981.446858,154289744231.000000
154176177000.000000,1752159981.463531,154306417876.000000
154242820000.000000,1752159981.575789,154418676272.000000
154276142000.000000,1752159981.598424,154441311331.000000
154376105000.000000,1752159981.615065,154457951420.000000
154409427000.000000,1752159981.791737,154634624440.000000
154442748000.000000,1752159981.809186,154652072983.000000
154542711000.000000,1752159981.825546,154668432668.000000
154576035000.000000,1752159981.846913,154689799704.000000
154609356000.000000,1752159982.036072,154878958342.000000
154775962000.000000,1752159982.042624,154885510379.000000
154809285000.000000,1752159982.168735,155011622859.000000
154842605000.000000,1752159982.185267,155028154098.000000
154875927000.000000,1752159982.201929,155044816224.000000
154975890000.000000,1752159982.218131,155061018819.000000
155042533000.000000,1752159982.357089,155199976617.000000
155142497000.000000,1752159982.373868,155216754612.000000
155175819000.000000,1752159982.506895,155349782644.000000
155209141000.000000,1752159982.525109,155367996771.000000
155242461000.000000,1752159982.552634,155395521830.000000
155342427000.000000,1752159982.669883,155512770281.000000
155375749000.000000,1752159982.686584,155529470944.000000
155475712000.000000,1752159982.719003,155561890595.000000
155509035000.000000,1752159982.868414,155711302053.000000
155542356000.000000,1752159982.885058,155727945494.000000
155675641000.000000,1752159983.042329,155885216344.000000
155708961000.000000,1752159983.058938,155901824545.000000
155742283000.000000,1752159983.070350,155913237583.000000
155875569000.000000,1752159983.181384,156024270919.000000
155908893000.000000,1752159983.203408,156046294985.000000
156008856000.000000,1752159983.337183,156180070341.000000
156042178000.000000,1752159983.354006,156196892577.000000
156075497000.000000,1752159983.390907,156233793826.000000
156108820000.000000,1752159983.475533,156318420183.000000
156142141000.000000,1752159983.497682,156340568766.000000
156308747000.000000,1752159983.638891,156481778372.000000
156342070000.000000,1752159983.666417,156509304190.000000
156375391000.000000,1752159983.682489,156525374786.000000
156442033000.000000,1752159983.698887,156541773749.000000
156475356000.000000,1752159983.794785,156637671719.000000
156641963000.000000,1752159983.952947,156795834892.000000
156675283000.000000,1752159983.970051,156812937754.000000
156708605000.000000,1752159984.060874,156903761282.000000
156741927000.000000,1752159984.092788,156935675088.000000
156808570000.000000,1752159984.114445,156957331565.000000
156908533000.000000,1752159984.227982,157070869317.000000
156941856000.000000,1752159984.254742,157097629329.000000
157041819000.000000,1752159984.363461,157206348006.000000
157075142000.000000,1752159984.379892,157222778932.000000
157108462000.000000,1752159984.401833,157244720276.000000
157208427000.000000,1752159984.525781,157368668559.000000
157241748000.000000,1752159984.542373,157385259575.000000
157341711000.000000,1752159984.647605,157490492347.000000
157375034000.000000,1752159984.664495,157507381971.000000
157408355000.000000,1752159984.685693,157528578805.000000
157474996000.000000,1752159984.824579,157667467196.000000
157541640000.000000,1752159984.841159,157684046472.000000
157608282000.000000,1752159984.857982,157700869059.000000
157641605000.000000,1752159984.993624,157836511506.000000
157674927000.000000,1752159985.015214,157858100391.000000
157774890000.000000,1752159985.031775,157874661185.000000
157841534000.000000,1752159985.176357,158019244697.000000
157874855000.000000,1752159985.192907,158035794028.000000
157941498000.000000,1752159985.230083,158072969145.000000
157974819000.000000,1752159985.251589,158094475939.000000
158008140000.000000,1752159985.421275,158264162074.000000
158174747000.000000,1752159985.442967,158285854366.000000
158208068000.000000,1752159985.476720,158319606039.000000
158241390000.000000,1752159985.606490,158449377682.000000
158274712000.000000,1752159985.633970,158476857019.000000
158374675000.000000,1752159985.650160,158493047614.000000
158441318000.000000,1752159985.826616,158669503191.000000
158474641000.000000,1752159985.838485,158681371538.000000
158574603000.000000,1752159985.860023,158702910424.000000
158607926000.000000,1752159985.876332,158719218758.000000
158641247000.000000,1752159985.986667,158829554676.000000
158807853000.000000,1752159986.094347,158937235199.000000
158841176000.000000,1752159986.111154,158954041138.000000
158874498000.000000,1752159986.230412,159073299567.000000
158907818000.000000,1752159986.262835,159105721552.000000
158941141000.000000,1752159986.279461,159122347456.000000
159041103000.000000,1752159986.414146,159257033376.000000
159074425000.000000,1752159986.441656,159284543213.000000
159241034000.000000,1752159986.579962,159422849315.000000
159274353000.000000,1752159986.606815,159449701548.000000
159307674000.000000,1752159986.623326,159466212695.000000
159374316000.000000,1752159986.640189,159483076022.000000
159440960000.000000,1752159986.771104,159613991708.000000
159574245000.000000,1752159986.953770,159796657715.000000
159607568000.000000,1752159986.965349,159808235806.000000
159640889000.000000,1752159986.981610,159824496159.000000
159674211000.000000,1752159986.997885,159840770549.000000
159774174000.000000,1752159987.189394,160032282141.000000
159907460000.000000,1752159987.206346,160049233264.000000
159940781000.000000,1752159987.218199,160061086408.000000
159974104000.000000,1752159987.234986,160077872403.000000
160007426000.000000,1752159987.408832,160251719103.000000
160174032000.000000,1752159987.425676,160268563449.000000
160207354000.000000,1752159987.557608,160400497290.000000
160240675000.000000,1752159987.581271,160424159633.000000
160273997000.000000,1752159987.603957,160446844450.000000
160373960000.000000,1752159987.766270,160609157040.000000
160407284000.000000,1752159987.782705,160625591280.000000
160507245000.000000,1752159987.804810,160647697178.000000
160573888000.000000,1752159987.944765,160787652779.000000
160607210000.000000,1752159987.966711,160809597457.000000
160707173000.000000,1752159987.988411,160831297841.000000
160740496000.000000,1752159988.119023,160961910030.000000
160773818000.000000,1752159988.141233,160984120130.000000
160907102000.000000,1752159988.157873,161000760479.000000
160940425000.000000,1752159988.292972,161135859265.000000
160973746000.000000,1752159988.315187,161158074495.000000
161073709000.000000,1752159988.331913,161174799584.000000
161107031000.000000,1752159988.437051,161279938227.000000
161140353000.000000,1752159988.453617,161296503929.000000
161273637000.000000,1752159988.613411,161456299047.000000
161306960000.000000,1752159988.635440,161478327279.000000
161340281000.000000,1752159988.667828,161510713968.000000
161406923000.000000,1752159988.694767,161537653293.000000
161440245000.000000,1752159988.848804,161691692087.000000
161640173000.000000,1752159988.865584,161708470916.000000
161673495000.000000,1752159988.978294,161821181492.000000
161706818000.000000,1752159988.994955,161837842211.000000
161740138000.000000,1752159989.011439,161854325284.000000
161806780000.000000,1752159989.145043,161987930716.000000
161840103000.000000,1752159989.162233,162005120429.000000
161940065000.000000,1752159989.189185,162032072921.000000
161973389000.000000,1752159989.269114,162112017201.000000
162006710000.000000,1752159989.296556,162139443539.000000
162106680000.000000,1752159989.417480,162260368856.000000
162139996000.000000,1752159989.434328,162277215739.000000
162173316000.000000,1752159989.450931,162293818163.000000
162239958000.000000,1752159989.570573,162413460716.000000
162273281000.000000,1752159989.593041,162435927814.000000
162373244000.000000,1752159989.604632,162447518905.000000
162406565000.000000,1752159989.746038,162588926083.000000
162439888000.000000,1752159989.757989,162600876392.000000
162539850000.000000,1752159989.779764,162622651275.000000
162573173000.000000,1752159989.886289,162729176866.000000
162606495000.000000,1752159989.902854,162745741030.000000
162706457000.000000,1752159990.096432,162939319840.000000
162739779000.000000,1752159990.129434,162972320022.000000
162773100000.000000,1752159990.145714,162988599523.000000
162873064000.000000,1752159990.161952,163004838043.000000
162906386000.000000,1752159990.304284,163147171007.000000
163106313000.000000,1752159990.321029,163163916854.000000
163139636000.000000,1752159990.493515,163336401588.000000
163172958000.000000,1752159990.510767,163353653559.000000
163206279000.000000,1752159990.538132,163381019268.000000
163239600000.000000,1752159990.554453,163397340306.000000
163339565000.000000,1752159990.711761,163554648340.000000
163472850000.000000,1752159990.723484,163566370560.000000
163506173000.000000,1752159990.740551,163583436866.000000
163539493000.000000,1752159990.927207,163770094310.000000
163572816000.000000,1752159990.943902,163786788788.000000
163672778000.000000,1752159990.960238,163803125214.000000
163706100000.000000,1752159990.976591,163819477603.000000
163739422000.000000,1752159991.154278,163997165981.000000
163906028000.000000,1752159991.176280,164019167566.000000
163939349000.000000,1752159991.192774,164035661027.000000
163972671000.000000,1752159991.337713,164180600220.000000
164005992000.000000,1752159991.354370,164197258051.000000
164139278000.000000,1752159991.365714,164208601107.000000
164172600000.000000,1752159991.508964,164351851709.000000
164205921000.000000,1752159991.525979,164368866664.000000
164305885000.000000,1752159991.547750,164390637270.000000
164339207000.000000,1752159991.697234,164540121763.000000
164372529000.000000,1752159991.719457,164562344623.000000
164472492000.000000,1752159991.752511,164595398823.000000
164505820000.000000,1752159991.849346,164692234579.000000
164539135000.000000,1752159991.867138,164710025322.000000
164672420000.000000,1752159991.977498,164820384574.000000
164705744000.000000,1752159991.994144,164837031330.000000
164739065000.000000,1752159992.010743,164853629938.000000
164805707000.000000,1752159992.148314,164991201845.000000
164839037000.000000,1752159992.175632,165018519443.000000
164938992000.000000,1752159992.197328,165040216271.000000
164972315000.000000,1752159992.336753,165179640694.000000
165005636000.000000,1752159992.353235,165196122193.000000
165138921000.000000,1752159992.370034,165212920984.000000
165172242000.000000,1752159992.521554,165364441140.000000
165205565000.000000,1752159992.554170,165397057623.000000
165305529000.000000,1752159992.581733,165424619514.000000
165338850000.000000,1752159992.685669,165528557635.000000
165372171000.000000,1752159992.703700,165546587542.000000
165505457000.000000,1752159992.855958,165698845911.000000
165538780000.000000,1752159992.872698,165715585315.000000
165572100000.000000,1752159992.904921,165747808635.000000
165672063000.000000,1752159993.023124,165866011279.000000
165705386000.000000,1752159993.039811,165882697627.000000
165838670000.000000,1752159993.177677,166020564771.000000
165871993000.000000,1752159993.194381,166037268249.000000
165905314000.000000,1752159993.215836,166058722450.000000
165971956000.000000,1752159993.237368,166080255318.000000
166005279000.000000,1752159993.402995,166245882110.000000
166171885000.000000,1752159993.419466,166262353887.000000
166205207000.000000,1752159993.575125,166418012922.000000
166238528000.000000,1752159993.596796,166439682677.000000
166271850000.000000,1752159993.624310,166467197921.000000
166371812000.000000,1752159993.646183,166489070377.000000
166438455000.000000,1752159993.771651,166614538069.000000
166571741000.000000,1752159993.788539,166631425989.000000
166605063000.000000,1752159993.941337,166784224797.000000
166638385000.000000,1752159993.963011,166805897163.000000
166671705000.000000,1752159993.989782,166832668452.000000
166705026000.000000,1752159994.089966,166932853541.000000
166738349000.000000,1752159994.106871,166949757461.000000
166904965000.000000,1752159994.262475,167105363089.000000
166938278000.000000,1752159994.274151,167117037512.000000
166971599000.000000,1752159994.290452,167133338828.000000
167038240000.000000,1752159994.306769,167149655699.000000
167071562000.000000,1752159994.423251,167266138381.000000
167238169000.000000,1752159994.534284,167377171439.000000
167271492000.000000,1752159994.556476,167399363596.000000
167304812000.000000,1752159994.567879,167410765448.000000
167338134000.000000,1752159994.715798,167558685959.000000
167371455000.000000,1752159994.722428,167565315051.000000
167504741000.000000,1752159994.739059,167581945844.000000
167538062000.000000,1752159994.857383,167700271154.000000
167571384000.000000,1752159994.869182,167712068650.000000
167671348000.000000,1752159995.036014,167878901521.000000
167704669000.000000,1752159995.052494,167895380779.000000
167737990000.000000,1752159995.069270,167912156312.000000
167771311000.000000,1752159995.085549,167928435720.000000
167837953000.000000,1752159995.239908,168082795233.000000
168004561000.000000,1752159995.251593,168094480397.000000
168037883000.000000,1752159995.429627,168272514734.000000
168071205000.000000,1752159995.456750,168299637409.000000
168104528000.000000,1752159995.483837,168326723584.000000
168204490000.000000,1752159995.500254,168343140176.000000
168271132000.000000,1752159995.663229,168506115683.000000
168404418000.000000,1752159995.679871,168522757532.000000
168437739000.000000,1752159995.702401,168545288370.000000
168471061000.000000,1752159995.811323,168654209971.000000
168504383000.000000,1752159995.843792,168686678992.000000
168604347000.000000,1752159995.855450,168698337860.000000
168637668000.000000,1752159995.940443,168783330380.000000
168670990000.000000,1752159995.978372,168821258655.000000
168770954000.000000,1752159996.127398,168970285135.000000
168804275000.000000,1752159996.165498,169008385296.000000
168837597000.000000,1752159996.197747,169040633339.000000
168904238000.000000,1752159996.224141,169067027485.000000
168970883000.000000,1752159996.449923,169292810541.000000
169137488000.000000,1752159996.466323,169309209707.000000
169170810000.000000,1752159996.493207,169336094125.000000
169204132000.000000,1752159996.509421,169352307405.000000
169237453000.000000,1752159996.702081,169544968484.000000
169437382000.000000,1752159996.713794,169556681611.000000
169470703000.000000,1752159996.856469,169699355848.000000
169504024000.000000,1752159996.873291,169716178251.000000
169537346000.000000,1752159996.889784,169732671138.000000
169670631000.000000,1752159997.013636,169856523366.000000
169703953000.000000,1752159997.025307,169868193160.000000
169803917000.000000,1752159997.036904,169879791381.000000
169837239000.000000,1752159997.189190,170032078898.000000
169870562000.000000,1752159997.200813,170043699545.000000
170003846000.000000,1752159997.325230,170168116877.000000
170037169000.000000,1752159997.337011,170179898485.000000
170070489000.000000,1752159997.353435,170196321540.000000
170103811000.000000,1752159997.369942,170212829427.000000
170137131000.000000,1752159997.543306,170386193706.000000
170270417000.000000,1752159997.559946,170402833703.000000
170303740000.000000,1752159997.592574,170435460723.000000
170370381000.000000,1752159997.725055,170567943261.000000
170403703000.000000,1752159997.742774,170585661431.000000
170503667000.000000,1752159997.765241,170608128658.000000
170536988000.000000,1752159997.862032,170704919044.000000
170570310000.000000,1752159997.878851,170721738632.000000
170703595000.000000,1752159997.995169,170838056019.000000
170736917000.000000,1752159998.017449,170860336600.000000
170770238000.000000,1752159998.029266,170872152837.000000
170803559000.000000,1752159998.134882,170977769438.000000
170836881000.000000,1752159998.156484,170999370342.000000
170936844000.000000,1752159998.168563,171011450187.000000
170970166000.000000,1752159998.320481,171163368431.000000
171003488000.000000,1752159998.331889,171174775598.000000
171103452000.000000,1752159998.425215,171268103134.000000
171136774000.000000,1752159998.446989,171289875999.000000
171170095000.000000,1752159998.463834,171306721420.000000
171236737000.000000,1752159998.613190,171456078267.000000
171303382000.000000,1752159998.640630,171483516641.000000
171403344000.000000,1752159998.657456,171500343544.000000
171436666000.000000,1752159998.769841,171612728624.000000
171469988000.000000,1752159998.786248,171629135623.000000
171603273000.000000,1752159998.960559,171803445892.000000
171636594000.000000,1752159998.976903,171819789744.000000
171669916000.000000,1752159998.993345,171836231502.000000
171703237000.000000,1752159999.009275,171852161655.000000
171736558000.000000,1752159999.175074,172017960705.000000
171936487000.000000,1752159999.197333,172040220601.000000
171969810000.000000,1752159999.326677,172169564323.000000
172003130000.000000,1752159999.348661,172191548759.000000
172036452000.000000,1752159999.365390,172208277181.000000
172169736000.000000,1752159999.505521,172348408318.000000
172203059000.000000,1752159999.528017,172370903989.000000
172303022000.000000,1752159999.544635,172387521783.000000
172336345000.000000,1752159999.640311,172483198108.000000
172369664000.000000,1752159999.656938,172499825586.000000
172469629000.000000,1752159999.803406,172646293466.000000
172502952000.000000,1752159999.814962,172657848613.000000
172536272000.000000,1752159999.837305,172680191971.000000
172569596000.000000,1752160000.014979,172857867442.000000
172602916000.000000,1752160000.031564,172874450884.000000
172736200000.000000,1752160000.063994,172906880443.000000
172769523000.000000,1752160000.153801,172996688112.000000
172802844000.000000,1752160000.170468,173013355016.000000
173002774000.000000,1752160000.388913,173231800470.000000
173036096000.000000,1752160000.405806,173248691668.000000
173069415000.000000,1752160000.427454,173270341201.000000
173102736000.000000,1752160000.443809,173286695386.000000
173169379000.000000,1752160000.609369,173452256439.000000
173369307000.000000,1752160000.641521,173484408260.000000
173402628000.000000,1752160000.663809,173506695730.000000
173435951000.000000,1752160000.803491,173646377631.000000
173469273000.000000,1752160000.820044,173662931425.000000
173569235000.000000,1752160000.836605,173679492256.000000
173602557000.000000,1752160000.863480,173706366397.000000
173635879000.000000,1752160000.987591,173830478215.000000
173802485000.000000,1752160001.132582,173975468907.000000
173835807000.000000,1752160001.154012,173996899424.000000
173869129000.000000,1752160001.180933,174023820101.000000
173902449000.000000,1752160001.207653,174050539984.000000
174002415000.000000,1752160001.359510,174202397914.000000
174135699000.000000,1752160001.460370,174303257013.000000
174169021000.000000,1752160001.488104,174330990607.000000
174202343000.000000,1752160001.504321,174347206868.000000
174235664000.000000,1752160001.520580,174363466721.000000
174268984000.000000,1752160001.692800,174535687494.000000
174435591000.000000,1752160001.709808,174552694598.000000
174468913000.000000,1752160001.726688,174569575481.000000
174502235000.000000,1752160001.940379,174783266656.000000
174535557000.000000,1752160001.967260,174810147315.000000
174635519000.000000,1752160001.993977,174836863494.000000
174668841000.000000,1752160002.021046,174863932280.000000
174702163000.000000,1752160002.037720,174880607036.000000
175002055000.000000,1752160002.236007,175078894533.000000
175035377000.000000,1752160002.391534,175234421569.000000
175068699000.000000,1752160002.408167,175251053566.000000
175102021000.000000,1752160002.430238,175273125187.000000
175135341000.000000,1752160002.446290,175289176987.000000
175235305000.000000,1752160002.634445,175477331710.000000
175368590000.000000,1752160002.646193,175489080540.000000
175401912000.000000,1752160002.662953,175505839961.000000
175435234000.000000,1752160002.811828,175654717202.000000
175468555000.000000,1752160002.839420,175682308353.000000
175568520000.000000,1752160002.856500,175699389678.000000
175601841000.000000,1752160002.874300,175717186959.000000
175668487000.000000,1752160003.110116,175953004068.000000
175801769000.000000,1752160003.126602,175969489215.000000
175835091000.000000,1752160003.147785,175990671734.000000
175868413000.000000,1752160003.288102,176130989406.000000
175901734000.000000,1752160003.304988,176147874937.000000
176068341000.000000,1752160003.332146,176175032963.000000
176101662000.000000,1752160003.434672,176277559970.000000
176134985000.000000,1752160003.446169,176289056599.000000
176234948000.000000,1752160003.467842,176310729131.000000
176268270000.000000,1752160003.617262,176460148904.000000
176301592000.000000,1752160003.634049,176476936102.000000
176401554000.000000,1752160003.661806,176504693251.000000
176434877000.000000,1752160003.806435,176649322967.000000
176468198000.000000,1752160003.828589,176671476031.000000
176601483000.000000,1752160003.844679,176687566719.000000
176634806000.000000,1752160004.006824,176849711033.000000
176668127000.000000,1752160004.029577,176872464738.000000
176768090000.000000,1752160004.045931,176888817868.000000
176801414000.000000,1752160004.067396,176910282810.000000
176834734000.000000,1752160004.195335,177038223103.000000
177001340000.000000,1752160004.347725,177190613008.000000
177034662000.000000,1752160004.374991,177217878256.000000
177067983000.000000,1752160004.391274,177234160590.000000
177101304000.000000,1752160004.407598,177250484646.000000
177167947000.000000,1752160004.576708,177419595455.000000
177334553000.000000,1752160004.714324,177557211786.000000
177367876000.000000,1752160004.731093,177573980263.000000
177401197000.000000,1752160004.752642,177595528575.000000
177434519000.000000,1752160004.769348,177612235293.000000
177534482000.000000,1752160004.922399,177765285599.000000
177701089000.000000,1752160004.933863,177776749154.000000
177734411000.000000,1752160005.104696,177947583128.000000
177767734000.000000,1752160005.121320,177964207125.000000
177801056000.000000,1752160005.137717,177980603921.000000
177867695000.000000,1752160005.164407,178007293916.000000
177934339000.000000,1752160005.257628,178100515435.000000
178100947000.000000,1752160005.314867,178157754621.000000
178134268000.000000,1752160005.440313,178283200164.000000
178167589000.000000,1752160005.467660,178310547410.000000
178200910000.000000,1752160005.494543,178337429402.000000
178234232000.000000,1752160005.515573,178358459257.000000
178267553000.000000,1752160005.722995,178565882188.000000
178434159000.000000,1752160005.760678,178603564817.000000
178467481000.000000,1752160005.776967,178619853077.000000
178500802000.000000,1752160005.793413,178636299650.000000
178534123000.000000,1752160005.968784,178811672184.000000
178734051000.000000,1752160006.001212,178844099280.000000
178767374000.000000,1752160006.109173,178952060207.000000
178800695000.000000,1752160006.116162,178959049276.000000
178834017000.000000,1752160006.123303,178966189565.000000
178933980000.000000,1752160006.250018,179092905835.000000
178967305000.000000,1752160006.276989,179119876012.000000
179067267000.000000,1752160006.408753,179251640447.000000
179100587000.000000,1752160006.430824,179273710715.000000
179133909000.000000,1752160006.446747,179289633628.000000
179200551000.000000,1752160006.463004,179305890203.000000
179233874000.000000,1752160006.586150,179429037884.000000
179400479000.000000,1752160006.704461,179547347897.000000
179433801000.000000,1752160006.726625,179569512387.000000
179467122000.000000,1752160006.742952,179585838424.000000
179500444000.000000,1752160006.764452,179607339218.000000
179533765000.000000,1752160006.916917,179759804641.000000
179700372000.000000,1752160006.933846,179776733375.000000
179733694000.000000,1752160007.115794,179958681335.000000
179767016000.000000,1752160007.122716,179965603164.000000
179800337000.000000,1752160007.139211,179982097163.000000
179900300000.000000,1752160007.155454,179998339979.000000
179933622000.000000,1752160007.316922,180159809745.000000
180066908000.000000,1752160007.333740,180176626776.000000
180100229000.000000,1752160007.350608,180193495771.000000
180133551000.000000,1752160007.500782,180343669534.000000
180166873000.000000,1752160007.528315,180371201982.000000
180266835000.000000,1752160007.545055,180387942367.000000
180333480000.000000,1752160007.680634,180523522148.000000
180366801000.000000,1752160007.697932,180540818711.000000
180466764000.000000,1752160007.714575,180557462912.000000
180500087000.000000,1752160007.824988,180667875051.000000
180533409000.000000,1752160007.841655,180684542511.000000
180633372000.000000,1752160007.958126,180801013637.000000
180666694000.000000,1752160007.981165,180824052895.000000
180700016000.000000,1752160008.003175,180846062553.000000
180799978000.000000,1752160008.165168,181008054739.000000
180833302000.000000,1752160008.181753,181024640459.000000
180966586000.000000,1752160008.204383,181047269573.000000
180999908000.000000,1752160008.349166,181192052805.000000
181033230000.000000,1752160008.366292,181209178111.000000
181133193000.000000,1752160008.382735,181225622018.000000
181166516000.000000,1752160008.547678,181390565466.000000
181199837000.000000,1752160008.569383,181412270665.000000
181299800000.000000,1752160008.585801,181428687813.000000
181333122000.000000,1752160008.601724,181444611077.000000
181366443000.000000,1752160008.775034,181617922246.000000
181533049000.000000,1752160008.792347,181635234457.000000
181566370000.000000,1752160008.906490,181749377017.000000
181599692000.000000,1752160008.934031,181776918095.000000
181633015000.000000,1752160008.950380,181793266354.000000
181699655000.000000,1752160008.972116,181815003256.000000
181732978000.000000,1752160009.123655,181966542375.000000
181899584000.000000,1752160009.146348,181989234877.000000
181932907000.000000,1752160009.285068,182127954900.000000
181966229000.000000,1752160009.301899,182144785358.000000
181999550000.000000,1752160009.324136,182167023255.000000
182099513000.000000,1752160009.465044,182307932197.000000
182132834000.000000,1752160009.497468,182340354645.000000
182266119000.000000,1752160009.513872,182356758571.000000
182299442000.000000,1752160009.700230,182543117554.000000
182332763000.000000,1752160009.716806,182559692663.000000
182432727000.000000,1752160009.733503,182576389567.000000
182466048000.000000,1752160009.750204,182593090248.000000
182499369000.000000,1752160009.925153,182768040676.000000
182665977000.000000,1752160009.946823,182789709635.000000
182699298000.000000,1752160009.969189,182812076048.000000
182732620000.000000,1752160010.074601,182917489374.000000
182765941000.000000,1752160010.091536,182934423238.000000
182899228000.000000,1752160010.227791,183070678326.000000
182932549000.000000,1752160010.249964,183092851056.000000
182965870000.000000,1752160010.271277,183114164111.000000
183065835000.000000,1752160010.415550,183258437516.000000
183099157000.000000,1752160010.443043,183285930020.000000
183199119000.000000,1752160010.459722,183302609109.000000
183232440000.000000,1752160010.567818,183410704997.000000
183265763000.000000,1752160010.574504,183417391625.000000
183365728000.000000,1752160010.575982,183418868608.000000
183399048000.000000,1752160010.700584,183543471680.000000
183432369000.000000,1752160010.727790,183570676909.000000
183532332000.000000,1752160010.881931,183724817942.000000
183565655000.000000,1752160010.898513,183741399236.000000
183598977000.000000,1752160010.920179,183763065676.000000
183665620000.000000,1752160010.946992,183789878447.000000
183698939000.000000,1752160011.171000,184013887857.000000
183865547000.000000,1752160011.187690,184030576816.000000
183898868000.000000,1752160011.194197,184037084094.000000
183965513000.000000,1752160011.210974,184053860664.000000
183998834000.000000,1752160011.442689,184285576320.000000
184132119000.000000,1752160011.459223,184302109262.000000
184165441000.000000,1752160011.491353,184334239584.000000
184198762000.000000,1752160011.610162,184453049073.000000
184232084000.000000,1752160011.627349,184470236378.000000
184398689000.000000,1752160011.638910,184481796488.000000
184432012000.000000,1752160011.792059,184634947181.000000
184465334000.000000,1752160011.808714,184651601141.000000
184565297000.000000,1752160011.825532,184668418784.000000
184598618000.000000,1752160011.939282,184782169497.000000
184631940000.000000,1752160011.956373,184799259637.000000
184765226000.000000,1752160012.084941,184927828904.000000
184798548000.000000,1752160012.101540,184944427013.000000
184831868000.000000,1752160012.118107,184960994270.000000
184865190000.000000,1752160012.139890,184982776356.000000
184931833000.000000,1752160012.294923,185137810047.000000
185065118000.000000,1752160012.312175,185155063018.000000
185098439000.000000,1752160012.417629,185260516640.000000
185131761000.000000,1752160012.428839,185271725605.000000
185165083000.000000,1752160012.440399,185283285882.000000
185231725000.000000,1752160012.547509,185390396855.000000
185265047000.000000,1752160012.564447,185407334552.000000
185365010000.000000,1752160012.695229,185538116443.000000
185398333000.000000,1752160012.712321,185555208250.000000
185431655000.000000,1752160012.745417,185588303468.000000
185498296000.000000,1752160012.853425,185696311764.000000
185531617000.000000,1752160012.865048,185707934392.000000
185664902000.000000,1752160013.007407,185850296207.000000
185698226000.000000,1752160013.025623,185868510630.000000
185731546000.000000,1752160013.048146,185891033024.000000
185798189000.000000,1752160013.070428,185913315327.000000
185831511000.000000,1752160013.203574,186046461821.000000
185998116000.000000,1752160013.225658,186068544830.000000
186031438000.000000,1752160013.364385,186207272297.000000
186064760000.000000,1752160013.375974,186218861666.000000
186098081000.000000,1752160013.403835,186246722573.000000
186164724000.000000,1752160013.425252,186268138701.000000
186198045000.000000,1752160013.578034,186420922065.000000
186364652000.000000,1752160013.600912,186443799417.000000
186397974000.000000,1752160013.728030,186570917590.000000
186431296000.000000,1752160013.744532,186587418625.000000
186464616000.000000,1752160013.771947,186614833889.000000
186564581000.000000,1752160013.916909,186759796675.000000
186597902000.000000,1752160013.943737,186786624668.000000
186697865000.000000,1752160013.975642,186818529770.000000
186731187000.000000,1752160014.095054,186937941955.000000
186764510000.000000,1752160014.111925,186954812265.000000
186897793000.000000,1752160014.150318,186993204997.000000
186931115000.000000,1752160014.307546,187150433588.000000
186964437000.000000,1752160014.340455,187183341531.000000
187064401000.000000,1752160014.356727,187199613995.000000
187097723000.000000,1752160014.373066,187215953087.000000
187131043000.000000,1752160014.546834,187389722306.000000
187297651000.000000,1752160014.563858,187406744725.000000
187330972000.000000,1752160014.580617,187423504517.000000
187364293000.000000,1752160014.768986,187611873033.000000
187397615000.000000,1752160014.796942,187639829143.000000
187530900000.000000,1752160014.813629,187656515010.000000
187564222000.000000,1752160014.830082,187672968305.000000
187597543000.000000,1752160015.034312,187877199790.000000
187764150000.000000,1752160015.050974,187893861065.000000
187797472000.000000,1752160015.073086,187915972722.000000
187830793000.000000,1752160015.209094,188051981998.000000
187864115000.000000,1752160015.220639,188063525645.000000
188030721000.000000,1752160015.349753,188192640480.000000
188064044000.000000,1752160015.376460,188219347067.000000
188097364000.000000,1752160015.397943,188240828972.000000
188164007000.000000,1752160015.547392,188390279281.000000
188230651000.000000,1752160015.574173,188417061052.000000
188363935000.000000,1752160015.677558,188520445975.000000
188397258000.000000,1752160015.699469,188542355894.000000
188430579000.000000,1752160015.716271,188559158018.000000
188497222000.000000,1752160015.860858,188703745401.000000
188530543000.000000,1752160015.904354,188747241205.000000
188630507000.000000,1752160015.915962,188758848314.000000
188663829000.000000,1752160016.024104,188866991646.000000
188697152000.000000,1752160016.041142,188884030472.000000
188830435000.000000,1752160016.130380,188973267184.000000
188863758000.000000,1752160016.147069,188989956181.000000
188897079000.000000,1752160016.168941,189011828267.000000
188963721000.000000,1752160016.361346,189204233441.000000
188997043000.000000,1752160016.378087,189220973678.000000
189063684000.000000,1752160016.394840,189237726099.000000
189097007000.000000,1752160016.416006,189258892397.000000
189163649000.000000,1752160016.633863,189476750580.000000
189363578000.000000,1752160016.650784,189493671703.000000
189396900000.000000,1752160016.678674,189521560332.000000
189430221000.000000,1752160016.797776,189640662873.000000
189463543000.000000,1752160016.830288,189673174746.000000
189596827000.000000,1752160016.846813,189689700633.000000
189630150000.000000,1752160016.934182,189777077367.000000
189663472000.000000,1752160016.951287,189794174377.000000
189796755000.000000,1752160017.093002,189935890088.000000
189830078000.000000,1752160017.100100,189942987675.000000
189863399000.000000,1752160017.117015,189959901817.000000
189896720000.000000,1752160017.255764,190098651506.000000
189930042000.000000,1752160017.271940,190114826823.000000
190063326000.000000,1752160017.299257,190142143236.000000
190096649000.000000,1752160017.497952,190340840395.000000
190129969000.000000,1752160017.514673,190357559836.000000
190229932000.000000,1752160017.541599,190384485105.000000
190263255000.000000,1752160017.558207,190401093973.000000
190296576000.000000,1752160017.777010,190619897960.000000
190463182000.000000,1752160017.793789,190636675659.000000
190496504000.000000,1752160017.810668,190653555042.000000
190563146000.000000,1752160017.826989,190669875357.000000
190596469000.000000,1752160017.984881,190827768256.000000
190763075000.000000,1752160018.007100,190849987467.000000
190796397000.000000,1752160018.113638,190956525725.000000
190829719000.000000,1752160018.135158,190978044537.000000
190863040000.000000,1752160018.151892,190994779477.000000
190929683000.000000,1752160018.301330,191144216564.000000
190963004000.000000,1752160018.318289,191161176298.000000
191062967000.000000,1752160018.324936,191167823723.000000
191096290000.000000,1752160018.454100,191296987502.000000
191129611000.000000,1752160018.460472,191303358152.000000
191229575000.000000,1752160018.471824,191314710838.000000
191262897000.000000,1752160018.604948,191447835332.000000
191296219000.000000,1752160018.637222,191480108726.000000
191396182000.000000,1752160018.653929,191496815482.000000
191429505000.000000,1752160018.854175,191697062142.000000
191462827000.000000,1752160018.881107,191723994078.000000
191562790000.000000,1752160018.897367,191740253616.000000
191596110000.000000,1752160018.913727,191756613097.000000
191629432000.000000,1752160019.094213,191937099981.000000
191829361000.000000,1752160019.111321,191954208547.000000
191862683000.000000,1752160019.129015,191971901606.000000
191896005000.000000,1752160019.267087,192109974618.000000
191929325000.000000,1752160019.283586,192126475079.000000
192029288000.000000,1752160019.300336,192143221741.000000
192062609000.000000,1752160019.321981,192164867830.000000
192095931000.000000,1752160019.478038,192320925101.000000
192262538000.000000,1752160019.489756,192332643357.000000
192295860000.000000,1752160019.624410,192467297630.000000
192329183000.000000,1752160019.645957,192488844294.000000
192362503000.000000,1752160019.657395,192500281683.000000
192429145000.000000,1752160019.674011,192516897309.000000
192462467000.000000,1752160019.860468,192703355126.000000
192629073000.000000,1752160019.872179,192715066641.000000
192662396000.000000,1752160019.985999,192828885946.000000
192695718000.000000,1752160020.002729,192845616257.000000
192729039000.000000,1752160020.019363,192862250068.000000
192795681000.000000,1752160020.164590,193007477129.000000
192829005000.000000,1752160020.186867,193029753506.000000
192928967000.000000,1752160020.208309,193051196097.000000
192962288000.000000,1752160020.235162,193078048571.000000
192995610000.000000,1752160020.419153,193262040174.000000
193162216000.000000,1752160020.441056,193283943778.000000
193195539000.000000,1752160020.457797,193300684033.000000
193228860000.000000,1752160020.604317,193447205264.000000
193262182000.000000,1752160020.621280,193464166720.000000
193395466000.000000,1752160020.632705,193475592499.000000
193428788000.000000,1752160020.805055,193647942919.000000
193462109000.000000,1752160020.827477,193670363517.000000
193562073000.000000,1752160020.844183,193687069513.000000
193595395000.000000,1752160020.866417,193709303539.000000
193628716000.000000,1752160021.047543,193890430138.000000
193795323000.000000,1752160021.059267,193902153320.000000
193828644000.000000,1752160021.076194,193919081295.000000
193861965000.000000,1752160021.196291,194039178547.000000
193895286000.000000,1752160021.218424,194061311149.000000
193995251000.000000,1752160021.229937,194072824370.000000
194028573000.000000,1752160021.400697,194243584142.000000
194061893000.000000,1752160021.422795,194265682558.000000
194161858000.000000,1752160021.449850,194292736919.000000
194195180000.000000,1752160021.589078,194431965899.000000
194228502000.000000,1752160021.600681,194443566416.000000
194361786000.000000,1752160021.623258,194466145105.000000
194395108000.000000,1752160021.751652,194594539967.000000
194428430000.000000,1752160021.778674,194621561513.000000
194528393000.000000,1752160021.794833,194637719015.000000
194561716000.000000,1752160021.914640,194757527826.000000
194595038000.000000,1752160021.931306,194774192268.000000
194728321000.000000,1752160022.054628,194897515650.000000
194761643000.000000,1752160022.076584,194919470605.000000
194794964000.000000,1752160022.092954,194935840253.000000
194861607000.000000,1752160022.205413,195048301518.000000
194928251000.000000,1752160022.211812,195054699797.000000
195028214000.000000,1752160022.295175,195138062724.000000
195061537000.000000,1752160022.306859,195149746574.000000
195094857000.000000,1752160022.477245,195320132849.000000
195128179000.000000,1752160022.493668,195336554108.000000
195161501000.000000,1752160022.520718,195363604524.000000
195228143000.000000,1752160022.623453,195466340158.000000
195261463000.000000,1752160022.640023,195482909933.000000
195461392000.000000,1752160022.781485,195624372592.000000
195494715000.000000,1752160022.808607,195651494285.000000
195528035000.000000,1752160022.824682,195667569418.000000
195594677000.000000,1752160022.945541,195788428606.000000
195661321000.000000,1752160022.957228,195800115714.000000
195761284000.000000,1752160023.070985,195913872464.000000
195794607000.000000,1752160023.098192,195941078916.000000
195827928000.000000,1752160023.114914,195957802504.000000
195861250000.000000,1752160023.132488,195975376176.000000
195927892000.000000,1752160023.274506,196117393661.000000
196061176000.000000,1752160023.291322,196134208860.000000
196094500000.000000,1752160023.376588,196219475692.000000
196127821000.000000,1752160023.398060,196240946856.000000
196161142000.000000,1752160023.419882,196262769035.000000
196227785000.000000,1752160023.607077,196449964583.000000
196261105000.000000,1752160023.624137,196467023927.000000
196361069000.000000,1752160023.645928,196488814736.000000
196394391000.000000,1752160023.662722,196505608509.000000
196427713000.000000,1752160023.805089,196647977584.000000
196594319000.000000,1752160023.816796,196659682581.000000
196627641000.000000,1752160023.946561,196789449464.000000
196660963000.000000,1752160023.963147,196806033758.000000
196694285000.000000,1752160023.990117,196833003768.000000
196727605000.000000,1752160024.011522,196854407711.000000
196760926000.000000,1752160024.214175,197057063140.000000
196960854000.000000,1752160024.246662,197089548550.000000
196994176000.000000,1752160024.268649,197111535412.000000
197027497000.000000,1752160024.372508,197215395404.000000
197060818000.000000,1752160024.389315,197232202121.000000
197194104000.000000,1752160024.505227,197348113995.000000
197227427000.000000,1752160024.516872,197359758826.000000
197260748000.000000,1752160024.528322,197371208233.000000
197327389000.000000,1752160024.641091,197483978476.000000
197360713000.000000,1752160024.657650,197500537196.000000
197460676000.000000,1752160024.790149,197633036141.000000
197493997000.000000,1752160024.812582,197655469424.000000
197527319000.000000,1752160024.839327,197682214066.000000
197560640000.000000,1752160025.000339,197843226355.000000
197593962000.000000,1752160025.017340,197860227089.000000
197760569000.000000,1752160025.038957,197881842881.000000
197793890000.000000,1752160025.142785,197985672947.000000
197827212000.000000,1752160025.159787,198002674755.000000
197960497000.000000,1752160025.253179,198096066643.000000
197993819000.000000,1752160025.269957,198112843638.000000
198027139000.000000,1752160025.286337,198129224397.000000
198093783000.000000,1752160025.439480,198282368127.000000
198127104000.000000,1752160025.451454,198294341473.000000
198227067000.000000,1752160025.473711,198316598073.000000
198260391000.000000,1752160025.672499,198515386861.000000
198293711000.000000,1752160025.694132,198537019209.000000
198426995000.000000,1752160025.710591,198553477745.000000
198460318000.000000,1752160025.737179,198580065444.000000
198493639000.000000,1752160025.926655,198769542392.000000
198660245000.000000,1752160025.943464,198786351813.000000
198693567000.000000,1752160025.970899,198813785281.000000
198726889000.000000,1752160026.110220,198953107945.000000
198760211000.000000,1752160026.126740,198969627480.000000
198893496000.000000,1752160026.148684,198991571306.000000
198926818000.000000,1752160026.273404,199116292747.000000
198960139000.000000,1752160026.290134,199133021520.000000
199093423000.000000,1752160026.434608,199277494904.000000
199126746000.000000,1752160026.451396,199294283029.000000
199160067000.000000,1752160026.467693,199310580548.000000
199226708000.000000,1752160026.484516,199327402024.000000
199293352000.000000,1752160026.603329,199446216902.000000
199426637000.000000,1752160026.746157,199589044008.000000
199459960000.000000,1752160026.763048,199605934632.000000
199493281000.000000,1752160026.774667,199617553575.000000
199526602000.000000,1752160026.924686,199767573618.000000
199593244000.000000,1752160026.941452,199784339354.000000
199693207000.000000,1752160026.958313,199801200182.000000
199759852000.000000,1752160027.134864,199977752184.000000
199793176000.000000,1752160027.151714,199994601086.000000
199893136000.000000,1752160027.168555,200011442321.000000
199959779000.000000,1752160027.309289,200152176025.000000
199993103000.000000,1752160027.325831,200168717894.000000
200093065000.000000,1752160027.342473,200185359853.000000
200126388000.000000,1752160027.455694,200298581350.000000
200159709000.000000,1752160027.477330,200320217698.000000
200259672000.000000,1752160027.494094,200336980638.000000
200292994000.000000,1752160027.626806,200469692377.000000
200326317000.000000,1752160027.654182,200497068400.000000
200426279000.000000,1752160027.676056,200518943949.000000
200459602000.000000,1752160027.827670,200670557789.000000
200492924000.000000,1752160027.844111,200686997751.000000
200626207000.000000,1752160027.860811,200703697711.000000
200659530000.000000,1752160027.999466,200842353419.000000
200692852000.000000,1752160028.032038,200874924532.000000
200792814000.000000,1752160028.048464,200891351291.000000
200826137000.000000,1752160028.173547,201016434061.000000
200859458000.000000,1752160028.185188,201028074855.000000
200992743000.000000,1752160028.307961,201150848706.000000
201026065000.000000,1752160028.324790,201167677553.000000
201059389000.000000,1752160028.346707,201189595231.000000
201126028000.000000,1752160028.457362,201300249257.000000
201159349000.000000,1752160028.473735,201316621331.000000
201292634000.000000,1752160028.647462,201490349365.000000
201325957000.000000,1752160028.669211,201512098397.000000
201359278000.000000,1752160028.696890,201539777213.000000
201459242000.000000,1752160028.830798,201673684679.000000
201492563000.000000,1752160028.853249,201696135685.000000
201625849000.000000,1752160028.874693,201717579497.000000
201659171000.000000,1752160028.997523,201840411756.000000
201692492000.000000,1752160029.019830,201862717448.000000
201792455000.000000,1752160029.046837,201889724068.000000
201825777000.000000,1752160029.193614,202036502166.000000
201859099000.000000,1752160029.220640,202063527842.000000
201992385000.000000,1752160029.242319,202085206449.000000
202025706000.000000,1752160029.377676,202220562917.000000
202059028000.000000,1752160029.404710,202247597759.000000
202158992000.000000,1752160029.431732,202274619657.000000
202192313000.000000,1752160029.559684,202402571043.000000
202225635000.000000,1752160029.576232,202419119300.000000
202358919000.000000,1752160029.603157,202446044644.000000
202392241000.000000,1752160029.690518,202533405655.000000
202425563000.000000,1752160029.712307,202555194131.000000
202525527000.000000,1752160029.867736,202710623353.000000
202558849000.000000,1752160029.883996,202726882651.000000
202592170000.000000,1752160029.900327,202743213725.000000
202658812000.000000,1752160029.922635,202765522251.000000
202725456000.000000,1752160030.036238,202879125799.000000
202858740000.000000,1752160030.197976,203040863413.000000
202892063000.000000,1752160030.224957,203067844200.000000
202925384000.000000,1752160030.257899,203100786124.000000
202958705000.000000,1752160030.274266,203117152698.000000
203058669000.000000,1752160030.447423,203290310016.000000
203191954000.000000,1752160030.469643,203312529765.000000
203225276000.000000,1752160030.491544,203334430165.000000
203258599000.000000,1752160030.602856,203445744146.000000
203291921000.000000,1752160030.619412,203462299478.000000
203425205000.000000,1752160030.774624,203617511944.000000
203458527000.000000,1752160030.791696,203634583065.000000
203491849000.000000,1752160030.813201,203656087322.000000
203558489000.000000,1752160030.829425,203672311453.000000
203591811000.000000,1752160031.040291,203883178363.000000
203758417000.000000,1752160031.067191,203910078559.000000
203791739000.000000,1752160031.166631,204009518823.000000
203825060000.000000,1752160031.198948,204041834420.000000
203858381000.000000,1752160031.226578,204069464867.000000
203991667000.000000,1752160031.322312,204165199524.000000
204024989000.000000,1752160031.355049,204197935765.000000
204158275000.000000,1752160031.494464,204337352224.000000
204191597000.000000,1752160031.516325,204359212292.000000
204224917000.000000,1752160031.533172,204376058453.000000
204324881000.000000,1752160031.667630,204510517228.000000
204358202000.000000,1752160031.684691,204527577998.000000
204458167000.000000,1752160031.696100,204538985591.000000
204491489000.000000,1752160031.861264,204704151870.000000
204524810000.000000,1752160031.883073,204725960179.000000
204624773000.000000,1752160031.899589,204742476714.000000
204691417000.000000,1752160032.036915,204879802827.000000
204724738000.000000,1752160032.048410,204891297141.000000
204824701000.000000,1752160032.065292,204908179006.000000
204858024000.000000,1752160032.176943,205019830743.000000
204891346000.000000,1752160032.198647,205041533738.000000
204991308000.000000,1752160032.314691,205157578091.000000
205024630000.000000,1752160032.330899,205173785982.000000
205057952000.000000,1752160032.347859,205190745679.000000
205157916000.000000,1752160032.532565,205375451978.000000
205191238000.000000,1752160032.554780,205397667578.000000
205257879000.000000,1752160032.581422,205424308407.000000
205291202000.000000,1752160032.593115,205436016144.000000
205324523000.000000,1752160032.760261,205603148772.000000
205524452000.000000,1752160032.787340,205630227577.000000
205557773000.000000,1752160032.804232,205647118811.000000
205591095000.000000,1752160032.941281,205784168279.000000
205624416000.000000,1752160032.952852,205795738444.000000
205757700000.000000,1752160033.066977,205909864209.000000
205791024000.000000,1752160033.083018,205925905416.000000
205824345000.000000,1752160033.104754,205947641559.000000
205857665000.000000,1752160033.121598,205964484461.000000
205924309000.000000,1752160033.278936,206121822958.000000
206057593000.000000,1752160033.285988,206128875434.000000
206090915000.000000,1752160033.441542,206284430452.000000
206124238000.000000,1752160033.459056,206301944068.000000
206157559000.000000,1752160033.477585,206320474025.000000
206257522000.000000,1752160033.660489,206503376326.000000
206290847000.000000,1752160033.677164,206520051063.000000
206424130000.000000,1752160033.688492,206531378546.000000
206457451000.000000,1752160033.704863,206547749787.000000
206490772000.000000,1752160033.868729,206711615951.000000
206624058000.000000,1752160033.885389,206728276226.000000
206657379000.000000,1752160034.024339,206867226265.000000
206690701000.000000,1752160034.040984,206883870965.000000
206724022000.000000,1752160034.062274,206905160261.000000
206823985000.000000,1752160034.078485,206921372097.000000
206857307000.000000,1752160034.203460,207046347719.000000
207023914000.000000,1752160034.326082,207168969684.000000
207057237000.000000,1752160034.348607,207191493947.000000
207090557000.000000,1752160034.365241,207208128444.000000
207123879000.000000,1752160034.381572,207224458056.000000
207157200000.000000,1752160034.552378,207395265364.000000
207290485000.000000,1752160034.574330,207417217319.000000
207323806000.000000,1752160034.590898,207433784761.000000
207357128000.000000,1752160034.736409,207579296689.000000
207390449000.000000,1752160034.763276,207606163700.000000
207523734000.000000,1752160034.780346,207623234025.000000
207557057000.000000,1752160034.899548,207742435269.000000
207590378000.000000,1752160034.921598,207764484260.000000
207690342000.000000,1752160034.938156,207781043091.000000
207723664000.000000,1752160035.061624,207904510824.000000
207756985000.000000,1752160035.083527,207926414206.000000
207890270000.000000,1752160035.210951,208053838264.000000
207923592000.000000,1752160035.243060,208085946678.000000
207956913000.000000,1752160035.254623,208097510640.000000
208056878000.000000,1752160035.394845,208237732053.000000
208090199000.000000,1752160035.417376,208260262669.000000
208190161000.000000,1752160035.433575,208276462171.000000
208223485000.000000,1752160035.574405,208417292262.000000
208256806000.000000,1752160035.591204,208434091517.000000
208390091000.000000,1752160035.728844,208571731033.000000
208423413000.000000,1752160035.745634,208588520658.000000
208456734000.000000,1752160035.761969,208604855473.000000
208523376000.000000,1752160035.778733,208621619913.000000
208590019000.000000,1752160035.936972,208779859623.000000
208723304000.000000,1752160035.958879,208801766023.000000
208756627000.000000,1752160036.129957,208972844680.000000
208789948000.000000,1752160036.157952,209000838882.000000
208823269000.000000,1752160036.179128,209022014457.000000
208923233000.000000,1752160036.195490,209038376401.000000
208956555000.000000,1752160036.364667,209207554431.000000
209123160000.000000,1752160036.381438,209224326501.000000
209156483000.000000,1752160036.408712,209251599674.000000
209189804000.000000,1752160036.522906,209365792752.000000
209223126000.000000,1752160036.539913,209382800597.000000
209323090000.000000,1752160036.566636,209409522961.000000
209356412000.000000,1752160036.673765,209516653045.000000
209389733000.000000,1752160036.690437,209533324504.000000
209489696000.000000,1752160036.825967,209668854064.000000
209523019000.000000,1752160036.847677,209690563781.000000
209556341000.000000,1752160036.869437,209712323312.000000
209622982000.000000,1752160036.885882,209728768404.000000
209656305000.000000,1752160037.041986,209884872953.000000
209822911000.000000,1752160037.064114,209907000869.000000
209856232000.000000,1752160037.173581,210016469149.000000
209889553000.000000,1752160037.195894,210038780563.000000
209922875000.000000,1752160037.212359,210055245303.000000
209989517000.000000,1752160037.335445,210178334354.000000
210022840000.000000,1752160037.352283,210195170571.000000
210122802000.000000,1752160037.369051,210211938141.000000
210156125000.000000,1752160037.502632,210345520314.000000
210189447000.000000,1752160037.529295,210372181753.000000
210289410000.000000,1752160037.557086,210399972902.000000
210322732000.000000,1752160037.706441,210549328230.000000
210356054000.000000,1752160037.723185,210566072022.000000
210489338000.000000,1752160037.739681,210582569151.000000
210522660000.000000,1752160037.875131,210718018044.000000
210555982000.000000,1752160037.886807,210729693430.000000
210655945000.000000,1752160037.903499,210746385649.000000
210689266000.000000,1752160038.048095,210890982327.000000
210722589000.000000,1752160038.065095,210907981487.000000
210822552000.000000,1752160038.087161,210930048108.000000
210855874000.000000,1752160038.286883,211129769996.000000
210889194000.000000,1752160038.308906,211151792802.000000
211022480000.000000,1752160038.325510,211168396911.000000
211055802000.000000,1752160038.342402,211185289386.000000
211089123000.000000,1752160038.364227,211207113528.000000
211289051000.000000,1752160038.580152,211423039381.000000
211322372000.000000,1752160038.701994,211544881559.000000
211355694000.000000,1752160038.723588,211566474907.000000
211389016000.000000,1752160038.751191,211594078113.000000
211422337000.000000,1752160038.768072,211610958459.000000
211555623000.000000,1752160038.950458,211793345063.000000
211688909000.000000,1752160038.972439,211815326777.000000
211722230000.000000,1752160039.052703,211895590110.000000
211755551000.000000,1752160039.090104,211932990613.000000
211788873000.000000,1752160039.107080,211949966680.000000
211888835000.000000,1752160039.203765,212046652771.000000
211922159000.000000,1752160039.225425,212068312045.000000
212022122000.000000,1752160039.341336,212184223252.000000
212055445000.000000,1752160039.357811,212200697344.000000
212088765000.000000,1752160039.385463,212228350197.000000
212188729000.000000,1752160039.514224,212357111667.000000
212222050000.000000,1752160039.541032,212383919252.000000
212288693000.000000,1752160039.552914,212395800581.000000
212355336000.000000,1752160039.687796,212530683240.000000
212388658000.000000,1752160039.715740,212558627091.000000
212488620000.000000,1752160039.737506,212580393326.000000
212521943000.000000,1752160039.836691,212679578167.000000
212555264000.000000,1752160039.864119,212707006227.000000
212655229000.000000,1752160039.999222,212842108792.000000
212688550000.000000,1752160040.016045,212858931527.000000
212721872000.000000,1752160040.032508,212875395471.000000
212788512000.000000,1752160040.049317,212892203706.000000
212855157000.000000,1752160040.231256,213074142870.000000
212955120000.000000,1752160040.248487,213091374324.000000
212988441000.000000,1752160040.260064,213102950656.000000
213021764000.000000,1752160040.430401,213273289229.000000
213055084000.000000,1752160040.442362,213285248797.000000
213188369000.000000,1752160040.463544,213306430150.000000
213221692000.000000,1752160040.490555,213333440604.000000
213255013000.000000,1752160040.647573,213490461143.000000
213421619000.000000,1752160040.677563,213520450859.000000
213454940000.000000,1752160040.780237,213623124234.000000
213488263000.000000,1752160040.797018,213639904989.000000
213521584000.000000,1752160040.819412,213662299458.000000
213621547000.000000,1752160040.975076,213817963956.000000
213654870000.000000,1752160040.996542,213839428232.000000
213754833000.000000,1752160041.018338,213861225115.000000
213821478000.000000,1752160041.137100,213979987012.000000
213854799000.000000,1752160041.153606,213996492400.000000
213954762000.000000,1752160041.285149,214128036319.000000
213988084000.000000,1752160041.312750,214155636729.000000
214021408000.000000,1752160041.328832,214171718936.000000
214088048000.000000,1752160041.463221,214306107916.000000
214121369000.000000,1752160041.479664,214322550434.000000
214254655000.000000,1752160041.501409,214344296299.000000
214287977000.000000,1752160041.659444,214502331381.000000
214321299000.000000,1752160041.676435,214519321763.000000
214421261000.000000,1752160041.698505,214541391125.000000
214454584000.000000,1752160041.814935,214657822289.000000
214487905000.000000,1752160041.831744,214674631580.000000
214621190000.000000,1752160041.932728,214775614883.000000
214654511000.000000,1752160041.959731,214802618225.000000
214687833000.000000,1752160041.976511,214819398721.000000
214754475000.000000,1752160042.100433,214943321541.000000
214787799000.000000,1752160042.117127,214960014778.000000
214887760000.000000,1752160042.133335,214976221780.000000
214921082000.000000,1752160042.267506,215110395058.000000
214954405000.000000,1752160042.279074,215121960928.000000
215054367000.000000,1752160042.300771,215143659127.000000
215087689000.000000,1752160042.497416,215340303273.000000
215121012000.000000,1752160042.519553,215362439411.000000
215220974000.000000,1752160042.540993,215383879668.000000
215254296000.000000,1752160042.557696,215400582480.000000
215320938000.000000,1752160042.770782,215613670125.000000
215487546000.000000,1752160042.782474,215625361085.000000
215520867000.000000,1752160042.809872,215652758516.000000
215554188000.000000,1752160042.904209,215747096763.000000
215587510000.000000,1752160042.915974,215758861390.000000
215720795000.000000,1752160043.051391,215894277728.000000
215754118000.000000,1752160043.072920,215915806985.000000
215787438000.000000,1752160043.094513,215937400018.000000
215854080000.000000,1752160043.111052,215953938164.000000
215887402000.000000,1752160043.263733,216106620863.000000
216020687000.000000,1752160043.285919,216128806520.000000
216054009000.000000,1752160043.416136,216259023380.000000
216087330000.000000,1752160043.444011,216286898620.000000
216120651000.000000,1752160043.465488,216308374673.000000
216220616000.000000,1752160043.481837,216324723396.000000
216253938000.000000,1752160043.649516,216492402740.000000
216420544000.000000,1752160043.666221,216509108125.000000
216453865000.000000,1752160043.831260,216674147795.000000
216487187000.000000,1752160043.842780,216685666220.000000
216520509000.000000,1752160043.864326,216707213088.000000
216587150000.000000,1752160043.880551,216723437386.000000
216653794000.000000,1752160044.096263,216939150927.000000
216820401000.000000,1752160044.107844,216950730537.000000
216853723000.000000,1752160044.130267,216973153876.000000
216887043000.000000,1752160044.267226,217110114326.000000
216920366000.000000,1752160044.284137,217127023876.000000
217053650000.000000,1752160044.300613,217143500097.000000
217086971000.000000,1752160044.396928,217239815655.000000
217120293000.000000,1752160044.424548,217267435658.000000
217220257000.000000,1752160044.578230,217421117105.000000
217253580000.000000,1752160044.599845,217442734416.000000
217286903000.000000,1752160044.616679,217459566225.000000
217353543000.000000,1752160044.649174,217492061061.000000
217420185000.000000,1752160044.798874,217641761479.000000
217586793000.000000,1752160044.815917,217658804231.000000
217620114000.000000,1752160044.989642,217832529191.000000
217653436000.000000,1752160045.011322,217854208650.000000
217686758000.000000,1752160045.038100,217880985940.000000
217753399000.000000,1752160045.069734,217912620082.000000
217820042000.000000,1752160045.189225,218032112045.000000
217986648000.000000,1752160045.205692,218048578988.000000
218019972000.000000,1752160045.339574,218182460603.000000
218053293000.000000,1752160045.345984,218188869605.000000
218086614000.000000,1752160045.362491,218205377085.000000
218153256000.000000,1752160045.511060,218353947534.000000
218219900000.000000,1752160045.528133,218371020767.000000
218286542000.000000,1752160045.549832,218392719540.000000
218319864000.000000,1752160045.716372,218559259359.000000
218353185000.000000,1752160045.743247,218586133778.000000
218453149000.000000,1752160045.765014,218607900568.000000
218486471000.000000,1752160045.781360,218624245809.000000
218519792000.000000,1752160045.797642,218640527977.000000
218753041000.000000,1752160045.986160,218829047345.000000
218786362000.000000,1752160046.007901,218850788043.000000
218819685000.000000,1752160046.123890,218966777694.000000
218853006000.000000,1752160046.146360,218989247069.000000
218886327000.000000,1752160046.163060,219005948269.000000
218919648000.000000,1752160046.281205,219124093451.000000
218986292000.000000,1752160046.303427,219146314052.000000
219086254000.000000,1752160046.418057,219260944422.000000
219119577000.000000,1752160046.434841,219277728306.000000
219152899000.000000,1752160046.446505,219289392137.000000
219252861000.000000,1752160046.554736,219397622894.000000
219286184000.000000,1752160046.577044,219419931105.000000
219386146000.000000,1752160046.682990,219525876795.000000
219419469000.000000,1752160046.699948,219542834678.000000
219452790000.000000,1752160046.716644,219559530896.000000
219519432000.000000,1752160046.832163,219675050997.000000
219552754000.000000,1752160046.848804,219691691253.000000
219652717000.000000,1752160046.944410,219787297468.000000
219686041000.000000,1752160046.960632,219803518747.000000
219719362000.000000,1752160046.982433,219825320019.000000
219786004000.000000,1752160047.116620,219959507723.000000
219819326000.000000,1752160047.133281,219976168405.000000
219919289000.000000,1752160047.150020,219992906605.000000
219952611000.000000,1752160047.288157,220131043672.000000
219985933000.000000,1752160047.305175,220148063183.000000
220085897000.000000,1752160047.321876,220164763068.000000
220119218000.000000,1752160047.434416,220277302610.000000
220152540000.000000,1752160047.451277,220294164197.000000
220285825000.000000,1752160047.557004,220399892316.000000
220319146000.000000,1752160047.580498,220423385698.000000
220352469000.000000,1752160047.722952,220565838790.000000
220385790000.000000,1752160047.739478,220582365715.000000
220419112000.000000,1752160047.761225,220604111469.000000
220519074000.000000,1752160047.777661,220620548227.000000
220552396000.000000,1752160047.937294,220780181829.000000
220719002000.000000,1752160047.948935,220791821142.000000
220752325000.000000,1752160048.068788,220911675804.000000
220785647000.000000,1752160048.085435,220928321986.000000
220818967000.000000,1752160048.102029,220944915576.000000
220885610000.000000,1752160048.283307,221126194526.000000
220918932000.000000,1752160048.299797,221142682876.000000
221018894000.000000,1752160048.326915,221169801532.000000
221052217000.000000,1752160048.343244,221186130570.000000
221085538000.000000,1752160048.551017,221393904423.000000
221252144000.000000,1752160048.572789,221415676270.000000
221285466000.000000,1752160048.589614,221432500783.000000
221385430000.000000,1752160048.770290,221613177813.000000
221418752000.000000,1752160048.792431,221635317304.000000
221518715000.000000,1752160048.808397,221651282641.000000
221552038000.000000,1752160048.824791,221667677419.000000
221585360000.000000,1752160048.983543,221826430068.000000
221751965000.000000,1752160049.037505,221880392087.000000
221785288000.000000,1752160049.118572,221961460114.000000
221818610000.000000,1752160049.141084,221983970748.000000
221851931000.000000,1752160049.162572,222005459839.000000
221951895000.000000,1752160049.300477,222143364057.000000
221985217000.000000,1752160049.317495,222160382438.000000
222085180000.000000,1752160049.334163,222177050027.000000
222118502000.000000,1752160049.456145,222299032351.000000
222151823000.000000,1752160049.472900,222315787125.000000
222251787000.000000,1752160049.489485,222332370955.000000
222285109000.000000,1752160049.634984,222477871476.000000
222318430000.000000,1752160049.646955,222489841748.000000
222451715000.000000,1752160049.787958,222630845542.000000
222485037000.000000,1752160049.810088,222652975366.000000
222518358000.000000,1752160049.832281,222675167800.000000
222551679000.000000,1752160049.925916,222768803167.000000
222618322000.000000,1752160049.948232,222791119451.000000
222751608000.000000,1752160050.081310,222924196946.000000
222784929000.000000,1752160050.098367,222941254142.000000
222818251000.000000,1752160050.115423,222958309504.000000
222884893000.000000,1752160050.136732,222979618782.000000
222918215000.000000,1752160050.328204,223171091616.000000
223051499000.000000,1752160050.345160,223188046702.000000
223084822000.000000,1752160050.372512,223215399504.000000
223118143000.000000,1752160050.461528,223304416034.000000
223151464000.000000,1752160050.484020,223326906539.000000
223284749000.000000,1752160050.635746,223478634137.000000
223318071000.000000,1752160050.647591,223490477133.000000
223351393000.000000,1752160050.664243,223507129481.000000
223418035000.000000,1752160050.681111,223523997994.000000
223451357000.000000,1752160050.847800,223690687849.000000
223617963000.000000,1752160050.864859,223707746490.000000
223651285000.000000,1752160051.018167,223861053774.000000
223684607000.000000,1752160051.040375,223883262023.000000
223717928000.000000,1752160051.057038,223899924057.000000
223817891000.000000,1752160051.073323,223916209595.000000
223851213000.000000,1752160051.250644,224093531922.000000
224017819000.000000,1752160051.262280,224105167587.000000
224051141000.000000,1752160051.391603,224234489790.000000
224084462000.000000,1752160051.408751,224251638189.000000
224117785000.000000,1752160051.425560,224268446591.000000
224184425000.000000,1752160051.436777,224279663465.000000
224217750000.000000,1752160051.644630,224487517113.000000
224351032000.000000,1752160051.661310,224504196351.000000
224384355000.000000,1752160051.682732,224525618627.000000
224417677000.000000,1752160051.834002,224676889730.000000
224450998000.000000,1752160051.860792,224703678631.000000
224584283000.000000,1752160051.887694,224730580530.000000
224617605000.000000,1752160051.988147,224831034561.000000
224650926000.000000,1752160052.015434,224858320956.000000
224817532000.000000,1752160052.160283,225003171521.000000
224850854000.000000,1752160052.177033,225019920313.000000
224884176000.000000,1752160052.198870,225041756862.000000
224950818000.000000,1752160052.226150,225069036165.000000
224984140000.000000,1752160052.360345,225203232165.000000
225150747000.000000,1752160052.393346,225236232792.000000
225184069000.000000,1752160052.520827,225363714868.000000
225217390000.000000,1752160052.537389,225380275533.000000
225250712000.000000,1752160052.554336,225397222304.000000
225317353000.000000,1752160052.570601,225413488453.000000
225350677000.000000,1752160052.748724,225591611142.000000
225483961000.000000,1752160052.760415,225603302843.000000
225517282000.000000,1752160052.782735,225625621795.000000
225550604000.000000,1752160052.915362,225758249961.000000
225583925000.000000,1752160052.931978,225774864588.000000
225717210000.000000,1752160052.949100,225791986635.000000
225750532000.000000,1752160053.085911,225928798106.000000
225783855000.000000,1752160053.103150,225946036596.000000
225883817000.000000,1752160053.125213,225968099883.000000
225917139000.000000,1752160053.231088,226073975482.000000
225950461000.000000,1752160053.263732,226106619557.000000
226050423000.000000,1752160053.398512,226241398940.000000
226083746000.000000,1752160053.415316,226258202565.000000
226117067000.000000,1752160053.431615,226274501714.000000
226250352000.000000,1752160053.600242,226443129491.000000
226283674000.000000,1752160053.616839,226459725841.000000
226383638000.000000,1752160053.638473,226481359874.000000
226416959000.000000,1752160053.765890,226608778229.000000
226450281000.000000,1752160053.783336,226626223309.000000
226550245000.000000,1752160053.800063,226642951916.000000
226583568000.000000,1752160053.905659,226748546481.000000
226616890000.000000,1752160053.922456,226765342735.000000
226716852000.000000,1752160054.093856,226936744019.000000
226750174000.000000,1752160054.110829,226953716012.000000
226783495000.000000,1752160054.132450,226975336138.000000
226883458000.000000,1752160054.148777,226991662842.000000
226916781000.000000,1752160054.337779,227180666167.000000
227083386000.000000,1752160054.359342,227202228960.000000
227116708000.000000,1752160054.381664,227224550744.000000
227150030000.000000,1752160054.522972,227365859109.000000
227183352000.000000,1752160054.539640,227382527531.000000
227283314000.000000,1752160054.566258,227409145082.000000
227316637000.000000,1752160054.582641,227425526971.000000
227349958000.000000,1752160054.766687,227609573833.000000
227516565000.000000,1752160054.794033,227636920191.000000
227549887000.000000,1752160054.928227,227771114432.000000
227583209000.000000,1752160054.956172,227799059227.000000
227616530000.000000,1752160054.972617,227815503504.000000
227749814000.000000,1752160055.081225,227924113035.000000
227783137000.000000,1752160055.097896,227940783513.000000
227883099000.000000,1752160055.115113,227957999985.000000
227916422000.000000,1752160055.236784,228079671886.000000
227949744000.000000,1752160055.259068,228101955727.000000
228049706000.000000,1752160055.376102,228218989551.000000
228083030000.000000,1752160055.414299,228257185934.000000
228116350000.000000,1752160055.441872,228284759048.000000
228216314000.000000,1752160055.585814,228428701178.000000
228249636000.000000,1752160055.602507,228445394175.000000
228349599000.000000,1752160055.619113,228462000598.000000
228416241000.000000,1752160055.813510,228656397529.000000
228449565000.000000,1752160055.830196,228673082136.000000
228549527000.000000,1752160055.851738,228694624244.000000
228582849000.000000,1752160055.873412,228716299184.000000
228616171000.000000,1752160056.030535,228873422444.000000
228782777000.000000,1752160056.047947,228890834192.000000
228816099000.000000,1752160056.063999,228906886714.000000
228849420000.000000,1752160056.216480,229059367767.000000
228882742000.000000,1752160056.238471,229081358777.000000
228982708000.000000,1752160056.255129,229098015311.000000
229049349000.000000,1752160056.395688,229238576147.000000
229082670000.000000,1752160056.412576,229255462937.000000
229182632000.000000,1752160056.429312,229272199692.000000
229215955000.000000,1752160056.535326,229378213919.000000
229249277000.000000,1752160056.546971,229389858398.000000
229349240000.000000,1752160056.663322,229506209230.000000
229382562000.000000,1752160056.680212,229523097965.000000
229415883000.000000,1752160056.702265,229545152179.000000
229482525000.000000,1752160056.825362,229668249823.000000
229515847000.000000,1752160056.837204,229680091689.000000
229615810000.000000,1752160056.864436,229707323437.000000
229649133000.000000,1752160056.984963,229827850462.000000
229682455000.000000,1752160057.001882,229844769660.000000
229815739000.000000,1752160057.212848,230055734977.000000
229849062000.000000,1752160057.229362,230072248216.000000
229882383000.000000,1752160057.246145,230089031823.000000
229982347000.000000,1752160057.267663,230110549450.000000
230048990000.000000,1752160057.440147,230283034535.000000
230182275000.000000,1752160057.457045,230299932270.000000
230215598000.000000,1752160057.468996,230311882154.000000
230248919000.000000,1752160057.635870,230478757507.000000
230282240000.000000,1752160057.673939,230516825335.000000
230382203000.000000,1752160057.690197,230533083781.000000
230415526000.000000,1752160057.706513,230549398726.000000
230448846000.000000,1752160057.871287,230714174473.000000
230615454000.000000,1752160057.893724,230736610812.000000
230648773000.000000,1752160057.921605,230764492293.000000
230682095000.000000,1752160058.046068,230888955422.000000
230715417000.000000,1752160058.057786,230900674012.000000
230848701000.000000,1752160058.080365,230923252145.000000
230882024000.000000,1752160058.185639,231028526565.000000
230915345000.000000,1752160058.202037,231044923510.000000
231015310000.000000,1752160058.323412,231166300433.000000
231048631000.000000,1752160058.356055,231198942212.000000
231081952000.000000,1752160058.377569,231220455857.000000
231115274000.000000,1752160058.496924,231339810989.000000
231148595000.000000,1752160058.513581,231356467578.000000
231315201000.000000,1752160058.676845,231519732287.000000
231348524000.000000,1752160058.709503,231552390306.000000
231381848000.000000,1752160058.726162,231569048432.000000
231448487000.000000,1752160058.747161,231590048306.000000
231515129000.000000,1752160058.854705,231697592849.000000
231681737000.000000,1752160059.053885,231896773021.000000
231715060000.000000,1752160059.071026,231913913161.000000
231748380000.000000,1752160059.087636,231930522695.000000
231781701000.000000,1752160059.120274,231963161270.000000
231881664000.000000,1752160059.252727,232095614235.000000
232048272000.000000,1752160059.370367,232213254293.000000
232081593000.000000,1752160059.392026,232234912104.000000
232114915000.000000,1752160059.408827,232251713747.000000
232148237000.000000,1752160059.425078,232267964397.000000
232181558000.000000,1752160059.607296,232450183335.000000
232348164000.000000,1752160059.629392,232472279141.000000
232381486000.000000,1752160059.636281,232479168304.000000
232414807000.000000,1752160059.819509,232662396731.000000
232448130000.000000,1752160059.835951,232678838119.000000
232548094000.000000,1752160059.852929,232695816094.000000
232614735000.000000,1752160059.890167,232733054172.000000
232648058000.000000,1752160060.030640,232873526861.000000
232814665000.000000,1752160060.052615,232895501502.000000
232847986000.000000,1752160060.188240,233031128597.000000
232881308000.000000,1752160060.204788,233047675188.000000
232914629000.000000,1752160060.221158,233064044743.000000
232981271000.000000,1752160060.352915,233195802605.000000
233047914000.000000,1752160060.374921,233217807967.000000
233147878000.000000,1752160060.391330,233234217726.000000
233181200000.000000,1752160060.517929,233360816090.000000
233214521000.000000,1752160060.534554,233377441198.000000
233314485000.000000,1752160060.556198,233399085749.000000
233347806000.000000,1752160060.691816,233534704363.000000
233381128000.000000,1752160060.703414,233546301603.000000
233481091000.000000,1752160060.714863,233557749399.000000
233514413000.000000,1752160060.917491,233760378829.000000
233547737000.000000,1752160060.940573,233783459790.000000
233647699000.000000,1752160060.956792,233799678496.000000
233681019000.000000,1752160060.973371,233816257178.000000
233747664000.000000,1752160061.151339,233994227480.000000
233914268000.000000,1752160061.178859,234021746076.000000
233947591000.000000,1752160061.293379,234136266096.000000
233980912000.000000,1752160061.310153,234153040295.000000
234014234000.000000,1752160061.331882,234174768993.000000
234114197000.000000,1752160061.445747,234288635039.000000
234147520000.000000,1752160061.462308,234305194999.000000
234247482000.000000,1752160061.489405,234332292119.000000
234280805000.000000,1752160061.618151,234461037811.000000
234314127000.000000,1752160061.645736,234488623184.000000
234447411000.000000,1752160061.801489,234644376459.000000
234480733000.000000,1752160061.818139,234661026382.000000
234514055000.000000,1752160061.835032,234677919524.000000
234614019000.000000,1752160061.958371,234801259351.000000
234647341000.000000,1752160061.981073,234823959724.000000
234747303000.000000,1752160061.997854,234840740775.000000
234780625000.000000,1752160062.152812,234995699262.000000
234813947000.000000,1752160062.169792,235012679311.000000
234913910000.000000,1752160062.196698,235039585173.000000
234947232000.000000,1752160062.326054,235168942340.000000
234980553000.000000,1752160062.347775,235190661576.000000
235113838000.000000,1752160062.359319,235202206352.000000
235147160000.000000,1752160062.464850,235307737659.000000
235180483000.000000,1752160062.486987,235329873260.000000
235280446000.000000,1752160062.687916,235530803172.000000
235313767000.000000,1752160062.704482,235547369522.000000
235347089000.000000,1752160062.731484,235574370031.000000
235447051000.000000,1752160062.747742,235590629773.000000
235480374000.000000,1752160062.919579,235762466792.000000
235680303000.000000,1752160062.936456,235779343676.000000
235713623000.000000,1752160062.952970,235795856470.000000
235746945000.000000,1752160063.116132,235959019606.000000
235780266000.000000,1752160063.142937,235985823858.000000
235880231000.000000,1752160063.158919,236001805344.000000
235913552000.000000,1752160063.180837,236023724689.000000
235946874000.000000,1752160063.348788,236191675733.000000
236113479000.000000,1752160063.365870,236208757207.000000
236146801000.000000,1752160063.495849,236338738237.000000
236180123000.000000,1752160063.518075,236360961800.000000
236213445000.000000,1752160063.534746,236377632963.000000
236313409000.000000,1752160063.709981,236552869185.000000
236346730000.000000,1752160063.726711,236569597644.000000
236446694000.000000,1752160063.748471,236591358101.000000
236480015000.000000,1752160063.765088,236607974043.000000
236513336000.000000,1752160063.891381,236734268503.000000
236679944000.000000,1752160063.903005,236745892205.000000
236713267000.000000,1752160064.015432,236858319359.000000
236746589000.000000,1752160064.032169,236875056299.000000
236779909000.000000,1752160064.043806,236886692686.000000
236846553000.000000,1752160064.180370,237023257604.000000
236879873000.000000,1752160064.202440,237045327632.000000
236979835000.000000,1752160064.229188,237072076404.000000
237013158000.000000,1752160064.373576,237216463363.000000
237046481000.000000,1752160064.395545,237238431855.000000
237146443000.000000,1752160064.413354,237256240469.000000
237179766000.000000,1752160064.582189,237425076133.000000
237213085000.000000,1752160064.598703,237441589057.000000
237346372000.000000,1752160064.620463,237463349756.000000
237379694000.000000,1752160064.642688,237485574060.000000
237446337000.000000,1752160064.788565,237631452632.000000
237579621000.000000,1752160064.805210,237648097406.000000
237612943000.000000,1752160064.959921,237802808638.000000
237646265000.000000,1752160064.981854,237824741093.000000
237679585000.000000,1752160065.003691,237846578365.000000
237779550000.000000,1752160065.117692,237960579946.000000
237812872000.000000,1752160065.129319,237972205610.000000
237912835000.000000,1752160065.135885,237978771592.000000
237946157000.000000,1752160065.239825,238082712805.000000
237979478000.000000,1752160065.262002,238104888795.000000
238046120000.000000,1752160065.379544,238222431280.000000
238079442000.000000,1752160065.402111,238244997691.000000
238112763000.000000,1752160065.423901,238266788389.000000
238212727000.000000,1752160065.584009,238426896745.000000
238246051000.000000,1752160065.605692,238448578833.000000
238346012000.000000,1752160065.622177,238465064165.000000
238379335000.000000,1752160065.776555,238619442178.000000
238445977000.000000,1752160065.792969,238635855900.000000
238545940000.000000,1752160065.814912,238657798225.000000
238579261000.000000,1752160065.831257,238674143633.000000
238612583000.000000,1752160066.029376,238872262596.000000
238745869000.000000,1752160066.045942,238888828853.000000
238779190000.000000,1752160066.133361,238976248771.000000
238812512000.000000,1752160066.149891,238992778195.000000
238845834000.000000,1752160066.172009,239014896501.000000
238979118000.000000,1752160066.315167,239158054326.000000
239012441000.000000,1752160066.337301,239180187631.000000
239112404000.000000,1752160066.348882,239191768852.000000
239145726000.000000,1752160066.534184,239377071274.000000
239179048000.000000,1752160066.550955,239393842195.000000
239279010000.000000,1752160066.577586,239420473005.000000
239312332000.000000,1752160066.593897,239436783080.000000
239345653000.000000,1752160066.765557,239608444786.000000
239512261000.000000,1752160066.782079,239624966340.000000
239545583000.000000,1752160066.922652,239765540454.000000
239578903000.000000,1752160066.944845,239787732036.000000
239612225000.000000,1752160066.956226,239799113241.000000
239745510000.000000,1752160067.094114,239937001792.000000
239778831000.000000,1752160067.121969,239964856107.000000
239878795000.000000,1752160067.149607,239992493386.000000
239912116000.000000,1752160067.289355,240132242972.000000
239945439000.000000,1752160067.311807,240154693718.000000
240078723000.000000,1752160067.328490,240171378289.000000
240112044000.000000,1752160067.478219,240321106725.000000
240145367000.000000,1752160067.494921,240337808702.000000
240245330000.000000,1752160067.506427,240349314091.000000
240278652000.000000,1752160067.629593,240472480049.000000
240311974000.000000,1752160067.651582,240494468986.000000
240411938000.000000,1752160067.668034,240510920726.000000
240445259000.000000,1752160067.819411,240662298624.000000
240478583000.000000,1752160067.836370,240679256933.000000
240578545000.000000,1752160067.847767,240690653859.000000
240611868000.000000,1752160067.864188,240707074859.000000
240645188000.000000,1752160068.025191,240868079260.000000
240778473000.000000,1752160068.052299,240895185583.000000
240811795000.000000,1752160068.069277,240912163890.000000
240845117000.000000,1752160068.194593,241037481325.000000
240878439000.000000,1752160068.221588,241064475797.000000
240978401000.000000,1752160068.243243,241086129645.000000
241011724000.000000,1752160068.392656,241235543195.000000
241045045000.000000,1752160068.409377,241252263617.000000
241178331000.000000,1752160068.436768,241279655270.000000
241211651000.000000,1752160068.560658,241403545517.000000
241244973000.000000,1752160068.572401,241415287995.000000
241344937000.000000,1752160068.594712,241437599465.000000
241378259000.000000,1752160068.706867,241549754104.000000
241411581000.000000,1752160068.723051,241565938773.000000
241511544000.000000,1752160068.755212,241598099298.000000
241544866000.000000,1752160068.888398,241731286310.000000
241578187000.000000,1752160068.910404,241753290653.000000
241678150000.000000,1752160068.931973,241774860058.000000
241711473000.000000,1752160069.021694,241864583006.000000
241744795000.000000,1752160069.039288,241882175381.000000
241844758000.000000,1752160069.158045,242000933630.000000
241878082000.000000,1752160069.180644,242023531578.000000
241911404000.000000,1752160069.197115,242040022780.000000
241978044000.000000,1752160069.286131,242129019755.000000
242011365000.000000,1752160069.318625,242161520591.000000
242111328000.000000,1752160069.475170,242318057394.000000
242144651000.000000,1752160069.491529,242334416987.000000
242177972000.000000,1752160069.508263,242351150705.000000
242277935000.000000,1752160069.524441,242367327133.000000
242311257000.000000,1752160069.654306,242497193535.000000
242444542000.000000,1752160069.676281,242519167990.000000
242477865000.000000,1752160069.837933,242680820402.000000
242511185000.000000,1752160069.854603,242697491010.000000
242544506000.000000,1752160069.871472,242714359245.000000
242677791000.000000,1752160070.016545,242859431585.000000
242711114000.000000,1752160070.032950,242875836807.000000
242811077000.000000,1752160070.049772,242892658857.000000
242844399000.000000,1752160070.194438,243037325869.000000
242877721000.000000,1752160070.221670,243064557987.000000
242977684000.000000,1752160070.233391,243076277836.000000
243011007000.000000,1752160070.377641,243220528519.000000
243044327000.000000,1752160070.394363,243237251015.000000
243144291000.000000,1752160070.411233,243254120231.000000
243177613000.000000,1752160070.538587,243381473902.000000
243210936000.000000,1752160070.560777,243403663762.000000
243310897000.000000,1752160070.582607,243425493811.000000
243344220000.000000,1752160070.685828,243528716459.000000
243377542000.000000,1752160070.697671,243540558769.000000
243510827000.000000,1752160070.817728,243660621263.000000
243544149000.000000,1752160070.829526,243672413277.000000
243577469000.000000,1752160070.846509,243689395752.000000
243644112000.000000,1752160070.981539,243824426262.000000
243677436000.000000,1752160071.003331,243846218274.000000
243777398000.000000,1752160071.024863,243867750568.000000
243810720000.000000,1752160071.143433,243986320152.000000
243844040000.000000,1752160071.159714,244002600672.000000
243944005000.000000,1752160071.176457,244019343390.000000
243977326000.000000,1752160071.330695,244173582090.000000
244010648000.000000,1752160071.347263,244190150236.000000
244110611000.000000,1752160071.374838,244217724924.000000
244143933000.000000,1752160071.572551,244415438298.000000
244177255000.000000,1752160071.579108,244421995002.000000
244310540000.000000,1752160071.590183,244433069877.000000
244343861000.000000,1752160071.606610,244449496580.000000
244377183000.000000,1752160071.776800,244619687728.000000
244543788000.000000,1752160071.793322,244636209116.000000
244577110000.000000,1752160071.814689,244657576059.000000
244610431000.000000,1752160071.952070,244794958542.000000
244643755000.000000,1752160071.973911,244816798369.000000
244743716000.000000,1752160071.985831,244828718531.000000
244777038000.000000,1752160072.090663,244933550067.000000
244810361000.000000,1752160072.107729,244950616318.000000
244910324000.000000,1752160072.257064,245099951166.000000
244943646000.000000,1752160072.283612,245126498421.000000
244976966000.000000,1752160072.300244,245143131233.000000
245043609000.000000,1752160072.332515,245175401535.000000
245110252000.000000,1752160072.487176,245330064100.000000
245276858000.000000,1752160072.494025,245336911319.000000
245310182000.000000,1752160072.691433,245534320827.000000
245343503000.000000,1752160072.713176,245556063192.000000
245376824000.000000,1752160072.740355,245583241847.000000
245476787000.000000,1752160072.767532,245610418651.000000
245510109000.000000,1752160072.886283,245729171104.000000
245676716000.000000,1752160072.908203,245751089763.000000
245710037000.000000,1752160073.041057,245883944446.000000
245743359000.000000,1752160073.058230,245901116233.000000
245776680000.000000,1752160073.074594,245917481066.000000
245843322000.000000,1752160073.198503,246041390498.000000
245909965000.000000,1752160073.215142,246058028847.000000
246009930000.000000,1752160073.365246,246208133130.000000
246043252000.000000,1752160073.382164,246225051050.000000
246076572000.000000,1752160073.398905,246241792657.000000
246176536000.000000,1752160073.531121,246374008550.000000
246209858000.000000,1752160073.558436,246401323445.000000
246343143000.000000,1752160073.717592,246560481144.000000
246376465000.000000,1752160073.739848,246582735337.000000
246409786000.000000,1752160073.766866,246609753846.000000
246543071000.000000,1752160073.894024,246736912371.000000
246576394000.000000,1752160073.910618,246753504294.000000
246676356000.000000,1752160073.928087,246770973523.000000
246709678000.000000,1752160074.093824,246936711555.000000
246743001000.000000,1752160074.131905,246974793587.000000
246842963000.000000,1752160074.159126,247002013316.000000
246909606000.000000,1752160074.253028,247095916365.000000
246942929000.000000,1752160074.285678,247128564440.000000
247076213000.000000,1752160074.391508,247234395391.000000
247109536000.000000,1752160074.418194,247261081034.000000
247142857000.000000,1752160074.455978,247298865551.000000
247242821000.000000,1752160074.586123,247429011357.000000
247276143000.000000,1752160074.608828,247451715007.000000
247376107000.000000,1752160074.625241,247468128618.000000
247409428000.000000,1752160074.789815,247632702793.000000
247442749000.000000,1752160074.811897,247654783395.000000
247542712000.000000,1752160074.833323,247676209394.000000
247576035000.000000,1752160074.855077,247697963888.000000
247609356000.000000,1752160075.044163,247887051101.000000
247775962000.000000,1752160075.071775,247914662659.000000
247809285000.000000,1752160075.088436,247931322952.000000
247842606000.000000,1752160075.244714,248087601555.000000
247875927000.000000,1752160075.261482,248104369921.000000
248009213000.000000,1752160075.288911,248131797407.000000
248042533000.000000,1752160075.331696,248174582478.000000
248075855000.000000,1752160075.504262,248347150063.000000
248275783000.000000,1752160075.532131,248375018489.000000
248309105000.000000,1752160075.646145,248489032903.000000
248342425000.000000,1752160075.673008,248515894580.000000
248375748000.000000,1752160075.689349,248532235895.000000
248442389000.000000,1752160075.706337,248549223962.000000
248509033000.000000,1752160075.861863,248704750333.000000
248642317000.000000,1752160075.889349,248732236096.000000
248675640000.000000,1752160075.991419,248834306349.000000
248708962000.000000,1752160076.023096,248865983472.000000
248742283000.000000,1752160076.050119,248893006462.000000
248842247000.000000,1752160076.234797,249077685373.000000
248875569000.000000,1752160076.246370,249089256613.000000
248975532000.000000,1752160076.269613,249112499535.000000
249008854000.000000,1752160076.439815,249282702202.000000
249042175000.000000,1752160076.456207,249299093980.000000
249175459000.000000,1752160076.472902,249315789532.000000
249208782000.000000,1752160076.489340,249332227198.000000
249275425000.000000,1752160076.702721,249545608228.000000
249408709000.000000,1752160076.714606,249557492520.000000
249475352000.000000,1752160076.741892,249584778359.000000
249508674000.000000,1752160076.871622,249714509410.000000
249541996000.000000,1752160076.894092,249736979545.000000
249675280000.000000,1752160076.910783,249753669393.000000
249708602000.000000,1752160077.063538,249906425628.000000
249741924000.000000,1752160077.079776,249922662630.000000
249841887000.000000,1752160077.096391,249939278923.000000
249875209000.000000,1752160077.188796,250031683859.000000
249908531000.000000,1752160077.205525,250048412689.000000
250008496000.000000,1752160077.285695,250128583023.000000
250041817000.000000,1752160077.303018,250145904864.000000
250075138000.000000,1752160077.319462,250162349770.000000
250108461000.000000,1752160077.502011,250344898298.000000
250141781000.000000,1752160077.513633,250356519055.000000
250241744000.000000,1752160077.530487,250373373198.000000
250275066000.000000,1752160077.546821,250389707069.000000
250308387000.000000,1752160077.724361,250567247857.000000
250474993000.000000,1752160077.757030,250599917469.000000
250508314000.000000,1752160077.774197,250617084441.000000
250541637000.000000,1752160077.890321,250733208850.000000
250574958000.000000,1752160077.901748,250744635443.000000
250708243000.000000,1752160078.012448,250855335042.000000
250741566000.000000,1752160078.029358,250872245240.000000
250774886000.000000,1752160078.051328,250894216010.000000
250841528000.000000,1752160078.214196,251057083741.000000
250874852000.000000,1752160078.246988,251089874167.000000
251008136000.000000,1752160078.274037,251116924213.000000
251041458000.000000,1752160078.399161,251242048131.000000
251074779000.000000,1752160078.416244,251259130937.000000
251174742000.000000,1752160078.443802,251286689459.000000
251208064000.000000,1752160078.619687,251462574432.000000
251241386000.000000,1752160078.636457,251479344854.000000
251374670000.000000,1752160078.652807,251495693206.000000
251407992000.000000,1752160078.669513,251512399572.000000
251441314000.000000,1752160078.816246,251659132968.000000
251607921000.000000,1752160078.832866,251675753002.000000
251641242000.000000,1752160078.960706,251803594075.000000
251674564000.000000,1752160078.977019,251819904983.000000
251707885000.000000,1752160078.999254,251842141194.000000
251807850000.000000,1752160079.123042,251965929220.000000
251841170000.000000,1752160079.145212,251988099710.000000
251941134000.000000,1752160079.262582,252105470326.000000
251974455000.000000,1752160079.279556,252122442468.000000
252007777000.000000,1752160079.301642,252144529348.000000
252074418000.000000,1752160079.449560,252292447563.000000
252107742000.000000,1752160079.466214,252309101467.000000
252241026000.000000,1752160079.487864,252330752148.000000
252274349000.000000,1752160079.620921,252463808347.000000
252307671000.000000,1752160079.632910,252475796674.000000
252407632000.000000,1752160079.654764,252497651723.000000
252440956000.000000,1752160079.785737,252628624427.000000
252474277000.000000,1752160079.812405,252655291903.000000
252574241000.000000,1752160079.829225,252672111843.000000
252607562000.000000,1752160079.996119,252839007214.000000
252640884000.000000,1752160080.017349,252860236714.000000
252740847000.000000,1752160080.034161,252877047987.000000
252774168000.000000,1752160080.050874,252893760224.000000
252840812000.000000,1752160080.154852,252997739640.000000
252974097000.000000,1752160080.291199,253134086506.000000
253007419000.000000,1752160080.307965,253150851983.000000
253040740000.000000,1752160080.324588,253167475035.000000
253074061000.000000,1752160080.410821,253253708615.000000
253140705000.000000,1752160080.433107,253275994289.000000
253273989000.000000,1752160080.602916,253445802998.000000
253307311000.000000,1752160080.619765,253462651937.000000
253340631000.000000,1752160080.637581,253480466921.000000
253373953000.000000,1752160080.761760,253604646868.000000
253407275000.000000,1752160080.773362,253616248773.000000
253540560000.000000,1752160080.789879,253632766198.000000
253573882000.000000,1752160080.949594,253792483521.000000
253607204000.000000,1752160080.961287,253804173685.000000
253740488000.000000,1752160080.982983,253825871087.000000
253773810000.000000,1752160081.134397,253977284634.000000
253807132000.000000,1752160081.156387,253999274293.000000
253907094000.000000,1752160081.183311,254026197321.000000
253940417000.000000,1752160081.311843,254154730349.000000
253973739000.000000,1752160081.333935,254176822691.000000
254107023000.000000,1752160081.366009,254208895514.000000
254140345000.000000,1752160081.457738,254300625865.000000
254173667000.000000,1752160081.469479,254312366306.000000
254273631000.000000,1752160081.627534,254470421741.000000
254306953000.000000,1752160081.649458,254492345048.000000
254340274000.000000,1752160081.676405,254519292095.000000
254440237000.000000,1752160081.808823,254651710320.000000
254506880000.000000,1752160081.831048,254673934716.000000
254606844000.000000,1752160081.847070,254689956331.000000
254640166000.000000,1752160082.043265,254886152723.000000
254673489000.000000,1752160082.059842,254902728924.000000
254773451000.000000,1752160082.081443,254924329217.000000
254806773000.000000,1752160082.097811,254940697236.000000
254873415000.000000,1752160082.330395,255173282827.000000
255040021000.000000,1752160082.346769,255189656068.000000
255073344000.000000,1752160082.363227,255206113418.000000
255106666000.000000,1752160082.379530,255222416215.000000
255139986000.000000,1752160082.545006,255387892973.000000
255306592000.000000,1752160082.561749,255404635876.000000
255339915000.000000,1752160082.578461,255421348058.000000
255373237000.000000,1752160082.712534,255555421819.000000
255406558000.000000,1752160082.724056,255566942263.000000
255539842000.000000,1752160082.840671,255683558740.000000
255573165000.000000,1752160082.857514,255700401179.000000
255606486000.000000,1752160082.879356,255722243061.000000
255639807000.000000,1752160083.012105,255854992300.000000
255673129000.000000,1752160083.045185,255888071649.000000
255806413000.000000,1752160083.061618,255904504740.000000
255839737000.000000,1752160083.196838,256039725433.000000
255873058000.000000,1752160083.219673,256062560082.000000
255973020000.000000,1752160083.236442,256079329004.000000
256006343000.000000,1752160083.353649,256196537215.000000
256039665000.000000,1752160083.375464,256218351764.000000
256172949000.000000,1752160083.561378,256404265494.000000
256206270000.000000,1752160083.577988,256420874344.000000
256239592000.000000,1752160083.594264,256437150419.000000
256339555000.000000,1752160083.732013,256574900120.000000
256372877000.000000,1752160083.754722,256597609289.000000
256506163000.000000,1752160083.771789,256614675540.000000
256539485000.000000,1752160083.876926,256719813555.000000
256572806000.000000,1752160083.893710,256736596828.000000
256706091000.000000,1752160084.020715,256863602224.000000
256739413000.000000,1752160084.027428,256870315463.000000
256772734000.000000,1752160084.049051,256891937737.000000
256806055000.000000,1752160084.065346,256908233312.000000
256839376000.000000,1752160084.194726,257037614015.000000
257005983000.000000,1752160084.325801,257168688551.000000
257039305000.000000,1752160084.348018,257190905133.000000
257072626000.000000,1752160084.364275,257207160838.000000
257105948000.000000,1752160084.474349,257317236741.000000
257139270000.000000,1752160084.491443,257334329881.000000
257305874000.000000,1752160084.633473,257476360996.000000
257339198000.000000,1752160084.650353,257493240843.000000
257372518000.000000,1752160084.666948,257509834488.000000
257405841000.000000,1752160084.683201,257526087860.000000
257472482000.000000,1752160084.792455,257635343457.000000
257605768000.000000,1752160084.901537,257744425094.000000
257639091000.000000,1752160084.913388,257756274941.000000
257672411000.000000,1752160084.930400,257773287175.000000
257705732000.000000,1752160084.946785,257789671119.000000
257739053000.000000,1752160085.113337,257956224272.000000
257872338000.000000,1752160085.135754,257978640815.000000
257905659000.000000,1752160085.232015,258074902448.000000
257938981000.000000,1752160085.248578,258091464890.000000
257972303000.000000,1752160085.276380,258119267150.000000
258072268000.000000,1752160085.392051,258234938693.000000
258105588000.000000,1752160085.413662,258256548430.000000
258205552000.000000,1752160085.542731,258385617878.000000
258238875000.000000,1752160085.558744,258401631122.000000
258272196000.000000,1752160085.591202,258434089496.000000
258372159000.000000,1752160085.746739,258589627588.000000
258405482000.000000,1752160085.768837,258611724653.000000
258505444000.000000,1752160085.790702,258633589165.000000
258538767000.000000,1752160085.807363,258650250051.000000
258572089000.000000,1752160085.911650,258754537445.000000
258738694000.000000,1752160086.012321,258855208825.000000
258772017000.000000,1752160086.023948,258866835045.000000
258805337000.000000,1752160086.040491,258883378228.000000
258838660000.000000,1752160086.182510,259025397807.000000
258871981000.000000,1752160086.199239,259042126210.000000
258971943000.000000,1752160086.226632,259069519678.000000
259005266000.000000,1752160086.345375,259188262205.000000
259038588000.000000,1752160086.367955,259210842580.000000
259171871000.000000,1752160086.550863,259393750918.000000
259205195000.000000,1752160086.567484,259410371341.000000
259238515000.000000,1752160086.589156,259432043577.000000
259371800000.000000,1752160086.713018,259555906195.000000
259405122000.000000,1752160086.739937,259582823687.000000
259505086000.000000,1752160086.761999,259604886492.000000
259538408000.000000,1752160086.891868,259734755801.000000
259571729000.000000,1752160086.913593,259756479963.000000
259671693000.000000,1752160086.950664,259793551006.000000
259705014000.000000,1752160087.070473,259913360707.000000
259738337000.000000,1752160087.086903,259929789706.000000
259871621000.000000,1752160087.103575,259946462462.000000
259904943000.000000,1752160087.276239,260119127305.000000
259938265000.000000,1752160087.298248,260141135371.000000
260104869000.000000,1752160087.405370,260248256622.000000
260138193000.000000,1752160087.422097,260264984192.000000
260171514000.000000,1752160087.438888,260281774706.000000
260238156000.000000,1752160087.549265,260392153235.000000
260271478000.000000,1752160087.571170,260414056672.000000
260371441000.000000,1752160087.737746,260580633566.000000
260404764000.000000,1752160087.754697,260597584893.000000
260438084000.000000,1752160087.776553,260619439960.000000
260538049000.000000,1752160087.792828,260635714258.000000
260571371000.000000,1752160087.991963,260834850931.000000
260704654000.000000,1752160088.014505,260857391972.000000
260737977000.000000,1752160088.134144,260977031545.000000
260771299000.000000,1752160088.161749,261004637047.000000
260804620000.000000,1752160088.178133,261021019640.000000
260937905000.000000,1752160088.204572,261047458433.000000
260971229000.000000,1752160088.442490,261285376797.000000
261137833000.000000,1752160088.464236,261307123088.000000
261171155000.000000,1752160088.480795,261323681290.000000
261204477000.000000,1752160088.614177,261457064707.000000
261237797000.000000,1752160088.631052,261473938553.000000
261404403000.000000,1752160088.642545,261485430979.000000
261437727000.000000,1752160088.742421,261585308516.000000
261471048000.000000,1752160088.759244,261602131474.000000
261571011000.000000,1752160088.880618,261723505915.000000
261604334000.000000,1752160088.897149,261740036136.000000
261637655000.000000,1752160088.913454,261756341192.000000
261704296000.000000,1752160089.043831,261886718106.000000
261737618000.000000,1752160089.060950,261903837264.000000
261837582000.000000,1752160089.072493,261915379412.000000
261870905000.000000,1752160089.223308,262066194594.000000
261904225000.000000,1752160089.240003,262082889924.000000
262004188000.000000,1752160089.256431,262099317775.000000
262037511000.000000,1752160089.398761,262241648424.000000
262070834000.000000,1752160089.415476,262258362495.000000
262170795000.000000,1752160089.442914,262285801092.000000
262204118000.000000,1752160089.529302,262372189781.000000
262237438000.000000,1752160089.546008,262388894907.000000
262370723000.000000,1752160089.710987,262553874115.000000
262404046000.000000,1752160089.728423,262571310418.000000
262437367000.000000,1752160089.765251,262608137779.000000
262504010000.000000,1752160089.786711,262629596629.000000
262537331000.000000,1752160089.972009,262814896347.000000
262737259000.000000,1752160089.988748,262831635306.000000
262770581000.000000,1752160090.124006,262966893128.000000
262803903000.000000,1752160090.145516,262988402792.000000
262837224000.000000,1752160090.173080,263015966962.000000
262937187000.000000,1752160090.302254,263145141556.000000
262970510000.000000,1752160090.329462,263172349378.000000
263137115000.000000,1752160090.459103,263301990948.000000
263170438000.000000,1752160090.470719,263313605687.000000
263203758000.000000,1752160090.487630,263330516366.000000
263270399000.000000,1752160090.641996,263484883676.000000
263303724000.000000,1752160090.658794,263501680912.000000
263403687000.000000,1752160090.675355,263518242224.000000
263437008000.000000,1752160090.697462,263540348659.000000
263470330000.000000,1752160090.837916,263680802867.000000
263603613000.000000,1752160090.854959,263697845878.000000
263636936000.000000,1752160090.975677,263818563790.000000
263670257000.000000,1752160090.987452,263830338898.000000
263703579000.000000,1752160090.989096,263831983231.000000
263803543000.000000,1752160091.133240,263976126915.000000
263836865000.000000,1752160091.154870,263997757300.000000
263903508000.000000,1752160091.171584,264014470741.000000
263936829000.000000,1752160091.188153,264031039090.000000
263970150000.000000,1752160091.301879,264144766489.000000
264103435000.000000,1752160091.318614,264161500540.000000
264136756000.000000,1752160091.423937,264266824553.000000
264170079000.000000,1752160091.441052,264283938303.000000
264203400000.000000,1752160091.457160,264300046362.000000
264236720000.000000,1752160091.600106,264442993763.000000
264270043000.000000,1752160091.616822,264459710074.000000
264370006000.000000,1752160091.639140,264482026692.000000
264403327000.000000,1752160091.763683,264606570024.000000
264436648000.000000,1752160091.775644,264618531407.000000
264569934000.000000,1752160091.891170,264734056730.000000
264603257000.000000,1752160091.919309,264762195727.000000
264636579000.000000,1752160091.931354,264774241053.000000
264703220000.000000,1752160092.076605,264919492503.000000
264736543000.000000,1752160092.093433,264936319905.000000
264869827000.000000,1752160092.110136,264953023309.000000
264903150000.000000,1752160092.252270,265095157460.000000
264936471000.000000,1752160092.264402,265107289341.000000
265036435000.000000,1752160092.280689,265123576435.000000
265069756000.000000,1752160092.418533,265261421357.000000
265103078000.000000,1752160092.435312,265278198630.000000
265203044000.000000,1752160092.533927,265376815552.000000
265236362000.000000,1752160092.561492,265404380814.000000
265269684000.000000,1752160092.570173,265413061568.000000
265369647000.000000,1752160092.705340,265548227242.000000
265402975000.000000,1752160092.721864,265564751481.000000
265502933000.000000,1752160092.738443,265581329905.000000
265536254000.000000,1752160092.854085,265696972893.000000
265569576000.000000,1752160092.886385,265729272861.000000
265669540000.000000,1752160093.016400,265859287594.000000
265702863000.000000,1752160093.038308,265881195698.000000
265736184000.000000,1752160093.050076,265892963435.000000
265836146000.000000,1752160093.204034,266046921342.000000
265869469000.000000,1752160093.231525,266074412549.000000
265969431000.000000,1752160093.243434,266086320193.000000
266036075000.000000,1752160093.376428,266219316151.000000
266069397000.000000,1752160093.404148,266247034671.000000
266169360000.000000,1752160093.421322,266264209217.000000
266202683000.000000,1752160093.517640,266360527498.000000
266236004000.000000,1752160093.545204,266388090983.000000
266335967000.000000,1752160093.646981,266489867776.000000
266369290000.000000,1752160093.668605,266511492161.000000
266402612000.000000,1752160093.695718,266538604910.000000
266502575000.000000,1752160093.834660,266677547116.000000
266535896000.000000,1752160093.866493,266709380181.000000
266635859000.000000,1752160093.883004,266725891661.000000
266669182000.000000,1752160094.046313,266889200370.000000
266702502000.000000,1752160094.068561,266911448155.000000
266835788000.000000,1752160094.101666,266944552688.000000
266869110000.000000,1752160094.211061,267053949821.000000
266902430000.000000,1752160094.239889,267082776828.000000
267035715000.000000,1752160094.407966,267250853519.000000
267069039000.000000,1752160094.424568,267267455980.000000
267102361000.000000,1752160094.436053,267278939072.000000
267169001000.000000,1752160094.463396,267306281855.000000
267235643000.000000,1752160094.702909,267545795757.000000
267402251000.000000,1752160094.735394,267578281223.000000
267435572000.000000,1752160094.752111,267594997867.000000
267468893000.000000,1752160094.768456,267611342423.000000
267535536000.000000,1752160094.903615,267746501986.000000
267702143000.000000,1752160094.915189,267758076281.000000
267735464000.000000,1752160095.099790,267942677638.000000
267768787000.000000,1752160095.115985,267958872454.000000
267802108000.000000,1752160095.137522,267980408581.000000
267902071000.000000,1752160095.159255,268002141576.000000
267935393000.000000,1752160095.332207,268175093897.000000
268068678000.000000,1752160095.355396,268198283617.000000
268102001000.000000,1752160095.376504,268219390396.000000
268135321000.000000,1752160095.489711,268332598912.000000
268168644000.000000,1752160095.501407,268344293687.000000
268301928000.000000,1752160095.630547,268473434041.000000
268335249000.000000,1752160095.657560,268500447532.000000
268368574000.000000,1752160095.679295,268522181601.000000
268435214000.000000,1752160095.695553,268538439361.000000
268468536000.000000,1752160095.856837,268699724574.000000
268601819000.000000,1752160095.883849,268726736639.000000
268635141000.000000,1752160096.009501,268852388958.000000
268668464000.000000,1752160096.026646,268869533579.000000
268701785000.000000,1752160096.043427,268886314074.000000
268835069000.000000,1752160096.180771,269023658891.000000
268868391000.000000,1752160096.192470,269035356148.000000
268968355000.000000,1752160096.214775,269057663155.000000
269001677000.000000,1752160096.381432,269224319288.000000
269034999000.000000,1752160096.409231,269252117825.000000
269134962000.000000,1752160096.425890,269268776563.000000
269168284000.000000,1752160096.432529,269275415413.000000
269201606000.000000,1752160096.588569,269431456408.000000
269368211000.000000,1752160096.600798,269443684325.000000
269401533000.000000,1752160096.718240,269561127459.000000
269434855000.000000,1752160096.734986,269577873474.000000
269468176000.000000,1752160096.756882,269599768448.000000
269534819000.000000,1752160096.847150,269690037131.000000
269568140000.000000,1752160096.869560,269712447229.000000
269668104000.000000,1752160096.985503,269828390380.000000
269701427000.000000,1752160097.002445,269845332207.000000
269734748000.000000,1752160097.019175,269862062055.000000
269801390000.000000,1752160097.124094,269966981072.000000
269834713000.000000,1752160097.135503,269978390221.000000
269934675000.000000,1752160097.245614,270088502142.000000
269967999000.000000,1752160097.268123,270111010572.000000
270001319000.000000,1752160097.285183,270128070342.000000
270067960000.000000,1752160097.403066,270245953305.000000
270101282000.000000,1752160097.425737,270268624438.000000
270201246000.000000,1752160097.441859,270284744385.000000
270234568000.000000,1752160097.559230,270402117816.000000
270267890000.000000,1752160097.581554,270424441249.000000
270367851000.000000,1752160097.740330,270583217045.000000
270401175000.000000,1752160097.762688,270605575163.000000
270434497000.000000,1752160097.779057,270621942941.000000
270501138000.000000,1752160097.795303,270638189442.000000
270567782000.000000,1752160097.952123,270795010242.000000
270701067000.000000,1752160097.979230,270822118232.000000
270734389000.000000,1752160097.980934,270823819509.000000
270767710000.000000,1752160098.083606,270926492866.000000
270801033000.000000,1752160098.111275,270954162534.000000
270900993000.000000,1752160098.236616,271079503135.000000
270934318000.000000,1752160098.264509,271107395505.000000
270967640000.000000,1752160098.280931,271123817615.000000
271034280000.000000,1752160098.302430,271145317076.000000
271067603000.000000,1752160098.487826,271330713812.000000
271234209000.000000,1752160098.504545,271347432030.000000
271267531000.000000,1752160098.532454,271375340437.000000
271300852000.000000,1752160098.693499,271536385985.000000
271334174000.000000,1752160098.715851,271558737788.000000
271434137000.000000,1752160098.737506,271580393599.000000
271467459000.000000,1752160098.758794,271601681080.000000
271500781000.000000,1752160098.945322,271788210248.000000
271700709000.000000,1752160098.977668,271820554567.000000
271734029000.000000,1752160098.994096,271836982400.000000
271767352000.000000,1752160099.112638,271955526614.000000
271800673000.000000,1752160099.134531,271977418033.000000
271933958000.000000,1752160099.267062,272109949516.000000
271967280000.000000,1752160099.283432,272126319923.000000
272000601000.000000,1752160099.300193,272143079808.000000
272067243000.000000,1752160099.317442,272160329464.000000
272100564000.000000,1752160099.436544,272279431376.000000
272267171000.000000,1752160099.600541,272443427540.000000
272300493000.000000,1752160099.638664,272481550960.000000
272333814000.000000,1752160099.670537,272513423933.000000
272367135000.000000,1752160099.808387,272651274726.000000
272433779000.000000,1752160099.825329,272668216812.000000
272600385000.000000,1752160099.842308,272685196360.000000
272633706000.000000,1752160099.982374,272825262720.000000
272667028000.000000,1752160100.004941,272847828650.000000
272766991000.000000,1752160100.016750,272859636628.000000
272800313000.000000,1752160100.171345,273014233249.000000
272833635000.000000,1752160100.193391,273036278630.000000
272933599000.000000,1752160100.209732,273052618908.000000
272966920000.000000,1752160100.392343,273235230546.000000
273000242000.000000,1752160100.414231,273257117872.000000
273133526000.000000,1752160100.430656,273273543205.000000
273166848000.000000,1752160100.446584,273289469932.000000
273200170000.000000,1752160100.653037,273495924578.000000
273366776000.000000,1752160100.669863,273512749388.000000
273400099000.000000,1752160100.686271,273529157091.000000
273433420000.000000,1752160100.865378,273708265454.000000
273466741000.000000,1752160100.882347,273725234132.000000
273600027000.000000,1752160100.909297,273752183698.000000
273633348000.000000,1752160100.930769,273773655955.000000
273666669000.000000,1752160101.160176,274003063582.000000
273866597000.000000,1752160101.181834,274024720800.000000
273899919000.000000,1752160101.193462,274036348372.000000
273933240000.000000,1752160101.282944,274125830823.000000
273966562000.000000,1752160101.305959,274148846155.000000
274099847000.000000,1752160101.420131,274263018864.000000
274133169000.000000,1752160101.436882,274279768952.000000
274166491000.000000,1752160101.454032,274296919758.000000
274233132000.000000,1752160101.621092,274463979127.000000
274266455000.000000,1752160101.637486,274480372035.000000
274366416000.000000,1752160101.659044,274501930957.000000
274399739000.000000,1752160101.681097,274523983671.000000
274466382000.000000,1752160101.834182,274677070180.000000
274599668000.000000,1752160101.850567,274693454717.000000
274632989000.000000,1752160101.867469,274710355100.000000
274666311000.000000,1752160101.968920,274811807693.000000
274699633000.000000,1752160101.991649,274834535936.000000
274799596000.000000,1752160102.123366,274966254409.000000
274832918000.000000,1752160102.156020,274998907076.000000
274866239000.000000,1752160102.172323,275015209910.000000
274932881000.000000,1752160102.290710,275133597830.000000
274966204000.000000,1752160102.307102,275149988404.000000
275099487000.000000,1752160102.428308,275271195089.000000
275132809000.000000,1752160102.444876,275287763846.000000
275166130000.000000,1752160102.472810,275315696715.000000
275232772000.000000,1752160102.489135,275332022845.000000
275266095000.000000,1752160102.645864,275488751017.000000
275399381000.000000,1752160102.668466,275511352557.000000
275432701000.000000,1752160102.690446,275533333716.000000
275466024000.000000,1752160102.849660,275692547693.000000
275499345000.000000,1752160102.877589,275720476118.000000
275599309000.000000,1752160102.889195,275732081412.000000
275632629000.000000,1752160102.992160,275835046694.000000
275665951000.000000,1752160103.008621,275851508806.000000
275799236000.000000,1752160103.125509,275968397164.000000
275832557000.000000,1752160103.147506,275990393066.000000
275865880000.000000,1752160103.164132,276007018898.000000
275932521000.000000,1752160103.275793,276118681240.000000
275965843000.000000,1752160103.298042,276140929750.000000
276099128000.000000,1752160103.471356,276314244365.000000
276132450000.000000,1752160103.504339,276347225273.000000
276165771000.000000,1752160103.520616,276363502350.000000
276265735000.000000,1752160103.536841,276379727558.000000
276299057000.000000,1752160103.672868,276515755719.000000
276465663000.000000,1752160103.695212,276538098414.000000
276498985000.000000,1752160103.830049,276672935830.000000
276532306000.000000,1752160103.846912,276689800067.000000
276565627000.000000,1752160103.873878,276716764598.000000
276598949000.000000,1752160103.890281,276733167377.000000
276665591000.000000,1752160104.071718,276914606086.000000
276798878000.000000,1752160104.088561,276931447453.000000
276832198000.000000,1752160104.110421,276953308949.000000
276865521000.000000,1752160104.126777,276969663655.000000
276898842000.000000,1752160104.322710,277165598164.000000
277065448000.000000,1752160104.344115,277187002999.000000
277098769000.000000,1752160104.366056,277208943605.000000
277132091000.000000,1752160104.503595,277346483398.000000
277165414000.000000,1752160104.515734,277358621836.000000
277298698000.000000,1752160104.531959,277374845488.000000
277332024000.000000,1752160104.702965,277545852350.000000
277365341000.000000,1752160104.720070,277562957844.000000
277498626000.000000,1752160104.736033,277578920054.000000
277531947000.000000,1752160104.865167,277708054738.000000
277565269000.000000,1752160104.881876,277724762736.000000
277665232000.000000,1752160104.903645,277746531733.000000
277698554000.000000,1752160105.101305,277944192482.000000
277731876000.000000,1752160105.122950,277965837443.000000
277831839000.000000,1752160105.144625,277987511997.000000
277898482000.000000,1752160105.171470,278014356511.000000
277931804000.000000,1752160105.301298,278144185242.000000
278098412000.000000,1752160105.317966,278160853204.000000
278131733000.000000,1752160105.422902,278265789380.000000
278165054000.000000,1752160105.440231,278283118168.000000
278198376000.000000,1752160105.457004,278299890999.000000
278231696000.000000,1752160105.611043,278453931255.000000
278265018000.000000,1752160105.638623,278481509705.000000
278364982000.000000,1752160105.660537,278503424367.000000
278398306000.000000,1752160105.832730,278675616976.000000
278431625000.000000,1752160105.860699,278703585718.000000
278598232000.000000,1752160105.892832,278735719285.000000
278631553000.000000,1752160105.914301,278757188285.000000
278664875000.000000,1752160106.094592,278937479692.000000
278831481000.000000,1752160106.122386,278965273492.000000
278864804000.000000,1752160106.139121,278982007638.000000
278898125000.000000,1752160106.302350,279145236902.000000
278931446000.000000,1752160106.319514,279162401636.000000
279064730000.000000,1752160106.331597,279174483389.000000
279098054000.000000,1752160106.332994,279175880096.000000
279131375000.000000,1752160106.487321,279330207886.000000
279264659000.000000,1752160106.504096,279346982921.000000
279297981000.000000,1752160106.688867,279531754963.000000
279331304000.000000,1752160106.705900,279548787309.000000
279364624000.000000,1752160106.727542,279570428548.000000
279497908000.000000,1752160106.937820,279780707415.000000
279564551000.000000,1752160106.954450,279797336359.000000
279664516000.000000,1752160106.971134,279814021413.000000
279697838000.000000,1752160107.156723,279999610871.000000
279764479000.000000,1752160107.178854,280021740290.000000
279897765000.000000,1752160107.205872,280048757839.000000
279931088000.000000,1752160107.222218,280065104564.000000
279964407000.000000,1752160107.408746,280251634086.000000
280164336000.000000,1752160107.425356,280268242974.000000
280197658000.000000,1752160107.527794,280370681586.000000
280230980000.000000,1752160107.544726,280387613563.000000
280264301000.000000,1752160107.576844,280419732129.000000
280364264000.000000,1752160107.734095,280576982757.000000
280397586000.000000,1752160107.750331,280593218131.000000
280530872000.000000,1752160107.772273,280615160422.000000
280564195000.000000,1752160107.918511,280761398729.000000
280597516000.000000,1752160107.940471,280783358539.000000
280697479000.000000,1752160107.962995,280805881361.000000
280730801000.000000,1752160108.124327,280967214295.000000
280764122000.000000,1752160108.140826,280983713351.000000
280864085000.000000,1752160108.157510,281000396997.000000
280897408000.000000,1752160108.179106,281021993181.000000
280930728000.000000,1752160108.352012,281194899097.000000
281097335000.000000,1752160108.363749,281206635650.000000
281130657000.000000,1752160108.511173,281354061462.000000
281163978000.000000,1752160108.528347,281371234048.000000
281197300000.000000,1752160108.545149,281388035989.000000
281330584000.000000,1752160108.686411,281529298000.000000
281363907000.000000,1752160108.702779,281545666224.000000
281497191000.000000,1752160108.833678,281676565795.000000
281530513000.000000,1752160108.860703,281703589826.000000
281563835000.000000,1752160108.877167,281720055141.000000
281663798000.000000,1752160109.000726,281843612758.000000
281697119000.000000,1752160109.027855,281870742380.000000
281797082000.000000,1752160109.044451,281887339083.000000
281830404000.000000,1752160109.191648,282034535694.000000
281863726000.000000,1752160109.219438,282062325271.000000
281963689000.000000,1752160109.241032,282083918585.000000
281997011000.000000,1752160109.384478,282227365405.000000
282030333000.000000,1752160109.401143,282244029551.000000
282163618000.000000,1752160109.417614,282260501719.000000
282196940000.000000,1752160109.537323,282380211304.000000
282230261000.000000,1752160109.565412,282408299064.000000
282330226000.000000,1752160109.587789,282430677869.000000
282363549000.000000,1752160109.713876,282556763568.000000
282396870000.000000,1752160109.730716,282573603657.000000
282496832000.000000,1752160109.762906,282605793093.000000
282530155000.000000,1752160109.902537,282745423899.000000
282563477000.000000,1752160109.929626,282772513652.000000
282663440000.000000,1752160109.951773,282794660478.000000
282730082000.000000,1752160110.053317,282896204007.000000
282763404000.000000,1752160110.085560,282928447239.000000
282896690000.000000,1752160110.262491,283105377794.000000
282930011000.000000,1752160110.278984,283121871443.000000
282963335000.000000,1752160110.295679,283138565978.000000
283029975000.000000,1752160110.312178,283155064627.000000
283096616000.000000,1752160110.461207,283304094569.000000
283229903000.000000,1752160110.477886,283320772438.000000
283263224000.000000,1752160110.499738,283342624804.000000
283296546000.000000,1752160110.671046,283513934349.000000
283329869000.000000,1752160110.698263,283541150229.000000
283429832000.000000,1752160110.714537,283557423454.000000
283463153000.000000,1752160110.730858,283573744401.000000
283496475000.000000,1752160110.910461,283753347945.000000
283663081000.000000,1752160110.927197,283770084980.000000
283696403000.000000,1752160110.954828,283797715578.000000
283729724000.000000,1752160111.068582,283911469730.000000
283763046000.000000,1752160111.090866,283933753129.000000
283863009000.000000,1752160111.107451,283950338480.000000
283896331000.000000,1752160111.248905,284091793062.000000
283929653000.000000,1752160111.260830,284103717410.000000
284029617000.000000,1752160111.277408,284120295669.000000
284062938000.000000,1752160111.403000,284245886744.000000
284096260000.000000,1752160111.430563,284273449676.000000
284196223000.000000,1752160111.452963,284295849425.000000
284229546000.000000,1752160111.581582,284424468763.000000
284262867000.000000,1752160111.598184,284441070262.000000
284362829000.000000,1752160111.620007,284462893258.000000
284396151000.000000,1752160111.771129,284614016566.000000
284462794000.000000,1752160111.787938,284630824804.000000
284562757000.000000,1752160111.804665,284647551765.000000
284596080000.000000,1752160111.965189,284808076504.000000
284629402000.000000,1752160111.982137,284825024333.000000
284729365000.000000,1752160112.003781,284846667775.000000
284762687000.000000,1752160112.020375,284863261349.000000
284796011000.000000,1752160112.180405,285023292316.000000
284962614000.000000,1752160112.191799,285034685929.000000
284995937000.000000,1752160112.341088,285183975887.000000
285029258000.000000,1752160112.357729,285200615719.000000
285062581000.000000,1752160112.373724,285216610670.000000
285129220000.000000,1752160112.400498,285243384648.000000
285162542000.000000,1752160112.566969,285409856172.000000
285329148000.000000,1752160112.589284,285432171515.000000
285362471000.000000,1752160112.610966,285453853050.000000
285395793000.000000,1752160112.746060,285588947667.000000
285429113000.000000,1752160112.762554,285605440889.000000
285529077000.000000,1752160112.778943,285621829798.000000
285562400000.000000,1752160112.912645,285755532986.000000
285595721000.000000,1752160112.924253,285767140153.000000
285729006000.000000,1752160113.036014,285878901438.000000
285762327000.000000,1752160113.058866,285901752293.000000
285795648000.000000,1752160113.075738,285918625326.000000
285862294000.000000,1752160113.223456,286066343561.000000
285895613000.000000,1752160113.245397,286088284482.000000
285995577000.000000,1752160113.266983,286109869259.000000
286028899000.000000,1752160113.370590,286213477673.000000
286062220000.000000,1752160113.387437,286230324280.000000
286195505000.000000,1752160113.516248,286359135153.000000
286228827000.000000,1752160113.532591,286375477210.000000
286262148000.000000,1752160113.560077,286402964717.000000
286295470000.000000,1752160113.576411,286419298331.000000
286362112000.000000,1752160113.713744,286556631663.000000
286495396000.000000,1752160113.745948,286588835784.000000
286528718000.000000,1752160113.870578,286713466055.000000
286562040000.000000,1752160113.892733,286735619844.000000
286595362000.000000,1752160113.914676,286757562413.000000
286695324000.000000,1752160114.002226,286845113451.000000
286728647000.000000,1752160114.024286,286867173630.000000
286828610000.000000,1752160114.144043,286986932289.000000
286861932000.000000,1752160114.171662,287014549053.000000
286895256000.000000,1752160114.188280,287031167497.000000
286961897000.000000,1752160114.322097,287164984184.000000
286995218000.000000,1752160114.355147,287198034517.000000
287128502000.000000,1752160114.507639,287350527439.000000
287161824000.000000,1752160114.529373,287372260307.000000
287195146000.000000,1752160114.551017,287393904176.000000
287261788000.000000,1752160114.567249,287410135827.000000
287328431000.000000,1752160114.713303,287556191136.000000
287495038000.000000,1752160114.740644,287583531533.000000
287528360000.000000,1752160114.846198,287689085148.000000
287561682000.000000,1752160114.862995,287705881848.000000
287595004000.000000,1752160114.879582,287722469311.000000
287661645000.000000,1752160115.008880,287851768011.000000
287694967000.000000,1752160115.025256,287868142883.000000
287794930000.000000,1752160115.041901,287884788215.000000
287828252000.000000,1752160115.228015,288070902816.000000
287861575000.000000,1752160115.250249,288093135382.000000
287961538000.000000,1752160115.271279,288114165258.000000
287994860000.000000,1752160115.298362,288141248973.000000
288028181000.000000,1752160115.471512,288314398793.000000
288228109000.000000,1752160115.488149,288331036014.000000
288261432000.000000,1752160115.504813,288347700753.000000
288294751000.000000,1752160115.640799,288483685453.000000
288328074000.000000,1752160115.673685,288516572547.000000
288428037000.000000,1752160115.690512,288533399044.000000
288461359000.000000,1752160115.851737,288694624350.000000
288494680000.000000,1752160115.869219,288712105987.000000
288594644000.000000,1752160115.881143,288724030021.000000
288627965000.000000,1752160115.892810,288735696186.000000
288661287000.000000,1752160116.053820,288896707272.000000
288827893000.000000,1752160116.070591,288913479047.000000
288861215000.000000,1752160116.177965,289020853863.000000
288894537000.000000,1752160116.194890,289037776785.000000
288927859000.000000,1752160116.222551,289065438308.000000
288994501000.000000,1752160116.334903,289177790013.000000
289027823000.000000,1752160116.357159,289200046912.000000
289161107000.000000,1752160116.527285,289370172173.000000
289194429000.000000,1752160116.543691,289386577805.000000
289227751000.000000,1752160116.560026,289402913048.000000
289294392000.000000,1752160116.576372,289419258513.000000
289327715000.000000,1752160116.603355,289446241636.000000
289527642000.000000,1752160116.779120,289622008649.000000
289560964000.000000,1752160116.914613,289757500725.000000
289594285000.000000,1752160116.930978,289773864375.000000
289627608000.000000,1752160116.947188,289790074878.000000
289660928000.000000,1752160116.963407,289806293826.000000
289794213000.000000,1752160117.157503,290000391060.000000
289894177000.000000,1752160117.174114,290017001356.000000
289927498000.000000,1752160117.191034,290033921425.000000
289960821000.000000,1752160117.315892,290158779490.000000
289994141000.000000,1752160117.327372,290170258843.000000
290094107000.000000,1752160117.364806,290207693424.000000
290127427000.000000,1752160117.556950,290399837902.000000
290160749000.000000,1752160117.589951,290432837328.000000
290294035000.000000,1752160117.606199,290449084961.000000
290327356000.000000,1752160117.622529,290465414964.000000
290360678000.000000,1752160117.795746,290638634227.000000
290560604000.000000,1752160117.812674,290655561427.000000
290593927000.000000,1752160117.928530,290771416963.000000
290627248000.000000,1752160117.956154,290799041320.000000
290660574000.000000,1752160117.968005,290810891521.000000
290727211000.000000,1752160117.989439,290832326207.000000
290760533000.000000,1752160118.140043,290982930168.000000
290927138000.000000,1752160118.156789,290999675573.000000
290960461000.000000,1752160118.252678,291095565425.000000
290993783000.000000,1752160118.279596,291122483439.000000
291027104000.000000,1752160118.286214,291129101142.000000
291093746000.000000,1752160118.435045,291277932827.000000
291127069000.000000,1752160118.451889,291294775842.000000
291227031000.000000,1752160118.473515,291316402323.000000
291260354000.000000,1752160118.607925,291450813114.000000
291293676000.000000,1752160118.630006,291472892681.000000
291393637000.000000,1752160118.657413,291500300115.000000
291426960000.000000,1752160118.802533,291645420786.000000
291460283000.000000,1752160118.825017,291667904664.000000
291560246000.000000,1752160118.846513,291689399627.000000
291593566000.000000,1752160118.863280,291706166643.000000
291626889000.000000,1752160119.057228,291900115656.000000
291793495000.000000,1752160119.084894,291927781383.000000
291826816000.000000,1752160119.101804,291944691435.000000
291860138000.000000,1752160119.183900,292026787534.000000
291893461000.000000,1752160119.205673,292048561531.000000
292026746000.000000,1752160119.301147,292144034573.000000
292060067000.000000,1752160119.322684,292165570424.000000
292093388000.000000,1752160119.339579,292182466587.000000
292160031000.000000,1752160119.499126,292342013596.000000
292193351000.000000,1752160119.527152,292370039097.000000
292259995000.000000,1752160119.548644,292391530819.000000
292293316000.000000,1752160119.565309,292408195411.000000
292326637000.000000,1752160119.717305,292560193449.000000
292493243000.000000,1752160119.763219,292606106731.000000
292526565000.000000,1752160119.910793,292753680616.000000
292559889000.000000,1752160119.933081,292775968440.000000
292593211000.000000,1752160119.949431,292792316868.000000
292693174000.000000,1752160119.965645,292808530835.000000
292726494000.000000,1752160120.133578,292976465750.000000
292893101000.000000,1752160120.145402,292988289062.000000
292926423000.000000,1752160120.295142,293138029182.000000
292959745000.000000,1752160120.317752,293160638336.000000
292993066000.000000,1752160120.333912,293176798600.000000
293093029000.000000,1752160120.355347,293198233563.000000
293126351000.000000,1752160120.514009,293356896712.000000
293292958000.000000,1752160120.525978,293368864912.000000
293326279000.000000,1752160120.701753,293544640239.000000
293359601000.000000,1752160120.724025,293566911953.000000
293392922000.000000,1752160120.745510,293588396416.000000
293492886000.000000,1752160120.772372,293615258652.000000
293526207000.000000,1752160120.930819,293773706304.000000
293692814000.000000,1752160120.952986,293795873389.000000
293726136000.000000,1752160120.974704,293817591405.000000
293759457000.000000,1752160121.065385,293908272334.000000
293792779000.000000,1752160121.082154,293925040683.000000
293892742000.000000,1752160121.273056,294115944286.000000
293926065000.000000,1752160121.284746,294127632655.000000
293959386000.000000,1752160121.311714,294154600964.000000
294026027000.000000,1752160121.333360,294176246148.000000
294092670000.000000,1752160121.477939,294320826936.000000
294259277000.000000,1752160121.489604,294332491287.000000
294292599000.000000,1752160121.597062,294439949435.000000
294325920000.000000,1752160121.613630,294456518065.000000
294359241000.000000,1752160121.630450,294473336561.000000
294425884000.000000,1752160121.768603,294611490070.000000
294459206000.000000,1752160121.796242,294639128964.000000
294559170000.000000,1752160121.812983,294655869369.000000
294592491000.000000,1752160121.939753,294782640561.000000
294625813000.000000,1752160121.966859,294809746072.000000
294759097000.000000,1752160122.138171,294981059598.000000
294792419000.000000,1752160122.149851,294992737560.000000
294825741000.000000,1752160122.171768,295014655092.000000
294892382000.000000,1752160122.188603,295031488959.000000
294959025000.000000,1752160122.340517,295183403739.000000
295125632000.000000,1752160122.357767,295200654546.000000
295158955000.000000,1752160122.438591,295281478252.000000
295192280000.000000,1752160122.455377,295298264008.000000
295225599000.000000,1752160122.477313,295320199374.000000
295292240000.000000,1752160122.637614,295480501245.000000
295325563000.000000,1752160122.664510,295507395648.000000
295392204000.000000,1752160122.691744,295534631287.000000
295425525000.000000,1752160122.718629,295561515208.000000
295492167000.000000,1752160122.902116,295745004357.000000
295658773000.000000,1752160122.913886,295756772948.000000
295692095000.000000,1752160123.006745,295849632075.000000
295725417000.000000,1752160123.023455,295866342073.000000
295758740000.000000,1752160123.050898,295893785154.000000
295858702000.000000,1752160123.218186,296061073429.000000
295892025000.000000,1752160123.234835,296077722279.000000
295991988000.000000,1752160123.246322,296089209151.000000
296025311000.000000,1752160123.436662,296279549853.000000
296058631000.000000,1752160123.453451,296296338646.000000
296191917000.000000,1752160123.469495,296312382133.000000
296225237000.000000,1752160123.491119,296334005539.000000
296258559000.000000,1752160123.663745,296506632643.000000
296391844000.000000,1752160123.680370,296523257586.000000
296425165000.000000,1752160123.702819,296545705798.000000
296458487000.000000,1752160123.719831,296562718422.000000
296491809000.000000,1752160123.906675,296749562719.000000
296625093000.000000,1752160123.934216,296777102762.000000
296658416000.000000,1752160123.950691,296793577485.000000
296691736000.000000,1752160124.080294,296923181737.000000
296725059000.000000,1752160124.097280,296940166917.000000
296858343000.000000,1752160124.113976,296956863453.000000
296891665000.000000,1752160124.270880,297113768066.000000
296924986000.000000,1752160124.287345,297130232141.000000
297024951000.000000,1752160124.299071,297141958454.000000
297058272000.000000,1752160124.315680,297158566675.000000
297124916000.000000,1752160124.482860,297325747136.000000
297224878000.000000,1752160124.504502,297347389246.000000
297258199000.000000,1752160124.521537,297364424351.000000
297324842000.000000,1752160124.628221,297471108120.000000
297358165000.000000,1752160124.645022,297487909135.000000
297458129000.000000,1752160124.811249,297654137626.000000
297491450000.000000,1752160124.828347,297671234508.000000
297524772000.000000,1752160124.851673,297694561599.000000
297658058000.000000,1752160124.999858,297842745273.000000
297691381000.000000,1752160125.021631,297864517325.000000
297791343000.000000,1752160125.033168,297876055418.000000
297824664000.000000,1752160125.141101,297983988469.000000
297857986000.000000,1752160125.157613,298000499710.000000
297957949000.000000,1752160125.325734,298168620716.000000
297991272000.000000,1752160125.353170,298196057075.000000
298024591000.000000,1752160125.369947,298212833739.000000
298091234000.000000,1752160125.386196,298229082168.000000
298157876000.000000,1752160125.545209,298388097091.000000
298324484000.000000,1752160125.561967,298404854219.000000
298357806000.000000,1752160125.714801,298557688303.000000
298391127000.000000,1752160125.736453,298579340431.000000
298424450000.000000,1752160125.763983,298606870493.000000
298524411000.000000,1752160125.780241,298623126904.000000
298557734000.000000,1752160125.935953,298778841530.000000
298691018000.000000,1752160125.952757,298795643657.000000
298724341000.000000,1752160125.985029,298827915833.000000
298757662000.000000,1752160126.125514,298968400982.000000
298790984000.000000,1752160126.142234,298985120905.000000
298890946000.000000,1752160126.158737,299001623924.000000
298957591000.000000,1752160126.309143,299152030240.000000
298990913000.000000,1752160126.325708,299168595388.000000
299090875000.000000,1752160126.342379,299185265812.000000
299124198000.000000,1752160126.487014,299329901118.000000
299157519000.000000,1752160126.503836,299346723263.000000
299257482000.000000,1752160126.515536,299358423392.000000
299290805000.000000,1752160126.638526,299481413681.000000
299324127000.000000,1752160126.660272,299503158900.000000
299424091000.000000,1752160126.687409,299530296096.000000
299457412000.000000,1752160126.822289,299665176512.000000
299490733000.000000,1752160126.838801,299681688012.000000
299624017000.000000,1752160126.871895,299714781864.000000
299657341000.000000,1752160127.006089,299848977083.000000
299690661000.000000,1752160127.022984,299865871338.000000
299790624000.000000,1752160127.055548,299898435344.000000
299823946000.000000,1752160127.157876,300000763050.000000
299857268000.000000,1752160127.179362,300022248624.000000
299990554000.000000,1752160127.304016,300146903006.000000
300023875000.000000,1752160127.325772,300168658503.000000
300057195000.000000,1752160127.342484,300185371705.000000
300157160000.000000,1752160127.495872,300338758709.000000
300190481000.000000,1752160127.512632,300355518762.000000
300290446000.000000,1752160127.529312,300372198668.000000
300323767000.000000,1752160127.637796,300480682638.000000
300357088000.000000,1752160127.659875,300502761484.000000
300457052000.000000,1752160127.769792,300612679253.000000
300490375000.000000,1752160127.791674,300634561119.000000
300523696000.000000,1752160127.819303,300662190291.000000
300623660000.000000,1752160127.954358,300797245334.000000
300656981000.000000,1752160127.971272,300814159534.000000
300756943000.000000,1752160127.993207,300836093547.000000
300790266000.000000,1752160128.199504,301042391774.000000
300823588000.000000,1752160128.226506,301069392323.000000
300923550000.000000,1752160128.242748,301085634493.000000
300956873000.000000,1752160128.340079,301182966663.000000
300990194000.000000,1752160128.352016,301194902973.000000
301156800000.000000,1752160128.501051,301343938749.000000
301190124000.000000,1752160128.528221,301371107259.000000
301223444000.000000,1752160128.544473,301387360040.000000
301290085000.000000,1752160128.560585,301403471378.000000
301356730000.000000,1752160128.706246,301549133599.000000
301490016000.000000,1752160128.718225,301561111613.000000
301523336000.000000,1752160128.873728,301716615390.000000
301556658000.000000,1752160128.890395,301733281833.000000
301589979000.000000,1752160128.907490,301750377031.000000
301656620000.000000,1752160128.918794,301761679923.000000
301723265000.000000,1752160129.111705,301954592873.000000
301856548000.000000,1752160129.134306,301977193213.000000
301889871000.000000,1752160129.229540,302072427072.000000
301923193000.000000,1752160129.246381,302089268069.000000
301956514000.000000,1752160129.263172,302106058621.000000
302056477000.000000,1752160129.413509,302256395901.000000
302089801000.000000,1752160129.430449,302273335915.000000
302189763000.000000,1752160129.442068,302284954896.000000
302223085000.000000,1752160129.568415,302411302611.000000
302256407000.000000,1752160129.585199,302428087034.000000
302389691000.000000,1752160129.714358,302557244884.000000
302423014000.000000,1752160129.735898,302578785272.000000
302456335000.000000,1752160129.752336,302595221958.000000
302489658000.000000,1752160129.773393,302616279445.000000
302522978000.000000,1752160129.983454,302826341981.000000
302689584000.000000,1752160130.000917,302843804860.000000
302722905000.000000,1752160130.022950,302865836168.000000
302756229000.000000,1752160130.139931,302982817970.000000
302789550000.000000,1752160130.171857,303014744797.000000
302922833000.000000,1752160130.188778,303031665108.000000
302989476000.000000,1752160130.295637,303138524374.000000
303022799000.000000,1752160130.318001,303160888031.000000
303122760000.000000,1752160130.424909,303267796852.000000
303156084000.000000,1752160130.436708,303279595535.000000
303189406000.000000,1752160130.453333,303296220441.000000
303256048000.000000,1752160130.563540,303406428374.000000
303289369000.000000,1752160130.585985,303428873178.000000
303389332000.000000,1752160130.735198,303578086507.000000
303422655000.000000,1752160130.761906,303604792541.000000
303455976000.000000,1752160130.794930,303637816783.000000
303489297000.000000,1752160130.811184,303654071323.000000
303589261000.000000,1752160130.937261,303780148077.000000
303722545000.000000,1752160130.954233,303797119406.000000
303755868000.000000,1752160131.053502,303896389739.000000
303789190000.000000,1752160131.070454,303913342104.000000
303822512000.000000,1752160131.092251,303935137805.000000
303855833000.000000,1752160131.108718,303951604768.000000
303889154000.000000,1752160131.274860,304117747519.000000
304022439000.000000,1752160131.291635,304134521165.000000
304055761000.000000,1752160131.313805,304156692416.000000
304089082000.000000,1752160131.458901,304301788291.000000
304122404000.000000,1752160131.475289,304318176978.000000
304222368000.000000,1752160131.491442,304334328834.000000
304255688000.000000,1752160131.507371,304350257952.000000
304289010000.000000,1752160131.672485,304515372140.000000
304422295000.000000,1752160131.684460,304527347395.000000
304455621000.000000,1752160131.700965,304543852099.000000
304488938000.000000,1752160131.822854,304665741475.000000
304522260000.000000,1752160131.834556,304677443510.000000
304622224000.000000,1752160131.851303,304694190341.000000
304655546000.000000,1752160132.036962,304879849410.000000
304688867000.000000,1752160132.054007,304896893942.000000
304788829000.000000,1752160132.075907,304918794863.000000
304855472000.000000,1752160132.177474,305020361263.000000
304888795000.000000,1752160132.199440,305042328202.000000
305022080000.000000,1752160132.360451,305203338288.000000
305055402000.000000,1752160132.382967,305225854443.000000
305088723000.000000,1752160132.409555,305252441682.000000
305155365000.000000,1752160132.431003,305273889757.000000
305188687000.000000,1752160132.618577,305461464564.000000
305355293000.000000,1752160132.635776,305478663297.000000
305388614000.000000,1752160132.673371,305516257987.000000
305421936000.000000,1752160132.823571,305666458509.000000
305455258000.000000,1752160132.840478,305683365912.000000
305588541000.000000,1752160132.857098,305699984744.000000
305621864000.000000,1752160132.879166,305722052682.000000
305655185000.000000,1752160133.075595,305918482149.000000
305788470000.000000,1752160133.092359,305935245869.000000
305821792000.000000,1752160133.109545,305952432195.000000
305855114000.000000,1752160133.225710,306068597839.000000
305888435000.000000,1752160133.252861,306095747812.000000
306021721000.000000,1752160133.279887,306122773491.000000
306055042000.000000,1752160133.430204,306273092141.000000
306088364000.000000,1752160133.446877,306289764399.000000
306188328000.000000,1752160133.468571,306311457489.000000
306221650000.000000,1752160133.609859,306452746851.000000
306254971000.000000,1752160133.626677,306469563478.000000
306388256000.000000,1752160133.654451,306497338296.000000
306421578000.000000,1752160133.750320,306593208019.000000
306454899000.000000,1752160133.767367,306610254699.000000
306588183000.000000,1752160133.890676,306733563429.000000
306621506000.000000,1752160133.907249,306750136040.000000
306654827000.000000,1752160133.924054,306766941518.000000
306688148000.000000,1752160133.955650,306798536442.000000
306721470000.000000,1752160134.101377,306944264736.000000
306854755000.000000,1752160134.129779,306972665844.000000
306888076000.000000,1752160134.157713,307000599531.000000
306921398000.000000,1752160134.289054,307131941579.000000
306954720000.000000,1752160134.311374,307154261625.000000
307054682000.000000,1752160134.327574,307170460295.000000
307088006000.000000,1752160134.425400,307268287626.000000
307121325000.000000,1752160134.452801,307295688560.000000
307254611000.000000,1752160134.596736,307439623911.000000
307287934000.000000,1752160134.613757,307456643720.000000
307321256000.000000,1752160134.635480,307478366051.000000
307387898000.000000,1752160134.651753,307494639480.000000
307421219000.000000,1752160134.814181,307657069161.000000
307587824000.000000,1752160134.841828,307684715148.000000
307621146000.000000,1752160134.961597,307804484436.000000
307654467000.000000,1752160134.978147,307821033547.000000
307687789000.000000,1752160134.994783,307837669990.000000
307754430000.000000,1752160135.011163,307854050492.000000
307787753000.000000,1752160135.145347,307988234360.000000
307921038000.000000,1752160135.156930,307999817100.000000
307954359000.000000,1752160135.322991,308165878204.000000
307987682000.000000,1752160135.339534,308182420444.000000
308021002000.000000,1752160135.361084,308203970573.000000
308087645000.000000,1752160135.451037,308293924344.000000
308120966000.000000,1752160135.472902,308315789617.000000
308287574000.000000,1752160135.616327,308459214122.000000
308320897000.000000,1752160135.632827,308475713734.000000
308354218000.000000,1752160135.649601,308492487620.000000
308387539000.000000,1752160135.666022,308508908584.000000
308454181000.000000,1752160135.801791,308644679045.000000
308587466000.000000,1752160135.823622,308666509079.000000
308620788000.000000,1752160135.999989,308842876918.000000
308654109000.000000,1752160136.017039,308859926153.000000
308687431000.000000,1752160136.033385,308876271674.000000
308754073000.000000,1752160136.059801,308902687860.000000
308820715000.000000,1752160136.285836,309128722810.000000
308987321000.000000,1752160136.302959,309145846525.000000
309020644000.000000,1752160136.324593,309167479598.000000
309053966000.000000,1752160136.340900,309183786341.000000
309087287000.000000,1752160136.514315,309357201918.000000
309253894000.000000,1752160136.558039,309400926317.000000
309287216000.000000,1752160136.574829,309417716018.000000
309320537000.000000,1752160136.702058,309544946167.000000
309353858000.000000,1752160136.719230,309562116604.000000
309487142000.000000,1752160136.740937,309583824195.000000
309520465000.000000,1752160136.864318,309707205998.000000
309553786000.000000,1752160136.876216,309719103809.000000
309653749000.000000,1752160136.898114,309741002231.000000
309687071000.000000,1752160137.022861,309865748723.000000
309720394000.000000,1752160137.050050,309892937714.000000
309820356000.000000,1752160137.077672,309920559924.000000
309853678000.000000,1752160137.194744,310037631501.000000
309886998000.000000,1752160137.217566,310060452931.000000
309986962000.000000,1752160137.234091,310076978339.000000
310020284000.000000,1752160137.334192,310177079218.000000
310053606000.000000,1752160137.350492,310193379091.000000
310186891000.000000,1752160137.445858,310288745319.000000
310220213000.000000,1752160137.462433,310305319393.000000
310253534000.000000,1752160137.584723,310427609690.000000
310286855000.000000,1752160137.612136,310455022957.000000
310320177000.000000,1752160137.644489,310487375280.000000
310386820000.000000,1752160137.660841,310503727726.000000
310420142000.000000,1752160137.796831,310639719407.000000
310586748000.000000,1752160137.813834,310656720735.000000
310620070000.000000,1752160137.912447,310755335223.000000
310653392000.000000,1752160137.934110,310776997907.000000
310686713000.000000,1752160137.961372,310804259453.000000
310753355000.000000,1752160138.074812,310917699035.000000
310786678000.000000,1752160138.091512,310934398811.000000
310886639000.000000,1752160138.216733,311059619705.000000
310919963000.000000,1752160138.233391,311076277611.000000
310953286000.000000,1752160138.255615,311098502066.000000
311019926000.000000,1752160138.272061,311114947159.000000
311053247000.000000,1752160138.446232,311289120005.000000
311186533000.000000,1752160138.462841,311305728337.000000
311219854000.000000,1752160138.479865,311322751536.000000
311253175000.000000,1752160138.571507,311414394139.000000
311286498000.000000,1752160138.598610,311441498206.000000
311419782000.000000,1752160138.684141,311527027970.000000
311453105000.000000,1752160138.706682,311549569570.000000
311486425000.000000,1752160138.826859,311669745891.000000
311519746000.000000,1752160138.843681,311686568369.000000
311553069000.000000,1752160138.860273,311703159924.000000
311653032000.000000,1752160139.005193,311848081467.000000
311686354000.000000,1752160139.021880,311864766966.000000
311786317000.000000,1752160139.043974,311886860681.000000
311819640000.000000,1752160139.151096,311993982908.000000
311852961000.000000,1752160139.167478,312010365113.000000
311986247000.000000,1752160139.317565,312160452303.000000
312019568000.000000,1752160139.338912,312181799360.000000
312052888000.000000,1752160139.355284,312198170769.000000
312152852000.000000,1752160139.491264,312334151080.000000
312186174000.000000,1752160139.508275,312351162797.000000
312286138000.000000,1752160139.524329,312367215376.000000
312319461000.000000,1752160139.696703,312539590390.000000
312352781000.000000,1752160139.713784,312556671310.000000
312452744000.000000,1752160139.735109,312577995830.000000
312486066000.000000,1752160139.756780,312599666495.000000
312519388000.000000,1752160139.972357,312815243803.000000
312685994000.000000,1752160139.989104,312831990579.000000
312719316000.000000,1752160140.000898,312843783743.000000
312752638000.000000,1752160140.022032,312864919321.000000
312785959000.000000,1752160140.188146,313031033461.000000
312952566000.000000,1752160140.204876,313047763329.000000
312985887000.000000,1752160140.332587,313175474213.000000
313019209000.000000,1752160140.344797,313187684466.000000
313052531000.000000,1752160140.356489,313199375057.000000
313152493000.000000,1752160140.494085,313336972534.000000
313185815000.000000,1752160140.527251,313370138663.000000
313285779000.000000,1752160140.543741,313386627404.000000
313319101000.000000,1752160140.655280,313498166952.000000
313352423000.000000,1752160140.682525,313525412591.000000
313452386000.000000,1752160140.709524,313552411437.000000
313485708000.000000,1752160140.874667,313717553698.000000
313519029000.000000,1752160140.891388,313734274363.000000
313652314000.000000,1752160140.918474,313761361782.000000
313685634000.000000,1752160141.083265,313926151955.000000
313718956000.000000,1752160141.100185,313943073006.000000
313852241000.000000,1752160141.116979,313959866188.000000
313885563000.000000,1752160141.144232,313987118309.000000
313918886000.000000,1752160141.323857,314166744446.000000
314085491000.000000,1752160141.366763,314209650299.000000
314118814000.000000,1752160141.478930,314321817042.000000
314152136000.000000,1752160141.495605,314338492171.000000
314185457000.000000,1752160141.517732,314360618960.000000
314318741000.000000,1752160141.672400,314515287691.000000
314352064000.000000,1752160141.689077,314531964171.000000
314452026000.000000,1752160141.700846,314543733113.000000
314485348000.000000,1752160141.856470,314699357166.000000
314518669000.000000,1752160141.879058,314721945617.000000
314618633000.000000,1752160141.916965,314759850915.000000
314651955000.000000,1752160142.058049,314900936113.000000
314685277000.000000,1752160142.075360,314918247715.000000
314851882000.000000,1752160142.113455,314956342659.000000
314885206000.000000,1752160142.242883,315085770672.000000
314918527000.000000,1752160142.254560,315097447356.000000
315051812000.000000,1752160142.377783,315220670273.000000
315085133000.000000,1752160142.399572,315242458899.000000
315118455000.000000,1752160142.416352,315259238933.000000
315218419000.000000,1752160142.554509,315397396183.000000
315251742000.000000,1752160142.576726,315419614230.000000
315385025000.000000,1752160142.737731,315580618464.000000
315418347000.000000,1752160142.754548,315597434776.000000
315451668000.000000,1752160142.781450,315624336067.000000
315484989000.000000,1752160142.813417,315656302820.000000
315551631000.000000,1752160142.971807,315814694306.000000
315718239000.000000,1752160142.993509,315836396488.000000
315751560000.000000,1752160143.128712,315971600160.000000
315784882000.000000,1752160143.171725,316014612622.000000
315818204000.000000,1752160143.193560,316036446489.000000
315951488000.000000,1752160143.330913,316173801191.000000
315984811000.000000,1752160143.352665,316195552411.000000
316118096000.000000,1752160143.369177,316212064300.000000
316151417000.000000,1752160143.460387,316303275223.000000
316184739000.000000,1752160143.477073,316319960518.000000
316284701000.000000,1752160143.613543,316456430156.000000
316318024000.000000,1752160143.640632,316483519593.000000
316351345000.000000,1752160143.662925,316505812251.000000
316384666000.000000,1752160143.689380,316532266362.000000
316451309000.000000,1752160143.821396,316664283180.000000
316617916000.000000,1752160143.843938,316686825668.000000
316651244000.000000,1752160143.943418,316786305628.000000
316684559000.000000,1752160143.960036,316802922554.000000
316717880000.000000,1752160143.976829,316819716106.000000
316784522000.000000,1752160144.143938,316986825383.000000
316817845000.000000,1752160144.160791,317003677898.000000
316917807000.000000,1752160144.182414,317025301471.000000
316951130000.000000,1752160144.328589,317171476871.000000
316984452000.000000,1752160144.351094,317193981600.000000
317117737000.000000,1752160144.367274,317210160697.000000
317151057000.000000,1752160144.445467,317288354488.000000
317184379000.000000,1752160144.478047,317320933956.000000
317284344000.000000,1752160144.633471,317476358160.000000
317317665000.000000,1752160144.650289,317493176268.000000
317350988000.000000,1752160144.672579,317515465963.000000
317417629000.000000,1752160144.699341,317542227793.000000
317450950000.000000,1752160144.853690,317696577694.000000
317617556000.000000,1752160144.870388,317713275266.000000
317650878000.000000,1752160144.892239,317735126095.000000
317684200000.000000,1752160145.037235,317880122546.000000
317717521000.000000,1752160145.059881,317902768737.000000
317817484000.000000,1752160145.087431,317930318095.000000
317850807000.000000,1752160145.202921,318045808338.000000
317884129000.000000,1752160145.219796,318062683242.000000
318017413000.000000,1752160145.357328,318200215924.000000
318050736000.000000,1752160145.379253,318222140493.000000
318084057000.000000,1752160145.395655,318238542180.000000
318150699000.000000,1752160145.407386,318250273345.000000
318217341000.000000,1752160145.590803,318433690032.000000
318317305000.000000,1752160145.638815,318481701827.000000
318350627000.000000,1752160145.655309,318498195198.000000
318383948000.000000,1752160145.760559,318603447242.000000
318417270000.000000,1752160145.783197,318626084933.000000
318583877000.000000,1752160145.953785,318796672078.000000
318617198000.000000,1752160145.975762,318818649165.000000
318650519000.000000,1752160145.992050,318834936335.000000
318717162000.000000,1752160146.008598,318851484668.000000
318783803000.000000,1752160146.228396,319071283003.000000
318917089000.000000,1752160146.250456,319093342589.000000
318950411000.000000,1752160146.267383,319110269547.000000
318983732000.000000,1752160146.284097,319126983305.000000
319050375000.000000,1752160146.381005,319223892312.000000
319216983000.000000,1752160146.475002,319317890130.000000
319250304000.000000,1752160146.481958,319324844533.000000
319283625000.000000,1752160146.633326,319476213505.000000
319316947000.000000,1752160146.650139,319493026131.000000
319350268000.000000,1752160146.666744,319509630631.000000
319416911000.000000,1752160146.688604,319531490460.000000
319483555000.000000,1752160146.840347,319683233983.000000
319616839000.000000,1752160146.989433,319832319869.000000
319650161000.000000,1752160147.005377,319848263505.000000
319683483000.000000,1752160147.026816,319869702672.000000
319716805000.000000,1752160147.053342,319896228098.000000
319783445000.000000,1752160147.069880,319912766486.000000
320016695000.000000,1752160147.242861,320085748568.000000
320050017000.000000,1752160147.386646,320229532846.000000
320083339000.000000,1752160147.414266,320257152759.000000
320116660000.000000,1752160147.435866,320278752240.000000
320149981000.000000,1752160147.452421,320295307480.000000
320216623000.000000,1752160147.614287,320457174445.000000
320383229000.000000,1752160147.631615,320474502955.000000
320416551000.000000,1752160147.763622,320606510217.000000
320449873000.000000,1752160147.775438,320618325122.000000
320483196000.000000,1752160147.797098,320639984620.000000
320583158000.000000,1752160147.927017,320769905184.000000
320616481000.000000,1752160147.949370,320792256933.000000
320716443000.000000,1752160147.966427,320809314409.000000
320749766000.000000,1752160148.100396,320943283872.000000
320783088000.000000,1752160148.117085,320959971870.000000
320916372000.000000,1752160148.285345,321128232393.000000
320949695000.000000,1752160148.312506,321155393422.000000
320983017000.000000,1752160148.328902,321171788183.000000
321049657000.000000,1752160148.345185,321188072316.000000
321082980000.000000,1752160148.485853,321328741555.000000
321282906000.000000,1752160148.513372,321356259599.000000
321316228000.000000,1752160148.648440,321491328364.000000
321349549000.000000,1752160148.665042,321507928252.000000
321382870000.000000,1752160148.676539,321519425031.000000
321449513000.000000,1752160148.698278,321541165306.000000
321516157000.000000,1752160148.852800,321695687390.000000
321649445000.000000,1752160148.974235,321817122993.000000
321682765000.000000,1752160148.996076,321838963008.000000
321716085000.000000,1752160149.012337,321855223863.000000
321749405000.000000,1752160149.028723,321871608772.000000
321782727000.000000,1752160149.261740,322104627792.000000
321982655000.000000,1752160149.293577,322136463825.000000
322015977000.000000,1752160149.310495,322153382542.000000
322049297000.000000,1752160149.410094,322252981779.000000
322115942000.000000,1752160149.426767,322269655018.000000
322215906000.000000,1752160149.582362,322425249294.000000
322249227000.000000,1752160149.599106,322441992959.000000
322282550000.000000,1752160149.616086,322458973305.000000
322382511000.000000,1752160149.632576,322475463436.000000
322415834000.000000,1752160149.783793,322626679890.000000
322549119000.000000,1752160149.810965,322653851956.000000
322582440000.000000,1752160149.827504,322670391382.000000
322615762000.000000,1752160149.979058,322821945278.000000
322649083000.000000,1752160149.990926,322833813682.000000
322782369000.000000,1752160150.018846,322861732536.000000
322815691000.000000,1752160150.173539,323016427989.000000
322849013000.000000,1752160150.196725,323039612710.000000
322948976000.000000,1752160150.213599,323056486503.000000
323015620000.000000,1752160150.401416,323244303363.000000
323048942000.000000,1752160150.418139,323261025786.000000
323148904000.000000,1752160150.434639,323277525583.000000
323182226000.000000,1752160150.451001,323293887529.000000
323215547000.000000,1752160150.577148,323420035450.000000
323382153000.000000,1752160150.599012,323441898761.000000
323415476000.000000,1752160150.768338,323611225013.000000
323448798000.000000,1752160150.790619,323633506430.000000
323482118000.000000,1752160150.817051,323659937893.000000
323548760000.000000,1752160150.833320,323676206804.000000
323582082000.000000,1752160151.037631,323880517867.000000
323748687000.000000,1752160151.064725,323907612119.000000
323782009000.000000,1752160151.081048,323923934326.000000
323815331000.000000,1752160151.193627,324036514639.000000
323848653000.000000,1752160151.210526,324053412598.000000
324015259000.000000,1752160151.354596,324197483355.000000
324048582000.000000,1752160151.381445,324224331091.000000
324081902000.000000,1752160151.398149,324241035719.000000
324148544000.000000,1752160151.409939,324252825791.000000
324215188000.000000,1752160151.589721,324432607999.000000
324315151000.000000,1752160151.606778,324449665308.000000
324348472000.000000,1752160151.623673,324466559119.000000
324381794000.000000,1752160151.640383,324483269062.000000
324415115000.000000,1752160151.785881,324628769043.000000
324548401000.000000,1752160151.830065,324672951863.000000
324581722000.000000,1752160151.966985,324809872330.000000
324615043000.000000,1752160151.983850,324826736975.000000
324648365000.000000,1752160152.000516,324843402844.000000
324748328000.000000,1752160152.017250,324860136415.000000
324781650000.000000,1752160152.197082,325039969772.000000
324948256000.000000,1752160152.213952,325056839009.000000
324981579000.000000,1752160152.319782,325162669676.000000
325014901000.000000,1752160152.341918,325184804872.000000
325048222000.000000,1752160152.358582,325201469519.000000
325148186000.000000,1752160152.518552,325361440042.000000
325181508000.000000,1752160152.535200,325378087800.000000
325281470000.000000,1752160152.562471,325405357976.000000
325314791000.000000,1752160152.705725,325548612168.000000
325348113000.000000,1752160152.727294,325570182093.000000
325481398000.000000,1752160152.733928,325576815278.000000
325514720000.000000,1752160152.750233,325593119540.000000
325548043000.000000,1752160152.839797,325682684185.000000
325681327000.000000,1752160152.889849,325732736773.000000
325714649000.000000,1752160153.038094,325880982113.000000
325747970000.000000,1752160153.060759,325903647211.000000
325781292000.000000,1752160153.077398,325920285173.000000
325814613000.000000,1752160153.222991,326065879135.000000
325881256000.000000,1752160153.239562,326082449579.000000
326047863000.000000,1752160153.356961,326199848172.000000
326081184000.000000,1752160153.373513,326216400782.000000
326114506000.000000,1752160153.394855,326237742655.000000
326214470000.000000,1752160153.487088,326329975640.000000
326247791000.000000,1752160153.520221,326363108973.000000
326314434000.000000,1752160153.652093,326494980755.000000
326347756000.000000,1752160153.674053,326516940491.000000
326381077000.000000,1752160153.685823,326528709285.000000
326481041000.000000,1752160153.841327,326684214284.000000
326514363000.000000,1752160153.863891,326706778476.000000
326614326000.000000,1752160153.880692,326723579158.000000
326647648000.000000,1752160154.028515,326871402966.000000
326680970000.000000,1752160154.050354,326893241406.000000
326814254000.000000,1752160154.078254,326921140520.000000
326847576000.000000,1752160154.204001,327046888667.000000
326880897000.000000,1752160154.220340,327063226429.000000
327014183000.000000,1752160154.237341,327080227720.000000
327047504000.000000,1752160154.399492,327242379811.000000
327080826000.000000,1752160154.416823,327259709506.000000
327180789000.000000,1752160154.439095,327281982220.000000
327214111000.000000,1752160154.570188,327413075529.000000
327247433000.000000,1752160154.597492,327440379742.000000
327347395000.000000,1752160154.624807,327467693270.000000
327380717000.000000,1752160154.712519,327555406121.000000
327414039000.000000,1752160154.724032,327566920344.000000
327547324000.000000,1752160154.861096,327703983179.000000
327580645000.000000,1752160154.888025,327730911748.000000
327613966000.000000,1752160154.904716,327747603450.000000
327680609000.000000,1752160155.066171,327909058993.000000
327713931000.000000,1752160155.082984,327925870472.000000
327813895000.000000,1752160155.109851,327952738023.000000
327847217000.000000,1752160155.136902,327979788479.000000
327880539000.000000,1752160155.285565,328128452759.000000
328047144000.000000,1752160155.303457,328146344651.000000
328080467000.000000,1752160155.396307,328239193815.000000
328113789000.000000,1752160155.412865,328255751667.000000
328147112000.000000,1752160155.429199,328272086095.000000
328213752000.000000,1752160155.580531,328423417974.000000
328247073000.000000,1752160155.602352,328445239507.000000
328347036000.000000,1752160155.623770,328466656490.000000
328380359000.000000,1752160155.645312,328488198971.000000
328413680000.000000,1752160155.788336,328631224017.000000
328580287000.000000,1752160155.805175,328648062181.000000
328613608000.000000,1752160155.975935,328818823065.000000
328646930000.000000,1752160155.992327,328835213974.000000
328680250000.000000,1752160156.014214,328857101043.000000
328780214000.000000,1752160156.030560,328873446397.000000
328813536000.000000,1752160156.231899,329074786624.000000
328946822000.000000,1752160156.253807,329096693971.000000
328980144000.000000,1752160156.285576,329128462727.000000
329013464000.000000,1752160156.307031,329149917912.000000
329046786000.000000,1752160156.465301,329308188288.000000
329246713000.000000,1752160156.487529,329330416039.000000
329280035000.000000,1752160156.599193,329442080492.000000
329313356000.000000,1752160156.620709,329463595918.000000
329346678000.000000,1752160156.637438,329480325286.000000
329446642000.000000,1752160156.787682,329630569492.000000
329479963000.000000,1752160156.804405,329647293379.000000
329579927000.000000,1752160156.821016,329663903675.000000
329613249000.000000,1752160156.939406,329782292997.000000
329646571000.000000,1752160156.955862,329798748942.000000
329746534000.000000,1752160157.094188,329937076264.000000
329779856000.000000,1752160157.116263,329959149813.000000
329813178000.000000,1752160157.143113,329985999827.000000
329879819000.000000,1752160157.175370,330018257077.000000
329913141000.000000,1752160157.302370,330145257562.000000
330113069000.000000,1752160157.461510,330304397002.000000
330146392000.000000,1752160157.473217,330316103908.000000
330179712000.000000,1752160157.490006,330332892090.000000
330213034000.000000,1752160157.506292,330349178482.000000
330279675000.000000,1752160157.607563,330450450978.000000
330446282000.000000,1752160157.708262,330551149387.000000
330479604000.000000,1752160157.725827,330568713449.000000
330512926000.000000,1752160157.848772,330691658721.000000
330546248000.000000,1752160157.870915,330713802213.000000
330579570000.000000,1752160157.887480,330730367269.000000
330679532000.000000,1752160158.058132,330901019580.000000
330712854000.000000,1752160158.070144,330913030982.000000
330812817000.000000,1752160158.086748,330929635148.000000
330846141000.000000,1752160158.179321,331022208556.000000
330879462000.000000,1752160158.196224,331039111756.000000
331012745000.000000,1752160158.295675,331138563086.000000
331046069000.000000,1752160158.312201,331155087827.000000
331079389000.000000,1752160158.328578,331171464773.000000
331146031000.000000,1752160158.519088,331361975566.000000
331179353000.000000,1752160158.536094,331378981412.000000
331245995000.000000,1752160158.562995,331405882093.000000
331312638000.000000,1752160158.673834,331516722037.000000
331345960000.000000,1752160158.690409,331533295314.000000
331479245000.000000,1752160158.707371,331550257254.000000
331512566000.000000,1752160158.861672,331704560026.000000
331545888000.000000,1752160158.873812,331716699427.000000
331645851000.000000,1752160158.906324,331749211600.000000
331679173000.000000,1752160159.046198,331889085570.000000
331712496000.000000,1752160159.062771,331905658514.000000
331812458000.000000,1752160159.069192,331912078313.000000
331879103000.000000,1752160159.182080,332024967234.000000
331912422000.000000,1752160159.204077,332046964932.000000
331979066000.000000,1752160159.226095,332068982630.000000
332012388000.000000,1752160159.392901,332235788743.000000
332045709000.000000,1752160159.415231,332258117271.000000
332145673000.000000,1752160159.442121,332285007896.000000
332178994000.000000,1752160159.594006,332436893343.000000
332212315000.000000,1752160159.611010,332453896893.000000
332378922000.000000,1752160159.632825,332475711519.000000
332412244000.000000,1752160159.764267,332607154195.000000
332445566000.000000,1752160159.796268,332639155374.000000
332545529000.000000,1752160159.813000,332655887428.000000
332578851000.000000,1752160159.948963,332791851109.000000
332612172000.000000,1752160159.970735,332813621531.000000
332712135000.000000,1752160159.987364,332830251642.000000
332778778000.000000,1752160160.127626,332970513626.000000
332812101000.000000,1752160160.149342,332992229198.000000
332912065000.000000,1752160160.165958,333008846512.000000
332945387000.000000,1752160160.338799,333181687798.000000
332978708000.000000,1752160160.355941,333198828588.000000
333078672000.000000,1752160160.373156,333216043062.000000
333111993000.000000,1752160160.390133,333233019761.000000
333145313000.000000,1752160160.556106,333398994291.000000
333311921000.000000,1752160160.568129,333411015545.000000
333345242000.000000,1752160160.584863,333427750284.000000
333378565000.000000,1752160160.724256,333567143723.000000
333411887000.000000,1752160160.735985,333578871702.000000
333511847000.000000,1752160160.753325,333596211730.000000
333545170000.000000,1752160160.943896,333786783318.000000
333578491000.000000,1752160160.966090,333808976403.000000
333678454000.000000,1752160160.982795,333825681438.000000
333711777000.000000,1752160160.999093,333841979515.000000
333745099000.000000,1752160161.152286,333995172559.000000
333911705000.000000,1752160161.169173,334012060388.000000
333945027000.000000,1752160161.206880,334049766503.000000
333978349000.000000,1752160161.343289,334186175790.000000
334011670000.000000,1752160161.359701,334202588421.000000
334144954000.000000,1752160161.376470,334219356807.000000
334178277000.000000,1752160161.507084,334349970900.000000
334211599000.000000,1752160161.529103,334371989691.000000
334311562000.000000,1752160161.550964,334393850427.000000
334344883000.000000,1752160161.676933,334519820128.000000
334378205000.000000,1752160161.693338,334536225055.000000
334478168000.000000,1752160161.710171,334553057885.000000
334511490000.000000,1752160161.853485,334696372206.000000
334544812000.000000,1752160161.860083,334702969336.000000
334644775000.000000,1752160161.876828,334719714908.000000
334678097000.000000,1752160162.075993,334918880029.000000
334711419000.000000,1752160162.092534,334935420307.000000
334811382000.000000,1752160162.114425,334957313117.000000
334844703000.000000,1752160162.130861,334973746933.000000
334878024000.000000,1752160162.274529,335117416787.000000
335044632000.000000,1752160162.292342,335135229662.000000
335077952000.000000,1752160162.407782,335250669017.000000
335111274000.000000,1752160162.424652,335267539143.000000
335144595000.000000,1752160162.451643,335294530026.000000
335244559000.000000,1752160162.613930,335456816672.000000
335277882000.000000,1752160162.635666,335478553780.000000
335377846000.000000,1752160162.657234,335500120316.000000
335411166000.000000,1752160162.673562,335516448467.000000
335444488000.000000,1752160162.850775,335693662890.000000
335577774000.000000,1752160162.878345,335721232637.000000
335611095000.000000,1752160162.894461,335737347623.000000
335644416000.000000,1752160163.061534,335904420844.000000
335677739000.000000,1752160163.083303,335926189989.000000
335811023000.000000,1752160163.104887,335947773600.000000
335844344000.000000,1752160163.121738,335964624485.000000
335877666000.000000,1752160163.353097,336195985227.000000
336044272000.000000,1752160163.380322,336223208496.000000
336077594000.000000,1752160163.397100,336239986642.000000
336110916000.000000,1752160163.413383,336256269941.000000
336177557000.000000,1752160163.593341,336436229852.000000
336344165000.000000,1752160163.605220,336448106645.000000
336377487000.000000,1752160163.621687,336464575293.000000
336410808000.000000,1752160163.757721,336600608955.000000
336444128000.000000,1752160163.780176,336623062408.000000
336544093000.000000,1752160163.807989,336650876652.000000
336577414000.000000,1752160163.974681,336817568581.000000
336610737000.000000,1752160163.991203,336834091007.000000
336744022000.000000,1752160164.013437,336856323851.000000
336777343000.000000,1752160164.030143,336873029164.000000
336810665000.000000,1752160164.184399,337027286159.000000
336943950000.000000,1752160164.212417,337055303808.000000
336977271000.000000,1752160164.351488,337194375917.000000
337010592000.000000,1752160164.379412,337222298604.000000
337043914000.000000,1752160164.406337,337249224414.000000
337143878000.000000,1752160164.427348,337270234734.000000
337177200000.000000,1752160164.616331,337459218062.000000
337343804000.000000,1752160164.627924,337470811155.000000
337377127000.000000,1752160164.644514,337487401172.000000
337410448000.000000,1752160164.666093,337508978820.000000
337443770000.000000,1752160164.849612,337692499542.000000
337577054000.000000,1752160164.871846,337714733441.000000
337610376000.000000,1752160164.894243,337737129950.000000
337643698000.000000,1752160165.053564,337896451443.000000
337677020000.000000,1752160165.060631,337903518531.000000
337810304000.000000,1752160165.077280,337920167104.000000
337843626000.000000,1752160165.088448,337931335238.000000
337876948000.000000,1752160165.228107,338070994359.000000
338043554000.000000,1752160165.317710,338160598152.000000
338076878000.000000,1752160165.340030,338182916587.000000
338110196000.000000,1752160165.356600,338199486976.000000
338143518000.000000,1752160165.467950,338310839266.000000
338176840000.000000,1752160165.502166,338345054420.000000
338276803000.000000,1752160165.595899,338438786518.000000
338310126000.000000,1752160165.607753,338450639996.000000
338343447000.000000,1752160165.624024,338466910592.000000
338410089000.000000,1752160165.739942,338582829201.000000
338443410000.000000,1752160165.756507,338599394590.000000
338543375000.000000,1752160165.773465,338616352770.000000
338576697000.000000,1752160165.943897,338786784325.000000
338610019000.000000,1752160165.955832,338798719765.000000
338709981000.000000,1752160165.977693,338820580280.000000
338743303000.000000,1752160165.989129,338832015281.000000
338776626000.000000,1752160166.157660,339000547764.000000
338909910000.000000,1752160166.175008,339017894274.000000
338943232000.000000,1752160166.281839,339124726577.000000
338976553000.000000,1752160166.298693,339141579277.000000
339009875000.000000,1752160166.320392,339163279257.000000
339109838000.000000,1752160166.453471,339296359507.000000
339143161000.000000,1752160166.476341,339319228214.000000
339276445000.000000,1752160166.614496,339457384352.000000
339309767000.000000,1752160166.630849,339473735724.000000
339343091000.000000,1752160166.652092,339494979227.000000
339409730000.000000,1752160166.668641,339511527746.000000
339443053000.000000,1752160166.874225,339717112165.000000
339609657000.000000,1752160166.896179,339739066642.000000
339642980000.000000,1752160166.912697,339755582901.000000
339676301000.000000,1752160166.929280,339772166586.000000
339709623000.000000,1752160167.082421,339925308149.000000
339842907000.000000,1752160167.109954,339952841229.000000
339876230000.000000,1752160167.126536,339969423618.000000
339909553000.000000,1752160167.218210,340061097387.000000
339942875000.000000,1752160167.240868,340083755041.000000
340042836000.000000,1752160167.361632,340204519040.000000
340076159000.000000,1752160167.378037,340220923764.000000
340109480000.000000,1752160167.395023,340237911352.000000
340209444000.000000,1752160167.522396,340365284357.000000
340242766000.000000,1752160167.539112,340381998955.000000
340342729000.000000,1752160167.661725,340504612931.000000
340376051000.000000,1752160167.678452,340521337955.000000
340409372000.000000,1752160167.706022,340548908492.000000
340476014000.000000,1752160167.819725,340662612379.000000
340509339000.000000,1752160167.846626,340689512552.000000
340609299000.000000,1752160167.867988,340710875396.000000
340642622000.000000,1752160167.975391,340818278721.000000
340675944000.000000,1752160167.997806,340840692850.000000
340775906000.000000,1752160168.014573,340857459559.000000
340809229000.000000,1752160168.178372,341021260147.000000
340842551000.000000,1752160168.210382,341053268377.000000
340975835000.000000,1752160168.226958,341069844624.000000
341009157000.000000,1752160168.400584,341243471940.000000
341042478000.000000,1752160168.422598,341265484296.000000
341142442000.000000,1752160168.438934,341281819860.000000
341175764000.000000,1752160168.455754,341298640457.000000
341209085000.000000,1752160168.599079,341441965877.000000
341375691000.000000,1752160168.620778,341463665773.000000
341409013000.000000,1752160168.750484,341593371803.000000
341442336000.000000,1752160168.768064,341610951243.000000
341475657000.000000,1752160168.779760,341622646450.000000
341575619000.000000,1752160168.900420,341743307114.000000
341608942000.000000,1752160168.917238,341760125933.000000
341708907000.000000,1752160169.050543,341893430517.000000
341742227000.000000,1752160169.062176,341905061817.000000
341775548000.000000,1752160169.079015,341921901155.000000
341842190000.000000,1752160169.090495,341933381957.000000
341908835000.000000,1752160169.265285,342108172279.000000
342008797000.000000,1752160169.281911,342124798415.000000
342042118000.000000,1752160169.298236,342141122776.000000
342075440000.000000,1752160169.411924,342254811663.000000
342108762000.000000,1752160169.433845,342276731334.000000
342208725000.000000,1752160169.592946,342435833103.000000
342242047000.000000,1752160169.609670,342452557275.000000
342275368000.000000,1752160169.635841,342478726901.000000
342375332000.000000,1752160169.662904,342505789868.000000
342408654000.000000,1752160169.828997,342671884914.000000
342575260000.000000,1752160169.851167,342694054342.000000
342608582000.000000,1752160169.868210,342711097158.000000
342641903000.000000,1752160169.981799,342824686195.000000
342675227000.000000,1752160170.009937,342852824669.000000
342775189000.000000,1752160170.031790,342874677416.000000
342808512000.000000,1752160170.170492,343013379311.000000
342841833000.000000,1752160170.187260,343030146612.000000
342975117000.000000,1752160170.209192,343052079487.000000
343008440000.000000,1752160170.343613,343186499947.000000
343041761000.000000,1752160170.366049,343208937243.000000
343141725000.000000,1752160170.388473,343231360187.000000
343175046000.000000,1752160170.489378,343332265397.000000
343208367000.000000,1752160170.511182,343354069273.000000
343341652000.000000,1752160170.655930,343498818141.000000
343374975000.000000,1752160170.672782,343515669255.000000
343408299000.000000,1752160170.689342,343532229003.000000
343474937000.000000,1752160170.854697,343697584334.000000
343508261000.000000,1752160170.876846,343719733096.000000
343608226000.000000,1752160170.898303,343741188791.000000
343641546000.000000,1752160170.915018,343757904166.000000
343674867000.000000,1752160171.100266,343943152950.000000
343841473000.000000,1752160171.117031,343959918065.000000
343874795000.000000,1752160171.139303,343982190066.000000
343908116000.000000,1752160171.257052,344099939965.000000
343941439000.000000,1752160171.274148,344117035189.000000
344041401000.000000,1752160171.384413,344227300668.000000
344074723000.000000,1752160171.401093,344243980433.000000
344108045000.000000,1752160171.423068,344265956159.000000
344208007000.000000,1752160171.575069,344417956227.000000
344241330000.000000,1752160171.591573,344434461216.000000
344341293000.000000,1752160171.623600,344466486223.000000
344374615000.000000,1752160171.645075,344487961269.000000
344407938000.000000,1752160171.827773,344670660488.000000
344574543000.000000,1752160171.844350,344687236624.000000
344607865000.000000,1752160171.944058,344786945088.000000
344641187000.000000,1752160171.966187,344809074183.000000
344674508000.000000,1752160171.982680,344825566727.000000
344774471000.000000,1752160172.110532,344953419147.000000
344807793000.000000,1752160172.132630,344975517761.000000
344941078000.000000,1752160172.212225,345055112497.000000
344974400000.000000,1752160172.233949,345076836448.000000
345007722000.000000,1752160172.250472,345093359492.000000
345041042000.000000,1752160172.383175,345226062805.000000
345074365000.000000,1752160172.415794,345258681768.000000
345207651000.000000,1752160172.583054,345425941634.000000
345240974000.000000,1752160172.605726,345448613353.000000
345274294000.000000,1752160172.622487,345465373895.000000
345374257000.000000,1752160172.638765,345481651349.000000
345407580000.000000,1752160172.851717,345694605057.000000
345574186000.000000,1752160172.868534,345711420338.000000
345607507000.000000,1752160172.900604,345743490808.000000
345640830000.000000,1752160173.050985,345893873319.000000
345674151000.000000,1752160173.068088,345910974801.000000
345840757000.000000,1752160173.084841,345927728917.000000
345874078000.000000,1752160173.229287,346072174288.000000
345907400000.000000,1752160173.240861,346083748423.000000
346007363000.000000,1752160173.257770,346100657463.000000
346040687000.000000,1752160173.381485,346224373483.000000
346074007000.000000,1752160173.408476,346251363655.000000
346173971000.000000,1752160173.424984,346267871329.000000
346207293000.000000,1752160173.543179,346386065798.000000
346240615000.000000,1752160173.570573,346413460151.000000
346340577000.000000,1752160173.587127,346430014750.000000
346373900000.000000,1752160173.762527,346605414251.000000
346407221000.000000,1752160173.789103,346631990150.000000
346507183000.000000,1752160173.810604,346653490493.000000
346540505000.000000,1752160173.826917,346669803909.000000
346573827000.000000,1752160174.004010,346846897225.000000
346740433000.000000,1752160174.015813,346858700209.000000
346773755000.000000,1752160174.032624,346875510750.000000
346807077000.000000,1752160174.192791,347035678026.000000
346840397000.000000,1752160174.209362,347052248681.000000
346940361000.000000,1752160174.225798,347068684689.000000
346973684000.000000,1752160174.252833,347095720287.000000
347007005000.000000,1752160174.433847,347276734209.000000
347173612000.000000,1752160174.450377,347293264457.000000
347206935000.000000,1752160174.473182,347316068841.000000
347273577000.000000,1752160174.654981,347497868328.000000
347306899000.000000,1752160174.676766,347519653242.000000
347406861000.000000,1752160174.699342,347542229128.000000
347473504000.000000,1752160174.824004,347666891268.000000
347506826000.000000,1752160174.840616,347683502848.000000
347606790000.000000,1752160174.857158,347700045874.000000
347640113000.000000,1752160175.027524,347870411910.000000
347673434000.000000,1752160175.049486,347892373007.000000
347773395000.000000,1752160175.071127,347914013829.000000
347806719000.000000,1752160175.092173,347935060325.000000
347840040000.000000,1752160175.214965,348057852781.000000
348039968000.000000,1752160175.314932,348157820371.000000
348073290000.000000,1752160175.331923,348174810651.000000
348106610000.000000,1752160175.353384,348196272087.000000
348139932000.000000,1752160175.491307,348334195046.000000
348173254000.000000,1752160175.513192,348356078570.000000
348273218000.000000,1752160175.529565,348372451542.000000
348306539000.000000,1752160175.728518,348571405437.000000
348339862000.000000,1752160175.744916,348587802557.000000
348439824000.000000,1752160175.771366,348614252420.000000
348473148000.000000,1752160175.940456,348783342915.000000
348506468000.000000,1752160175.957212,348800098493.000000
348673073000.000000,1752160175.973401,348816288004.000000
348706396000.000000,1752160175.989934,348832820956.000000
348739721000.000000,1752160176.155812,348998699337.000000
348939645000.000000,1752160176.172762,349015649210.000000
348972967000.000000,1752160176.283747,349126635182.000000
349006289000.000000,1752160176.300351,349143238540.000000
349039610000.000000,1752160176.316964,349159850917.000000
349106252000.000000,1752160176.439931,349282819334.000000
349139574000.000000,1752160176.456761,349299648504.000000
349239537000.000000,1752160176.473535,349316422101.000000
349272859000.000000,1752160176.629890,349472778159.000000
349306181000.000000,1752160176.646638,349489524534.000000
349406144000.000000,1752160176.674432,349517319124.000000
349439466000.000000,1752160176.812701,349655588265.000000
349472789000.000000,1752160176.839926,349682812972.000000
349572751000.000000,1752160176.856120,349699006205.000000
349606073000.000000,1752160176.979967,349822853631.000000
349639395000.000000,1752160177.002249,349845135483.000000
349772679000.000000,1752160177.018683,349861569640.000000
349806002000.000000,1752160177.153100,349995988193.000000
349839323000.000000,1752160177.164838,350007725140.000000
349939285000.000000,1752160177.186894,350029781162.000000
349972608000.000000,1752160177.331351,350174238755.000000
350005930000.000000,1752160177.358623,350201509943.000000
350105892000.000000,1752160177.381505,350224391752.000000
350139214000.000000,1752160177.520319,350363205776.000000
350172536000.000000,1752160177.537297,350380183760.000000
350305820000.000000,1752160177.553750,350396636694.000000
350339143000.000000,1752160177.701382,350544269512.000000
350372465000.000000,1752160177.717807,350560694817.000000
350505750000.000000,1752160177.734616,350577503099.000000
350539071000.000000,1752160177.905026,350747913598.000000
350572393000.000000,1752160177.921883,350764777620.000000
350672356000.000000,1752160177.948886,350791772792.000000
350705679000.000000,1752160178.067290,350910176869.000000
350738999000.000000,1752160178.089285,350932171595.000000
350872284000.000000,1752160178.110940,350953826418.000000
350905606000.000000,1752160178.305360,351148247084.000000
350938928000.000000,1752160178.327077,351169963480.000000
351038891000.000000,1752160178.338470,351181356765.000000
351072212000.000000,1752160178.505617,351348504317.000000
351105535000.000000,1752160178.517327,351360213783.000000
351272140000.000000,1752160178.544899,351387785394.000000
351305463000.000000,1752160178.561385,351404271865.000000
351338785000.000000,1752160178.718839,351561726744.000000
351472070000.000000,1752160178.735768,351578655154.000000
351505391000.000000,1752160178.752366,351595253734.000000
351538713000.000000,1752160178.919841,351762728672.000000
351572035000.000000,1752160178.947227,351790113488.000000
351671998000.000000,1752160178.963578,351806464664.000000
351705320000.000000,1752160178.979903,351822789285.000000
351738641000.000000,1752160179.112025,351954912029.000000
351905249000.000000,1752160179.123588,351966475108.000000
351938570000.000000,1752160179.242985,352085872156.000000
351971891000.000000,1752160179.260777,352103664002.000000
352005212000.000000,1752160179.287882,352130768728.000000
352038533000.000000,1752160179.419883,352262770326.000000
352071855000.000000,1752160179.441907,352284793404.000000
352205140000.000000,1752160179.464004,352306892166.000000
352238462000.000000,1752160179.579817,352422705697.000000
352271784000.000000,1752160179.617444,352460331069.000000
352371747000.000000,1752160179.629187,352472073610.000000
352405069000.000000,1752160179.771152,352614040359.000000
352438391000.000000,1752160179.792846,352635732922.000000
352538353000.000000,1752160179.814450,352657336819.000000
352571676000.000000,1752160179.836083,352678970030.000000
352604997000.000000,1752160180.048795,352891682648.000000
352771603000.000000,1752160180.055465,352898352057.000000
352804925000.000000,1752160180.135714,352978601638.000000
352838247000.000000,1752160180.157524,353000410681.000000
352871569000.000000,1752160180.169286,353012172943.000000
352971532000.000000,1752160180.325227,353168115542.000000
353004855000.000000,1752160180.347165,353190052195.000000
353104817000.000000,1752160180.363593,353206481110.000000
353138139000.000000,1752160180.509463,353352350077.000000
353171461000.000000,1752160180.526078,353368964546.000000
353271425000.000000,1752160180.537597,353380483607.000000
353304746000.000000,1752160180.564198,353407084821.000000
353338067000.000000,1752160180.703366,353546253304.000000
353504673000.000000,1752160180.826036,353668923373.000000
353537996000.000000,1752160180.842341,353685227197.000000
353571317000.000000,1752160180.864330,353707217664.000000
353604638000.000000,1752160180.880567,353723453378.000000
353671282000.000000,1752160181.048409,353891296571.000000
353804566000.000000,1752160181.065875,353908762087.000000
353837889000.000000,1752160181.218486,354061373407.000000
353871210000.000000,1752160181.230284,354073171169.000000
353904532000.000000,1752160181.246748,354089634102.000000
354004495000.000000,1752160181.268525,354111410849.000000
354037820000.000000,1752160181.379425,354222313081.000000
354204423000.000000,1752160181.500493,354343379537.000000
354237745000.000000,1752160181.516931,354359817509.000000
354271066000.000000,1752160181.543725,354386611942.000000
354304387000.000000,1752160181.560369,354403256022.000000
354337708000.000000,1752160181.690941,354533829209.000000
354504316000.000000,1752160181.877571,354720458737.000000
354537638000.000000,1752160181.904491,354747377984.000000
354570958000.000000,1752160181.920920,354763806641.000000
354604280000.000000,1752160181.947732,354790618556.000000
354670922000.000000,1752160181.964364,354807249599.000000
354904172000.000000,1752160182.147390,354990279258.000000
354937494000.000000,1752160182.274471,355117358686.000000
354970815000.000000,1752160182.291212,355134100154.000000
355004137000.000000,1752160182.308153,355151039638.000000
355037459000.000000,1752160182.334762,355177649519.000000
355104100000.000000,1752160182.505144,355348031388.000000
355270706000.000000,1752160182.521970,355364857503.000000
355304029000.000000,1752160182.648448,355491335993.000000
355337350000.000000,1752160182.665728,355508615363.000000
355370673000.000000,1752160182.687334,355530220575.000000
355470635000.000000,1752160182.853943,355696830651.000000
355503958000.000000,1752160182.870590,355713477176.000000
355603921000.000000,1752160182.892073,355734960185.000000
355637248000.000000,1752160182.908574,355751460397.000000
355670564000.000000,1752160183.017911,355860798923.000000
355837171000.000000,1752160183.159264,356002152364.000000
355870492000.000000,1752160183.176218,356019105311.000000
355903814000.000000,1752160183.192514,356035400969.000000
355937135000.000000,1752160183.208723,356051609721.000000
355970455000.000000,1752160183.345353,356188244694.000000
356137062000.000000,1752160183.362251,356205139494.000000
356170386000.000000,1752160183.545515,356388403225.000000
356203707000.000000,1752160183.562293,356405179377.000000
356237028000.000000,1752160183.578546,356421433387.000000
356370312000.000000,1752160183.715950,356558838038.000000
356403634000.000000,1752160183.732852,356575738411.000000
356503599000.000000,1752160183.749291,356592178771.000000
356536921000.000000,1752160183.869011,356711898779.000000
356570242000.000000,1752160183.891000,356733886950.000000
356670205000.000000,1752160183.902447,356745333289.000000
356703527000.000000,1752160184.072302,356915188961.000000
356736849000.000000,1752160184.088786,356931672654.000000
356803491000.000000,1752160184.105567,356948454251.000000
356836811000.000000,1752160184.122374,356965260736.000000
356903454000.000000,1752160184.278120,357121007634.000000
357036740000.000000,1752160184.300314,357143201006.000000
357070061000.000000,1752160184.432940,357275827356.000000
357103384000.000000,1752160184.460583,357303470373.000000
357136706000.000000,1752160184.476927,357319813012.000000
357236669000.000000,1752160184.493213,357336099781.000000
357269991000.000000,1752160184.632360,357475247098.000000
357436596000.000000,1752160184.648628,357491514386.000000
357469919000.000000,1752160184.782586,357625473462.000000
357503241000.000000,1752160184.799490,357642377002.000000
357536561000.000000,1752160184.821092,357663978862.000000
357603204000.000000,1752160184.983492,357826380317.000000
357636526000.000000,1752160185.000302,357843188896.000000
357769809000.000000,1752160185.016619,357859507553.000000
357803132000.000000,1752160185.171024,358013911058.000000
357836454000.000000,1752160185.187686,358030573193.000000
357936416000.000000,1752160185.220381,358063267878.000000
357969739000.000000,1752160185.236841,358079727257.000000
358003061000.000000,1752160185.357364,358200251515.000000
358169666000.000000,1752160185.516538,358359425227.000000
358202989000.000000,1752160185.538114,358381000624.000000
358236310000.000000,1752160185.555055,358397941794.000000
358269632000.000000,1752160185.566913,358409799481.000000
358369595000.000000,1752160185.765783,358608671525.000000
358469558000.000000,1752160185.788914,358631801295.000000
358502880000.000000,1752160185.816432,358659320146.000000
358536201000.000000,1752160185.838336,358681222133.000000
358569524000.000000,1752160185.943513,358786400667.000000
358769452000.000000,1752160186.027269,358870156488.000000
358802774000.000000,1752160186.043953,358886839678.000000
358836094000.000000,1752160186.191871,359034758401.000000
358869416000.000000,1752160186.209009,359051896161.000000
358902738000.000000,1752160186.236577,359079464049.000000
359002701000.000000,1752160186.355072,359197959348.000000
359036023000.000000,1752160186.371947,359214833795.000000
359169307000.000000,1752160186.482648,359325535659.000000
359202631000.000000,1752160186.499614,359342501421.000000
359235952000.000000,1752160186.516532,359359419535.000000
359302593000.000000,1752160186.682265,359525152732.000000
359335917000.000000,1752160186.704658,359547544991.000000
359435880000.000000,1752160186.720895,359563780798.000000
359469202000.000000,1752160186.737239,359580125863.000000
359502522000.000000,1752160186.867236,359710123611.000000
359669130000.000000,1752160186.980062,359822949397.000000
359702451000.000000,1752160186.996886,359839773549.000000
359735772000.000000,1752160187.018158,359861044505.000000
359769094000.000000,1752160187.168187,360011074538.000000
359802415000.000000,1752160187.174235,360017121158.000000
359935700000.000000,1752160187.196019,360038905646.000000
359969023000.000000,1752160187.217993,360060879169.000000
360002343000.000000,1752160187.380859,360223746434.000000
360135627000.000000,1752160187.402926,360245814252.000000
360168950000.000000,1752160187.536328,360379216019.000000
360202272000.000000,1752160187.553097,360395984024.000000
360235594000.000000,1752160187.569751,360412638344.000000
360335557000.000000,1752160187.590774,360433659896.000000
360368879000.000000,1752160187.732363,360575250686.000000
360535485000.000000,1752160187.748988,360591875489.000000
360568808000.000000,1752160187.882526,360725413792.000000
360602129000.000000,1752160187.904305,360747192483.000000
360635450000.000000,1752160187.920708,360763595011.000000
360735413000.000000,1752160188.030127,360873014721.000000
360768734000.000000,1752160188.046578,360889465026.000000
360868698000.000000,1752160188.156892,360999779986.000000
360902022000.000000,1752160188.189306,361032192193.000000
360935341000.000000,1752160188.205602,361048488814.000000
360968663000.000000,1752160188.352993,361195880005.000000
361035306000.000000,1752160188.369810,361212696972.000000
361135270000.000000,1752160188.391362,361234248944.000000
361168592000.000000,1752160188.543935,361386823079.000000
361201915000.000000,1752160188.571880,361414767278.000000
361301877000.000000,1752160188.603952,361446838784.000000
361335200000.000000,1752160188.620323,361463209738.000000
361368520000.000000,1752160188.771729,361614616330.000000
361535127000.000000,1752160188.788717,361631603832.000000
361568448000.000000,1752160188.885727,361728613955.000000
361601770000.000000,1752160188.902501,361745388663.000000
361635092000.000000,1752160188.924199,361767086226.000000
361701733000.000000,1752160189.051059,361893946175.000000
361768377000.000000,1752160189.057619,361900505604.000000
361868340000.000000,1752160189.174635,362017521863.000000
361901662000.000000,1752160189.186477,362029365402.000000
361934984000.000000,1752160189.218590,362061477186.000000
362001627000.000000,1752160189.353143,362196030700.000000
362034948000.000000,1752160189.364818,362207705112.000000
362134911000.000000,1752160189.381387,362224274470.000000
362168233000.000000,1752160189.499252,362342139812.000000
362201554000.000000,1752160189.526956,362369842866.000000
362301518000.000000,1752160189.543269,362386156913.000000
362334840000.000000,1752160189.644650,362487538173.000000
362368161000.000000,1752160189.666401,362509288587.000000
362468126000.000000,1752160189.804112,362646999012.000000
362501447000.000000,1752160189.831194,362674081239.000000
362534768000.000000,1752160189.848039,362690925928.000000
362601410000.000000,1752160189.869522,362712408622.000000
362634732000.000000,1752160189.973295,362816182690.000000
362801339000.000000,1752160190.073066,362915953209.000000
362834661000.000000,1752160190.090095,362932982137.000000
362867982000.000000,1752160190.106824,362949711920.000000
362901305000.000000,1752160190.228321,363071208093.000000
362934625000.000000,1752160190.244979,363087867154.000000
363034589000.000000,1752160190.372649,363215536298.000000
363067911000.000000,1752160190.384545,363227432448.000000
363101233000.000000,1752160190.401490,363244376636.000000
363167874000.000000,1752160190.418103,363260989272.000000
363201196000.000000,1752160190.568551,363411438634.000000
363334481000.000000,1752160190.585177,363428064159.000000
363367802000.000000,1752160190.713272,363556160409.000000
363401124000.000000,1752160190.730169,363573057116.000000
363434446000.000000,1752160190.752209,363595096434.000000
363534409000.000000,1752160190.897528,363740416796.000000
363567731000.000000,1752160190.919678,363762565205.000000
363667696000.000000,1752160190.936095,363778981918.000000
363701018000.000000,1752160191.064635,363907522441.000000
363734338000.000000,1752160191.081171,363924058837.000000
363867622000.000000,1752160191.098199,363941086006.000000
363900944000.000000,1752160191.230753,364073640319.000000
363934266000.000000,1752160191.247239,364090127235.000000
364034229000.000000,1752160191.264025,364106911998.000000
364067552000.000000,1752160191.376557,364219444527.000000
364100873000.000000,1752160191.393154,364236041441.000000
364200837000.000000,1752160191.526527,364369413654.000000
364234159000.000000,1752160191.543996,364386882521.000000
364267479000.000000,1752160191.570968,364413854305.000000
364334123000.000000,1752160191.682899,364525786841.000000
364400766000.000000,1752160191.700555,364543442299.000000
364500729000.000000,1752160191.820969,364663857039.000000
364534051000.000000,1752160191.837347,364680234030.000000
364567375000.000000,1752160191.859290,364702177071.000000
364634015000.000000,1752160192.030941,364873828501.000000
364667338000.000000,1752160192.047822,364890708930.000000
364767300000.000000,1752160192.069360,364912247347.000000
364800622000.000000,1752160192.091080,364933967002.000000
364833942000.000000,1752160192.239079,365081966964.000000
365000551000.000000,1752160192.256030,365098916726.000000
365033872000.000000,1752160192.377506,365220393437.000000
365067194000.000000,1752160192.415364,365258250196.000000
365100515000.000000,1752160192.437208,365280094757.000000
365167157000.000000,1752160192.453447,365296333360.000000
365200479000.000000,1752160192.602331,365445218572.000000
365367086000.000000,1752160192.629987,365472875052.000000
365400406000.000000,1752160192.652199,365495086109.000000
365433728000.000000,1752160192.750146,365593034240.000000
365467050000.000000,1752160192.766535,365609422285.000000
365600336000.000000,1752160192.900063,365742950033.000000
365633657000.000000,1752160192.906595,365749481611.000000
365666979000.000000,1752160192.923173,365766060395.000000
365700298000.000000,1752160192.939708,365782595051.000000
365733621000.000000,1752160193.145623,365988510871.000000
365866905000.000000,1752160193.166815,366009701457.000000
365900227000.000000,1752160193.262031,366104919025.000000
365933549000.000000,1752160193.278623,366121509235.000000
365966871000.000000,1752160193.295309,366138195556.000000
366133478000.000000,1752160193.416888,366259775932.000000
366166801000.000000,1752160193.434419,366277305780.000000
366233440000.000000,1752160193.507417,366350304031.000000
366266763000.000000,1752160193.524342,366367228331.000000
366300084000.000000,1752160193.540988,366383875429.000000
366366727000.000000,1752160193.701165,366544051927.000000
366400050000.000000,1752160193.717933,366560819913.000000
366466690000.000000,1752160193.734371,366577258495.000000
366500013000.000000,1752160193.750730,366593616208.000000
366533334000.000000,1752160193.869963,366712850036.000000
366666619000.000000,1752160193.892300,366735187147.000000
366699941000.000000,1752160194.002028,366844915503.000000
366733263000.000000,1752160194.019054,366861941449.000000
366766584000.000000,1752160194.040946,366883833880.000000
366833226000.000000,1752160194.187338,367030225971.000000
366866549000.000000,1752160194.203787,367046672757.000000
366966511000.000000,1752160194.225663,367068549688.000000
366999833000.000000,1752160194.380126,367223012932.000000
367033155000.000000,1752160194.402095,367244981640.000000
367166440000.000000,1752160194.429344,367272231013.000000
367199761000.000000,1752160194.578716,367421604053.000000
367233082000.000000,1752160194.595343,367438230374.000000
367366367000.000000,1752160194.612094,367454982435.000000
367399689000.000000,1752160194.742572,367585460252.000000
367433011000.000000,1752160194.764938,367607824697.000000
367532973000.000000,1752160194.781311,367624198039.000000
367566295000.000000,1752160194.942840,367785727226.000000
367599619000.000000,1752160194.959778,367802664766.000000
367732904000.000000,1752160194.976144,367819030645.000000
367766225000.000000,1752160195.099824,367942712017.000000
367799545000.000000,1752160195.132639,367975525868.000000
367932831000.000000,1752160195.233691,368076577983.000000
367966153000.000000,1752160195.255731,368098618191.000000
367999474000.000000,1752160195.272275,368115161216.000000
368066117000.000000,1752160195.372932,368215819373.000000
368099439000.000000,1752160195.389846,368232876097.000000
368199401000.000000,1752160195.509933,368352820843.000000
368232726000.000000,1752160195.526829,368369716013.000000
368266045000.000000,1752160195.543440,368386327093.000000
368332688000.000000,1752160195.685941,368528827837.000000
368366010000.000000,1752160195.702451,368545338178.000000
368465974000.000000,1752160195.729866,368572753382.000000
368499295000.000000,1752160195.879107,368721995035.000000
368532616000.000000,1752160195.896104,368738991037.000000
368632579000.000000,1752160195.912642,368755529767.000000
368665902000.000000,1752160195.929948,368772834802.000000
368699224000.000000,1752160196.047674,368890561498.000000
368865829000.000000,1752160196.152945,368995832809.000000
368899152000.000000,1752160196.169972,369012859144.000000
368932473000.000000,1752160196.197457,369040343737.000000
368965795000.000000,1752160196.293548,369136435184.000000
368999116000.000000,1752160196.310786,369153674906.000000
369132403000.000000,1752160196.478089,369320976179.000000
369165724000.000000,1752160196.505275,369348161368.000000
369199045000.000000,1752160196.527092,369369977929.000000
369232365000.000000,1752160196.543409,369386296587.000000
369265687000.000000,1752160196.654162,369497049265.000000
369465616000.000000,1752160196.783200,369626087228.000000
369498938000.000000,1752160196.804639,369647526256.000000
369532258000.000000,1752160196.837388,369680274755.000000
369565578000.000000,1752160196.853762,369696648227.000000
369632223000.000000,1752160196.977152,369820039602.000000
369798828000.000000,1752160197.103777,369946665591.000000
369832152000.000000,1752160197.115659,369958545982.000000
369865472000.000000,1752160197.127455,369970342132.000000
369898793000.000000,1752160197.218386,370061273431.000000
369932115000.000000,1752160197.235022,370077909123.000000
370032078000.000000,1752160197.361693,370204580907.000000
370065399000.000000,1752160197.378508,370221395578.000000
370098720000.000000,1752160197.395414,370238301174.000000
370165363000.000000,1752160197.518857,370361744233.000000
370198684000.000000,1752160197.545827,370388714054.000000
370298648000.000000,1752160197.562780,370405667798.000000
370365293000.000000,1752160197.759148,370602035091.000000
370398613000.000000,1752160197.781729,370624615440.000000
370498577000.000000,1752160197.808661,370651547113.000000
370531899000.000000,1752160197.825073,370667959178.000000
370565220000.000000,1752160197.975347,370818235504.000000
370765149000.000000,1752160197.986870,370829757102.000000
370798470000.000000,1752160198.118300,370961187724.000000
370831793000.000000,1752160198.135322,370978208893.000000
370865113000.000000,1752160198.152041,370994928435.000000
370931756000.000000,1752160198.312063,371154949935.000000
370965078000.000000,1752160198.339194,371182082031.000000
371065041000.000000,1752160198.355845,371198731241.000000
371098363000.000000,1752160198.372521,371215407950.000000
371131684000.000000,1752160198.506054,371348941272.000000
371298291000.000000,1752160198.538698,371381585106.000000
371331614000.000000,1752160198.694609,371537496464.000000
371364934000.000000,1752160198.711071,371553958509.000000
371398256000.000000,1752160198.722878,371565765882.000000
371531539000.000000,1752160198.865798,371708685732.000000
371564863000.000000,1752160198.888316,371731202990.000000
371664825000.000000,1752160198.910014,371752900923.000000
371698148000.000000,1752160199.045457,371888344669.000000
371731469000.000000,1752160199.068198,371911084572.000000
371864753000.000000,1752160199.200970,372043857828.000000
371898075000.000000,1752160199.217877,372060764609.000000
371931396000.000000,1752160199.234237,372077124155.000000
371998039000.000000,1752160199.250474,372093360943.000000
372031360000.000000,1752160199.436603,372279490661.000000
372164645000.000000,1752160199.459299,372302186491.000000
372197967000.000000,1752160199.461065,372303952194.000000
372231288000.000000,1752160199.592931,372435818589.000000
372264610000.000000,1752160199.620838,372463725270.000000
372364574000.000000,1752160199.637102,372479988688.000000
372397895000.000000,1752160199.779254,372622141750.000000
372431217000.000000,1752160199.806869,372649756731.000000
372564502000.000000,1752160199.834650,372677537691.000000
372597824000.000000,1752160199.947937,372790825860.000000
372631146000.000000,1752160199.970002,372812888585.000000
372764431000.000000,1752160200.123868,372966755262.000000
372797752000.000000,1752160200.145759,372988646323.000000
372831075000.000000,1752160200.183831,373026717691.000000
372897716000.000000,1752160200.205639,373048526030.000000
372964359000.000000,1752160200.360678,373203566028.000000
373130966000.000000,1752160200.377275,373220163460.000000
373164287000.000000,1752160200.494616,373337503197.000000
373197610000.000000,1752160200.516523,373359410387.000000
373230932000.000000,1752160200.533328,373376215095.000000
373330893000.000000,1752160200.715657,373558544317.000000
373364215000.000000,1752160200.737362,373580248380.000000
373497500000.000000,1752160200.749368,373592255473.000000
373530823000.000000,1752160200.851996,373694883627.000000
373564144000.000000,1752160200.889467,373732354298.000000
373697431000.000000,1752160201.040564,373883451152.000000
373730751000.000000,1752160201.057385,373900271564.000000
373764072000.000000,1752160201.079038,373921925035.000000
373864036000.000000,1752160201.216575,374059463646.000000
373897359000.000000,1752160201.233280,374076166448.000000
373997321000.000000,1752160201.244827,374087713546.000000
374030643000.000000,1752160201.421799,374264685937.000000
374063964000.000000,1752160201.438514,374281400794.000000
374163928000.000000,1752160201.460431,374303316947.000000
374197250000.000000,1752160201.579661,374422548441.000000
374230571000.000000,1752160201.618050,374460937658.000000
374397178000.000000,1752160201.741017,374583905667.000000
374430500000.000000,1752160201.768650,374611536944.000000
374463821000.000000,1752160201.785332,374628219023.000000
374563785000.000000,1752160201.898776,374741662858.000000
374597107000.000000,1752160201.910553,374753439675.000000
374697071000.000000,1752160201.932365,374775251626.000000
374730393000.000000,1752160202.073298,374916184812.000000
374763714000.000000,1752160202.095848,374938735291.000000
374863678000.000000,1752160202.117337,374960223560.000000
374897000000.000000,1752160202.261362,375104249343.000000
374930322000.000000,1752160202.277944,375120831183.000000
375063606000.000000,1752160202.294681,375137568817.000000
375096928000.000000,1752160202.406004,375248891989.000000
375130249000.000000,1752160202.433376,375276262417.000000
375230212000.000000,1752160202.529828,375372714675.000000
375263534000.000000,1752160202.546509,375389396217.000000
375296856000.000000,1752160202.568175,375411061466.000000
375363498000.000000,1752160202.722850,375565737134.000000
375396820000.000000,1752160202.739701,375582588675.000000
375496784000.000000,1752160202.756071,375598958498.000000
375530105000.000000,1752160202.772544,375615430506.000000
375563427000.000000,1752160202.929731,375772618610.000000
375696712000.000000,1752160202.946450,375789337208.000000
375730033000.000000,1752160203.072589,375915476887.000000
375763355000.000000,1752160203.089155,375932041561.000000
375796676000.000000,1752160203.105675,375948562383.000000
375863319000.000000,1752160203.122292,375965178537.000000
375896641000.000000,1752160203.300129,376143015900.000000
376029926000.000000,1752160203.317183,376160070013.000000
376063248000.000000,1752160203.334032,376176918943.000000
376096569000.000000,1752160203.451690,376294577695.000000
376129890000.000000,1752160203.464088,376306974950.000000
376263176000.000000,1752160203.593215,376436102615.000000
376296498000.000000,1752160203.615503,376458390135.000000
376329818000.000000,1752160203.638179,376481065798.000000
376396461000.000000,1752160203.659228,376502114849.000000
376429784000.000000,1752160203.810083,376652970040.000000
376596388000.000000,1752160203.842256,376685143990.000000
376629710000.000000,1752160203.982866,376825753606.000000
376663033000.000000,1752160204.004721,376847608889.000000
376696355000.000000,1752160204.026641,376869528875.000000
376796317000.000000,1752160204.122450,376965337918.000000
376829640000.000000,1752160204.144320,376987207219.000000
376962925000.000000,1752160204.328203,377171090332.000000
376996247000.000000,1752160204.355383,377198270391.000000
377029567000.000000,1752160204.372232,377215119340.000000
377129531000.000000,1752160204.404470,377247357641.000000
377162854000.000000,1752160204.575746,377418633315.000000
377329460000.000000,1752160204.587501,377430386929.000000
377362781000.000000,1752160204.763051,377605938688.000000
377396102000.000000,1752160204.779752,377622639823.000000
377429425000.000000,1752160204.796282,377639168515.000000
377562708000.000000,1752160204.817925,377660811597.000000
377596031000.000000,1752160204.984190,377827077085.000000
377762638000.000000,1752160205.022443,377865329969.000000
377795960000.000000,1752160205.145595,377988482458.000000
377829282000.000000,1752160205.178162,378021049515.000000
377862603000.000000,1752160205.194911,378037797538.000000
377962565000.000000,1752160205.346736,378189624089.000000
377995888000.000000,1752160205.363697,378206584017.000000
378095852000.000000,1752160205.369976,378212862709.000000
378129172000.000000,1752160205.371584,378214470729.000000
378162499000.000000,1752160205.482149,378325036409.000000
378295780000.000000,1752160205.587983,378430870881.000000
378329102000.000000,1752160205.600218,378443105082.000000
378362424000.000000,1752160205.611914,378454801808.000000
378395745000.000000,1752160205.722458,378565345563.000000
378429067000.000000,1752160205.738962,378581849292.000000
378529029000.000000,1752160205.755554,378598440817.000000
378562351000.000000,1752160205.944735,378787622021.000000
378595672000.000000,1752160205.966507,378809393657.000000
378662314000.000000,1752160205.987991,378830877074.000000
378695636000.000000,1752160206.004656,378847542654.000000
378728957000.000000,1752160206.161266,379004153949.000000
378928885000.000000,1752160206.188787,379031674042.000000
378962207000.000000,1752160206.306515,379149401571.000000
378995529000.000000,1752160206.328258,379171144633.000000
379028850000.000000,1752160206.345112,379187999452.000000
379095493000.000000,1752160206.371921,379214807367.000000
379162137000.000000,1752160206.533798,379376684846.000000
379295421000.000000,1752160206.545634,379388521089.000000
379328744000.000000,1752160206.679756,379522643997.000000
379362065000.000000,1752160206.691260,379534146707.000000
379395388000.000000,1752160206.702652,379545538065.000000
379495350000.000000,1752160206.836615,379679502642.000000
379528672000.000000,1752160206.853358,379696246073.000000
379628634000.000000,1752160206.880532,379723419206.000000
379661956000.000000,1752160207.039788,379882675158.000000
379695277000.000000,1752160207.051391,379894277570.000000
379795240000.000000,1752160207.052948,379895834850.000000
379828563000.000000,1752160207.074523,379917409562.000000
379861884000.000000,1752160207.246535,380089422599.000000
379995170000.000000,1752160207.263060,380105946754.000000
380028492000.000000,1752160207.279680,380122566687.000000
380061813000.000000,1752160207.405840,380248728402.000000
380095136000.000000,1752160207.423162,380266049160.000000
380195099000.000000,1752160207.439746,380282633334.000000
380228421000.000000,1752160207.575856,380418742979.000000
380261743000.000000,1752160207.603035,380445922576.000000
380361706000.000000,1752160207.619714,380462601600.000000
380395028000.000000,1752160207.806237,380649124203.000000
380428349000.000000,1752160207.817875,380660761189.000000
380528313000.000000,1752160207.834646,380677532193.000000
380561634000.000000,1752160207.851012,380693898239.000000
380594956000.000000,1752160208.092005,380934892145.000000
380761562000.000000,1752160208.103738,380946624963.000000
380794884000.000000,1752160208.125421,380968307711.000000
380828207000.000000,1752160208.142438,380985324806.000000
380894846000.000000,1752160208.273820,381116707613.000000
381061454000.000000,1752160208.290587,381133474359.000000
381094776000.000000,1752160208.440376,381283263765.000000
381128097000.000000,1752160208.457316,381300203323.000000
381161418000.000000,1752160208.479254,381322140920.000000
381261381000.000000,1752160208.592469,381435356035.000000
381294704000.000000,1752160208.608904,381451790913.000000
381394667000.000000,1752160208.625919,381468807008.000000
381427990000.000000,1752160208.759568,381602455273.000000
381461311000.000000,1752160208.775892,381618779227.000000
381561274000.000000,1752160208.793031,381635917449.000000
381594596000.000000,1752160208.953225,381796113095.000000
381627919000.000000,1752160208.991266,381834152778.000000
381727882000.000000,1752160208.997893,381840778540.000000
381761204000.000000,1752160209.143056,381985943903.000000
381794525000.000000,1752160209.170115,382013002334.000000
381894487000.000000,1752160209.186790,382029677544.000000
381927809000.000000,1752160209.193468,382036353787.000000
381961133000.000000,1752160209.356414,382199301532.000000
382127738000.000000,1752160209.378140,382221026410.000000
382161060000.000000,1752160209.405534,382248421541.000000
382194382000.000000,1752160209.529863,382372750443.000000
382227704000.000000,1752160209.552775,382395662437.000000
382327666000.000000,1752160209.585654,382428541324.000000
382360989000.000000,1752160209.702670,382545557156.000000
382394310000.000000,1752160209.740635,382583522507.000000
382494272000.000000,1752160209.762872,382605759045.000000
382527595000.000000,1752160209.889406,382732294350.000000
382560917000.000000,1752160209.911222,382754108559.000000
382660880000.000000,1752160209.933423,382776309765.000000
382694202000.000000,1752160210.057947,382900834887.000000
382727524000.000000,1752160210.074602,382917488893.000000
382860808000.000000,1752160210.107714,382950601740.000000
382894130000.000000,1752160210.240796,383083684085.000000
382927452000.000000,1752160210.262545,383105432851.000000
383027416000.000000,1752160210.279008,383121895155.000000
383060738000.000000,1752160210.445944,383288832414.000000
383094060000.000000,1752160210.468071,383310957787.000000
383194022000.000000,1752160210.490167,383333053215.000000
383227344000.000000,1752160210.506503,383349389799.000000
383260665000.000000,1752160210.643880,383486767246.000000
383427271000.000000,1752160210.656142,383499030373.000000
383460594000.000000,1752160210.785465,383628352277.000000
383493916000.000000,1752160210.801812,383644699360.000000
383527237000.000000,1752160210.818685,383661572104.000000
383627199000.000000,1752160210.958632,383801519616.000000
383660523000.000000,1752160210.975271,383818158141.000000
383727164000.000000,1752160211.067168,383910056929.000000
383760485000.000000,1752160211.090277,383933164829.000000
383793807000.000000,1752160211.107683,383950571234.000000
383893772000.000000,1752160211.287117,384130004172.000000
383927095000.000000,1752160211.308795,384151681458.000000
384027057000.000000,1752160211.335605,384178491132.000000
384060379000.000000,1752160211.352007,384194894437.000000
384093699000.000000,1752160211.505960,384348847853.000000
384260307000.000000,1752160211.528063,384370950004.000000
384293628000.000000,1752160211.550434,384393320838.000000
384326950000.000000,1752160211.667701,384510588427.000000
384360272000.000000,1752160211.690375,384533262479.000000
384460235000.000000,1752160211.707163,384550050373.000000
384493555000.000000,1752160211.862067,384704953705.000000
384526877000.000000,1752160211.884059,384726946913.000000
384626842000.000000,1752160211.905376,384748262794.000000
384660164000.000000,1752160211.921932,384764818764.000000
384693485000.000000,1752160212.127839,384970725732.000000
384860092000.000000,1752160212.171145,385014032377.000000
384893414000.000000,1752160212.192182,385035069188.000000
384926738000.000000,1752160212.297139,385140025669.000000
384960056000.000000,1752160212.314089,385156976079.000000
385126662000.000000,1752160212.507085,385349972409.000000
385159985000.000000,1752160212.533957,385376844045.000000
385193306000.000000,1752160212.555451,385398337962.000000
385293269000.000000,1752160212.582262,385425147674.000000
385326591000.000000,1752160212.773530,385616417874.000000
385493198000.000000,1752160212.790693,385633579874.000000
385526519000.000000,1752160212.812682,385655569045.000000
385559840000.000000,1752160212.962921,385805808279.000000
385593162000.000000,1752160212.989998,385832885691.000000
385726447000.000000,1752160213.016709,385859595885.000000
385759770000.000000,1752160213.131551,385974438612.000000
385793091000.000000,1752160213.153834,385996721168.000000
385959697000.000000,1752160213.288366,386131253220.000000
385993019000.000000,1752160213.310236,386153122762.000000
386026340000.000000,1752160213.327318,386170204782.000000
386092983000.000000,1752160213.471719,386314607635.000000
386126305000.000000,1752160213.488556,386331443120.000000
386259589000.000000,1752160213.510276,386353163534.000000
386292911000.000000,1752160213.635822,386478709572.000000
386326233000.000000,1752160213.658307,386501193663.000000
386426195000.000000,1752160213.674586,386517472932.000000
386459517000.000000,1752160213.804880,386647766937.000000
386492840000.000000,1752160213.827297,386670183473.000000
386592804000.000000,1752160213.839017,386681904884.000000
386626125000.000000,1752160213.985490,386828377418.000000
386659448000.000000,1752160213.996848,386839734185.000000
386759409000.000000,1752160214.018904,386861791244.000000
386792732000.000000,1752160214.170968,387013856255.000000
386826054000.000000,1752160214.182374,387025261484.000000
386959338000.000000,1752160214.193787,387036673880.000000
386992659000.000000,1752160214.346937,387189824472.000000
387025980000.000000,1752160214.368791,387211678366.000000
387125944000.000000,1752160214.380549,387223435480.000000
387159267000.000000,1752160214.537062,387379950165.000000
387192589000.000000,1752160214.569468,387412354872.000000
387292552000.000000,1752160214.590538,387433424238.000000
387325873000.000000,1752160214.617553,387460439021.000000
387359195000.000000,1752160214.774844,387617731013.000000
387525802000.000000,1752160214.786824,387629711291.000000
387559124000.000000,1752160214.906020,387748907397.000000
387592445000.000000,1752160214.922609,387765495700.000000
387625766000.000000,1752160214.950434,387793321511.000000
387725730000.000000,1752160215.052099,387894986009.000000
387759052000.000000,1752160215.068678,387911564850.000000
387892336000.000000,1752160215.200564,388043451744.000000
387925659000.000000,1752160215.227981,388070867505.000000
387958980000.000000,1752160215.250382,388093269616.000000
388025622000.000000,1752160215.358859,388201745614.000000
388058945000.000000,1752160215.396180,388239067620.000000
388192230000.000000,1752160215.512425,388355312961.000000
388225552000.000000,1752160215.534938,388377824459.000000
388258876000.000000,1752160215.561921,388404807947.000000
388325514000.000000,1752160215.670284,388513172150.000000
388358838000.000000,1752160215.692266,388535153006.000000
388458800000.000000,1752160215.714161,388557048400.000000
388492122000.000000,1752160215.889605,388732492900.000000
388525444000.000000,1752160215.906073,388748959112.000000
388625407000.000000,1752160215.927858,388770744803.000000
388658729000.000000,1752160215.944539,388787425383.000000
388692050000.000000,1752160216.102864,388945752364.000000
388858656000.000000,1752160216.125153,388968040827.000000
388891979000.000000,1752160216.142164,388985051441.000000
388925300000.000000,1752160216.281085,389123973223.000000
388958622000.000000,1752160216.297997,389140884170.000000
389058585000.000000,1752160216.309771,389152657581.000000
389091908000.000000,1752160216.428830,389271716873.000000
389125228000.000000,1752160216.461791,389304677851.000000
389225191000.000000,1752160216.468455,389311341928.000000
389258514000.000000,1752160216.573143,389416030041.000000
389291836000.000000,1752160216.584685,389427572639.000000
389391798000.000000,1752160216.705694,389548581966.000000
389425122000.000000,1752160216.717434,389560320784.000000
389458442000.000000,1752160216.739301,389582187642.000000
389525084000.000000,1752160216.894339,389737226417.000000
389558407000.000000,1752160216.910846,389753733091.000000
389658369000.000000,1752160216.933018,389775905093.000000
389691692000.000000,1752160217.082771,389925658147.000000
389725013000.000000,1752160217.099530,389942417411.000000
389858297000.000000,1752160217.121948,389964834541.000000
389891620000.000000,1752160217.239978,390082866011.000000
389924942000.000000,1752160217.266843,390109731129.000000
390058227000.000000,1752160217.405935,390248822668.000000
390091549000.000000,1752160217.427832,390270718840.000000
390124871000.000000,1752160217.444644,390287530881.000000
390224833000.000000,1752160217.612116,390455003337.000000
390258155000.000000,1752160217.628884,390471771268.000000
390358118000.000000,1752160217.650970,390493856753.000000
390391441000.000000,1752160217.755387,390598275073.000000
390424762000.000000,1752160217.787683,390630571095.000000
390558046000.000000,1752160217.804365,390647252805.000000
390591369000.000000,1752160217.937354,390780241743.000000
390624691000.000000,1752160217.959187,390802073786.000000
390724653000.000000,1752160217.986095,390828983367.000000
390757976000.000000,1752160218.121768,390964656017.000000
390791298000.000000,1752160218.138348,390981235450.000000
390924582000.000000,1752160218.160658,391003545395.000000
390957904000.000000,1752160218.337111,391179998810.000000
390991226000.000000,1752160218.358924,391201810705.000000
391091189000.000000,1752160218.385868,391228754526.000000
391124511000.000000,1752160218.402244,391245130479.000000
391157832000.000000,1752160218.571499,391414387287.000000
391324439000.000000,1752160218.593536,391436422568.000000
391357761000.000000,1752160218.615611,391458498738.000000
391391083000.000000,1752160218.783850,391626737741.000000
391424404000.000000,1752160218.800898,391643785206.000000
391557688000.000000,1752160218.817589,391660476008.000000
391591010000.000000,1752160218.933685,391776572721.000000
391624331000.000000,1752160218.955468,391798354949.000000
391757616000.000000,1752160219.074265,391917152763.000000
391790939000.000000,1752160219.096368,391939254969.000000
391824260000.000000,1752160219.113257,391956144269.000000
391890902000.000000,1752160219.274341,392117228664.000000
391924224000.000000,1752160219.285718,392128605912.000000
392057508000.000000,1752160219.297244,392140130473.000000
392090831000.000000,1752160219.389230,392232117020.000000
392124153000.000000,1752160219.417015,392259901610.000000
392224115000.000000,1752160219.536260,392379148048.000000
392257437000.000000,1752160219.548135,392391022420.000000
392290758000.000000,1752160219.585833,392428720478.000000
392357401000.000000,1752160219.741880,392584767779.000000
392390724000.000000,1752160219.763623,392606509526.000000
392490687000.000000,1752160219.796004,392638891437.000000
392524009000.000000,1752160219.812333,392655219391.000000
392557330000.000000,1752160219.937871,392780759891.000000
392723936000.000000,1752160219.954527,392797413767.000000
392757259000.000000,1752160220.045315,392888201901.000000
392790580000.000000,1752160220.067018,392909904482.000000
392823901000.000000,1752160220.083608,392926494637.000000
392857223000.000000,1752160220.219840,393062734448.000000
392923865000.000000,1752160220.236244,393079131105.000000
393023829000.000000,1752160220.258162,393101049573.000000
393057151000.000000,1752160220.395457,393238343872.000000
393090473000.000000,1752160220.417851,393260738372.000000
393223757000.000000,1752160220.568552,393411439990.000000
393257079000.000000,1752160220.580223,393423109457.000000
393290401000.000000,1752160220.602480,393445366607.000000
393390364000.000000,1752160220.758085,393600972987.000000
393423687000.000000,1752160220.774940,393617826842.000000
393556971000.000000,1752160220.796119,393639006170.000000
393590294000.000000,1752160220.903468,393746356996.000000
393623615000.000000,1752160220.925349,393768235260.000000
393723577000.000000,1752160221.067362,393910249750.000000
393756900000.000000,1752160221.084470,393927357399.000000
393790221000.000000,1752160221.095919,393938805239.000000
393856864000.000000,1752160221.117465,393960351840.000000
393890186000.000000,1752160221.255087,394097975210.000000
394023471000.000000,1752160221.290041,394132928704.000000
394056793000.000000,1752160221.387914,394230800984.000000
394090114000.000000,1752160221.399830,394242718022.000000
394123435000.000000,1752160221.411424,394254311286.000000
394223399000.000000,1752160221.538357,394381245272.000000
394256719000.000000,1752160221.550349,394393235383.000000
394356684000.000000,1752160221.661570,394504457519.000000
394390006000.000000,1752160221.678462,394521349226.000000
394423328000.000000,1752160221.706080,394548967614.000000
394489971000.000000,1752160221.831680,394674567077.000000
394523294000.000000,1752160221.843341,394686227655.000000
394623256000.000000,1752160221.864911,394707798275.000000
394656575000.000000,1752160222.016334,394859221404.000000
394689899000.000000,1752160222.033197,394876084444.000000
394789861000.000000,1752160222.050078,394892965077.000000
394823183000.000000,1752160222.135621,394978508397.000000
394856506000.000000,1752160222.147668,394990554842.000000
394956468000.000000,1752160222.276944,395119831598.000000
394989791000.000000,1752160222.284012,395126898633.000000
395023112000.000000,1752160222.290806,395133692208.000000
395056432000.000000,1752160222.417268,395260155050.000000
395089754000.000000,1752160222.434128,395277015072.000000
395223040000.000000,1752160222.530271,395373157630.000000
395256361000.000000,1752160222.542418,395385304888.000000
395289684000.000000,1752160222.554290,395397176575.000000
395356326000.000000,1752160222.717584,395560470798.000000
395389647000.000000,1752160222.749499,395592386788.000000
395489610000.000000,1752160222.777353,395620240303.000000
395522932000.000000,1752160222.793721,395636608238.000000
395556254000.000000,1752160222.947568,395790455360.000000
395722860000.000000,1752160222.959058,395801944236.000000
395756181000.000000,1752160223.070090,395912977078.000000
395789503000.000000,1752160223.086377,395929264347.000000
395822825000.000000,1752160223.113976,395956863457.000000
395922790000.000000,1752160223.263051,396105938408.000000
395956110000.000000,1752160223.279631,396122517488.000000
396056074000.000000,1752160223.301462,396144349531.000000
396089395000.000000,1752160223.469402,396312289371.000000
396122718000.000000,1752160223.506477,396349363842.000000
396222680000.000000,1752160223.522854,396365741351.000000
396256012000.000000,1752160223.544364,396387250675.000000
396289323000.000000,1752160223.705633,396548520069.000000
396489252000.000000,1752160223.722979,396565866141.000000
396522573000.000000,1752160223.862363,396705250159.000000
396555895000.000000,1752160223.878798,396721685204.000000
396589216000.000000,1752160223.885617,396728503298.000000
396689181000.000000,1752160224.007552,396850439874.000000
396722504000.000000,1752160224.024085,396866971862.000000
396822465000.000000,1752160224.190857,397033743771.000000
396855788000.000000,1752160224.207385,397050273074.000000
396889121000.000000,1752160224.224159,397067045394.000000
397022394000.000000,1752160224.412182,397255069092.000000
397055716000.000000,1752160224.444154,397287041266.000000
397155680000.000000,1752160224.460931,397303817474.000000
397189002000.000000,1752160224.477545,397320430666.000000
397255645000.000000,1752160224.591555,397434442216.000000
397388929000.000000,1752160224.724097,397566984197.000000
397422251000.000000,1752160224.741159,397584046346.000000
397455572000.000000,1752160224.747539,397590425703.000000
397488894000.000000,1752160224.769480,397612367338.000000
397555539000.000000,1752160224.934093,397776980769.000000
397688822000.000000,1752160224.950886,397793773551.000000
397722144000.000000,1752160225.093926,397936812882.000000
397755466000.000000,1752160225.127028,397969915155.000000
397788787000.000000,1752160225.148490,397991376516.000000
397888751000.000000,1752160225.164882,398007769044.000000
397922073000.000000,1752160225.337289,398180177095.000000
398088678000.000000,1752160225.354545,398197432187.000000
398122000000.000000,1752160225.386933,398229819986.000000
398155323000.000000,1752160225.553535,398396421785.000000
398188644000.000000,1752160225.570031,398412918015.000000
398288605000.000000,1752160225.586414,398429299765.000000
398321928000.000000,1752160225.607864,398450750052.000000
398355250000.000000,1752160225.794122,398637009436.000000
398521855000.000000,1752160225.816233,398659119476.000000
398555178000.000000,1752160225.832886,398675772352.000000
398588499000.000000,1752160225.963380,398806268169.000000
398621821000.000000,1752160225.979943,398822829769.000000
398755105000.000000,1752160225.991340,398834226072.000000
398788429000.000000,1752160226.103896,398946784286.000000
398821749000.000000,1752160226.120531,398963418626.000000
398921714000.000000,1752160226.292141,399135027926.000000
398955035000.000000,1752160226.313902,399156789766.000000
398988357000.000000,1752160226.330976,399173863842.000000
399088320000.000000,1752160226.354104,399196991759.000000
399154963000.000000,1752160226.471994,399314881564.000000
399254929000.000000,1752160226.489092,399331978973.000000
399288248000.000000,1752160226.703327,399546214351.000000
399321570000.000000,1752160226.730160,399573046192.000000
399354891000.000000,1752160226.746530,399589416386.000000
399421533000.000000,1752160226.768246,399611132504.000000
399488176000.000000,1752160226.784898,399627784195.000000
399721425000.000000,1752160226.978693,399821579924.000000
399754747000.000000,1752160227.172645,400015532484.000000
399788069000.000000,1752160227.189224,400032110917.000000
399821392000.000000,1752160227.216063,400058949998.000000
399854713000.000000,1752160227.232386,400075272804.000000
399987997000.000000,1752160227.361706,400204593060.000000
400154603000.000000,1752160227.378713,400221600784.000000
400187927000.000000,1752160227.554120,400397007062.000000
400221248000.000000,1752160227.570650,400413537495.000000
400254568000.000000,1752160227.592797,400435683868.000000
400321210000.000000,1752160227.609076,400451962693.000000
400387853000.000000,1752160227.729585,400572472599.000000
400521139000.000000,1752160227.751532,400594418289.000000
400554461000.000000,1752160227.868937,400711825006.000000
400587783000.000000,1752160227.885768,400728655269.000000
400621104000.000000,1752160227.907063,400749950799.000000
400687746000.000000,1752160228.063286,400906173562.000000
400721069000.000000,1752160228.085348,400928234325.000000
400821032000.000000,1752160228.101998,400944885071.000000
400854354000.000000,1752160228.118957,400961844129.000000
400887674000.000000,1752160228.263668,401106555312.000000
401054280000.000000,1752160228.275468,401118355241.000000
401087602000.000000,1752160228.496036,401338923144.000000
401120924000.000000,1752160228.511989,401354875472.000000
401154245000.000000,1752160228.528448,401371334313.000000
401254209000.000000,1752160228.544709,401387595490.000000
401287531000.000000,1752160228.566461,401409348126.000000
401487459000.000000,1752160228.791841,401634728348.000000
401520780000.000000,1752160228.808955,401651842534.000000
401554102000.000000,1752160228.937585,401780472575.000000
401587424000.000000,1752160228.959835,401802721817.000000
401620745000.000000,1752160228.976647,401819533951.000000
401754029000.000000,1752160229.099761,401942649533.000000
401787352000.000000,1752160229.122211,401965098236.000000
401887315000.000000,1752160229.133689,401976575983.000000
401920637000.000000,1752160229.284269,402127156139.000000
401953959000.000000,1752160229.296031,402138918476.000000
402087244000.000000,1752160229.427654,402270540762.000000
402120566000.000000,1752160229.439362,402282249210.000000
402153887000.000000,1752160229.456473,402299359452.000000
402220529000.000000,1752160229.477567,402320453206.000000
402253851000.000000,1752160229.651370,402494256613.000000
402420458000.000000,1752160229.679273,402522168220.000000
402453779000.000000,1752160229.794324,402637211352.000000
402487101000.000000,1752160229.816344,402659231281.000000
402520422000.000000,1752160229.843616,402686502691.000000
402620386000.000000,1752160229.969638,402812526075.000000
402653708000.000000,1752160229.991693,402834579634.000000
402753671000.000000,1752160230.008490,402851377176.000000
402786994000.000000,1752160230.137332,402980219085.000000
402820315000.000000,1752160230.159370,403002257125.000000
402953600000.000000,1752160230.265827,403108714220.000000
402986923000.000000,1752160230.293522,403136409570.000000
403020243000.000000,1752160230.310466,403153352499.000000
403086886000.000000,1752160230.417034,403259921296.000000
403120207000.000000,1752160230.433649,403276536969.000000
403220170000.000000,1752160230.461615,403304503631.000000
403253493000.000000,1752160230.593282,403436169769.000000
403286814000.000000,1752160230.610437,403453324343.000000
403386778000.000000,1752160230.627173,403470059608.000000
403420099000.000000,1752160230.815346,403658233323.000000
403453421000.000000,1752160230.837479,403680364973.000000
403553384000.000000,1752160230.869710,403712597219.000000
403586707000.000000,1752160230.996090,403838977099.000000
403620028000.000000,1752160231.012869,403855756622.000000
403786635000.000000,1752160231.045263,403888150125.000000
403819956000.000000,1752160231.175239,404018126448.000000
403853278000.000000,1752160231.202173,404045060288.000000
403953242000.000000,1752160231.229230,404072117274.000000
403986563000.000000,1752160231.324800,404167687523.000000
404019885000.000000,1752160231.341614,404184500268.000000
404153168000.000000,1752160231.449555,404292443069.000000
404186491000.000000,1752160231.466169,404309055908.000000
404219813000.000000,1752160231.482807,404325693674.000000
404253134000.000000,1752160231.484414,404327300397.000000
404319775000.000000,1752160231.673522,404516408769.000000
404419739000.000000,1752160231.712257,404555144704.000000
404453061000.000000,1752160231.812945,404655832527.000000
404486382000.000000,1752160231.829372,404672259128.000000
404519705000.000000,1752160231.840820,404683707190.000000
404652989000.000000,1752160231.999904,404842792199.000000
404686311000.000000,1752160232.016708,404859595389.000000
404786275000.000000,1752160232.033672,404876559188.000000
404819597000.000000,1752160232.180988,405023875268.000000
404852919000.000000,1752160232.234511,405077397840.000000
404952883000.000000,1752160232.251118,405094004347.000000
404986204000.000000,1752160232.387973,405230859559.000000
405019525000.000000,1752160232.415411,405258297979.000000
405152811000.000000,1752160232.432308,405275194915.000000
405186132000.000000,1752160232.448650,405291537098.000000
405219454000.000000,1752160232.625628,405468515432.000000
405386060000.000000,1752160232.642570,405485456682.000000
405419382000.000000,1752160232.772271,405615159043.000000
405452705000.000000,1752160232.783681,405626567665.000000
405486026000.000000,1752160232.795518,405638405747.000000
405585989000.000000,1752160232.929204,405772092936.000000
405619310000.000000,1752160232.945930,405788817745.000000
405719274000.000000,1752160232.978321,405821208057.000000
405752595000.000000,1752160233.124165,405967052640.000000
405785918000.000000,1752160233.130821,405973708108.000000
405885881000.000000,1752160233.147485,405990371769.000000
405919203000.000000,1752160233.154104,405996990330.000000
405952525000.000000,1752160233.361309,406204196221.000000
406052488000.000000,1752160233.377713,406220600014.000000
406085810000.000000,1752160233.389133,406232018989.000000
406119132000.000000,1752160233.529362,406372249777.000000
406152452000.000000,1752160233.541298,406384185654.000000
406319058000.000000,1752160233.557865,406400751945.000000
406352381000.000000,1752160233.688488,406531375037.000000
406385703000.000000,1752160233.711206,406554092968.000000
406518987000.000000,1752160233.859246,406702132806.000000
406552309000.000000,1752160233.892493,406735379369.000000
406585631000.000000,1752160233.903799,406746685715.000000
406652273000.000000,1752160233.920057,406762943102.000000
406685595000.000000,1752160234.134237,406977124495.000000
406852201000.000000,1752160234.172446,407015332303.000000
406885522000.000000,1752160234.188863,407031749596.000000
406918844000.000000,1752160234.305825,407148713052.000000
406952165000.000000,1752160234.322551,407165437971.000000
407118772000.000000,1752160234.429307,407272194754.000000
407152093000.000000,1752160234.456039,407298925996.000000
407185415000.000000,1752160234.472576,407315463306.000000
407285380000.000000,1752160234.622373,407465260218.000000
407318702000.000000,1752160234.660229,407503116678.000000
407385343000.000000,1752160234.682437,407525324429.000000
407451985000.000000,1752160234.789453,407632340451.000000
407485308000.000000,1752160234.796520,407639406933.000000
407618592000.000000,1752160234.947632,407790519331.000000
407651917000.000000,1752160234.964334,407807220362.000000
407685236000.000000,1752160234.976100,407818987240.000000
407751878000.000000,1752160234.992613,407835500069.000000
407785201000.000000,1752160235.154158,407997044434.000000
407951807000.000000,1752160235.165912,408008798793.000000
407985128000.000000,1752160235.317832,408160719535.000000
408018450000.000000,1752160235.334214,408177101643.000000
408051772000.000000,1752160235.366653,408209539530.000000
408085092000.000000,1752160235.383018,408225904971.000000
408151736000.000000,1752160235.543463,408386350976.000000
408318343000.000000,1752160235.565414,408408301768.000000
408351664000.000000,1752160235.671527,408514414706.000000
408384985000.000000,1752160235.693291,408536178869.000000
408418307000.000000,1752160235.715330,408558216937.000000
408518272000.000000,1752160235.885257,408728143789.000000
408551593000.000000,1752160235.902372,408745259630.000000
408651557000.000000,1752160235.919177,408762063771.000000
408684879000.000000,1752160236.043812,408886699258.000000
408718201000.000000,1752160236.065146,408908034056.000000
408851483000.000000,1752160236.087491,408930377843.000000
408884806000.000000,1752160236.255661,409098547787.000000
408918128000.000000,1752160236.272422,409115308613.000000
409018091000.000000,1752160236.288768,409131654499.000000
409051413000.000000,1752160236.305176,409148062644.000000
409084734000.000000,1752160236.490152,409333040433.000000
409251341000.000000,1752160236.513442,409356330895.000000
409284664000.000000,1752160236.535431,409378318704.000000
409317985000.000000,1752160236.684398,409527285810.000000
409351310000.000000,1752160236.716905,409559792066.000000
409451269000.000000,1752160236.733311,409576197600.000000
409484593000.000000,1752160236.920379,409763265977.000000
409517913000.000000,1752160236.942319,409785205658.000000
409651198000.000000,1752160236.958564,409801450027.000000
409684519000.000000,1752160236.974884,409817770209.000000
409717842000.000000,1752160237.160748,410003636192.000000
409884448000.000000,1752160237.172531,410015418959.000000
409917770000.000000,1752160237.199326,410042212756.000000
409951091000.000000,1752160237.305288,410148175288.000000
409984413000.000000,1752160237.327392,410170280078.000000
410117696000.000000,1752160237.427087,410269974619.000000
410151019000.000000,1752160237.443522,410286408690.000000
410184340000.000000,1752160237.470533,410313419688.000000
410284304000.000000,1752160237.626039,410468927207.000000
410317625000.000000,1752160237.642886,410485772625.000000
410384267000.000000,1752160237.670007,410512894233.000000
410450911000.000000,1752160237.811323,410654210437.000000
410484232000.000000,1752160237.827514,410670401806.000000
410584196000.000000,1752160237.855283,410698169463.000000
410617519000.000000,1752160237.871613,410714499442.000000
410650841000.000000,1752160238.070080,410912967405.000000
410784125000.000000,1752160238.086842,410929729139.000000
410817448000.000000,1752160238.108591,410951478655.000000
410850768000.000000,1752160238.124827,410967713709.000000
410884089000.000000,1752160238.276367,411119253992.000000
411050697000.000000,1752160238.287956,411130843186.000000
411084017000.000000,1752160238.452756,411295643054.000000
411117339000.000000,1752160238.480536,411323423211.000000
411150661000.000000,1752160238.496957,411339842967.000000
411250624000.000000,1752160238.529027,411371912690.000000
411283946000.000000,1752160238.659300,411502187100.000000
411450553000.000000,1752160238.681451,411524338019.000000
411483875000.000000,1752160238.832380,411675267678.000000
411517197000.000000,1752160238.849205,411692092504.000000
411550518000.000000,1752160238.870849,411713736465.000000
411650481000.000000,1752160239.015044,411857931120.000000
411683804000.000000,1752160239.057919,411900806806.000000
411783766000.000000,1752160239.079443,411922329620.000000
411817089000.000000,1752160239.208915,412051802779.000000
411850409000.000000,1752160239.241746,412084634013.000000
411983694000.000000,1752160239.268241,412111127406.000000
412017016000.000000,1752160239.431885,412274772526.000000
412050338000.000000,1752160239.449084,412291971033.000000
412183623000.000000,1752160239.465420,412308307142.000000
412216945000.000000,1752160239.481728,412324613695.000000
412250266000.000000,1752160239.633667,412476554270.000000
412416874000.000000,1752160239.640230,412483116239.000000
412450195000.000000,1752160239.766082,412608968658.000000
412483516000.000000,1752160239.788759,412631646719.000000
412516837000.000000,1752160239.810166,412653052590.000000
412550159000.000000,1752160239.986820,412829707446.000000
412583481000.000000,1752160240.013766,412856653130.000000
412716766000.000000,1752160240.035027,412877912854.000000
412750088000.000000,1752160240.051705,412894591830.000000
412783408000.000000,1752160240.163959,413006846168.000000
412983337000.000000,1752160240.317667,413160555039.000000
413016660000.000000,1752160240.349892,413192779409.000000
413049980000.000000,1752160240.366414,413209300256.000000
413083302000.000000,1752160240.382730,413225616624.000000
413149944000.000000,1752160240.551935,413394822298.000000
413316550000.000000,1752160240.568462,413411349386.000000
413349873000.000000,1752160240.763746,413606634068.000000
413383195000.000000,1752160240.780541,413623427968.000000
413416517000.000000,1752160240.807456,413650342411.000000
413516479000.000000,1752160240.829268,413672154778.000000
413583122000.000000,1752160241.002412,413845300096.000000
413749729000.000000,1752160241.024215,413867102630.000000
413783050000.000000,1752160241.127478,413970365968.000000
413816372000.000000,1752160241.139010,413981896404.000000
413849694000.000000,1752160241.155610,413998496843.000000
413982980000.000000,1752160241.295236,414138124009.000000
414016301000.000000,1752160241.312581,414155467551.000000
414116263000.000000,1752160241.439577,414282464792.000000
414149587000.000000,1752160241.455883,414298769086.000000
414182908000.000000,1752160241.472265,414315151768.000000
414282873000.000000,1752160241.642391,414485279173.000000
414316194000.000000,1752160241.659398,414502285793.000000
414382836000.000000,1752160241.676191,414519078675.000000
414449478000.000000,1752160241.795458,414638345977.000000
414482800000.000000,1752160241.822813,414665700101.000000
414582765000.000000,1752160241.839577,414682464390.000000
414616085000.000000,1752160241.961107,414803994687.000000
414649407000.000000,1752160241.988345,414831231776.000000
414782692000.000000,1752160242.101686,414944574158.000000
414816015000.000000,1752160242.118780,414961666332.000000
414849336000.000000,1752160242.156543,414999429682.000000
414915978000.000000,1752160242.264564,415107451064.000000
414949300000.000000,1752160242.312633,415155520455.000000
415082585000.000000,1752160242.404270,415247157895.000000
415115907000.000000,1752160242.420870,415263756519.000000
415149228000.000000,1752160242.437546,415280433124.000000
415249192000.000000,1752160242.591830,415434717860.000000
415282514000.000000,1752160242.613791,415456679151.000000
415349155000.000000,1752160242.635391,415478278390.000000
415382478000.000000,1752160242.657134,415500020776.000000
415415800000.000000,1752160242.820996,415663883783.000000
415582404000.000000,1752160242.837600,415680487185.000000
415615727000.000000,1752160242.859195,415702082628.000000
415649049000.000000,1752160243.007435,415850322278.000000
415682371000.000000,1752160243.023783,415866669683.000000
415782334000.000000,1752160243.045279,415888165590.000000
415815655000.000000,1752160243.195604,416038491497.000000
415882298000.000000,1752160243.228037,416070924235.000000
415982261000.000000,1752160243.255070,416097956473.000000
416015583000.000000,1752160243.394302,416237189865.000000
416048905000.000000,1752160243.416327,416259213137.000000
416182189000.000000,1752160243.432836,416275723744.000000
416215511000.000000,1752160243.551606,416394493773.000000
416248834000.000000,1752160243.584434,416427321118.000000
416348797000.000000,1752160243.611248,416454134711.000000
416382120000.000000,1752160243.724675,416567563092.000000
416415440000.000000,1752160243.741133,416584020403.000000
416548726000.000000,1752160243.915659,416758545929.000000
416582047000.000000,1752160243.942853,416785739851.000000
416615368000.000000,1752160243.969535,416812421205.000000
416715332000.000000,1752160243.985841,416828728221.000000
416748654000.000000,1752160244.158907,417001795281.000000
416915261000.000000,1752160244.186563,417029449846.000000
416948584000.000000,1752160244.298804,417141691258.000000
416981905000.000000,1752160244.310293,417153180250.000000
417015227000.000000,1752160244.332414,417175301484.000000
417115190000.000000,1752160244.433639,417276526380.000000
417148512000.000000,1752160244.450174,417293061413.000000
417248475000.000000,1752160244.555656,417398543172.000000
417281797000.000000,1752160244.572784,417415671310.000000
417315119000.000000,1752160244.589111,417431998085.000000
417381762000.000000,1752160244.690943,417533829920.000000
417415083000.000000,1752160244.707544,417550431266.000000
417515046000.000000,1752160244.850833,417693720560.000000
417548368000.000000,1752160244.867220,417710106872.000000
417581688000.000000,1752160244.883541,417726427036.000000
417648331000.000000,1752160244.900261,417743148845.000000
417714974000.000000,1752160245.056847,417899734908.000000
417848259000.000000,1752160245.079051,417921938364.000000
417881581000.000000,1752160245.196313,418039200316.000000
417914904000.000000,1752160245.218634,418061520640.000000
417948225000.000000,1752160245.246031,418088917949.000000
418014867000.000000,1752160245.362969,418205856220.000000
418048189000.000000,1752160245.379574,418222461548.000000
418181474000.000000,1752160245.491123,418334010652.000000
418214796000.000000,1752160245.508053,418350939847.000000
418248117000.000000,1752160245.534996,418377882883.000000
418281439000.000000,1752160245.680191,418523078009.000000
418314761000.000000,1752160245.696523,418539410655.000000
418448045000.000000,1752160245.713704,418556591495.000000
418514688000.000000,1752160245.900047,418742934177.000000
418548011000.000000,1752160245.916852,418759738651.000000
418647974000.000000,1752160245.933188,418776074723.000000
418681296000.000000,1752160245.949501,418792386813.000000
418714618000.000000,1752160246.139786,418982673324.000000
418881222000.000000,1752160246.156468,418999356577.000000
418914545000.000000,1752160246.178623,419021510496.000000
418947867000.000000,1752160246.279346,419122232694.000000
418981188000.000000,1752160246.290978,419133865073.000000
419081151000.000000,1752160246.308057,419150944415.000000
419114473000.000000,1752160246.443556,419286443086.000000
419147795000.000000,1752160246.476008,419318894750.000000
419247758000.000000,1752160246.492462,419335349283.000000
419281081000.000000,1752160246.617328,419460216694.000000
419314401000.000000,1752160246.634350,419477238092.000000
419447687000.000000,1752160246.779678,419622565346.000000
419481011000.000000,1752160246.796174,419639061842.000000
419514332000.000000,1752160246.813482,419656368940.000000
419614294000.000000,1752160246.972535,419815422571.000000
419647616000.000000,1752160246.989352,419832239360.000000
419747580000.000000,1752160247.022219,419865106760.000000
419780901000.000000,1752160247.130504,419973392009.000000
419814222000.000000,1752160247.152492,419995378541.000000
419947507000.000000,1752160247.296465,420139353235.000000
419980829000.000000,1752160247.313423,420156310282.000000
420014151000.000000,1752160247.340602,420183488982.000000
420114114000.000000,1752160247.430373,420273260719.000000
420147436000.000000,1752160247.452695,420295581155.000000
420280721000.000000,1752160247.640108,420482995436.000000
420314043000.000000,1752160247.656883,420499769725.000000
420347366000.000000,1752160247.678860,420521746831.000000
420414007000.000000,1752160247.767030,420609916529.000000
420447328000.000000,1752160247.783411,420626297841.000000
420613935000.000000,1752160247.925573,420768461036.000000
420647257000.000000,1752160247.942106,420784992605.000000
420680579000.000000,1752160247.958894,420801781616.000000
420747220000.000000,1752160248.132925,420975813259.000000
420780544000.000000,1752160248.155630,420998517005.000000
420880506000.000000,1752160248.177706,421020592962.000000
420947150000.000000,1752160248.332899,421175785484.000000
420980472000.000000,1752160248.354591,421197477889.000000
421080434000.000000,1752160248.371150,421214036144.000000
421113756000.000000,1752160248.388179,421231065579.000000
421180399000.000000,1752160248.538402,421381289356.000000
421313684000.000000,1752160248.550162,421393048864.000000
421347007000.000000,1752160248.688313,421531200748.000000
421380327000.000000,1752160248.716078,421558964257.000000
421413650000.000000,1752160248.744283,421587170669.000000
421513612000.000000,1752160248.895256,421738143550.000000
421546935000.000000,1752160248.912436,421755322742.000000
421646898000.000000,1752160248.928943,421771829516.000000
421680221000.000000,1752160248.950423,421793309497.000000
421713542000.000000,1752160249.112980,421955868055.000000
421880148000.000000,1752160249.129417,421972304088.000000
421913471000.000000,1752160249.151313,421994200528.000000
421946792000.000000,1752160249.254960,422097848029.000000
421980114000.000000,1752160249.282478,422125365188.000000
422080076000.000000,1752160249.461307,422304194559.000000
422113399000.000000,1752160249.477923,422320809868.000000
422146719000.000000,1752160249.504199,422347085152.000000
422213362000.000000,1752160249.525600,422368486374.000000
422280005000.000000,1752160249.675121,422518007771.000000
422446612000.000000,1752160249.692312,422535199241.000000
422479934000.000000,1752160249.827199,422670086992.000000
422513256000.000000,1752160249.854270,422697157508.000000
422546577000.000000,1752160249.870737,422713623634.000000
422646540000.000000,1752160250.015143,422858030546.000000
422679862000.000000,1752160250.026773,422869659740.000000
422779826000.000000,1752160250.043436,422886323234.000000
422846468000.000000,1752160250.184025,423026912816.000000
422879791000.000000,1752160250.200780,423043667068.000000
422979754000.000000,1752160250.222544,423065431417.000000
423013077000.000000,1752160250.373801,423216688239.000000
423046399000.000000,1752160250.385407,423228292934.000000
423146360000.000000,1752160250.402560,423245446312.000000
423179683000.000000,1752160250.557967,423400854388.000000
423213004000.000000,1752160250.579423,423422309684.000000
423312968000.000000,1752160250.595992,423438879309.000000
423379612000.000000,1752160250.750725,423593611966.000000
423412933000.000000,1752160250.778642,423621529084.000000
423512896000.000000,1752160250.794925,423637811767.000000
423546218000.000000,1752160250.816374,423659260675.000000
423579540000.000000,1752160250.959367,423802254805.000000
423746146000.000000,1752160250.971055,423813942518.000000
423779468000.000000,1752160251.059781,423902668229.000000
423812791000.000000,1752160251.076337,423919223872.000000
423846111000.000000,1752160251.237142,424080029725.000000
423912754000.000000,1752160251.253382,424096269242.000000
423946075000.000000,1752160251.270241,424113127531.000000
423979396000.000000,1752160251.291754,424134640049.000000
424079359000.000000,1752160251.501942,424344829428.000000
424212646000.000000,1752160251.518477,424361363275.000000
424245967000.000000,1752160251.540009,424382895811.000000
424279289000.000000,1752160251.638178,424481065332.000000
424312611000.000000,1752160251.659998,424502885532.000000
424479217000.000000,1752160251.794871,424637759302.000000
424512539000.000000,1752160251.817141,424660028312.000000
424545861000.000000,1752160251.833930,424676817064.000000
424612503000.000000,1752160251.925211,424768098637.000000
424645826000.000000,1752160251.936858,424779745368.000000
424745786000.000000,1752160252.071083,424913970830.000000
424779110000.000000,1752160252.103956,424946843046.000000
424812432000.000000,1752160252.275124,425118011310.000000
424879073000.000000,1752160252.297518,425140405763.000000
424912394000.000000,1752160252.319840,425162726903.000000
425045679000.000000,1752160252.335772,425178658738.000000
425112323000.000000,1752160252.529568,425372455731.000000
425278930000.000000,1752160252.546123,425389009652.000000
425312252000.000000,1752160252.690943,425533830078.000000
425345573000.000000,1752160252.708112,425550999308.000000
425378896000.000000,1752160252.724420,425567308065.000000
425512179000.000000,1752160252.852893,425695780920.000000
425545502000.000000,1752160252.869789,425712675763.000000
425645466000.000000,1752160252.881244,425724130645.000000
425678787000.000000,1752160253.063954,425906841697.000000
425712109000.000000,1752160253.090781,425933667494.000000
425812072000.000000,1752160253.107230,425950116934.000000
425845393000.000000,1752160253.133638,425976524957.000000
425878715000.000000,1752160253.250705,426093591875.000000
426078643000.000000,1752160253.343886,426186773095.000000
426111966000.000000,1752160253.355449,426198336031.000000
426145286000.000000,1752160253.461008,426303895326.000000
426178608000.000000,1752160253.482690,426325576232.000000
426211929000.000000,1752160253.499257,426342144190.000000
426311893000.000000,1752160253.645818,426488704913.000000
426345214000.000000,1752160253.657511,426500397829.000000
426411856000.000000,1752160253.674698,426517585077.000000
426445178000.000000,1752160253.701557,426544443428.000000
426478500000.000000,1752160253.934463,426777350479.000000
426611785000.000000,1752160253.950955,426793841438.000000
426645107000.000000,1752160253.972766,426815652953.000000
426711749000.000000,1752160253.988698,426831584325.000000
426745071000.000000,1752160254.151902,426994789302.000000
426911679000.000000,1752160254.168715,427011602183.000000
426944999000.000000,1752160254.185433,427028319399.000000
426978321000.000000,1752160254.332855,427175743150.000000
427011644000.000000,1752160254.355049,427197936772.000000
427111605000.000000,1752160254.371640,427214527193.000000
427178250000.000000,1752160254.537802,427380690509.000000
427211571000.000000,1752160254.554407,427397294300.000000
427311534000.000000,1752160254.571606,427414493585.000000
427344858000.000000,1752160254.681421,427524308615.000000
427378179000.000000,1752160254.698105,427540992331.000000
427478141000.000000,1752160254.720022,427562909493.000000
427511464000.000000,1752160254.880466,427723352961.000000
427544786000.000000,1752160254.897635,427740521709.000000
427678070000.000000,1752160254.919488,427762375501.000000
427711392000.000000,1752160255.038949,427881836690.000000
427744714000.000000,1752160255.071634,427914520704.000000
427844676000.000000,1752160255.093153,427936039573.000000
427877999000.000000,1752160255.211921,428054807695.000000
427911321000.000000,1752160255.228412,428071299321.000000
428011283000.000000,1752160255.245033,428087919927.000000
428044606000.000000,1752160255.414786,428257673613.000000
428077928000.000000,1752160255.437105,428279992419.000000
428177891000.000000,1752160255.464954,428307840260.000000
428211213000.000000,1752160255.630483,428473370824.000000
428244534000.000000,1752160255.651971,428494857805.000000
428377819000.000000,1752160255.673418,428516304991.000000
428411141000.000000,1752160255.700490,428543376581.000000
428444462000.000000,1752160255.861609,428704496042.000000
428611070000.000000,1752160255.883307,428726194262.000000
428644389000.000000,1752160255.920372,428763258952.000000
428677711000.000000,1752160256.053802,428896691015.000000
428711035000.000000,1752160256.065719,428908606262.000000
428844318000.000000,1752160256.082237,428925123794.000000
428877640000.000000,1752160256.241905,429084793141.000000
428910962000.000000,1752160256.269207,429112094710.000000
429044247000.000000,1752160256.291201,429134088093.000000
429077568000.000000,1752160256.402623,429245510736.000000
429110889000.000000,1752160256.419405,429262292414.000000
429210853000.000000,1752160256.536885,429379771809.000000
429244175000.000000,1752160256.553721,429396609042.000000
429277497000.000000,1752160256.570420,429413306517.000000
429344138000.000000,1752160256.697313,429540200425.000000
429377461000.000000,1752160256.714098,429556985103.000000
429510745000.000000,1752160256.821037,429663924385.000000
429544067000.000000,1752160256.838663,429681551147.000000
429577388000.000000,1752160256.856135,429699023077.000000
429644031000.000000,1752160257.001458,429844346035.000000
429677356000.000000,1752160257.012700,429855586381.000000
429777316000.000000,1752160257.034982,429877869354.000000
429810639000.000000,1752160257.056441,429899327669.000000
429843961000.000000,1752160257.271559,430114445775.000000
429977246000.000000,1752160257.288756,430131642745.000000
430010566000.000000,1752160257.315906,430158792316.000000
430043888000.000000,1752160257.342838,430185724018.000000
430077210000.000000,1752160257.492499,430335387098.000000
430277138000.000000,1752160257.514646,430357532350.000000
430310460000.000000,1752160257.689745,430532632482.000000
430343783000.000000,1752160257.711286,430554172870.000000
430377104000.000000,1752160257.728041,430570928826.000000
430477067000.000000,1752160257.744583,430587469580.000000
430543711000.000000,1752160257.871153,430714041307.000000
430676995000.000000,1752160258.029341,430872228632.000000
430710318000.000000,1752160258.051354,430894241108.000000
430743638000.000000,1752160258.063175,430906060855.000000
430776959000.000000,1752160258.201479,431044366294.000000
430843602000.000000,1752160258.223532,431066419047.000000
430976887000.000000,1752160258.240317,431083204299.000000
431010209000.000000,1752160258.353707,431196594810.000000
431043531000.000000,1752160258.365607,431208494242.000000
431176816000.000000,1752160258.553389,431396276316.000000
431210139000.000000,1752160258.570180,431413066198.000000
431243459000.000000,1752160258.586982,431429869450.000000
431310102000.000000,1752160258.598748,431441635272.000000
431410065000.000000,1752160258.786475,431629363273.000000
431510029000.000000,1752160258.809634,431652521126.000000
431543352000.000000,1752160258.826525,431669412414.000000
431609995000.000000,1752160258.962216,431805103046.000000
431643316000.000000,1752160258.984320,431827207558.000000
431743280000.000000,1752160259.006562,431849449161.000000
431776602000.000000,1752160259.128194,431971081660.000000
431809924000.000000,1752160259.155868,431998755170.000000
431909888000.000000,1752160259.167650,432010537493.000000
431943210000.000000,1752160259.285371,432128259051.000000
431976530000.000000,1752160259.301798,432144684733.000000
432076494000.000000,1752160259.323575,432166462748.000000
432109815000.000000,1752160259.442032,432284919688.000000
432143137000.000000,1752160259.465019,432307906228.000000
432243100000.000000,1752160259.471696,432314582474.000000
432276423000.000000,1752160259.628080,432470967558.000000
432309744000.000000,1752160259.644630,432487517164.000000
432409706000.000000,1752160259.661181,432504068845.000000
432443030000.000000,1752160259.802948,432645834840.000000
432476351000.000000,1752160259.845588,432688475454.000000
432576314000.000000,1752160259.873044,432715930688.000000
432642956000.000000,1752160260.017927,432860814836.000000
432676279000.000000,1752160260.056137,432899024292.000000
432809565000.000000,1752160260.159982,433002869143.000000
432842887000.000000,1752160260.171758,433014645280.000000
432876208000.000000,1752160260.183274,433026160198.000000
432976170000.000000,1752160260.326276,433169163161.000000
433009494000.000000,1752160260.354010,433196896782.000000
433109455000.000000,1752160260.365830,433208717104.000000
433142778000.000000,1752160260.509272,433352159841.000000
433176100000.000000,1752160260.525704,433368591782.000000
433276062000.000000,1752160260.543159,433386046101.000000
433309386000.000000,1752160260.570068,433412954933.000000
433342707000.000000,1752160260.759240,433602127474.000000
433509313000.000000,1752160260.780889,433623775509.000000
433542635000.000000,1752160260.797625,433640512429.000000
433575957000.000000,1752160260.929290,433772177251.000000
433609278000.000000,1752160260.951145,433794032432.000000
433742562000.000000,1752160261.069390,433912277022.000000
433775885000.000000,1752160261.085752,433928640723.000000
433809207000.000000,1752160261.102247,433945134256.000000
433909170000.000000,1752160261.295161,434138048221.000000
433942492000.000000,1752160261.311768,434154654160.000000
434042457000.000000,1752160261.333536,434176422398.000000
434075778000.000000,1752160261.354840,434197726214.000000
434109099000.000000,1752160261.543721,434386608962.000000
434275705000.000000,1752160261.560162,434403049255.000000
434309026000.000000,1752160261.571793,434414679986.000000
434342348000.000000,1752160261.692170,434535057980.000000
434375670000.000000,1752160261.703940,434546826433.000000
434508955000.000000,1752160261.878876,434721763714.000000
434542277000.000000,1752160261.900540,434743427008.000000
434575599000.000000,1752160261.917155,434760042817.000000
434642241000.000000,1752160261.934502,434777389119.000000
434708883000.000000,1752160262.109026,434951913293.000000
434875490000.000000,1752160262.130645,434973531847.000000
434908812000.000000,1752160262.244315,435087202633.000000
434942135000.000000,1752160262.267105,435109991897.000000
434975456000.000000,1752160262.273618,435116504348.000000
435075418000.000000,1752160262.449575,435292463341.000000
435108741000.000000,1752160262.477044,435319930686.000000
435208704000.000000,1752160262.493422,435336308517.000000
435242037000.000000,1752160262.520152,435363037944.000000
435275347000.000000,1752160262.679669,435522556940.000000
435441953000.000000,1752160262.712254,435555141214.000000
435475276000.000000,1752160262.739951,435582838297.000000
435508597000.000000,1752160262.893297,435736184265.000000
435541919000.000000,1752160262.910149,435753036609.000000
435641881000.000000,1752160262.936945,435779830794.000000
435675205000.000000,1752160262.957980,435800866558.000000
435708526000.000000,1752160263.103227,435946114258.000000
435908453000.000000,1752160263.125196,435968082586.000000
435941777000.000000,1752160263.262937,436105824011.000000
435975098000.000000,1752160263.279769,436122656466.000000
436008418000.000000,1752160263.295964,436138851114.000000
436041740000.000000,1752160263.312249,436155135482.000000
436075061000.000000,1752160263.490172,436333059454.000000
436241666000.000000,1752160263.501668,436344555021.000000
436274988000.000000,1752160263.528497,436371383909.000000
436308310000.000000,1752160263.643379,436486267275.000000
436341631000.000000,1752160263.659961,436502847474.000000
436441594000.000000,1752160263.681684,436524570471.000000
436474917000.000000,1752160263.820210,436663097574.000000
436508238000.000000,1752160263.837079,436679966399.000000
436608204000.000000,1752160263.853387,436696274082.000000
436641524000.000000,1752160263.983428,436826315643.000000
436674845000.000000,1752160263.995114,436838001152.000000
436774808000.000000,1752160264.006589,436849476070.000000
436808131000.000000,1752160264.193771,437036658261.000000
436841452000.000000,1752160264.221566,437064453010.000000
436941416000.000000,1752160264.237909,437080795934.000000
436974738000.000000,1752160264.254185,437097071969.000000
437008059000.000000,1752160264.417295,437260182447.000000
437174665000.000000,1752160264.449526,437292412576.000000
437207989000.000000,1752160264.471658,437314545013.000000
437241310000.000000,1752160264.563075,437405962474.000000
437274632000.000000,1752160264.579949,437422835410.000000
437374596000.000000,1752160264.708627,437551514207.000000
437407917000.000000,1752160264.736207,437579094440.000000
437441239000.000000,1752160264.758127,437601014325.000000
437541201000.000000,1752160264.927690,437770577569.000000
437574527000.000000,1752160264.944400,437787286988.000000
437674487000.000000,1752160264.966081,437808967875.000000
437707810000.000000,1752160264.987564,437830449801.000000
437741130000.000000,1752160265.168587,438011474185.000000
437907736000.000000,1752160265.185172,438028060458.000000
437941058000.000000,1752160265.297465,438140352832.000000
437974380000.000000,1752160265.325075,438167962435.000000
438007701000.000000,1752160265.351858,438194746065.000000
438140988000.000000,1752160265.465387,438308274112.000000
438174309000.000000,1752160265.481982,438324868718.000000
438274272000.000000,1752160265.576926,438419812846.000000
438307594000.000000,1752160265.593820,438436706615.000000
438340916000.000000,1752160265.616708,438459595193.000000
438440880000.000000,1752160265.750881,438593769230.000000
438474201000.000000,1752160265.772510,438615397265.000000
438540843000.000000,1752160265.784037,438626924849.000000
438574164000.000000,1752160265.907535,438750421793.000000
438607486000.000000,1752160265.924229,438767116453.000000
438707450000.000000,1752160265.946378,438789264390.000000
438740771000.000000,1752160266.122212,438965099162.000000
438774093000.000000,1752160266.170496,439013383107.000000
438874056000.000000,1752160266.191916,439034802255.000000
438907379000.000000,1752160266.208255,439051141197.000000
438940701000.000000,1752160266.404376,439247264074.000000
439140627000.000000,1752160266.416285,439259171265.000000
439173950000.000000,1752160266.523614,439366501913.000000
439207271000.000000,1752160266.540517,439383403516.000000
439240592000.000000,1752160266.563034,439405920783.000000
439340557000.000000,1752160266.711589,439554476633.000000
439373876000.000000,1752160266.723459,439566346529.000000
439473842000.000000,1752160266.735018,439577904761.000000
439507162000.000000,1752160266.858784,439701671350.000000
439540484000.000000,1752160266.875643,439718529694.000000
439640448000.000000,1752160266.892308,439735195040.000000
439673770000.000000,1752160267.020632,439863521118.000000
439707093000.000000,1752160267.043141,439886029422.000000
439807054000.000000,1752160267.065395,439908282988.000000
439840377000.000000,1752160267.197346,440040234529.000000
439873700000.000000,1752160267.209010,440051897612.000000
440006983000.000000,1752160267.231271,440074157807.000000
440040307000.000000,1752160267.366156,440209042929.000000
440073628000.000000,1752160267.388492,440231379605.000000
440173591000.000000,1752160267.504765,440347652494.000000
440206913000.000000,1752160267.532203,440375089728.000000
440240235000.000000,1752160267.548592,440391478744.000000
440340199000.000000,1752160267.677924,440520811608.000000
440373520000.000000,1752160267.705405,440548291861.000000
440473483000.000000,1752160267.727432,440570319151.000000
440506806000.000000,1752160267.817537,440660424348.000000
440540127000.000000,1752160267.834146,440677032861.000000
440640091000.000000,1752160267.950057,440792944772.000000
440673413000.000000,1752160267.961911,440804798186.000000
440706734000.000000,1752160267.973546,440816432065.000000
440740056000.000000,1752160267.985269,440828154833.000000
440773376000.000000,1752160268.166023,441008911239.000000
440906662000.000000,1752160268.177721,441020606988.000000
440939984000.000000,1752160268.199822,441042708945.000000
440973305000.000000,1752160268.341352,441184239627.000000
441006628000.000000,1752160268.358146,441201033990.000000
441106590000.000000,1752160268.374852,441217738206.000000
441139911000.000000,1752160268.396335,441239222039.000000
441173233000.000000,1752160268.583153,441426041197.000000
441306518000.000000,1752160268.610817,441453704152.000000
441339840000.000000,1752160268.626836,441469721893.000000
441373161000.000000,1752160268.822013,441664901372.000000
441406482000.000000,1752160268.828734,441671620376.000000
441573090000.000000,1752160268.855832,441698718540.000000
441606410000.000000,1752160268.956758,441799645366.000000
441639732000.000000,1752160268.968926,441811812832.000000
441773018000.000000,1752160269.054589,441897476149.000000
441806340000.000000,1752160269.082033,441924920531.000000
441839663000.000000,1752160269.199560,442042447000.000000
441906304000.000000,1752160269.226555,442069442609.000000
441939625000.000000,1752160269.243237,442086123714.000000
442039588000.000000,1752160269.372802,442215689872.000000
442072911000.000000,1752160269.394841,442237727792.000000
442172874000.000000,1752160269.411449,442254335694.000000
442206197000.000000,1752160269.538556,442381443063.000000
442239519000.000000,1752160269.560546,442403432632.000000
442372803000.000000,1752160269.720887,442563774731.000000
442406125000.000000,1752160269.747610,442590497843.000000
442439446000.000000,1752160269.764186,442607072430.000000
442506089000.000000,1752160269.785918,442628804039.000000
442539410000.000000,1752160269.922986,442765873749.000000
442706017000.000000,1752160269.939856,442782743278.000000
442739338000.000000,1752160270.070155,442913042707.000000
442772661000.000000,1752160270.086639,442929526128.000000
442805981000.000000,1752160270.108599,442951486234.000000
442905945000.000000,1752160270.246365,443089252178.000000
442939267000.000000,1752160270.273657,443116543470.000000
443039231000.000000,1752160270.290129,443133016336.000000
443072553000.000000,1752160270.409070,443251958623.000000
443105874000.000000,1752160270.426208,443269095464.000000
443205837000.000000,1752160270.447559,443290445965.000000
443239159000.000000,1752160270.577295,443420182733.000000
443272482000.000000,1752160270.604707,443447593523.000000
443372444000.000000,1752160270.621694,443464582236.000000
443405766000.000000,1752160270.775406,443618292904.000000
443439088000.000000,1752160270.797343,443640230399.000000
443572373000.000000,1752160270.824553,443667439654.000000
443605694000.000000,1752160270.949622,443792509414.000000
443639016000.000000,1752160270.961253,443804140072.000000
443772300000.000000,1752160271.082602,443925489241.000000
443805623000.000000,1752160271.099506,443942393399.000000
443838944000.000000,1752160271.121468,443964354542.000000
443872265000.000000,1752160271.148220,443991107062.000000
443905587000.000000,1752160271.322258,444165146722.000000
444072193000.000000,1752160271.343864,444186750591.000000
444105514000.000000,1752160271.365916,444208802863.000000
444138837000.000000,1752160271.547597,444390485148.000000
444172157000.000000,1752160271.579871,444422758332.000000
444272121000.000000,1752160271.606241,444449127356.000000
444305443000.000000,1752160271.627948,444470833872.000000
444338765000.000000,1752160271.644236,444487122240.000000
444572014000.000000,1752160271.892785,444735672889.000000
444605335000.000000,1752160271.909605,444752491844.000000
444638656000.000000,1752160272.034348,444877235349.000000
444671978000.000000,1752160272.050736,444893623383.000000
444705300000.000000,1752160272.067492,444910379024.000000
444838585000.000000,1752160272.083933,444926819928.000000
444871907000.000000,1752160272.257312,445100198762.000000
445005193000.000000,1752160272.274035,445116921533.000000
445038515000.000000,1752160272.360137,445203024123.000000
445071835000.000000,1752160272.376616,445219503027.000000
445105157000.000000,1752160272.393333,445236220298.000000
445205120000.000000,1752160272.477472,445320359334.000000
445238443000.000000,1752160272.499386,445342272681.000000
445338407000.000000,1752160272.673715,445516602950.000000
445371727000.000000,1752160272.690336,445533222963.000000
445405049000.000000,1752160272.706729,445549615608.000000
445438371000.000000,1752160272.723311,445566197159.000000
445471692000.000000,1752160272.901632,445744519349.000000
445671619000.000000,1752160272.913454,445756341134.000000
445704941000.000000,1752160273.087299,445930186186.000000
445738262000.000000,1752160273.109315,445952202347.000000
445771584000.000000,1752160273.125637,445968523085.000000
445871548000.000000,1752160273.147025,445989911382.000000
445904870000.000000,1752160273.305915,446148802570.000000
446071476000.000000,1752160273.323104,446165991003.000000
446104798000.000000,1752160273.441401,446284288945.000000
446138120000.000000,1752160273.463725,446306611880.000000
446171441000.000000,1752160273.484921,446327807587.000000
446238083000.000000,1752160273.506591,446349477418.000000
446271406000.000000,1752160273.645414,446488301925.000000
446438011000.000000,1752160273.662155,446505041733.000000
446471334000.000000,1752160273.880100,446722986513.000000
446504656000.000000,1752160273.896066,446738952663.000000
446537977000.000000,1752160273.917391,446760278349.000000
446604619000.000000,1752160273.944256,446787142923.000000
446671262000.000000,1752160273.965312,446808198205.000000
446904511000.000000,1752160274.182820,447025707305.000000
446937832000.000000,1752160274.200042,447042930200.000000
446971156000.000000,1752160274.227484,447070370916.000000
447004477000.000000,1752160274.385810,447228697665.000000
447037799000.000000,1752160274.407536,447250422774.000000
447137761000.000000,1752160274.429051,447271938495.000000
447171084000.000000,1752160274.445511,447288398510.000000
447204404000.000000,1752160274.658855,447501742857.000000
447371012000.000000,1752160274.675457,447518343203.000000
447404334000.000000,1752160274.692138,447535024512.000000
447437654000.000000,1752160274.832264,447675152061.000000
447504297000.000000,1752160274.849194,447692080997.000000
447604261000.000000,1752160274.870920,447713806549.000000
447637583000.000000,1752160275.021456,447864343694.000000
447670903000.000000,1752160275.043406,447886292578.000000
447770868000.000000,1752160275.059985,447902871851.000000
447804189000.000000,1752160275.086589,447929476372.000000
447870833000.000000,1752160275.222698,448065585814.000000
448004118000.000000,1752160275.259957,448102844169.000000
448037439000.000000,1752160275.357840,448200727304.000000
448070762000.000000,1752160275.374537,448217424223.000000
448104082000.000000,1752160275.402459,448245346045.000000
448204047000.000000,1752160275.508359,448351245819.000000
448237369000.000000,1752160275.519976,448362863606.000000
448370654000.000000,1752160275.630899,448473786180.000000
448403975000.000000,1752160275.658311,448501198063.000000
448437296000.000000,1752160275.784509,448627396571.000000
448470617000.000000,1752160275.806431,448649317251.000000
448503939000.000000,1752160275.828543,448671430504.000000
448603902000.000000,1752160275.958948,448801835135.000000
448637225000.000000,1752160275.975554,448818441278.000000
448737188000.000000,1752160275.998011,448840898601.000000
448770510000.000000,1752160276.115982,448958869860.000000
448803832000.000000,1752160276.138305,448981192074.000000
448903795000.000000,1752160276.160454,449003340826.000000
448937117000.000000,1752160276.315646,449158533848.000000
448970438000.000000,1752160276.337666,449180552509.000000
449103722000.000000,1752160276.359641,449202528004.000000
449137045000.000000,1752160276.461888,449304775519.000000
449170368000.000000,1752160276.483577,449326464850.000000
449303651000.000000,1752160276.651168,449494055393.000000
449336975000.000000,1752160276.678087,449520973892.000000
449370294000.000000,1752160276.700669,449543555306.000000
449470259000.000000,1752160276.872238,449715125789.000000
449503582000.000000,1752160276.889016,449731903318.000000
449636866000.000000,1752160276.905792,449748679052.000000
449670187000.000000,1752160276.922371,449765256936.000000
449703509000.000000,1752160277.094990,449937877815.000000
449836794000.000000,1752160277.111656,449954543087.000000
449870116000.000000,1752160277.127888,449970774956.000000
449903437000.000000,1752160277.262627,450105514709.000000
449936758000.000000,1752160277.289272,450132159211.000000
450036723000.000000,1752160277.310927,450153813505.000000
450070045000.000000,1752160277.450859,450293745982.000000
450103365000.000000,1752160277.483889,450326776214.000000
450236650000.000000,1752160277.505760,450348647025.000000
450269973000.000000,1752160277.668620,450511507746.000000
450303295000.000000,1752160277.685137,450528023945.000000
450436579000.000000,1752160277.707452,450550339306.000000
450469901000.000000,1752160277.723803,450566689526.000000
450503222000.000000,1752160277.897680,450740567022.000000
450636507000.000000,1752160277.914845,450757731696.000000
450669829000.000000,1752160277.942704,450785591648.000000
450703150000.000000,1752160278.102433,450945321013.000000
450736473000.000000,1752160278.114009,450956896115.000000
450869757000.000000,1752160278.130553,450973439444.000000
450903079000.000000,1752160278.265909,451108795709.000000
450936401000.000000,1752160278.292923,451135810429.000000
451069685000.000000,1752160278.314959,451157846127.000000
451103008000.000000,1752160278.495378,451338265907.000000
451136330000.000000,1752160278.512321,451355207805.000000
451236292000.000000,1752160278.533793,451376679361.000000
451269615000.000000,1752160278.624317,451467204849.000000
451302936000.000000,1752160278.640977,451483863658.000000
451436220000.000000,1752160278.751645,451594532734.000000
451469543000.000000,1752160278.768537,451611424041.000000
451502866000.000000,1752160278.795897,451638784221.000000
451569506000.000000,1752160278.907834,451750721506.000000
451602829000.000000,1752160278.924559,451767446110.000000
451702792000.000000,1752160278.940933,451783819774.000000
451736115000.000000,1752160279.047364,451890251950.000000
451769435000.000000,1752160279.074320,451917207189.000000
451869399000.000000,1752160279.214285,452057173610.000000
451902721000.000000,1752160279.236188,452079074495.000000
451936044000.000000,1752160279.263904,452106790578.000000
452036006000.000000,1752160279.391883,452234769919.000000
452069328000.000000,1752160279.413655,452256542194.000000
452169291000.000000,1752160279.430419,452273306909.000000
452202614000.000000,1752160279.527898,452370786233.000000
452235936000.000000,1752160279.544686,452387573319.000000
452335899000.000000,1752160279.669980,452512867114.000000
452369220000.000000,1752160279.692165,452535053217.000000
452402542000.000000,1752160279.708770,452551657231.000000
452502505000.000000,1752160279.864740,452707627264.000000
452535828000.000000,1752160279.881478,452724366572.000000
452635790000.000000,1752160279.898345,452741231231.000000
452669112000.000000,1752160279.914809,452757695875.000000
452702433000.000000,1752160280.071235,452914122774.000000
452835718000.000000,1752160280.093394,452936280970.000000
452869039000.000000,1752160280.110376,452953262739.000000
452902360000.000000,1752160280.233768,453076655368.000000
452935684000.000000,1752160280.250414,453093300881.000000
453035647000.000000,1752160280.267172,453110059022.000000
453068969000.000000,1752160280.379471,453222358859.000000
453102291000.000000,1752160280.396295,453239181870.000000
453202254000.000000,1752160280.553762,453396649925.000000
453235576000.000000,1752160280.565667,453408553487.000000
453268897000.000000,1752160280.581959,453424845133.000000
453302218000.000000,1752160280.598243,453441129835.000000
453368860000.000000,1752160280.778646,453621532874.000000
453535467000.000000,1752160280.790587,453633473602.000000
453568789000.000000,1752160280.901808,453744694858.000000
453602111000.000000,1752160280.918437,453761324834.000000
453635434000.000000,1752160280.935156,453778042939.000000
453702075000.000000,1752160280.961879,453804765792.000000
453735397000.000000,1752160281.120657,453963544870.000000
453902003000.000000,1752160281.137203,453980090680.000000
453935325000.000000,1752160281.282339,454125227288.000000
453968647000.000000,1752160281.298983,454141870004.000000
454001968000.000000,1752160281.315249,454158136817.000000
454101932000.000000,1752160281.511686,454354573746.000000
454135254000.000000,1752160281.533501,454376387465.000000
454235217000.000000,1752160281.549731,454392617908.000000
454268539000.000000,1752160281.571607,454414493033.000000
454301860000.000000,1752160281.724737,454567624725.000000
454501789000.000000,1752160281.741177,454584064351.000000
454535110000.000000,1752160281.870784,454713670694.000000
454568433000.000000,1752160281.892720,454735607041.000000
454601754000.000000,1752160281.904220,454747106311.000000
454701716000.000000,1752160282.028905,454871793224.000000
454735039000.000000,1752160282.061360,454904247128.000000
454835002000.000000,1752160282.131073,454973960610.000000
454868324000.000000,1752160282.158638,455001524454.000000
454901646000.000000,1752160282.175036,455017922303.000000
454968288000.000000,1752160282.311602,455154490815.000000
455001611000.000000,1752160282.328832,455171718970.000000
455101576000.000000,1752160282.350915,455193802797.000000
455134897000.000000,1752160282.463270,455306156874.000000
455168217000.000000,1752160282.484931,455327818724.000000
455301502000.000000,1752160282.615198,455458086153.000000
455334825000.000000,1752160282.631958,455474845294.000000
455368145000.000000,1752160282.648453,455491339956.000000
455434787000.000000,1752160282.832463,455675351051.000000
455468110000.000000,1752160282.854047,455696933976.000000
455568074000.000000,1752160282.875450,455718336884.000000
455601395000.000000,1752160282.902388,455745274753.000000
455634717000.000000,1752160283.021307,455864195114.000000
455834644000.000000,1752160283.083022,455925909956.000000
455867967000.000000,1752160283.099757,455942643783.000000
455901288000.000000,1752160283.232398,456075285039.000000
455934609000.000000,1752160283.254115,456097002148.000000
455967930000.000000,1752160283.281105,456123992479.000000
456034572000.000000,1752160283.303427,456146313767.000000
456101215000.000000,1752160283.455320,456298207620.000000
456234500000.000000,1752160283.477635,456320522203.000000
456267823000.000000,1752160283.620392,456463279114.000000
456301145000.000000,1752160283.642070,456484957908.000000
456334466000.000000,1752160283.664717,456507604062.000000
456401107000.000000,1752160283.691715,456534602727.000000
456467751000.000000,1752160283.807009,456649896941.000000
456601036000.000000,1752160283.915210,456758097913.000000
456634359000.000000,1752160283.942795,456785682127.000000
456667681000.000000,1752160283.959404,456802290604.000000
456701001000.000000,1752160283.976102,456818988227.000000
456734322000.000000,1752160284.089936,456932824030.000000
456900930000.000000,1752160284.228455,457071342021.000000
456934251000.000000,1752160284.245238,457088125496.000000
456967571000.000000,1752160284.272255,457115142234.000000
457000894000.000000,1752160284.387914,457230801777.000000
457067536000.000000,1752160284.394645,457237531708.000000
457200820000.000000,1752160284.561767,457404654736.000000
457234144000.000000,1752160284.578693,457421580468.000000
457267465000.000000,1752160284.589939,457432824852.000000
457334107000.000000,1752160284.606441,457449327033.000000
457367429000.000000,1752160284.752840,457595727239.000000
457534035000.000000,1752160284.769474,457612360660.000000
457567356000.000000,1752160284.914331,457757218123.000000
457600679000.000000,1752160284.925957,457768843428.000000
457634000000.000000,1752160284.947660,457790547222.000000
457700642000.000000,1752160284.963960,457806847109.000000
457733963000.000000,1752160285.089504,457932392772.000000
457900570000.000000,1752160285.226376,458069263743.000000
457933893000.000000,1752160285.243361,458086248882.000000
457967213000.000000,1752160285.276390,458119277281.000000
458000535000.000000,1752160285.424916,458267803446.000000
458067176000.000000,1752160285.447194,458290081679.000000
458200461000.000000,1752160285.469481,458312368337.000000
458233784000.000000,1752160285.601499,458444386248.000000
458267105000.000000,1752160285.623724,458466611054.000000
458400390000.000000,1752160285.645339,458488226460.000000
458433712000.000000,1752160285.781610,458624497049.000000
458467033000.000000,1752160285.819631,458662517767.000000
458566998000.000000,1752160285.836478,458679365740.000000
458600319000.000000,1752160285.989686,458832573857.000000
458633640000.000000,1752160286.006316,458849202519.000000
458733604000.000000,1752160286.022381,458865267593.000000
458766926000.000000,1752160286.182774,459025661173.000000
458800248000.000000,1752160286.204445,459047332356.000000
458933533000.000000,1752160286.236483,459079370098.000000
458966854000.000000,1752160286.252812,459095698670.000000
459000176000.000000,1752160286.434391,459277277604.000000
459166782000.000000,1752160286.451043,459293930136.000000
459200104000.000000,1752160286.559425,459402312532.000000
459233425000.000000,1752160286.576040,459418927452.000000
459266747000.000000,1752160286.592459,459435346967.000000
459400032000.000000,1752160286.786246,459629134294.000000
459433354000.000000,1752160286.802790,459645677271.000000
459533317000.000000,1752160286.824166,459667051753.000000
459566638000.000000,1752160286.840526,459683412139.000000
459599963000.000000,1752160287.026991,459869877820.000000
459766568000.000000,1752160287.048619,459891506207.000000
459799889000.000000,1752160287.085601,459928487842.000000
459833211000.000000,1752160287.247218,460090105817.000000
459866532000.000000,1752160287.269654,460112541066.000000
459999817000.000000,1752160287.291184,460134071547.000000
460033138000.000000,1752160287.307893,460150778892.000000
460066460000.000000,1752160287.436116,460279003824.000000
460233068000.000000,1752160287.578722,460421609699.000000
460266388000.000000,1752160287.605651,460448538161.000000
460299710000.000000,1752160287.622527,460465413579.000000
460333031000.000000,1752160287.639003,460481890019.000000
460432995000.000000,1752160287.788947,460631834411.000000
460566282000.000000,1752160287.805883,460648770032.000000
460599603000.000000,1752160287.939258,460782145632.000000
460632925000.000000,1752160287.955630,460798517666.000000
460666247000.000000,1752160287.971929,460814816127.000000
460732888000.000000,1752160287.993731,460836617568.000000
460799532000.000000,1752160288.179015,461021902946.000000
460899495000.000000,1752160288.206190,461049077127.000000
460932818000.000000,1752160288.222965,461065852491.000000
460966137000.000000,1752160288.326585,461169472733.000000
461032782000.000000,1752160288.353870,461196757209.000000
461132745000.000000,1752160288.453756,461296645064.000000
461166065000.000000,1752160288.470241,461313127689.000000
461199389000.000000,1752160288.486805,461329692259.000000
461266030000.000000,1752160288.668294,461511181472.000000
461299352000.000000,1752160288.685229,461528116334.000000
461432636000.000000,1752160288.701830,461544717347.000000
461465958000.000000,1752160288.796129,461639017463.000000
461499280000.000000,1752160288.823733,461666620548.000000
461599243000.000000,1752160288.840819,461683706741.000000
461632566000.000000,1752160289.015509,461858396265.000000
461665886000.000000,1752160289.037779,461880666238.000000
461799172000.000000,1752160289.059924,461902811083.000000
461832493000.000000,1752160289.168848,462011735511.000000
461865816000.000000,1752160289.196387,462039274300.000000
461965779000.000000,1752160289.213221,462056107811.000000
461999101000.000000,1752160289.360804,462203691727.000000
462032422000.000000,1752160289.382633,462225519927.000000
462132385000.000000,1752160289.404208,462247094444.000000
462165708000.000000,1752160289.555010,462397896216.000000
462199029000.000000,1752160289.577145,462420031783.000000
462332313000.000000,1752160289.604105,462446991985.000000
462365637000.000000,1752160289.704028,462546914987.000000
462398959000.000000,1752160289.720911,462563798516.000000
462532243000.000000,1752160289.890738,462733626017.000000
462565565000.000000,1752160289.907166,462750053199.000000
462598888000.000000,1752160289.923574,462766461844.000000
462665528000.000000,1752160289.940093,462782979043.000000
462732172000.000000,1752160290.149749,462992635946.000000
462865457000.000000,1752160290.166499,463009386013.000000
462898779000.000000,1752160290.183076,463025962638.000000
462932100000.000000,1752160290.327096,463169983536.000000
462965422000.000000,1752160290.343372,463186259552.000000
463098706000.000000,1752160290.375891,463218778549.000000
463165350000.000000,1752160290.538569,463381455623.000000
463198671000.000000,1752160290.555505,463398392207.000000
463298634000.000000,1752160290.581988,463424874155.000000
463331957000.000000,1752160290.598324,463441210208.000000
463365279000.000000,1752160290.760116,463603003866.000000
463531884000.000000,1752160290.776559,463619446826.000000
463565207000.000000,1752160290.793717,463636603352.000000
463598528000.000000,1752160290.967159,463810046000.000000
463631851000.000000,1752160290.984590,463827477857.000000
463731813000.000000,1752160291.001173,463844059907.000000
463765136000.000000,1752160291.017704,463860590866.000000
463798456000.000000,1752160291.230644,464073531105.000000
463931741000.000000,1752160291.247302,464090188840.000000
463965063000.000000,1752160291.274552,464117438243.000000
463998384000.000000,1752160291.385970,464228857626.000000
464031706000.000000,1752160291.402632,464245518046.000000
464198313000.000000,1752160291.527595,464370482549.000000
464231635000.000000,1752160291.544363,464387250505.000000
464264956000.000000,1752160291.556209,464399095808.000000
464364920000.000000,1752160291.725614,464568500961.000000
464398241000.000000,1752160291.742082,464584969383.000000
464531527000.000000,1752160291.846849,464689736428.000000
464564847000.000000,1752160291.863786,464706673030.000000
464598171000.000000,1752160291.880170,464723056675.000000
464664812000.000000,1752160292.009461,464852349022.000000
464698135000.000000,1752160292.036429,464879315983.000000
464798097000.000000,1752160292.053581,464896467398.000000
464831420000.000000,1752160292.192863,465035750641.000000
464864741000.000000,1752160292.209561,465052448153.000000
464998027000.000000,1752160292.296870,465139757009.000000
465031348000.000000,1752160292.318548,465161434784.000000
465064669000.000000,1752160292.335308,465178194259.000000
465164633000.000000,1752160292.545172,465388058752.000000
465197955000.000000,1752160292.561825,465404712024.000000
465297920000.000000,1752160292.578593,465421479443.000000
465331242000.000000,1752160292.600494,465443380716.000000
465364562000.000000,1752160292.766781,465609668309.000000
465531167000.000000,1752160292.783541,465626428247.000000
465564489000.000000,1752160292.800440,465643326035.000000
465597811000.000000,1752160292.908484,465751371120.000000
465631134000.000000,1752160292.941104,465783991337.000000
465697776000.000000,1752160292.957974,465800861200.000000
465764419000.000000,1752160293.141067,465983955693.000000
465797741000.000000,1752160293.163005,466005892743.000000
465897703000.000000,1752160293.179718,466022604385.000000
465931025000.000000,1752160293.318613,466161500410.000000
465964347000.000000,1752160293.345969,466188856052.000000
466097632000.000000,1752160293.368201,466211088322.000000
466130955000.000000,1752160293.503151,466346038758.000000
466164276000.000000,1752160293.519859,466362746530.000000
466297560000.000000,1752160293.546689,466389576122.000000
466330883000.000000,1752160293.699362,466542249467.000000
466364204000.000000,1752160293.716220,466559106941.000000
466464167000.000000,1752160293.732935,466575821768.000000
466497489000.000000,1752160293.749430,466592315800.000000
466530811000.000000,1752160293.974514,466817409655.000000
466664096000.000000,1752160294.006924,466849810486.000000
466697417000.000000,1752160294.028406,466871292726.000000
466764059000.000000,1752160294.123337,466966224762.000000
466797382000.000000,1752160294.139596,466982483408.000000
466963988000.000000,1752160294.295605,467138492126.000000
466997310000.000000,1752160294.312032,467154918734.000000
467030631000.000000,1752160294.328864,467171750689.000000
467130594000.000000,1752160294.484458,467327345726.000000
467163917000.000000,1752160294.502653,467345539871.000000
467263879000.000000,1752160294.519107,467361993886.000000
467297202000.000000,1752160294.662810,467505697842.000000
467330524000.000000,1752160294.679548,467522435076.000000
467463807000.000000,1752160294.712729,467555616603.000000
467497131000.000000,1752160294.872761,467715649890.000000
467530453000.000000,1752160294.889565,467732452457.000000
467630416000.000000,1752160294.901081,467743967671.000000
467663738000.000000,1752160295.040454,467883341950.000000
467697059000.000000,1752160295.057494,467900380903.000000
467830344000.000000,1752160295.170059,468012946349.000000
467863666000.000000,1752160295.193016,468035903241.000000
467896988000.000000,1752160295.204398,468047284678.000000
467996950000.000000,1752160295.360734,468203620597.000000
468030276000.000000,1752160295.393875,468236762920.000000
468130236000.000000,1752160295.415767,468258653805.000000
468163558000.000000,1752160295.432127,468275012987.000000
468196881000.000000,1752160295.555265,468398152397.000000
468363486000.000000,1752160295.567145,468410032681.000000
468396810000.000000,1752160295.736011,468578898285.000000
468430129000.000000,1752160295.757976,468600863094.000000
468463451000.000000,1752160295.774838,468617724771.000000
468530092000.000000,1752160295.791205,468634091491.000000
468563415000.000000,1752160295.935852,468778738975.000000
468730021000.000000,1752160295.953301,468796188423.000000
468763344000.000000,1752160296.071648,468914535457.000000
468796666000.000000,1752160296.099687,468942574000.000000
468829986000.000000,1752160296.127178,468970065216.000000
468896628000.000000,1752160296.294656,469137543592.000000
468929950000.000000,1752160296.306116,469149002326.000000
469029914000.000000,1752160296.328311,469171198022.000000
469063236000.000000,1752160296.339665,469182552071.000000
469096557000.000000,1752160296.361228,469204114514.000000
469296485000.000000,1752160296.569362,469412250359.000000
469329808000.000000,1752160296.591334,469434220705.000000
469363129000.000000,1752160296.768423,469611310960.000000
469396451000.000000,1752160296.780371,469623258404.000000
469429772000.000000,1752160296.786918,469629805406.000000
469563056000.000000,1752160296.798370,469641256374.000000
469596379000.000000,1752160296.957406,469800294413.000000
469696342000.000000,1752160296.974290,469817177562.000000
469729664000.000000,1752160296.991018,469833904768.000000
469762986000.000000,1752160297.071420,469914307852.000000
469796307000.000000,1752160297.093108,469935994393.000000
469929591000.000000,1752160297.228439,470071326654.000000
469962914000.000000,1752160297.244998,470087885103.000000
469996234000.000000,1752160297.267354,470110240507.000000
470029557000.000000,1752160297.283855,470126741864.000000
470062878000.000000,1752160297.428767,470271654354.000000
470196162000.000000,1752160297.445476,470288362875.000000
470229484000.000000,1752160297.462378,470305263968.000000
470262806000.000000,1752160297.648042,470490929402.000000
470296127000.000000,1752160297.664915,470507801384.000000
470396090000.000000,1752160297.680994,470523880764.000000
470429413000.000000,1752160297.806458,470649346078.000000
470462734000.000000,1752160297.833537,470676424041.000000
470629340000.000000,1752160297.973578,470816464881.000000
470662663000.000000,1752160297.989863,470832749980.000000
470695985000.000000,1752160298.006263,470849149357.000000
470762625000.000000,1752160298.023214,470866100597.000000
470829269000.000000,1752160298.208104,471050991984.000000
470962554000.000000,1752160298.225401,471068288924.000000
470995876000.000000,1752160298.237328,471080215479.000000
471029197000.000000,1752160298.353956,471196843001.000000
471062519000.000000,1752160298.371091,471213978258.000000
471162481000.000000,1752160298.392828,471235715261.000000
471195804000.000000,1752160298.493788,471336674991.000000
471229125000.000000,1752160298.505707,471348593565.000000
471329088000.000000,1752160298.631543,471474430060.000000
471362411000.000000,1752160298.653688,471496575114.000000
471395732000.000000,1752160298.680803,471523690299.000000
471462373000.000000,1752160298.809743,471652630593.000000
471495695000.000000,1752160298.827102,471669989163.000000
471595659000.000000,1752160298.854493,471697379919.000000
471628981000.000000,1752160299.007940,471850827316.000000
471662303000.000000,1752160299.025034,471867921944.000000
471762267000.000000,1752160299.041816,471884701946.000000
471795589000.000000,1752160299.058474,471901360152.000000
471828909000.000000,1752160299.243675,472086562480.000000
471995517000.000000,1752160299.266381,472109267658.000000
472028839000.000000,1752160299.278151,472121037863.000000
472062160000.000000,1752160299.415669,472258556859.000000
472095481000.000000,1752160299.437787,472280675155.000000
472195444000.000000,1752160299.450152,472293039223.000000
472228766000.000000,1752160299.596534,472439421494.000000
472262088000.000000,1752160299.623391,472466278793.000000
472362052000.000000,1752160299.650067,472492954112.000000
472395372000.000000,1752160299.750300,472593187850.000000
472428694000.000000,1752160299.766956,472609842594.000000
472561981000.000000,1752160299.869139,472712026570.000000
472595302000.000000,1752160299.891733,472734620027.000000
472628623000.000000,1752160299.908488,472751375103.000000
472695265000.000000,1752160300.044155,472887043305.000000
472728587000.000000,1752160300.055562,472898448847.000000
472828551000.000000,1752160300.077419,472920306330.000000
472861873000.000000,1752160300.192375,473035262500.000000
472895195000.000000,1752160300.209090,473051977725.000000
472995157000.000000,1752160300.226191,473069078519.000000
473028480000.000000,1752160300.391107,473233994568.000000
473061801000.000000,1752160300.413971,473256858245.000000
473161765000.000000,1752160300.430671,473273558210.000000
473195086000.000000,1752160300.553802,473396689124.000000
473228409000.000000,1752160300.570566,473413452514.000000
473328371000.000000,1752160300.587124,473430010500.000000
473361694000.000000,1752160300.714742,473557629920.000000
473395015000.000000,1752160300.731662,473574548346.000000
473528300000.000000,1752160300.869878,473712766428.000000
473561622000.000000,1752160300.886692,473729579318.000000
473594943000.000000,1752160300.908244,473751131361.000000
473694905000.000000,1752160301.093349,473936235597.000000
473728229000.000000,1752160301.109789,473952677010.000000
473828192000.000000,1752160301.131787,473974673195.000000
473861513000.000000,1752160301.148472,473991358402.000000
473928155000.000000,1752160301.321906,474164793302.000000
474061442000.000000,1752160301.338504,474181391436.000000
474094764000.000000,1752160301.355332,474198219363.000000
474128086000.000000,1752160301.532759,474375646350.000000
474161407000.000000,1752160301.549938,474392825032.000000
474294692000.000000,1752160301.571395,474414281650.000000
474328013000.000000,1752160301.588021,474430907709.000000
474361334000.000000,1752160301.824152,474667039591.000000
474527940000.000000,1752160301.840829,474683716408.000000
474561263000.000000,1752160301.863116,474706003406.000000
474594583000.000000,1752160301.879398,474722283894.000000
474661227000.000000,1752160302.024865,474867753119.000000
474827832000.000000,1752160302.125570,474968457833.000000
474861154000.000000,1752160302.142129,474985016634.000000
474894475000.000000,1752160302.170036,475012923421.000000
474927798000.000000,1752160302.181383,475024269927.000000
474961120000.000000,1752160302.341960,475184848413.000000
475127726000.000000,1752160302.374741,475217628647.000000
475161047000.000000,1752160302.488442,475331328645.000000
475194369000.000000,1752160302.500191,475343077850.000000
475227691000.000000,1752160302.516977,475359864333.000000
475327654000.000000,1752160302.643533,475486420598.000000
475360976000.000000,1752160302.660896,475503783001.000000
475460941000.000000,1752160302.797361,475640248509.000000
475494261000.000000,1752160302.813908,475656794180.000000
475527585000.000000,1752160302.830310,475673196520.000000
475560903000.000000,1752160302.846533,475689419583.000000
475594224000.000000,1752160302.972485,475815372929.000000
475760830000.000000,1752160302.984622,475827508740.000000
475794154000.000000,1752160303.105340,475948227847.000000
475827475000.000000,1752160303.133318,475976205374.000000
475860795000.000000,1752160303.144931,475987818840.000000
475927439000.000000,1752160303.293045,476135931925.000000
475960761000.000000,1752160303.310056,476152943665.000000
476060723000.000000,1752160303.327399,476170285401.000000
476094045000.000000,1752160303.461058,476303945255.000000
476127367000.000000,1752160303.477642,476320528889.000000
476260651000.000000,1752160303.493839,476336725230.000000
476293973000.000000,1752160303.608082,476450969685.000000
476327294000.000000,1752160303.625109,476467995740.000000
476427258000.000000,1752160303.764681,476607567937.000000
476460579000.000000,1752160303.781293,476624180366.000000
476493901000.000000,1752160303.798017,476640903887.000000
476527223000.000000,1752160303.830524,476673410050.000000
476593865000.000000,1752160303.975315,476818202857.000000
476760471000.000000,1752160304.002546,476845433633.000000
476793793000.000000,1752160304.159954,477002841283.000000
476827115000.000000,1752160304.176967,477019855060.000000
476860436000.000000,1752160304.183583,477026470525.000000
476960399000.000000,1752160304.200153,477043039529.000000
476993721000.000000,1752160304.357632,477200519678.000000
477127007000.000000,1752160304.374012,477216899869.000000
477160329000.000000,1752160304.391121,477234007738.000000
477193651000.000000,1752160304.538521,477381408849.000000
477226972000.000000,1752160304.549895,477392782114.000000
477326935000.000000,1752160304.576687,477419574413.000000
477360257000.000000,1752160304.741723,477584611091.000000
477393579000.000000,1752160304.758542,477601430296.000000
477526864000.000000,1752160304.774855,477617742655.000000
477560186000.000000,1752160304.953577,477796464905.000000
477593507000.000000,1752160304.970331,477813219092.000000
477693470000.000000,1752160304.986837,477829723523.000000
477760112000.000000,1752160305.107639,477950526555.000000
477793435000.000000,1752160305.124408,477967295945.000000
477926720000.000000,1752160305.240983,478083870708.000000
477960041000.000000,1752160305.258209,478101095353.000000
477993362000.000000,1752160305.274689,478117576877.000000
478060008000.000000,1752160305.359117,478202003750.000000
478093327000.000000,1752160305.375830,478218717160.000000
478193291000.000000,1752160305.518468,478361355138.000000
478226613000.000000,1752160305.535288,478378175492.000000
478259934000.000000,1752160305.568263,478411150298.000000
478293255000.000000,1752160305.584556,478427442675.000000
478359898000.000000,1752160305.746931,478589817864.000000
478493184000.000000,1752160305.763693,478606580032.000000
478526505000.000000,1752160305.785985,478628872066.000000
478559827000.000000,1752160305.907466,478750354109.000000
478593149000.000000,1752160305.919070,478761956149.000000
478693111000.000000,1752160305.940525,478783412062.000000
478726433000.000000,1752160306.106332,478949219602.000000
478759755000.000000,1752160306.133345,478976232325.000000
478859718000.000000,1752160306.149778,478992664701.000000
478893040000.000000,1752160306.361412,479204299555.000000
478926361000.000000,1752160306.378074,479220961076.000000
479059647000.000000,1752160306.409936,479252823154.000000
479092968000.000000,1752160306.426632,479269519046.000000
479192932000.000000,1752160306.608325,479451213004.000000
479359538000.000000,1752160306.636238,479479125569.000000
479392860000.000000,1752160306.773288,479616175497.000000
479426181000.000000,1752160306.794743,479637629856.000000
479459504000.000000,1752160306.816891,479659777743.000000
479559466000.000000,1752160306.832927,479675813586.000000
479626110000.000000,1752160307.032032,479874918762.000000
479759395000.000000,1752160307.053782,479896668561.000000
479792716000.000000,1752160307.131258,479974144603.000000
479826040000.000000,1752160307.147911,479990797773.000000
479859360000.000000,1752160307.169778,480012664608.000000
479959324000.000000,1752160307.291244,480134131392.000000
479992645000.000000,1752160307.307815,480150702414.000000
480125931000.000000,1752160307.440377,480283265558.000000
480159252000.000000,1752160307.457435,480300322261.000000
480192574000.000000,1752160307.484437,480327323725.000000
480259216000.000000,1752160307.625807,480468694605.000000
480292538000.000000,1752160307.642886,480485774863.000000
480392501000.000000,1752160307.676601,480519487995.000000
480425824000.000000,1752160307.693720,480536607215.000000
480459145000.000000,1752160307.882426,480725313412.000000
480625752000.000000,1752160307.899022,480741908971.000000
480659073000.000000,1752160307.916811,480759697610.000000
480692395000.000000,1752160308.069326,480912214425.000000
480725716000.000000,1752160308.086515,480929402996.000000
480825678000.000000,1752160308.102785,480945672633.000000
480859001000.000000,1752160308.119239,480962125601.000000
480892323000.000000,1752160308.260556,481103442964.000000
481058929000.000000,1752160308.282490,481125377521.000000
481092250000.000000,1752160308.394450,481237337667.000000
481125573000.000000,1752160308.411121,481254008152.000000
481158893000.000000,1752160308.437430,481280317327.000000
481225535000.000000,1752160308.562517,481405405460.000000
481258858000.000000,1752160308.574737,481417624586.000000
481358821000.000000,1752160308.581248,481424135477.000000
481392143000.000000,1752160308.711422,481554310036.000000
481425466000.000000,1752160308.733449,481576336999.000000
481492107000.000000,1752160308.739815,481582701041.000000
481525429000.000000,1752160308.835614,481678501753.000000
481558751000.000000,1752160308.852351,481695237996.000000
481658713000.000000,1752160309.002213,481845100543.000000
481692034000.000000,1752160309.034098,481876984972.000000
481725356000.000000,1752160309.066723,481909609653.000000
481791998000.000000,1752160309.087892,481930778199.000000
481858642000.000000,1752160309.252457,482095344901.000000
481991926000.000000,1752160309.269073,482111960071.000000
482025248000.000000,1752160309.291503,482134389937.000000
482058570000.000000,1752160309.426048,482268934781.000000
482091891000.000000,1752160309.442799,482285686450.000000
482225176000.000000,1752160309.464453,482307338861.000000
482258498000.000000,1752160309.594014,482436901501.000000
482291820000.000000,1752160309.616364,482459251756.000000
482425104000.000000,1752160309.712141,482555028913.000000
482458426000.000000,1752160309.728596,482571482678.000000
482491747000.000000,1752160309.750080,482592966221.000000
482525070000.000000,1752160309.953696,482796583588.000000
482591712000.000000,1752160309.970627,482813513940.000000
482691675000.000000,1752160309.997552,482840438090.000000
482724998000.000000,1752160310.014231,482857117630.000000
482758320000.000000,1752160310.182576,483025463253.000000
482924926000.000000,1752160310.214899,483057786178.000000
482958248000.000000,1752160310.231124,483074010500.000000
482991569000.000000,1752160310.334961,483177848680.000000
483024891000.000000,1752160310.351431,483194317722.000000
483158175000.000000,1752160310.473802,483316689292.000000
483191498000.000000,1752160310.490429,483333316203.000000
483224819000.000000,1752160310.507297,483350183426.000000
483291461000.000000,1752160310.630602,483473488893.000000
483324783000.000000,1752160310.647623,483490509541.000000
483424746000.000000,1752160310.674593,483517480727.000000
483458069000.000000,1752160310.812793,483655680939.000000
483491390000.000000,1752160310.824446,483667333460.000000
483591353000.000000,1752160310.846301,483689188184.000000
483624675000.000000,1752160310.964857,483807743888.000000
483657997000.000000,1752160310.986594,483829481150.000000
483757960000.000000,1752160311.019180,483862066479.000000
483791283000.000000,1752160311.154496,483997382463.000000
483824605000.000000,1752160311.171406,484014292556.000000
483924566000.000000,1752160311.182980,484025867263.000000
483957890000.000000,1752160311.199501,484042387249.000000
483991210000.000000,1752160311.418160,484261047545.000000
484124495000.000000,1752160311.429900,484272786676.000000
484157817000.000000,1752160311.446541,484289428253.000000
484191138000.000000,1752160311.582026,484424913717.000000
484224459000.000000,1752160311.605384,484448271739.000000
484357745000.000000,1752160311.622791,484465677789.000000
484391066000.000000,1752160311.768841,484611727749.000000
484424388000.000000,1752160311.785863,484628750192.000000
484557672000.000000,1752160311.802353,484645240290.000000
484590995000.000000,1752160311.944813,484787701399.000000
484624317000.000000,1752160311.961623,484804509938.000000
484724280000.000000,1752160311.988966,484831852787.000000
484757603000.000000,1752160312.107313,484950200364.000000
484790924000.000000,1752160312.135304,484978192243.000000
484924207000.000000,1752160312.218900,485061788107.000000
484957531000.000000,1752160312.261594,485104481048.000000
484990852000.000000,1752160312.289038,485131925693.000000
485057494000.000000,1752160312.387795,485230681984.000000
485090816000.000000,1752160312.409305,485252192563.000000
485190779000.000000,1752160312.426062,485268948862.000000
485257423000.000000,1752160312.622921,485465808821.000000
485290743000.000000,1752160312.644959,485487845728.000000
485390707000.000000,1752160312.671927,485514814304.000000
485424034000.000000,1752160312.689134,485532021301.000000
485490671000.000000,1752160312.900511,485743399343.000000
485623957000.000000,1752160312.923039,485765925782.000000
485657279000.000000,1752160313.031475,485874362485.000000
485690601000.000000,1752160313.048340,485891227283.000000
485723922000.000000,1752160313.070928,485913815258.000000
485857205000.000000,1752160313.246610,486089497023.000000
485890527000.000000,1752160313.268486,486111373747.000000
485990491000.000000,1752160313.296147,486139034037.000000
486023814000.000000,1752160313.317720,486160606560.000000
486090456000.000000,1752160313.472859,486315746828.000000
486257062000.000000,1752160313.489584,486332470664.000000
486290385000.000000,1752160313.595420,486438307618.000000
486323707000.000000,1752160313.618662,486461548901.000000
486357030000.000000,1752160313.630562,486473448215.000000
486423670000.000000,1752160313.778265,486621152138.000000
486456991000.000000,1752160313.789811,486632698345.000000
486556954000.000000,1752160313.811874,486654760845.000000
486590276000.000000,1752160313.949902,486792789188.000000
486623598000.000000,1752160313.971683,486814570135.000000
486723562000.000000,1752160313.993574,486836460914.000000
486756883000.000000,1752160314.140007,486982894610.000000
486790205000.000000,1752160314.146683,486989570000.000000
486923490000.000000,1752160314.163350,487006236688.000000
486956812000.000000,1752160314.334044,487176931008.000000
486990134000.000000,1752160314.356227,487199114469.000000
487090097000.000000,1752160314.458517,487301404184.000000
487123420000.000000,1752160314.481224,487324111251.000000
487156741000.000000,1752160314.497803,487340691699.000000
487290025000.000000,1752160314.658836,487501723532.000000
487323348000.000000,1752160314.675565,487518452738.000000
487456632000.000000,1752160314.692595,487535481441.000000
487489954000.000000,1752160314.868176,487711063725.000000
487523276000.000000,1752160314.884806,487727693470.000000
487656560000.000000,1752160314.901352,487744239048.000000
487689883000.000000,1752160315.047089,487889976807.000000
487723205000.000000,1752160315.064339,487907226952.000000
487823167000.000000,1752160315.080833,487923720290.000000
487856489000.000000,1752160315.191187,488034074380.000000
487889811000.000000,1752160315.218447,488061333804.000000
487989774000.000000,1752160315.234546,488077433165.000000
488023096000.000000,1752160315.355128,488198016014.000000
488056417000.000000,1752160315.376549,488219436354.000000
488156380000.000000,1752160315.392667,488235554474.000000
488189701000.000000,1752160315.538320,488381208327.000000
488223023000.000000,1752160315.554981,488397868126.000000
488322987000.000000,1752160315.576764,488419650758.000000
488356309000.000000,1752160315.727243,488570130632.000000
488389630000.000000,1752160315.749312,488592198835.000000
488489594000.000000,1752160315.765571,488608457343.000000
488522916000.000000,1752160315.787494,488630380529.000000
488556237000.000000,1752160315.949234,488792120761.000000
488722843000.000000,1752160315.965987,488808874912.000000
488756165000.000000,1752160316.094648,488937535598.000000
488789486000.000000,1752160316.111204,488954091065.000000
488822808000.000000,1752160316.122760,488965646846.000000
488922772000.000000,1752160316.297192,489140080014.000000
488956094000.000000,1752160316.314298,489157185549.000000
489089378000.000000,1752160316.331131,489174018532.000000
489122700000.000000,1752160316.436152,489279040217.000000
489156022000.000000,1752160316.458192,489301079217.000000
489255986000.000000,1752160316.592668,489435555136.000000
489289309000.000000,1752160316.630345,489473232058.000000
489322629000.000000,1752160316.652100,489494986746.000000
489389270000.000000,1752160316.673996,489516882432.000000
489455914000.000000,1752160316.863226,489706113290.000000
489589199000.000000,1752160316.875282,489718169658.000000
489622521000.000000,1752160316.892298,489735184565.000000
489655842000.000000,1752160317.007372,489850260344.000000
489689163000.000000,1752160317.018947,489861833773.000000
489822448000.000000,1752160317.151011,489993898015.000000
489855770000.000000,1752160317.188447,490031333736.000000
489889092000.000000,1752160317.210413,490053299958.000000
489955734000.000000,1752160317.226847,490069733334.000000
490022377000.000000,1752160317.351800,490194687265.000000
490155662000.000000,1752160317.368287,490211174233.000000
490188984000.000000,1752160317.518382,490361269203.000000
490222305000.000000,1752160317.535112,490377998854.000000
490255627000.000000,1752160317.562833,490405720755.000000
490322270000.000000,1752160317.583905,490426791228.000000
490355592000.000000,1752160317.796969,490639856547.000000
490522198000.000000,1752160317.808853,490651740510.000000
490555520000.000000,1752160317.887680,490730567019.000000
490588842000.000000,1752160317.904862,490747749776.000000
490622163000.000000,1752160317.936957,490779844610.000000
490755449000.000000,1752160318.037014,490879901961.000000
490788770000.000000,1752160318.053601,490896487057.000000
490855412000.000000,1752160318.202647,491045535521.000000
490888734000.000000,1752160318.219478,491062364596.000000
490922054000.000000,1752160318.235994,491078881471.000000
490988697000.000000,1752160318.252630,491095517030.000000
491022019000.000000,1752160318.409088,491251975857.000000
491188625000.000000,1752160318.430859,491273746156.000000
491221948000.000000,1752160318.613310,491456197310.000000
491255270000.000000,1752160318.650964,491493850213.000000
491288591000.000000,1752160318.667300,491510185646.000000
491355231000.000000,1752160318.694088,491536974687.000000
491421874000.000000,1752160318.710753,491553640190.000000
491621803000.000000,1752160318.941016,491783903877.000000
491655125000.000000,1752160318.947371,491790257381.000000
491688447000.000000,1752160319.095009,491937896101.000000
491721767000.000000,1752160319.111760,491954647307.000000
491788411000.000000,1752160319.127967,491970853926.000000
491888373000.000000,1752160319.149503,491992389172.000000
491921696000.000000,1752160319.307836,492150723052.000000
492088302000.000000,1752160319.330511,492173397619.000000
492121624000.000000,1752160319.440703,492283590489.000000
492154946000.000000,1752160319.467498,492310385326.000000
492188267000.000000,1752160319.479497,492322383269.000000
492288232000.000000,1752160319.601924,492444812246.000000
492321553000.000000,1752160319.624189,492467075447.000000
492421517000.000000,1752160319.769225,492612112621.000000
492454839000.000000,1752160319.775840,492618726159.000000
492488160000.000000,1752160319.792290,492635177054.000000
492588122000.000000,1752160319.909924,492752811305.000000
492621446000.000000,1752160319.926732,492769618825.000000
492721408000.000000,1752160320.021287,492864175292.000000
492754730000.000000,1752160320.043055,492885942202.000000
492788052000.000000,1752160320.059186,492902073322.000000
492854693000.000000,1752160320.205097,493047983820.000000
492888016000.000000,1752160320.226911,493069797489.000000
492987979000.000000,1752160320.238531,493081419473.000000
493054622000.000000,1752160320.469663,493312551761.000000
493087945000.000000,1752160320.486149,493329036192.000000
493187907000.000000,1752160320.507535,493350421551.000000
493221230000.000000,1752160320.524272,493367158442.000000
493254551000.000000,1752160320.551339,493394224980.000000
493454479000.000000,1752160320.739218,493582104722.000000
493487801000.000000,1752160320.761561,493604447497.000000
493521123000.000000,1752160320.892881,493735769265.000000
493554444000.000000,1752160320.910046,493752933096.000000
493587766000.000000,1752160320.926054,493768941329.000000
493687727000.000000,1752160320.942381,493785267872.000000
493721051000.000000,1752160321.129577,493972464641.000000
493887656000.000000,1752160321.146126,493989013127.000000
493920978000.000000,1752160321.157885,494000771480.000000
493954299000.000000,1752160321.317313,494160200626.000000
493987620000.000000,1752160321.329015,494171902572.000000
494087584000.000000,1752160321.351174,494194060978.000000
494120906000.000000,1752160321.480949,494323836208.000000
494154228000.000000,1752160321.497879,494340766967.000000
494254194000.000000,1752160321.514691,494357578173.000000
494287513000.000000,1752160321.652320,494495207576.000000
494320834000.000000,1752160321.679400,494522287780.000000
494420798000.000000,1752160321.700965,494543851433.000000
494454121000.000000,1752160321.717720,494560606898.000000
494487442000.000000,1752160321.907937,494750824597.000000
494654048000.000000,1752160321.935608,494778495294.000000
494687371000.000000,1752160321.947292,494790178926.000000
494720691000.000000,1752160322.060461,494903348485.000000
494754013000.000000,1752160322.083057,494925943535.000000
494887297000.000000,1752160322.217487,495060374473.000000
494920620000.000000,1752160322.234330,495077218511.000000
494953941000.000000,1752160322.246203,495089089325.000000
495020583000.000000,1752160322.262878,495105765662.000000
495053904000.000000,1752160322.384307,495227194446.000000
495187189000.000000,1752160322.400818,495243705543.000000
495220510000.000000,1752160322.552963,495395851324.000000
495253833000.000000,1752160322.569458,495412345848.000000
495287154000.000000,1752160322.601522,495444408479.000000
495353796000.000000,1752160322.633576,495476462869.000000
495387118000.000000,1752160322.794232,495637119354.000000
495553724000.000000,1752160322.805789,495648676191.000000
495587046000.000000,1752160322.821900,495664787144.000000
495620367000.000000,1752160323.012937,495855825723.000000
495653690000.000000,1752160323.030185,495873071127.000000
495753652000.000000,1752160323.057412,495900298607.000000
495786976000.000000,1752160323.073696,495916582800.000000
495820295000.000000,1752160323.266602,496109490006.000000
495986903000.000000,1752160323.288033,496130919994.000000
496020223000.000000,1752160323.304843,496147729662.000000
496053545000.000000,1752160323.420170,496263058050.000000
496120188000.000000,1752160323.446980,496289866979.000000
496220151000.000000,1752160323.474203,496317090107.000000
496253473000.000000,1752160323.565185,496408072761.000000
496286794000.000000,1752160323.581796,496424683339.000000
496386758000.000000,1752160323.682662,496525548959.000000
496420079000.000000,1752160323.698684,496541571191.000000
496453401000.000000,1752160323.730630,496573517249.000000
496520043000.000000,1752160323.850483,496693370661.000000
496553366000.000000,1752160323.878051,496720937823.000000
496653329000.000000,1752160323.899627,496742514235.000000
496686651000.000000,1752160324.064162,496907050992.000000
496719974000.000000,1752160324.080798,496923685348.000000
496853258000.000000,1752160324.123244,496966130495.000000
496886581000.000000,1752160324.238308,497081195311.000000
496919902000.000000,1752160324.255012,497097898073.000000
497053187000.000000,1752160324.361565,497204453168.000000
497086509000.000000,1752160324.383214,497226100802.000000
497119829000.000000,1752160324.389797,497232683822.000000
497186472000.000000,1752160324.561712,497404599351.000000
497219794000.000000,1752160324.589699,497432585767.000000
497353077000.000000,1752160324.617072,497459959116.000000
497386399000.000000,1752160324.708037,497550924048.000000
497419722000.000000,1752160324.724386,497567271869.000000
497553006000.000000,1752160324.898330,497741217727.000000
497586329000.000000,1752160324.920345,497763232394.000000
497619649000.000000,1752160324.931721,497774607732.000000
497652971000.000000,1752160325.026366,497869253087.000000
497719615000.000000,1752160325.048445,497891331771.000000
497852900000.000000,1752160325.198636,498041524222.000000
497886222000.000000,1752160325.215094,498057980894.000000
497919543000.000000,1752160325.231485,498074372030.000000
498019505000.000000,1752160325.361048,498203936521.000000
498052828000.000000,1752160325.372856,498215742837.000000
498152790000.000000,1752160325.394676,498237563654.000000
498186114000.000000,1752160325.526368,498369255955.000000
498219436000.000000,1752160325.549314,498392201093.000000
498319398000.000000,1752160325.581772,498424658702.000000
498352720000.000000,1752160325.741882,498584768729.000000
498386042000.000000,1752160325.758361,498601248197.000000
498486003000.000000,1752160325.769895,498612782460.000000
498552648000.000000,1752160325.786549,498629435556.000000
498585971000.000000,1752160325.935782,498778670369.000000
498719255000.000000,1752160325.962464,498805351726.000000
498752576000.000000,1752160326.056443,498899330162.000000
498785899000.000000,1752160326.083491,498926377514.000000
498819220000.000000,1752160326.110497,498953383867.000000
498885862000.000000,1752160326.250380,499093267301.000000
498919185000.000000,1752160326.266806,499109693399.000000
499019147000.000000,1752160326.288696,499131583327.000000
499085789000.000000,1752160326.427749,499270636474.000000
499119113000.000000,1752160326.459621,499302507477.000000
499219076000.000000,1752160326.492506,499335392266.000000
499252397000.000000,1752160326.668927,499511814560.000000
499285719000.000000,1752160326.690783,499533669969.000000
499419002000.000000,1752160326.717936,499560822672.000000
499452325000.000000,1752160326.729415,499572301917.000000
499485646000.000000,1752160326.948680,499791568410.000000
499652252000.000000,1752160326.965288,499808174895.000000
499685574000.000000,1752160326.987599,499830486077.000000
499718897000.000000,1752160327.099174,499942061968.000000
499752218000.000000,1752160327.116106,499958992413.000000
499918824000.000000,1752160327.256979,500099865984.000000
499952147000.000000,1752160327.273736,500116623098.000000
499985467000.000000,1752160327.285213,500128098694.000000
500052109000.000000,1752160327.307142,500150028825.000000
500085431000.000000,1752160327.482293,500325180133.000000
500252038000.000000,1752160327.499171,500342059022.000000
500285359000.000000,1752160327.621896,500464784181.000000
500318681000.000000,1752160327.644278,500487165140.000000
500352002000.000000,1752160327.660799,500503686256.000000
500451966000.000000,1752160327.790514,500633401486.000000
500485288000.000000,1752160327.822955,500665841521.000000
500585252000.000000,1752160327.834698,500677585633.000000
500618573000.000000,1752160327.958294,500801181393.000000
500651895000.000000,1752160327.969637,500812524121.000000
500785179000.000000,1752160328.048614,500891502221.000000
500818501000.000000,1752160328.071940,500914828262.000000
500851822000.000000,1752160328.186632,501029518953.000000
500885144000.000000,1752160328.208820,501051707562.000000
500918467000.000000,1752160328.235687,501078573306.000000
500985108000.000000,1752160328.252032,501094918590.000000
501018430000.000000,1752160328.464980,501307867948.000000
501185036000.000000,1752160328.486596,501329483230.000000
501218357000.000000,1752160328.513229,501356116124.000000
501251680000.000000,1752160328.631158,501474045928.000000
501285000000.000000,1752160328.642823,501485709819.000000
501418284000.000000,1752160328.654220,501497105991.000000
501451608000.000000,1752160328.816101,501658988277.000000
501484929000.000000,1752160328.832759,501675645984.000000
501584891000.000000,1752160328.849524,501692410189.000000
501651535000.000000,1752160328.993521,501836408949.000000
501684858000.000000,1752160329.005265,501848152524.000000
501784821000.000000,1752160329.053895,501896781641.000000
501818143000.000000,1752160329.208380,502051267415.000000
501851465000.000000,1752160329.231385,502074273108.000000
501984748000.000000,1752160329.247964,502090850371.000000
502018072000.000000,1752160329.388776,502231663666.000000
502051394000.000000,1752160329.425938,502268826093.000000
502184678000.000000,1752160329.453535,502296422328.000000
502218004000.000000,1752160329.579551,502422439414.000000
502251322000.000000,1752160329.601169,502444056474.000000
502384605000.000000,1752160329.617311,502460197501.000000
502417928000.000000,1752160329.756540,502599427794.000000
502451250000.000000,1752160329.767918,502610805225.000000
502551212000.000000,1752160329.784485,502627372063.000000
502584535000.000000,1752160329.897349,502740236681.000000
502617856000.000000,1752160329.913933,502756820092.000000
502717818000.000000,1752160330.054321,502897208780.000000
502751141000.000000,1752160330.075774,502918660564.000000
502784461000.000000,1752160330.092035,502934922609.000000
502817783000.000000,1752160330.109765,502952651971.000000
502917746000.000000,1752160330.283148,503126035224.000000
503017710000.000000,1752160330.294784,503137671745.000000
503051034000.000000,1752160330.397618,503240505602.000000
503084355000.000000,1752160330.419358,503262245142.000000
503117677000.000000,1752160330.436001,503278887794.000000
503250960000.000000,1752160330.592513,503435400491.000000
503284283000.000000,1752160330.609523,503452409416.000000
503384246000.000000,1752160330.620913,503463799199.000000
503417568000.000000,1752160330.747808,503590695034.000000
503450889000.000000,1752160330.764402,503607289334.000000
503550853000.000000,1752160330.781219,503624105928.000000
503584174000.000000,1752160330.888224,503731111055.000000
503617496000.000000,1752160330.909680,503752566709.000000
503750782000.000000,1752160331.049966,503892853694.000000
503784103000.000000,1752160331.066683,503909569993.000000
503817425000.000000,1752160331.088441,503931328274.000000
503850746000.000000,1752160331.104998,503947885056.000000
503884067000.000000,1752160331.277788,504120675889.000000
504017352000.000000,1752160331.294439,504137327300.000000
504050674000.000000,1752160331.321579,504164466022.000000
504083995000.000000,1752160331.450675,504293561815.000000
504117317000.000000,1752160331.467177,504310064357.000000
504250602000.000000,1752160331.489447,504332333965.000000
504283923000.000000,1752160331.607951,504450838522.000000
504317244000.000000,1752160331.629817,504472704968.000000
504417209000.000000,1752160331.744204,504587091088.000000
504450531000.000000,1752160331.770831,504613718630.000000
504483852000.000000,1752160331.792564,504635451393.000000
504583816000.000000,1752160331.961531,504804418731.000000
504617138000.000000,1752160331.973174,504816060882.000000
504717101000.000000,1752160332.004995,504847881700.000000
504783744000.000000,1752160332.152499,504995386422.000000
504817067000.000000,1752160332.169462,505012349218.000000
504917029000.000000,1752160332.186570,505029456753.000000
504950352000.000000,1752160332.198318,505041204365.000000
504983673000.000000,1752160332.330245,505173132386.000000
505116957000.000000,1752160332.352602,505195489216.000000
505150279000.000000,1752160332.487960,505330847848.000000
505183601000.000000,1752160332.494650,505337535552.000000
505216923000.000000,1752160332.511373,505354259592.000000
505283564000.000000,1752160332.528144,505371030816.000000
505350209000.000000,1752160332.716630,505559517108.000000
505483492000.000000,1752160332.733446,505576333535.000000
505516813000.000000,1752160332.755778,505598664383.000000
505550136000.000000,1752160332.877967,505720854066.000000
505583458000.000000,1752160332.894068,505736955039.000000
505716742000.000000,1752160333.022284,505865171452.000000
505750064000.000000,1752160333.044613,505887500171.000000
505783386000.000000,1752160333.066617,505909505319.000000
505850027000.000000,1752160333.213251,506056139661.000000
505883350000.000000,1752160333.230867,506073754469.000000
505983313000.000000,1752160333.247518,506090405064.000000
506016636000.000000,1752160333.346102,506188989616.000000
506049957000.000000,1752160333.368420,506211307095.000000
506149919000.000000,1752160333.512751,506355638980.000000
506183242000.000000,1752160333.529513,506372399927.000000
506216562000.000000,1752160333.551793,506394680794.000000
506349847000.000000,1752160333.730780,506573667634.000000
506383170000.000000,1752160333.758065,506600951336.000000
506483133000.000000,1752160333.774721,506617608043.000000
506516455000.000000,1752160333.936346,506779233443.000000
506549776000.000000,1752160333.953115,506796013278.000000
506683061000.000000,1752160333.969598,506812485283.000000
506716383000.000000,1752160333.986598,506829485172.000000
506783025000.000000,1752160334.153562,506996449347.000000
506916311000.000000,1752160334.170292,507013179645.000000
506949632000.000000,1752160334.187152,507030039498.000000
506982954000.000000,1752160334.363096,507205984131.000000
507016275000.000000,1752160334.385095,507227982075.000000
507116239000.000000,1752160334.406740,507249627431.000000
507149561000.000000,1752160334.494437,507337324380.000000
507182882000.000000,1752160334.511351,507354237325.000000
507349490000.000000,1752160334.671256,507514143577.000000
507382811000.000000,1752160334.698693,507541580092.000000
507416132000.000000,1752160334.715808,507558694794.000000
507449453000.000000,1752160334.822387,507665274555.000000
507516096000.000000,1752160334.844518,507687404924.000000
507649381000.000000,1752160334.945409,507788296525.000000
507682703000.000000,1752160334.957033,507799920028.000000
507716024000.000000,1752160334.973928,507816814343.000000
507782667000.000000,1752160335.102152,507945040571.000000
507815989000.000000,1752160335.118886,507961772925.000000
507915953000.000000,1752160335.218579,508061465614.000000
507949275000.000000,1752160335.235789,508078676629.000000
507982596000.000000,1752160335.252385,508095271800.000000
508049238000.000000,1752160335.380490,508223377436.000000
508082562000.000000,1752160335.402251,508245137199.000000
508182523000.000000,1752160335.418777,508261663092.000000
508215845000.000000,1752160335.608932,508451818866.000000
508249168000.000000,1752160335.625688,508468574590.000000
508349130000.000000,1752160335.652697,508495583795.000000
508382452000.000000,1752160335.669092,508511979171.000000
508449095000.000000,1752160335.840990,508683877755.000000
508615701000.000000,1752160335.863255,508706142067.000000
508649024000.000000,1752160335.991356,508834243686.000000
508682345000.000000,1752160336.018277,508861163706.000000
508715667000.000000,1752160336.034745,508877632582.000000
508782309000.000000,1752160336.050856,508893742776.000000
508848952000.000000,1752160336.187265,509030152711.000000
508982236000.000000,1752160336.204307,509047193914.000000
509015559000.000000,1752160336.337363,509180250737.000000
509048880000.000000,1752160336.348960,509191847388.000000
509082201000.000000,1752160336.365446,509208333430.000000
509115522000.000000,1752160336.478800,509321687673.000000
509182166000.000000,1752160336.511233,509354120504.000000
509315450000.000000,1752160336.683510,509526397510.000000
509348773000.000000,1752160336.700258,509543145956.000000
509382094000.000000,1752160336.716855,509559741312.000000
509482056000.000000,1752160336.764784,509607670843.000000
509515379000.000000,1752160336.923614,509766500867.000000
509681985000.000000,1752160336.940336,509783223147.000000
509715307000.000000,1752160337.094675,509937562738.000000
509781951000.000000,1752160337.111620,509954507497.000000
509815271000.000000,1752160337.149356,509992242381.000000
509881913000.000000,1752160337.165681,510008567517.000000
509915235000.000000,1752160337.339710,510182597578.000000
510081841000.000000,1752160337.373159,510216046675.000000
510115164000.000000,1752160337.465232,510308119947.000000
510148485000.000000,1752160337.482007,510324893727.000000
510181806000.000000,1752160337.498776,510341663006.000000
510281769000.000000,1752160337.666995,510509881834.000000
510315092000.000000,1752160337.673789,510516676834.000000
510448376000.000000,1752160337.690243,510533130876.000000
510481699000.000000,1752160337.881064,510723951513.000000
510515021000.000000,1752160337.897991,510740878587.000000
510648304000.000000,1752160337.914787,510757673959.000000
510681627000.000000,1752160337.931285,510774171631.000000
510714950000.000000,1752160338.111473,510954359939.000000
510881554000.000000,1752160338.117845,510960731332.000000
510914876000.000000,1752160338.129875,510972761868.000000
510948198000.000000,1752160338.285076,511127964671.000000
510981521000.000000,1752160338.303224,511146113158.000000
511048160000.000000,1752160338.310513,511153400745.000000
511081484000.000000,1752160338.439408,511282295484.000000
511114807000.000000,1752160338.456211,511299097208.000000
511214767000.000000,1752160338.467816,511310702804.000000
511248089000.000000,1752160338.583709,511426596352.000000
511281411000.000000,1752160338.605835,511448722165.000000
511414696000.000000,1752160338.714398,511557285238.000000
511448017000.000000,1752160338.736137,511579024186.000000
511481339000.000000,1752160338.763328,511606215648.000000
511547983000.000000,1752160338.948341,511791228533.000000
511581304000.000000,1752160338.970526,511813413291.000000
511681267000.000000,1752160338.986953,511829838778.000000
511714590000.000000,1752160339.008890,511851776593.000000
511747910000.000000,1752160339.222289,512065178224.000000
511914518000.000000,1752160339.244565,512087452444.000000
511947839000.000000,1752160339.265842,512108728896.000000
511981160000.000000,1752160339.387697,512230584416.000000
512047803000.000000,1752160339.409678,512252565898.000000
512214410000.000000,1752160339.553584,512396471122.000000
512247732000.000000,1752160339.581409,512424295540.000000
512281054000.000000,1752160339.597703,512440590436.000000
512381017000.000000,1752160339.716579,512559466914.000000
512414338000.000000,1752160339.733551,512576437821.000000
512514301000.000000,1752160339.755126,512598012863.000000
512547623000.000000,1752160339.911773,512754660447.000000
512580945000.000000,1752160339.933672,512776559856.000000
512680908000.000000,1752160339.960644,512803531413.000000
512747551000.000000,1752160340.100427,512943314496.000000
512780874000.000000,1752160340.122678,512965565179.000000
512914157000.000000,1752160340.233234,513076121823.000000
512947481000.000000,1752160340.250119,513093006360.000000
512980802000.000000,1752160340.272489,513115375875.000000
513047444000.000000,1752160340.478921,513321808508.000000
513080766000.000000,1752160340.495240,513338126700.000000
513180728000.000000,1752160340.511590,513354476928.000000
513214051000.000000,1752160340.527949,513370835639.000000
513247372000.000000,1752160340.544233,513387119294.000000
513447300000.000000,1752160340.777357,513620243968.000000
513480621000.000000,1752160340.789043,513631930933.000000
513513943000.000000,1752160340.810769,513653656029.000000
513547265000.000000,1752160340.826765,513669651447.000000
513580586000.000000,1752160340.979879,513822765921.000000
513780514000.000000,1752160341.006683,513849569888.000000
513813836000.000000,1752160341.125159,513968047019.000000
513847157000.000000,1752160341.147260,513990147425.000000
513880478000.000000,1752160341.163960,514006847169.000000
513947121000.000000,1752160341.292988,514135875073.000000
513980443000.000000,1752160341.320163,514163050665.000000
514080406000.000000,1752160341.336793,514179681150.000000
514113728000.000000,1752160341.490546,514333433136.000000
514147050000.000000,1752160341.507800,514350686688.000000
514247014000.000000,1752160341.534361,514377246694.000000
514280334000.000000,1752160341.644518,514487405268.000000
514313656000.000000,1752160341.671881,514514768876.000000
514446940000.000000,1752160341.693151,514536037773.000000
514480262000.000000,1752160341.818214,514661100907.000000
514513584000.000000,1752160341.835073,514677960519.000000
514613548000.000000,1752160341.851770,514694656762.000000
514646871000.000000,1752160341.989557,514832443793.000000
514680191000.000000,1752160342.022006,514864892698.000000
514780154000.000000,1752160342.038366,514881252352.000000
514813476000.000000,1752160342.167850,515010737770.000000
514846799000.000000,1752160342.184304,515027190572.000000
514946762000.000000,1752160342.211745,515054632198.000000
514980083000.000000,1752160342.341560,515184448020.000000
515013406000.000000,1752160342.358034,515200921266.000000
515146690000.000000,1752160342.379740,515222627251.000000
515180011000.000000,1752160342.540257,515383144904.000000
515213334000.000000,1752160342.551836,515394722444.000000
515313296000.000000,1752160342.568727,515411613778.000000
515346619000.000000,1752160342.707254,515550141930.000000
515379940000.000000,1752160342.724469,515567357186.000000
515479902000.000000,1752160342.731075,515573961485.000000
515513224000.000000,1752160342.836430,515679317129.000000
515546547000.000000,1752160342.864013,515706900458.000000
515646509000.000000,1752160342.986337,515829224306.000000
515679831000.000000,1752160343.008671,515851557728.000000
515713153000.000000,1752160343.025151,515868038456.000000
515779795000.000000,1752160343.041440,515884326370.000000
515813118000.000000,1752160343.172565,516015452530.000000
515979723000.000000,1752160343.204523,516047409458.000000
516013047000.000000,1752160343.310635,516153522984.000000
516046367000.000000,1752160343.327546,516170433928.000000
516079689000.000000,1752160343.344737,516187624759.000000
516146330000.000000,1752160343.480678,516323565551.000000
516179654000.000000,1752160343.497703,516340589920.000000
516312942000.000000,1752160343.627387,516470274355.000000
516346260000.000000,1752160343.649232,516492119635.000000
516379581000.000000,1752160343.665649,516508535455.000000
516412902000.000000,1752160343.682039,516524925239.000000
516446223000.000000,1752160343.805854,516648741775.000000
516612829000.000000,1752160343.939972,516782859661.000000
516646151000.000000,1752160343.956841,516799728735.000000
516679472000.000000,1752160343.968784,516811671549.000000
516712794000.000000,1752160343.995907,516838793938.000000
516779435000.000000,1752160344.179687,517022573485.000000
516912723000.000000,1752160344.201708,517044595374.000000
516946045000.000000,1752160344.228895,517071781169.000000
516979366000.000000,1752160344.245296,517088182842.000000
517012688000.000000,1752160344.365179,517208065846.000000
517179293000.000000,1752160344.441927,517284814841.000000
517212616000.000000,1752160344.474501,517317387818.000000
517245937000.000000,1752160344.583025,517425912669.000000
517279257000.000000,1752160344.599478,517442365656.000000
517312580000.000000,1752160344.611309,517454195638.000000
517412543000.000000,1752160344.748626,517591513766.000000
517445865000.000000,1752160344.765581,517608468581.000000
517579150000.000000,1752160344.914557,517757444416.000000
517612472000.000000,1752160344.936127,517779013958.000000
517645793000.000000,1752160344.952584,517795469963.000000
517712435000.000000,1752160344.969110,517811997523.000000
517779080000.000000,1752160345.114430,517957317472.000000
517879042000.000000,1752160345.131860,517974746448.000000
517945685000.000000,1752160345.293348,518136235146.000000
517979007000.000000,1752160345.321160,518164047824.000000
518045649000.000000,1752160345.338089,518180976713.000000
518112290000.000000,1752160345.467461,518310348447.000000
518145614000.000000,1752160345.489345,518332233171.000000
518278899000.000000,1752160345.686970,518529857011.000000
518312221000.000000,1752160345.714205,518557091768.000000
518345543000.000000,1752160345.730516,518573402627.000000
518445504000.000000,1752160345.746830,518589717041.000000
518478827000.000000,1752160345.773580,518616466712.000000
518712076000.000000,1752160345.970260,518813147933.000000
518745397000.000000,1752160345.977908,518820794423.000000
518778720000.000000,1752160346.093819,518936705990.000000
518812041000.000000,1752160346.110324,518953211365.000000
518845362000.000000,1752160346.137986,518980873248.000000
518945327000.000000,1752160346.329423,519172310026.000000
518978648000.000000,1752160346.346617,519189504134.000000
519078611000.000000,1752160346.368069,519210956029.000000
519111932000.000000,1752160346.384545,519227430682.000000
519145255000.000000,1752160346.488091,519330978940.000000
519311861000.000000,1752160346.663253,519506141099.000000
519345183000.000000,1752160346.684988,519527874917.000000
519378504000.000000,1752160346.712290,519555176563.000000
519411826000.000000,1752160346.733822,519576708735.000000
519511790000.000000,1752160346.898125,519741012551.000000
519678396000.000000,1752160346.914783,519757669498.000000
519711718000.000000,1752160347.056197,519899084767.000000
519745040000.000000,1752160347.067762,519910648808.000000
519778361000.000000,1752160347.089772,519932659289.000000
519878324000.000000,1752160347.245028,520087916074.000000
519911647000.000000,1752160347.261822,520104709538.000000
520044930000.000000,1752160347.268348,520111234578.000000
520078253000.000000,1752160347.417074,520259961490.000000
520111576000.000000,1752160347.428368,520271254570.000000
520211536000.000000,1752160347.445194,520288080738.000000
520244858000.000000,1752160347.588471,520431360024.000000
520278180000.000000,1752160347.605268,520448155174.000000
520378144000.000000,1752160347.627282,520470168692.000000
520411466000.000000,1752160347.804842,520647729770.000000
520444787000.000000,1752160347.821601,520664488068.000000
520578072000.000000,1752160347.848610,520691497347.000000
520611394000.000000,1752160347.975924,520818811178.000000
520644715000.000000,1752160347.992462,520835348867.000000
520778001000.000000,1752160348.020308,520863195341.000000
520811321000.000000,1752160348.164025,521006912344.000000
520844643000.000000,1752160348.186455,521029342043.000000
520944608000.000000,1752160348.208822,521051708169.000000
520977929000.000000,1752160348.359194,521202080859.000000
521011251000.000000,1752160348.381164,521224050749.000000
521111214000.000000,1752160348.397530,521240416681.000000
521144536000.000000,1752160348.413884,521256769965.000000
521177857000.000000,1752160348.559137,521402024415.000000
521344464000.000000,1752160348.575945,521418831953.000000
521377786000.000000,1752160348.747470,521590357060.000000
521411108000.000000,1752160348.768999,521611886195.000000
521444428000.000000,1752160348.785453,521628340126.000000
521511070000.000000,1752160348.802136,521645023203.000000
521611034000.000000,1752160348.966790,521809678107.000000
521710999000.000000,1752160348.983820,521826706477.000000
521744320000.000000,1752160348.995740,521838627698.000000
521777641000.000000,1752160349.130063,521972950786.000000
521810965000.000000,1752160349.146556,521989442531.000000
521944249000.000000,1752160349.275928,522118816247.000000
521977571000.000000,1752160349.292471,522135358825.000000
522010892000.000000,1752160349.309433,522152320251.000000
522077535000.000000,1752160349.330920,522173806312.000000
522110857000.000000,1752160349.493644,522336531219.000000
522244141000.000000,1752160349.500433,522343319867.000000
522277464000.000000,1752160349.522003,522364890316.000000
522310785000.000000,1752160349.668695,522511582509.000000
522344107000.000000,1752160349.680251,522523137865.000000
522444069000.000000,1752160349.696806,522539692906.000000
522477392000.000000,1752160349.872722,522715609872.000000
522510713000.000000,1752160349.888818,522731705400.000000
522643998000.000000,1752160349.900259,522743145812.000000
522677319000.000000,1752160349.916753,522759639817.000000
522710642000.000000,1752160350.091632,522934519646.000000
522843927000.000000,1752160350.103293,522946181315.000000
522877248000.000000,1752160350.125114,522968014928.000000
522910569000.000000,1752160350.238976,523081862999.000000
522943891000.000000,1752160350.266050,523108937536.000000
523043854000.000000,1752160350.287832,523130720224.000000
523077177000.000000,1752160350.437509,523280396273.000000
523110498000.000000,1752160350.454476,523297364328.000000
523210461000.000000,1752160350.471753,523314639899.000000
523243784000.000000,1752160350.631476,523474363042.000000
523277104000.000000,1752160350.648302,523491189765.000000
523410388000.000000,1752160350.680185,523523072269.000000
523443711000.000000,1752160350.784439,523627326037.000000
523477033000.000000,1752160350.801556,523644443220.000000
523610317000.000000,1752160350.912466,523755353323.000000
523643640000.000000,1752160350.939225,523782112234.000000
523676961000.000000,1752160350.950891,523793777495.000000
523710282000.000000,1752160350.967212,523810098502.000000
523743606000.000000,1752160351.145174,523988061446.000000
523876888000.000000,1752160351.161772,524004659968.000000
523910209000.000000,1752160351.178785,524021672356.000000
523943532000.000000,1752160351.200566,524043451896.000000
523976853000.000000,1752160351.358675,524201562964.000000
524110137000.000000,1752160351.375283,524218170468.000000
524143459000.000000,1752160351.511909,524354796400.000000
524176780000.000000,1752160351.539305,524382193342.000000
524210102000.000000,1752160351.555751,524398638699.000000
524343386000.000000,1752160351.686017,524528905294.000000
524376709000.000000,1752160351.708156,524551043144.000000
524476672000.000000,1752160351.729619,524572505688.000000
524509993000.000000,1752160351.826023,524668911134.000000
524543315000.000000,1752160351.848026,524690913042.000000
524643279000.000000,1752160351.996512,524839399808.000000
524676602000.000000,1752160352.013191,524856076977.000000
524709922000.000000,1752160352.029593,524872479335.000000
524776564000.000000,1752160352.061915,524904801852.000000
524809887000.000000,1752160352.193982,525036869723.000000
524976493000.000000,1752160352.210696,525053582967.000000
525009814000.000000,1752160352.300448,525143336041.000000
525043136000.000000,1752160352.321956,525164844065.000000
525076457000.000000,1752160352.354673,525197560208.000000
525143101000.000000,1752160352.498800,525341687466.000000
525176422000.000000,1752160352.510307,525353193970.000000
525276385000.000000,1752160352.527379,525370266190.000000
525309706000.000000,1752160352.741001,525583888726.000000
525343028000.000000,1752160352.757432,525600318472.000000
525442993000.000000,1752160352.773919,525616805829.000000
525476314000.000000,1752160352.790433,525633319704.000000
525542956000.000000,1752160352.806977,525649863172.000000
525742884000.000000,1752160352.980112,525822998742.000000
525776206000.000000,1752160353.097562,525940449458.000000
525809528000.000000,1752160353.124400,525967287239.000000
525842849000.000000,1752160353.146840,525989725920.000000
525876171000.000000,1752160353.163308,526006194907.000000
525942814000.000000,1752160353.307885,526150772271.000000
526076098000.000000,1752160353.324564,526167451218.000000
526109420000.000000,1752160353.447847,526290734500.000000
526142741000.000000,1752160353.469582,526312468726.000000
526176064000.000000,1752160353.486595,526329482410.000000
526276026000.000000,1752160353.581932,526424819479.000000
526309348000.000000,1752160353.610032,526452919320.000000
526409312000.000000,1752160353.733870,526576757670.000000
526442636000.000000,1752160353.750650,526593537783.000000
526475956000.000000,1752160353.768037,526610923704.000000
526575919000.000000,1752160353.957731,526800618261.000000
526609240000.000000,1752160353.980079,526822966646.000000
526709205000.000000,1752160353.996373,526839260098.000000
526742527000.000000,1752160354.012709,526855595975.000000
526775847000.000000,1752160354.167698,527010586373.000000
526942455000.000000,1752160354.189779,527032666465.000000
526975776000.000000,1752160354.318159,527161046358.000000
527009095000.000000,1752160354.340355,527183242579.000000
527042421000.000000,1752160354.367912,527210799129.000000
527142383000.000000,1752160354.520000,527362887726.000000
527175705000.000000,1752160354.536560,527379447175.000000
527275667000.000000,1752160354.553006,527395892217.000000
527308990000.000000,1752160354.574614,527417500481.000000
527342310000.000000,1752160354.718642,527561529092.000000
527508917000.000000,1752160354.741086,527583973199.000000
527542239000.000000,1752160354.877249,527720136822.000000
527575561000.000000,1752160354.899062,527741949454.000000
527608885000.000000,1752160354.930668,527773554849.000000
527642204000.000000,1752160355.074672,527917559349.000000
527708844000.000000,1752160355.101626,527944513258.000000
527875452000.000000,1752160355.117714,527960601490.000000
527908775000.000000,1752160355.274641,528117528311.000000
527942096000.000000,1752160355.291377,528134264258.000000
528075380000.000000,1752160355.313671,528156558200.000000
528108702000.000000,1752160355.464131,528307018389.000000
528142025000.000000,1752160355.475915,528318802834.000000
528241986000.000000,1752160355.492634,528335521503.000000
528275308000.000000,1752160355.642126,528485012832.000000
528308630000.000000,1752160355.658860,528501746927.000000
528408593000.000000,1752160355.675185,528518071767.000000
528441915000.000000,1752160355.696835,528539721364.000000
528475239000.000000,1752160355.861944,528704831448.000000
528641843000.000000,1752160355.878655,528721542136.000000
528675165000.000000,1752160355.984554,528827440737.000000
528708486000.000000,1752160356.006125,528849012613.000000
528741808000.000000,1752160356.022616,528865502562.000000
528841771000.000000,1752160356.216608,529059495664.000000
528875094000.000000,1752160356.228336,529071222184.000000
528975057000.000000,1752160356.249869,529092756115.000000
529008380000.000000,1752160356.358606,529201493834.000000
529041701000.000000,1752160356.380315,529223202597.000000
529174985000.000000,1752160356.491658,529334545454.000000
529208309000.000000,1752160356.508121,529351008163.000000
529241630000.000000,1752160356.524813,529367699907.000000
529341591000.000000,1752160356.670312,529513199576.000000
529374916000.000000,1752160356.691814,529534701229.000000
529508199000.000000,1752160356.814579,529657466351.000000
529541521000.000000,1752160356.831880,529674767106.000000
529574843000.000000,1752160356.848459,529691345073.000000
529641485000.000000,1752160357.054440,529897327655.000000
529708128000.000000,1752160357.071132,529914018917.000000
529774770000.000000,1752160357.087909,529930795122.000000
529841413000.000000,1752160357.104714,529947600976.000000
529874735000.000000,1752160357.183623,530026510502.000000
530041341000.000000,1752160357.330125,530173012512.000000
530074663000.000000,1752160357.341755,530184641700.000000
530107985000.000000,1752160357.488054,530330940953.000000
530141305000.000000,1752160357.525659,530368546801.000000
530174627000.000000,1752160357.542144,530385030176.000000
530274591000.000000,1752160357.558532,530401418479.000000
530341233000.000000,1752160357.743616,530586503215.000000
530474518000.000000,1752160357.771309,530614196431.000000
530507842000.000000,1752160357.798116,530641002934.000000
530541162000.000000,1752160357.960213,530803100181.000000
530574483000.000000,1752160357.982668,530825554917.000000
530707768000.000000,1752160357.998966,530841852942.000000
530741090000.000000,1752160358.121713,530964600879.000000
530774411000.000000,1752160358.149253,530992140115.000000
530907696000.000000,1752160358.165894,531008781007.000000
530941018000.000000,1752160358.310257,531153144670.000000
530974340000.000000,1752160358.326801,531169688581.000000
531074303000.000000,1752160358.353475,531196362216.000000
531107625000.000000,1752160358.374936,531217821778.000000
531140947000.000000,1752160358.492897,531335785136.000000
531307552000.000000,1752160358.602684,531445571233.000000
531340875000.000000,1752160358.619495,531462382734.000000
531374196000.000000,1752160358.641244,531484131348.000000
531407517000.000000,1752160358.657841,531500727889.000000
531440839000.000000,1752160358.815097,531657984744.000000
531574123000.000000,1752160358.831874,531674761839.000000
531607445000.000000,1752160359.004709,531847596468.000000
531640768000.000000,1752160359.021194,531864081233.000000
531674089000.000000,1752160359.038600,531881487542.000000
531807374000.000000,1752160359.059999,531902885475.000000
531840695000.000000,1752160359.133615,531976501911.000000
531973981000.000000,1752160359.266134,532109020518.000000
532007302000.000000,1752160359.293901,532136788511.000000
532040623000.000000,1752160359.315625,532158512329.000000
532073945000.000000,1752160359.422057,532264944185.000000
532107266000.000000,1752160359.439415,532282302217.000000
532240551000.000000,1752160359.562008,532404895544.000000
532273873000.000000,1752160359.583940,532426826378.000000
532307195000.000000,1752160359.610777,532453663696.000000
532373837000.000000,1752160359.771458,532614345977.000000
532440479000.000000,1752160359.799412,532642298782.000000
532540444000.000000,1752160359.826574,532669459986.000000
532573765000.000000,1752160359.956844,532799731321.000000
532607086000.000000,1752160359.978613,532821499898.000000
532773693000.000000,1752160360.106740,532949627090.000000
532807015000.000000,1752160360.129154,532972041623.000000
532840337000.000000,1752160360.145524,532988409814.000000
532906979000.000000,1752160360.166919,533009805062.000000
532940299000.000000,1752160360.356839,533199726356.000000
533106906000.000000,1752160360.383627,533226514230.000000
533140228000.000000,1752160360.405920,533248807116.000000
533173549000.000000,1752160360.562951,533405838085.000000
533206872000.000000,1752160360.579536,533422423256.000000
533340157000.000000,1752160360.698492,533541379530.000000
533373479000.000000,1752160360.714946,533557832998.000000
533406799000.000000,1752160360.731571,533574458001.000000
533506763000.000000,1752160360.891618,533734505252.000000
533540084000.000000,1752160360.908436,533751322828.000000
533673369000.000000,1752160360.925590,533768477436.000000
533706691000.000000,1752160361.128517,533971404626.000000
533740013000.000000,1752160361.160677,534003563811.000000
533839976000.000000,1752160361.176974,534019861337.000000
533873299000.000000,1752160361.193313,534036199677.000000
533906619000.000000,1752160361.350336,534193224461.000000
534106548000.000000,1752160361.367100,534209986852.000000
534139868000.000000,1752160361.477864,534320750789.000000
534173192000.000000,1752160361.505387,534348274636.000000
534206513000.000000,1752160361.521797,534364684938.000000
534306476000.000000,1752160361.640566,534483453307.000000
534339799000.000000,1752160361.657363,534500250512.000000
534439761000.000000,1752160361.679065,534521951738.000000
534473084000.000000,1752160361.803121,534646008987.000000
534506407000.000000,1752160361.825062,534667948685.000000
534606368000.000000,1752160361.841845,534684731195.000000
534639691000.000000,1752160361.983964,534826851735.000000
534673013000.000000,1752160362.000604,534843491450.000000
534772975000.000000,1752160362.027706,534870592613.000000
534806297000.000000,1752160362.148085,534990972953.000000
534839619000.000000,1752160362.170592,535013479237.000000
534939581000.000000,1752160362.182426,535025314465.000000
534972905000.000000,1752160362.297840,535140727931.000000
535006226000.000000,1752160362.314576,535157463479.000000
535106190000.000000,1752160362.459797,535302684616.000000
535139515000.000000,1752160362.476554,535319440534.000000
535172833000.000000,1752160362.498417,535341303973.000000
535272796000.000000,1752160362.669313,535512200324.000000
535306119000.000000,1752160362.690814,535533701267.000000
535406082000.000000,1752160362.707135,535550021671.000000
535439404000.000000,1752160362.723423,535566309409.000000
535472725000.000000,1752160362.739699,535582586054.000000
535705975000.000000,1752160362.942767,535785654348.000000
535739297000.000000,1752160363.061555,535904442149.000000
535772618000.000000,1752160363.073088,535915974066.000000
535805940000.000000,1752160363.100219,535943105487.000000
535839260000.000000,1752160363.218129,536061016964.000000
535872582000.000000,1752160363.224854,536067740672.000000
536005868000.000000,1752160363.236440,536079326348.000000
536039189000.000000,1752160363.392606,536235493018.000000
536072511000.000000,1752160363.399432,536242319466.000000
536172474000.000000,1752160363.415894,536258781480.000000
536205797000.000000,1752160363.536816,536379704388.000000
536239118000.000000,1752160363.559464,536402353060.000000
536339081000.000000,1752160363.582780,536425668039.000000
536372404000.000000,1752160363.714026,536556914044.000000
536405726000.000000,1752160363.725696,536568582904.000000
536505688000.000000,1752160363.737339,536580226597.000000
536539010000.000000,1752160363.872225,536715112045.000000
536572331000.000000,1752160363.888697,536731584096.000000
536672294000.000000,1752160363.905381,536748268348.000000
536738938000.000000,1752160364.079551,536922438776.000000
536772260000.000000,1752160364.118483,536961370871.000000
536838901000.000000,1752160364.145732,536988619310.000000
536905544000.000000,1752160364.309879,537152765842.000000
536938867000.000000,1752160364.348022,537190910334.000000
537072151000.000000,1752160364.364750,537207637623.000000
537138794000.000000,1752160364.504710,537347597055.000000
537172118000.000000,1752160364.521131,537364019551.000000
537272083000.000000,1752160364.542961,537385847713.000000
537305402000.000000,1752160364.559290,537402175969.000000
537338723000.000000,1752160364.695424,537538311496.000000
537472011000.000000,1752160364.707127,537550013597.000000
537505330000.000000,1752160364.844000,537686886987.000000
537538652000.000000,1752160364.881504,537724391115.000000
537571973000.000000,1752160364.898217,537741103552.000000
537638615000.000000,1752160365.028513,537871400659.000000
537671937000.000000,1752160365.040137,537883023260.000000
537805222000.000000,1752160365.051798,537894685972.000000
537838543000.000000,1752160365.215225,538058112697.000000
537871866000.000000,1752160365.236741,538079628344.000000
537971828000.000000,1752160365.263907,538106793654.000000
538005151000.000000,1752160365.417322,538260210020.000000
538038473000.000000,1752160365.449450,538292336334.000000
538171756000.000000,1752160365.466105,538308991234.000000
538205079000.000000,1752160365.482583,538325468896.000000
538238400000.000000,1752160365.700178,538543064761.000000
538405007000.000000,1752160365.727214,538570100869.000000
538438328000.000000,1752160365.743665,538586550883.000000
538471650000.000000,1752160365.842256,538685144097.000000
538504971000.000000,1752160365.853837,538696724866.000000
538671578000.000000,1752160365.979352,538822239115.000000
538704900000.000000,1752160365.991261,538834148010.000000
538738221000.000000,1752160366.002908,538845793999.000000
538804863000.000000,1752160366.118210,538961108077.000000
538838187000.000000,1752160366.129916,538972803233.000000
538938148000.000000,1752160366.275920,539118807621.000000
538971470000.000000,1752160366.302353,539145239790.000000
539004792000.000000,1752160366.318854,539161740526.000000
539071434000.000000,1752160366.429659,539272547669.000000
539138077000.000000,1752160366.436374,539279260636.000000
539238041000.000000,1752160366.587476,539430363656.000000
539271363000.000000,1752160366.604110,539446995965.000000
539304685000.000000,1752160366.636154,539479040390.000000
539371326000.000000,1752160366.647715,539490601863.000000
539437971000.000000,1752160366.836664,539679551452.000000
539571255000.000000,1752160366.853596,539696482831.000000
539604577000.000000,1752160366.875823,539718711007.000000
539637899000.000000,1752160367.012161,539855048218.000000
539671220000.000000,1752160367.029171,539872057541.000000
539771183000.000000,1752160367.050543,539893430096.000000
539804506000.000000,1752160367.066790,539909676760.000000
539837827000.000000,1752160367.271878,540114765570.000000
540004432000.000000,1752160367.293802,540136688101.000000
540037755000.000000,1752160367.315440,540158326024.000000
540071076000.000000,1752160367.447506,540290393965.000000
540104398000.000000,1752160367.479737,540322624611.000000
540237683000.000000,1752160367.502127,540345014433.000000
540271006000.000000,1752160367.597783,540440670197.000000
540304327000.000000,1752160367.619448,540462335712.000000
540437611000.000000,1752160367.777143,540620030738.000000
540470934000.000000,1752160367.794076,540636962746.000000
540504254000.000000,1752160367.810712,540653598888.000000
540604218000.000000,1752160367.933388,540776274834.000000
540637541000.000000,1752160367.955224,540798111940.000000
540737504000.000000,1752160367.961773,540804659409.000000
540770826000.000000,1752160368.111504,540954391072.000000
540804148000.000000,1752160368.128981,540971868261.000000
540904111000.000000,1752160368.145449,540988336941.000000
540937433000.000000,1752160368.298116,541141003889.000000
540970755000.000000,1752160368.315022,541157909806.000000
541070717000.000000,1752160368.326700,541169586648.000000
541104040000.000000,1752160368.338356,541181243452.000000
541137361000.000000,1752160368.503282,541346169217.000000
541270646000.000000,1752160368.520041,541362927746.000000
541303968000.000000,1752160368.536980,541379867237.000000
541337290000.000000,1752160368.702015,541544902723.000000
541370611000.000000,1752160368.723767,541566653682.000000
541470573000.000000,1752160368.750793,541593680734.000000
541503897000.000000,1752160368.777841,541620728711.000000
541570538000.000000,1752160368.897409,541740296689.000000
541703823000.000000,1752160369.044614,541887501009.000000
541737146000.000000,1752160369.056358,541899245239.000000
541770467000.000000,1752160369.077709,541920595387.000000
541803788000.000000,1752160369.099568,541942455178.000000
541870432000.000000,1752160369.219411,542062298708.000000
542003717000.000000,1752160369.236804,542079690527.000000
542037037000.000000,1752160369.390488,542233375039.000000
542070359000.000000,1752160369.402070,542244956141.000000
542103680000.000000,1752160369.418824,542261711374.000000
542170322000.000000,1752160369.553541,542396429064.000000
542203646000.000000,1752160369.575471,542418357817.000000
542336929000.000000,1752160369.592344,542435230327.000000
542370253000.000000,1752160369.703216,542546103414.000000
542403574000.000000,1752160369.720077,542562964590.000000
542503537000.000000,1752160369.731803,542574690431.000000
542536859000.000000,1752160369.892353,542735240593.000000
542570182000.000000,1752160369.903860,542746746177.000000
542670144000.000000,1752160369.925613,542768500562.000000
542703467000.000000,1752160370.055325,542898212897.000000
542736787000.000000,1752160370.071808,542914694133.000000
542836750000.000000,1752160370.088306,542931193387.000000
542870073000.000000,1752160370.211917,543054804305.000000
542903396000.000000,1752160370.228480,543071366354.000000
543003359000.000000,1752160370.245249,543088135958.000000
543036680000.000000,1752160370.356577,543199464299.000000
543070001000.000000,1752160370.368268,543211155603.000000
543169966000.000000,1752160370.531102,543373989446.000000
543203288000.000000,1752160370.548014,543390900862.000000
543236608000.000000,1752160370.570571,543413458257.000000
543303250000.000000,1752160370.690557,543533444342.000000
543369894000.000000,1752160370.706973,543549859245.000000
543503178000.000000,1752160370.835982,543678869995.000000
543536501000.000000,1752160370.852961,543695848540.000000
543569823000.000000,1752160370.874734,543717620221.000000
543636464000.000000,1752160370.901563,543744449423.000000
543669786000.000000,1752160371.051851,543894738655.000000
543836392000.000000,1752160371.063549,543906436348.000000
543869713000.000000,1752160371.195840,544038727712.000000
543903036000.000000,1752160371.217978,544060865649.000000
543936356000.000000,1752160371.234738,544077625011.000000
544002998000.000000,1752160371.371594,544214480976.000000
544036321000.000000,1752160371.388515,544231402911.000000
544169605000.000000,1752160371.410349,544253235647.000000
544202928000.000000,1752160371.549998,544392885434.000000
544236250000.000000,1752160371.577845,544420732607.000000
544369534000.000000,1752160371.710260,544553147229.000000
544402857000.000000,1752160371.732912,544575799438.000000
544436178000.000000,1752160371.749588,544592474301.000000
544502819000.000000,1752160371.786761,544629647562.000000
544536141000.000000,1752160371.950520,544793407858.000000
544702747000.000000,1752160371.983184,544826071018.000000
544736069000.000000,1752160372.078770,544921657856.000000
544769391000.000000,1752160372.095775,544938662254.000000
544802713000.000000,1752160372.107160,544950046302.000000
544902676000.000000,1752160372.278774,545121661812.000000
544935998000.000000,1752160372.295782,545138669561.000000
545035962000.000000,1752160372.312651,545155538367.000000
545069284000.000000,1752160372.329342,545172228619.000000
545102605000.000000,1752160372.463666,545306553684.000000
545235890000.000000,1752160372.480040,545322927606.000000
545269212000.000000,1752160372.502503,545345389724.000000
545302534000.000000,1752160372.631492,545474379752.000000
545335856000.000000,1752160372.658625,545501511951.000000
545469139000.000000,1752160372.851476,545694363500.000000
545502462000.000000,1752160372.878251,545721138017.000000
545535784000.000000,1752160372.900067,545742953901.000000
545602425000.000000,1752160372.916506,545759392749.000000
545669069000.000000,1752160373.140698,545983585878.000000
545835676000.000000,1752160373.162372,546005259042.000000
545868998000.000000,1752160373.189540,546032426000.000000
545902320000.000000,1752160373.206177,546049063382.000000
545935640000.000000,1752160373.368737,546211625486.000000
546135569000.000000,1752160373.385322,546228209295.000000
546168890000.000000,1752160373.478447,546321334659.000000
546202212000.000000,1752160373.499629,546342515272.000000
546235534000.000000,1752160373.516326,546359213562.000000
546335498000.000000,1752160373.706648,546549535655.000000
546368819000.000000,1752160373.729394,546572281011.000000
546468783000.000000,1752160373.751123,546594009988.000000
546502105000.000000,1752160373.772617,546615503690.000000
546535427000.000000,1752160373.945325,546788212967.000000
546702034000.000000,1752160373.962097,546804985181.000000
546735354000.000000,1752160373.979596,546822484462.000000
546768675000.000000,1752160374.103087,546945974436.000000
546801997000.000000,1752160374.119214,546962100954.000000
546901960000.000000,1752160374.136557,546979443643.000000
546935283000.000000,1752160374.236151,547079038311.000000
546968604000.000000,1752160374.252853,547095740340.000000
547068566000.000000,1752160374.395861,547238748519.000000
547101888000.000000,1752160374.412402,547255288587.000000
547135210000.000000,1752160374.439510,547282396601.000000
547168530000.000000,1752160374.465904,547308790308.000000
547201852000.000000,1752160374.632289,547475176151.000000
547401780000.000000,1752160374.648854,547491741645.000000
547435101000.000000,1752160374.681862,547524749672.000000
547468423000.000000,1752160374.897064,547739950691.000000
547501745000.000000,1752160374.918937,547761823667.000000
547635029000.000000,1752160374.935190,547778076572.000000
547668352000.000000,1752160374.951486,547794372884.000000
547701674000.000000,1752160375.072620,547915507346.000000
547868279000.000000,1752160375.094846,547937734114.000000
547901602000.000000,1752160375.201018,548043905806.000000
547934923000.000000,1752160375.222508,548065396286.000000
547968245000.000000,1752160375.238590,548081484600.000000
548034888000.000000,1752160375.350561,548193448545.000000
548068208000.000000,1752160375.367532,548210418924.000000
548168173000.000000,1752160375.478540,548321427732.000000
548201495000.000000,1752160375.500726,548343613075.000000
548234818000.000000,1752160375.522345,548365232202.000000
548301458000.000000,1752160375.678906,548521793462.000000
548334781000.000000,1752160375.710778,548553665278.000000
548468066000.000000,1752160375.738115,548581002012.000000
548501387000.000000,1752160375.882434,548725322047.000000
548534710000.000000,1752160375.899142,548742028632.000000
548667993000.000000,1752160375.920931,548763817424.000000
548701315000.000000,1752160376.041402,548884289411.000000
548734637000.000000,1752160376.068794,548911681607.000000
548867922000.000000,1752160376.233089,549075976360.000000
548901243000.000000,1752160376.254602,549097489785.000000
548934566000.000000,1752160376.261186,549104072827.000000
549001207000.000000,1752160376.282815,549125701713.000000
549067850000.000000,1752160376.441237,549284124120.000000
549201136000.000000,1752160376.468416,549311303004.000000
549234458000.000000,1752160376.485332,549328219402.000000
549267779000.000000,1752160376.594368,549437255934.000000
549301101000.000000,1752160376.610811,549453698355.000000
549401065000.000000,1752160376.627314,549470201183.000000
549434386000.000000,1752160376.772202,549615088787.000000
549467709000.000000,1752160376.794354,549637240852.000000
549567671000.000000,1752160376.810526,549653413740.000000
549600994000.000000,1752160376.943407,549786295634.000000
549634315000.000000,1752160376.969977,549812863376.000000
549767598000.000000,1752160377.103787,549946675687.000000
549800922000.000000,1752160377.120848,549963736288.000000
549834243000.000000,1752160377.137499,549980385318.000000
549900885000.000000,1752160377.164349,550007235113.000000
549934207000.000000,1752160377.329705,550172592688.000000
550100813000.000000,1752160377.346170,550189067387.000000
550134136000.000000,1752160377.363005,550205891971.000000
550167456000.000000,1752160377.513570,550356457960.000000
550200778000.000000,1752160377.546633,550389519819.000000
550300741000.000000,1752160377.573361,550416247448.000000
550334063000.000000,1752160377.684060,550526947037.000000
550367385000.000000,1752160377.706476,550549362674.000000
550533993000.000000,1752160377.859784,550702671967.000000
550567314000.000000,1752160377.887507,550730393864.000000
550600634000.000000,1752160377.904533,550747420002.000000
550700598000.000000,1752160378.069588,550912476117.000000
550733921000.000000,1752160378.086431,550929318646.000000
550833884000.000000,1752160378.097754,550940641213.000000
550900525000.000000,1752160378.231766,551074652855.000000
550933848000.000000,1752160378.248523,551091410033.000000
551033812000.000000,1752160378.265610,551108497040.000000
551067135000.000000,1752160378.387427,551230313772.000000
551100456000.000000,1752160378.409218,551252105490.000000
551200419000.000000,1752160378.516213,551359099950.000000
551233742000.000000,1752160378.537751,551380637782.000000
551267063000.000000,1752160378.560062,551402949624.000000
551367027000.000000,1752160378.770495,551613383693.000000
551400348000.000000,1752160378.788396,551631284932.000000
551533632000.000000,1752160378.816943,551659831357.000000
551566956000.000000,1752160378.948773,551791660596.000000
551600278000.000000,1752160378.966061,551808947750.000000
551733562000.000000,1752160378.982428,551825315598.000000
551766883000.000000,1752160379.141773,551984661477.000000
551800205000.000000,1752160379.158373,552001259785.000000
551933488000.000000,1752160379.306897,552149784091.000000
551966811000.000000,1752160379.318321,552161207695.000000
552000133000.000000,1752160379.335064,552177951317.000000
552133418000.000000,1752160379.467339,552310225681.000000
552166740000.000000,1752160379.484366,552327253189.000000
552266703000.000000,1752160379.500863,552343749480.000000
552300025000.000000,1752160379.655885,552498772015.000000
552333348000.000000,1752160379.672797,552515683839.000000
552433310000.000000,1752160379.695424,552538310548.000000
552466631000.000000,1752160379.841561,552684453175.000000
552499954000.000000,1752160379.868819,552711706039.000000
552599918000.000000,1752160379.885692,552728579290.000000
552666560000.000000,1752160380.009756,552852643499.000000
552699883000.000000,1752160380.026690,552869577026.000000
552799846000.000000,1752160380.059384,552902271334.000000
552833168000.000000,1752160380.169728,553012616000.000000
552866490000.000000,1752160380.197404,553040291397.000000
552999774000.000000,1752160380.374026,553216913411.000000
553033096000.000000,1752160380.396558,553239444343.000000
553066417000.000000,1752160380.412982,553255868691.000000
553133060000.000000,1752160380.429285,553272171151.000000
553199701000.000000,1752160380.529927,553372813918.000000
553366308000.000000,1752160380.612021,553454908971.000000
553399631000.000000,1752160380.640122,553483008864.000000
553432952000.000000,1752160380.740474,553583360968.000000
553466274000.000000,1752160380.752293,553595179419.000000
553499596000.000000,1752160380.763849,553606735965.000000
553566237000.000000,1752160380.890455,553733342629.000000
553599560000.000000,1752160380.922742,553765629219.000000
553666201000.000000,1752160380.944594,553787481121.000000
553699523000.000000,1752160381.149336,553992223323.000000
553732845000.000000,1752160381.165969,554008855595.000000
553866129000.000000,1752160381.182655,554025541347.000000
553899451000.000000,1752160381.199083,554041968861.000000
553966094000.000000,1752160381.398288,554241175306.000000
554132701000.000000,1752160381.415325,554258212555.000000
554166023000.000000,1752160381.536899,554379785827.000000
554199344000.000000,1752160381.559015,554401902485.000000
554232666000.000000,1752160381.575798,554418684422.000000
554332629000.000000,1752160381.592785,554435671227.000000
554365952000.000000,1752160381.736357,554579244695.000000
554499236000.000000,1752160381.763711,554606597929.000000
554532557000.000000,1752160381.910271,554753159570.000000
554565879000.000000,1752160381.931921,554774807456.000000
554599200000.000000,1752160381.948603,554791489320.000000
554732486000.000000,1752160382.072093,554914979923.000000
554765808000.000000,1752160382.094196,554937082804.000000
554865772000.000000,1752160382.110597,554953485726.000000
554899094000.000000,1752160382.292819,555135706959.000000
554932414000.000000,1752160382.309630,555152517118.000000
555032378000.000000,1752160382.325939,555168826115.000000
555065700000.000000,1752160382.342394,555185281092.000000
555099021000.000000,1752160382.533892,555376779080.000000
555265627000.000000,1752160382.550526,555393413129.000000
555298949000.000000,1752160382.568967,555411853511.000000
555332271000.000000,1752160382.590524,555433410861.000000
555365593000.000000,1752160382.727945,555570832357.000000
555532200000.000000,1752160382.884994,555727881630.000000
555565522000.000000,1752160382.906500,555749387369.000000
555598844000.000000,1752160382.918224,555761110932.000000
555632165000.000000,1752160382.935306,555778192810.000000
555732127000.000000,1752160383.069877,555912764742.000000
555865414000.000000,1752160383.108546,555951434970.000000
555898736000.000000,1752160383.277989,556120876391.000000
555932057000.000000,1752160383.300421,556143308158.000000
555965380000.000000,1752160383.327285,556170171193.000000
556032019000.000000,1752160383.354121,556197007988.000000
556098663000.000000,1752160383.497412,556340299848.000000
556265270000.000000,1752160383.519409,556362296416.000000
556298592000.000000,1752160383.636467,556479354253.000000
556331913000.000000,1752160383.658405,556501292580.000000
556365236000.000000,1752160383.680047,556522933485.000000
556465197000.000000,1752160383.848573,556691461712.000000
556498520000.000000,1752160383.861350,556704238227.000000
556598483000.000000,1752160383.878509,556721395845.000000
556631805000.000000,1752160383.895742,556738629629.000000
556665127000.000000,1752160384.018070,556860958226.000000
556831733000.000000,1752160384.178629,557021516444.000000
556865055000.000000,1752160384.194915,557037800645.000000
556898376000.000000,1752160384.217268,557060154134.000000
556931699000.000000,1752160384.228735,557071622200.000000
557031661000.000000,1752160384.383579,557226466977.000000
557164946000.000000,1752160384.406096,557248983928.000000
557198269000.000000,1752160384.507704,557350592259.000000
557231591000.000000,1752160384.524311,557367197531.000000
557264912000.000000,1752160384.535813,557378699411.000000
557331555000.000000,1752160384.674780,557517668206.000000
557364876000.000000,1752160384.697316,557540203249.000000
557464838000.000000,1752160384.714163,557557050296.000000
557498161000.000000,1752160384.863582,557706469389.000000
557531483000.000000,1752160384.880557,557723444897.000000
557664767000.000000,1752160384.902531,557745418558.000000
557698089000.000000,1752160385.032408,557875295854.000000
557731412000.000000,1752160385.049337,557892225048.000000
557831374000.000000,1752160385.066136,557909023151.000000
557864696000.000000,1752160385.182318,558025206405.000000
557898018000.000000,1752160385.199396,558042282542.000000
557997981000.000000,1752160385.326484,558169372256.000000
558031303000.000000,1752160385.343019,558185906825.000000
558064625000.000000,1752160385.365179,558208066483.000000
558131268000.000000,1752160385.387028,558229913997.000000
558164590000.000000,1752160385.532804,558375691054.000000
558297875000.000000,1752160385.539788,558382676407.000000
558331200000.000000,1752160385.678390,558521277501.000000
558364518000.000000,1752160385.694945,558537831736.000000
558397839000.000000,1752160385.711484,558554371527.000000
558497802000.000000,1752160385.827752,558670638780.000000
558531123000.000000,1752160385.844728,558687615159.000000
558631088000.000000,1752160385.861578,558704464706.000000
558664409000.000000,1752160386.028681,558871568281.000000
558697730000.000000,1752160386.045288,558888175368.000000
558797695000.000000,1752160386.067543,558910429784.000000
558831016000.000000,1752160386.083884,558926769855.000000
558864337000.000000,1752160386.245232,559088119398.000000
558997624000.000000,1752160386.277205,559120092862.000000
559030945000.000000,1752160386.314260,559157147402.000000
559064266000.000000,1752160386.434928,559277815016.000000
559097588000.000000,1752160386.457347,559300233561.000000
559230873000.000000,1752160386.490047,559332934313.000000
559264195000.000000,1752160386.591897,559434784809.000000
559297517000.000000,1752160386.608482,559451369580.000000
559430801000.000000,1752160386.774807,559617694498.000000
559464124000.000000,1752160386.796226,559639112108.000000
559497445000.000000,1752160386.812857,559655743990.000000
559564087000.000000,1752160386.850970,559693856779.000000
559630731000.000000,1752160387.019933,559862819965.000000
559764015000.000000,1752160387.041459,559884346556.000000
559797337000.000000,1752160387.057947,559900834551.000000
559830658000.000000,1752160387.208454,560051342077.000000
559863981000.000000,1752160387.225089,560067976978.000000
559963944000.000000,1752160387.246642,560089528809.000000
559997265000.000000,1752160387.268379,560111265509.000000
560030586000.000000,1752160387.447441,560290327997.000000
560197194000.000000,1752160387.469281,560312168066.000000
560230515000.000000,1752160387.480945,560323832574.000000
560263837000.000000,1752160387.595233,560438120329.000000
560297159000.000000,1752160387.611722,560454608213.000000
560397122000.000000,1752160387.628638,560471524963.000000
560430443000.000000,1752160387.741096,560583983163.000000
560463766000.000000,1752160387.748031,560590917776.000000
560563728000.000000,1752160387.897010,560739896837.000000
560597052000.000000,1752160387.908429,560751315477.000000
560630372000.000000,1752160387.930416,560773302952.000000
560697013000.000000,1752160387.947313,560790200739.000000
560763656000.000000,1752160388.121889,560964777107.000000
560896941000.000000,1752160388.149140,560992028249.000000
560930265000.000000,1752160388.258617,561101504536.000000
560963586000.000000,1752160388.280641,561123528455.000000
560996907000.000000,1752160388.297747,561140632962.000000
561096870000.000000,1752160388.419533,561262419917.000000
561130194000.000000,1752160388.425840,561268726999.000000
561230157000.000000,1752160388.616019,561458906798.000000
561263479000.000000,1752160388.642780,561485667353.000000
561296800000.000000,1752160388.659190,561502076867.000000
561363442000.000000,1752160388.675893,561518779193.000000
561430085000.000000,1752160388.909874,561752761573.000000
561596691000.000000,1752160388.937353,561780240546.000000
561630013000.000000,1752160388.954580,561797467441.000000
561663335000.000000,1752160388.971384,561814272025.000000
561729977000.000000,1752160389.089520,561932407259.000000
561896584000.000000,1752160389.177662,562020550008.000000
561929906000.000000,1752160389.194511,562037398610.000000
561963227000.000000,1752160389.295127,562138014693.000000
561996548000.000000,1752160389.311608,562154495447.000000
562029871000.000000,1752160389.323214,562166100956.000000
562129834000.000000,1752160389.499468,562342355511.000000
562163155000.000000,1752160389.520716,562363602604.000000
562263120000.000000,1752160389.536951,562379837565.000000
562329762000.000000,1752160389.666847,562509734713.000000
562363084000.000000,1752160389.704301,562547188860.000000
562463048000.000000,1752160389.726687,562569574572.000000
562496370000.000000,1752160389.846272,562689160660.000000
562529692000.000000,1752160389.873279,562716167194.000000
562629656000.000000,1752160389.895277,562738164539.000000
562662977000.000000,1752160390.028537,562871424856.000000
562696298000.000000,1752160390.055703,562898590370.000000
562829583000.000000,1752160390.067058,562909944400.000000
562862904000.000000,1752160390.245960,563088847130.000000
562896227000.000000,1752160390.263133,563106020007.000000
562996190000.000000,1752160390.279677,563122563594.000000
563029512000.000000,1752160390.296423,563139309549.000000
563062833000.000000,1752160390.436051,563278938689.000000
563229438000.000000,1752160390.452977,563295864068.000000
563262761000.000000,1752160390.604581,563447469268.000000
563296084000.000000,1752160390.626993,563469880313.000000
563329404000.000000,1752160390.643929,563486815266.000000
563429368000.000000,1752160390.738882,563581769259.000000
563462690000.000000,1752160390.766385,563609271084.000000
563562654000.000000,1752160390.908317,563751204737.000000
563595977000.000000,1752160390.925257,563768143949.000000
563629298000.000000,1752160390.941958,563784844775.000000
563695939000.000000,1752160390.958277,563801163217.000000
563729263000.000000,1752160391.090138,563933025215.000000
563862546000.000000,1752160391.107037,563949924298.000000
563895868000.000000,1752160391.215290,564058177245.000000
563929189000.000000,1752160391.232754,564075640619.000000
563962512000.000000,1752160391.255270,564098157848.000000
564029153000.000000,1752160391.398271,564241158452.000000
564062475000.000000,1752160391.409737,564252623888.000000
564195760000.000000,1752160391.421906,564264793521.000000
564229082000.000000,1752160391.575043,564417931020.000000
564262403000.000000,1752160391.591948,564434835344.000000
564362366000.000000,1752160391.608317,564451204562.000000
564395689000.000000,1752160391.769889,564612777270.000000
564429011000.000000,1752160391.786649,564629536410.000000
564528974000.000000,1752160391.803010,564645896999.000000
564562296000.000000,1752160391.907538,564750425467.000000
564595617000.000000,1752160391.934718,564777604887.000000
564728902000.000000,1752160392.046497,564889384465.000000
564762224000.000000,1752160392.068606,564911493050.000000
564795546000.000000,1752160392.075343,564918229276.000000
564862186000.000000,1752160392.171027,565013915076.000000
564895510000.000000,1752160392.187892,565030779290.000000
564995472000.000000,1752160392.304526,565147413131.000000
565028795000.000000,1752160392.332388,565175275508.000000
565062116000.000000,1752160392.354813,565197700126.000000
565128758000.000000,1752160392.471039,565313927028.000000
565162080000.000000,1752160392.493919,565336806382.000000
565295365000.000000,1752160392.626687,565469573926.000000
565328687000.000000,1752160392.648439,565491326274.000000
565362009000.000000,1752160392.675103,565517989867.000000
565461972000.000000,1752160392.815550,565658437665.000000
565495295000.000000,1752160392.837484,565680371195.000000
565595258000.000000,1752160392.864556,565707443525.000000
565628580000.000000,1752160393.035723,565878610521.000000
565661902000.000000,1752160393.052762,565895649307.000000
565795186000.000000,1752160393.069100,565911986248.000000
565828509000.000000,1752160393.085421,565928306634.000000
565861829000.000000,1752160393.249318,566092204650.000000
565995115000.000000,1752160393.265944,566108831070.000000
566028437000.000000,1752160393.282277,566125164196.000000
566061758000.000000,1752160393.429032,566271919891.000000
566095080000.000000,1752160393.451188,566294074734.000000
566195043000.000000,1752160393.467487,566310373231.000000
566228365000.000000,1752160393.483772,566326658321.000000
566261687000.000000,1752160393.598157,566441044890.000000
566428293000.000000,1752160393.745323,566588211358.000000
566461615000.000000,1752160393.762110,566604996220.000000
566494937000.000000,1752160393.783870,566626756475.000000
566528257000.000000,1752160393.810704,566653591178.000000
566561578000.000000,1752160393.943897,566786784347.000000
566761506000.000000,1752160394.059871,566902759251.000000
566794828000.000000,1752160394.077874,566920762564.000000
566828149000.000000,1752160394.106757,566949645115.000000
566861470000.000000,1752160394.232281,567075168068.000000
566894793000.000000,1752160394.248970,567091856894.000000
567028078000.000000,1752160394.265664,567108551220.000000
567061399000.000000,1752160394.463231,567306118201.000000
567094722000.000000,1752160394.485233,567328120954.000000
567194684000.000000,1752160394.511918,567354804102.000000
567261327000.000000,1752160394.528259,567371144969.000000
567294649000.000000,1752160394.692505,567535393111.000000
567461255000.000000,1752160394.725039,567567925625.000000
567494577000.000000,1752160394.741706,567584593321.000000
567527899000.000000,1752160394.851966,567694853970.000000
567561221000.000000,1752160394.869065,567711951922.000000
567694504000.000000,1752160395.005736,567848624148.000000
567727827000.000000,1752160395.053392,567896278781.000000
567761149000.000000,1752160395.080446,567923333074.000000
567794470000.000000,1752160395.222292,568065179283.000000
567827790000.000000,1752160395.254741,568097628371.000000
568027718000.000000,1752160395.271740,568114628805.000000
568061041000.000000,1752160395.404275,568247162815.000000
568094362000.000000,1752160395.421217,568264104786.000000
568194325000.000000,1752160395.443200,568286088261.000000
568227648000.000000,1752160395.555166,568398054022.000000
568260969000.000000,1752160395.567016,568409903213.000000
568360934000.000000,1752160395.578551,568421438297.000000
568394254000.000000,1752160395.731098,568573985117.000000
568427578000.000000,1752160395.742993,568585880789.000000
568527539000.000000,1752160395.765046,568607932671.000000
568560862000.000000,1752160395.936678,568779565422.000000
568594184000.000000,1752160395.953156,568796043676.000000
568694147000.000000,1752160395.980203,568823089654.000000
568727469000.000000,1752160395.996538,568839424447.000000
568760790000.000000,1752160396.163570,569006457819.000000
568927398000.000000,1752160396.180052,569022938778.000000
568960719000.000000,1752160396.196967,569039854694.000000
568994041000.000000,1752160396.312069,569154956015.000000
569027362000.000000,1752160396.339803,569182690467.000000
569127326000.000000,1752160396.438225,569281113368.000000
569160651000.000000,1752160396.460566,569303452784.000000
569193969000.000000,1752160396.477694,569320580328.000000
569260610000.000000,1752160396.578062,569420950561.000000
569293933000.000000,1752160396.594983,569437869292.000000
569393896000.000000,1752160396.733756,569576642978.000000
569427218000.000000,1752160396.745709,569588596520.000000
569460540000.000000,1752160396.762231,569605116978.000000
569527182000.000000,1752160396.890900,569733788342.000000
569560503000.000000,1752160396.907495,569750383429.000000
569693788000.000000,1752160396.924304,569767191124.000000
569727111000.000000,1752160397.064597,569907484368.000000
569760433000.000000,1752160397.086793,569929680433.000000
569893717000.000000,1752160397.225565,570068452618.000000
569927040000.000000,1752160397.252421,570095308246.000000
569960362000.000000,1752160397.268817,570111704002.000000
570027002000.000000,1752160397.285272,570128159534.000000
570093645000.000000,1752160397.545444,570388331085.000000
570193610000.000000,1752160397.562144,570405030708.000000
570226932000.000000,1752160397.588944,570431830577.000000
570260253000.000000,1752160397.677230,570520117955.000000
570326895000.000000,1752160397.688927,570531813481.000000
570493502000.000000,1752160397.772503,570615389963.000000
570526825000.000000,1752160397.789039,570631926198.000000
570560144000.000000,1752160397.805468,570648354824.000000
570626787000.000000,1752160398.003122,570846009007.000000
570660109000.000000,1752160398.025180,570868066537.000000
570760073000.000000,1752160398.041707,570884593661.000000
570793395000.000000,1752160398.058053,570900939602.000000
570826716000.000000,1752160398.225263,571068150177.000000
570993321000.000000,1752160398.241909,571084795707.000000
571026644000.000000,1752160398.373463,571216351153.000000
571059965000.000000,1752160398.390219,571233105830.000000
571093288000.000000,1752160398.422863,571265750231.000000
571193251000.000000,1752160398.571316,571414203779.000000
571226573000.000000,1752160398.593161,571436047885.000000
571359858000.000000,1752160398.609856,571452743600.000000
571393181000.000000,1752160398.750665,571593552801.000000
571426502000.000000,1752160398.772475,571615363204.000000
571526463000.000000,1752160398.784171,571627058434.000000
571559787000.000000,1752160398.965761,571808648211.000000
571593108000.000000,1752160398.987799,571830686148.000000
571693072000.000000,1752160399.003820,571846706426.000000
571726393000.000000,1752160399.020271,571863158421.000000
571793035000.000000,1752160399.143828,571986715987.000000
571959643000.000000,1752160399.290527,572133414386.000000
571992967000.000000,1752160399.312489,572155375621.000000
572026287000.000000,1752160399.334334,572177220634.000000
572059609000.000000,1752160399.350683,572193569279.000000
572126250000.000000,1752160399.526015,572368902546.000000
572259535000.000000,1752160399.537918,572380805460.000000
572292856000.000000,1752160399.555163,572398049576.000000
572326178000.000000,1752160399.686756,572529643855.000000
572359500000.000000,1752160399.703232,572546120054.000000
572459462000.000000,1752160399.730832,572573718693.000000
572492785000.000000,1752160399.801553,572644440160.000000
572526107000.000000,1752160399.823682,572666569763.000000
572659392000.000000,1752160399.984766,572827653513.000000
572692713000.000000,1752160400.006912,572849799115.000000
572726034000.000000,1752160400.023465,572866351240.000000
572759356000.000000,1752160400.039364,572882250259.000000
572792677000.000000,1752160400.206043,573048930858.000000
572959284000.000000,1752160400.223038,573065925588.000000
572992606000.000000,1752160400.357634,573200520984.000000
573025927000.000000,1752160400.374125,573217011349.000000
573059249000.000000,1752160400.390491,573233377420.000000
573159212000.000000,1752160400.417397,573260284103.000000
573225855000.000000,1752160400.628274,573471160945.000000
573359140000.000000,1752160400.655847,573498734047.000000
573392462000.000000,1752160400.667338,573510224631.000000
573425784000.000000,1752160400.769706,573612593806.000000
573459106000.000000,1752160400.787490,573630377362.000000
573592391000.000000,1752160400.936834,573779722141.000000
573625713000.000000,1752160400.948457,573791343557.000000
573659035000.000000,1752160400.959936,573802822197.000000
573758998000.000000,1752160401.088528,573931415821.000000
573792321000.000000,1752160401.110390,573953277686.000000
573892283000.000000,1752160401.148513,573991399919.000000
573925606000.000000,1752160401.299046,574141933112.000000
573958927000.000000,1752160401.332002,574174889565.000000
574058888000.000000,1752160401.348527,574191413282.000000
574092212000.000000,1752160401.375577,574218463519.000000
574125534000.000000,1752160401.543087,574385975646.000000
574292139000.000000,1752160401.554709,574397596358.000000
574325461000.000000,1752160401.571371,574414257074.000000
574358784000.000000,1752160401.695201,574538087933.000000
574392107000.000000,1752160401.707169,574550056216.000000
574492067000.000000,1752160401.724503,574567389425.000000
574525391000.000000,1752160401.840974,574683862860.000000
574558712000.000000,1752160401.862943,574705830058.000000
574658675000.000000,1752160402.001861,574844749001.000000
574691997000.000000,1752160402.018539,574861426346.000000
574725319000.000000,1752160402.035338,574878224967.000000
574825282000.000000,1752160402.186678,575029565337.000000
574858605000.000000,1752160402.203480,575046366773.000000
574958568000.000000,1752160402.219920,575062806454.000000
574991890000.000000,1752160402.363448,575206335645.000000
575058533000.000000,1752160402.380640,575223527670.000000
575158496000.000000,1752160402.402537,575245424386.000000
575191818000.000000,1752160402.508333,575351220526.000000
575225140000.000000,1752160402.531116,575374003363.000000
575325102000.000000,1752160402.625904,575468791284.000000
575358426000.000000,1752160402.653604,575496492051.000000
575391747000.000000,1752160402.670364,575513251691.000000
575458389000.000000,1752160402.793467,575636354577.000000
575491711000.000000,1752160402.805416,575648303193.000000
575591672000.000000,1752160402.827857,575670743700.000000
575624997000.000000,1752160402.979229,575822116736.000000
575658317000.000000,1752160403.001203,575844090748.000000
575758280000.000000,1752160403.028286,575871173003.000000
575791603000.000000,1752160403.159691,576002578802.000000
575824925000.000000,1752160403.181851,576024738387.000000
575958208000.000000,1752160403.198372,576041258159.000000
575991532000.000000,1752160403.322345,576165232295.000000
576024854000.000000,1752160403.344013,576186900069.000000
576124815000.000000,1752160403.360718,576203604877.000000
576158138000.000000,1752160403.457422,576300309444.000000
576191460000.000000,1752160403.484582,576327469032.000000
576291423000.000000,1752160403.598704,576441592159.000000
576324744000.000000,1752160403.615526,576458413817.000000
576358065000.000000,1752160403.636985,576479871613.000000
576391386000.000000,1752160403.746175,576589062347.000000
576424708000.000000,1752160403.762898,576605785117.000000
576557994000.000000,1752160403.873297,576716185301.000000
576591318000.000000,1752160403.890512,576733398233.000000
576624640000.000000,1752160403.906944,576749830877.000000
576691280000.000000,1752160404.070259,576913147307.000000
576724602000.000000,1752160404.092790,576935677165.000000
576857885000.000000,1752160404.119609,576962496034.000000
576891208000.000000,1752160404.279955,577122843162.000000
576924531000.000000,1752160404.302438,577145326150.000000
577024493000.000000,1752160404.319175,577162062327.000000
577057815000.000000,1752160404.335712,577178598674.000000
577091138000.000000,1752160404.524184,577367071194.000000
577257743000.000000,1752160404.545938,577388824967.000000
577291065000.000000,1752160404.557687,577400573623.000000
577324387000.000000,1752160404.676059,577518946798.000000
577357708000.000000,1752160404.703442,577546329624.000000
577457672000.000000,1752160404.715063,577557949485.000000
577490993000.000000,1752160404.881016,577723902850.000000
577524315000.000000,1752160404.902693,577745579625.000000
577624281000.000000,1752160404.929512,577772398105.000000
577657601000.000000,1752160404.945847,577788733509.000000
577690921000.000000,1752160405.110511,577953398777.000000
577857528000.000000,1752160405.122101,577964987138.000000
577890850000.000000,1752160405.138843,577981729834.000000
577924172000.000000,1752160405.270312,578113200299.000000
577957494000.000000,1752160405.292281,578135167959.000000
578090778000.000000,1752160405.436122,578279009277.000000
578124100000.000000,1752160405.447803,578290689470.000000
578157421000.000000,1752160405.469385,578312272282.000000
578257386000.000000,1752160405.595837,578438724244.000000
578290707000.000000,1752160405.612424,578455311071.000000
578390671000.000000,1752160405.629170,578472056712.000000
578423993000.000000,1752160405.785768,578628655027.000000
578457314000.000000,1752160405.797429,578640315165.000000
578557278000.000000,1752160405.814203,578657089842.000000
578590600000.000000,1752160405.942463,578785350451.000000
578623920000.000000,1752160405.954116,578797002849.000000
578723884000.000000,1752160405.970605,578813492640.000000
578757206000.000000,1752160406.074571,578917459187.000000
578790528000.000000,1752160406.101903,578944790144.000000
578890492000.000000,1752160406.203825,579046712639.000000
578923814000.000000,1752160406.210503,579053390254.000000
578957136000.000000,1752160406.227151,579070037211.000000
579023777000.000000,1752160406.423047,579265934431.000000
579057100000.000000,1752160406.440077,579282963939.000000
579190384000.000000,1752160406.451787,579294673428.000000
579223705000.000000,1752160406.570829,579413717023.000000
579257027000.000000,1752160406.582408,579425295828.000000
579356990000.000000,1752160406.604040,579446927510.000000
579390312000.000000,1752160406.769526,579612414436.000000
579423634000.000000,1752160406.796829,579639716115.000000
579523596000.000000,1752160406.823820,579666706223.000000
579556920000.000000,1752160406.840631,579683517215.000000
579590241000.000000,1752160406.981159,579824046771.000000
579756848000.000000,1752160407.003538,579846425538.000000
579790170000.000000,1752160407.156500,579999388223.000000
579823491000.000000,1752160407.173099,580015986143.000000
579890134000.000000,1752160407.184627,580027514708.000000
579990097000.000000,1752160407.350676,580193563795.000000
580023420000.000000,1752160407.362158,580205045083.000000
580090060000.000000,1752160407.378772,580221658392.000000
580123383000.000000,1752160407.395118,580238004425.000000
580156705000.000000,1752160407.588446,580431334506.000000
580323310000.000000,1752160407.600128,580443015180.000000
580356633000.000000,1752160407.611875,580454762521.000000
580389954000.000000,1752160407.627877,580470762984.000000
580423276000.000000,1752160407.769397,580612283771.000000
580556560000.000000,1752160407.786097,580628983912.000000
580589883000.000000,1752160407.945308,580788195903.000000
580623204000.000000,1752160407.962057,580804943784.000000
580656525000.000000,1752160407.983627,580826513448.000000
580723167000.000000,1752160408.135072,580977960261.000000
580756489000.000000,1752160408.146859,580989745972.000000
580889773000.000000,1752160408.178741,581021626955.000000
580923097000.000000,1752160408.205762,581048648303.000000
580956418000.000000,1752160408.411522,581254409439.000000
581123024000.000000,1752160408.439249,581282136373.000000
581156346000.000000,1752160408.461078,581303965072.000000
581189667000.000000,1752160408.530287,581373174926.000000
581222989000.000000,1752160408.546881,581389768105.000000
581389596000.000000,1752160408.714965,581557852096.000000
581422917000.000000,1752160408.742292,581585178719.000000
581456239000.000000,1752160408.758726,581601613289.000000
581489560000.000000,1752160408.775568,581618454206.000000
581556202000.000000,1752160408.990059,581832945918.000000
581689487000.000000,1752160409.012565,581855452443.000000
581756132000.000000,1752160409.029109,581871996345.000000
581789452000.000000,1752160409.045930,581888817022.000000
581822774000.000000,1752160409.209196,582052083434.000000
581989380000.000000,1752160409.231648,582074535848.000000
582022701000.000000,1752160409.323801,582166688445.000000
582056024000.000000,1752160409.345758,582188645790.000000
582089346000.000000,1752160409.368387,582211274499.000000
582155987000.000000,1752160409.508606,582351494614.000000
582189311000.000000,1752160409.530858,582373745827.000000
582289273000.000000,1752160409.552968,582395854541.000000
582322594000.000000,1752160409.702649,582545536631.000000
582355916000.000000,1752160409.719334,582562220550.000000
582489200000.000000,1752160409.735831,582578717823.000000
582522523000.000000,1752160409.854035,582696922204.000000
582555845000.000000,1752160409.886560,582729446328.000000
582655808000.000000,1752160409.908106,582750993456.000000
582689131000.000000,1752160410.042938,582885824960.000000
582722451000.000000,1752160410.059478,582902365288.000000
582822414000.000000,1752160410.076089,582918977282.000000
582855737000.000000,1752160410.182885,583025772374.000000
582889059000.000000,1752160410.199403,583042290776.000000
583022344000.000000,1752160410.294570,583137457360.000000
583055666000.000000,1752160410.317056,583159943255.000000
583088988000.000000,1752160410.428134,583271021710.000000
583122309000.000000,1752160410.451014,583293900620.000000
583155630000.000000,1752160410.472887,583315774337.000000
583255594000.000000,1752160410.600097,583442984754.000000
583288916000.000000,1752160410.617230,583460117261.000000
583388878000.000000,1752160410.633694,583476581608.000000
583422201000.000000,1752160410.772641,583615528273.000000
583455523000.000000,1752160410.784201,583627087430.000000
583588807000.000000,1752160410.936762,583779649028.000000
583622130000.000000,1752160410.958111,583800998158.000000
583655450000.000000,1752160410.974566,583817452671.000000
583688772000.000000,1752160410.990765,583833651762.000000
583722093000.000000,1752160411.132274,583975161937.000000
583922020000.000000,1752160411.144064,583986951407.000000
583955343000.000000,1752160411.262212,584105099641.000000
583988665000.000000,1752160411.273865,584116751705.000000
584021984000.000000,1752160411.295719,584138606051.000000
584088627000.000000,1752160411.409559,584252446255.000000
584121950000.000000,1752160411.426110,584268996379.000000
584221912000.000000,1752160411.579635,584422522300.000000
584255235000.000000,1752160411.596410,584439297662.000000
584288557000.000000,1752160411.607929,584450815969.000000
584355198000.000000,1752160411.630135,584473021237.000000
584421840000.000000,1752160411.834120,584677007355.000000
584555127000.000000,1752160411.850843,584693729403.000000
584588448000.000000,1752160411.867666,584710553025.000000
584621770000.000000,1752160411.955794,584798681811.000000
584655091000.000000,1752160411.977933,584820820099.000000
584788377000.000000,1752160412.108092,584950979893.000000
584821698000.000000,1752160412.130651,584973537936.000000
584855019000.000000,1752160412.163467,585006354761.000000
584921661000.000000,1752160412.293086,585135973115.000000
584954984000.000000,1752160412.309702,585152590202.000000
585088269000.000000,1752160412.331355,585174242439.000000
585121591000.000000,1752160412.477869,585320756174.000000
585154912000.000000,1752160412.494693,585337579906.000000
585254878000.000000,1752160412.521718,585364604699.000000
585288198000.000000,1752160412.672533,585515420277.000000
585321521000.000000,1752160412.684161,585527047249.000000
585454804000.000000,1752160412.711221,585554108393.000000
585488126000.000000,1752160412.884172,585727060038.000000
585521448000.000000,1752160412.906122,585749008865.000000
585654731000.000000,1752160412.927842,585770728194.000000
585688053000.000000,1752160412.954943,585797830060.000000
585721375000.000000,1752160413.074672,585917559462.000000
585887982000.000000,1752160413.187868,586030754988.000000
585921304000.000000,1752160413.204632,586047518295.000000
585954625000.000000,1752160413.225903,586068789259.000000
585987947000.000000,1752160413.380699,586223586648.000000
586054590000.000000,1752160413.392450,586235336877.000000
586154553000.000000,1752160413.398719,586241606516.000000
586187875000.000000,1752160413.526032,586368919894.000000
586221196000.000000,1752160413.548407,586391293921.000000
586354481000.000000,1752160413.721291,586564177492.000000
586387803000.000000,1752160413.737848,586580735875.000000
586421124000.000000,1752160413.769646,586612532470.000000
586487766000.000000,1752160413.872494,586715381196.000000
586554410000.000000,1752160413.889358,586732245002.000000
586687695000.000000,1752160414.018389,586861275918.000000
586721017000.000000,1752160414.034982,586877868746.000000
586754338000.000000,1752160414.047354,586890241098.000000
586854302000.000000,1752160414.173181,587016069215.000000
586887623000.000000,1752160414.195324,587038211003.000000
586987588000.000000,1752160414.349080,587191967569.000000
587020910000.000000,1752160414.376096,587218983473.000000
587054232000.000000,1752160414.398456,587241342296.000000
587120873000.000000,1752160414.419593,587262479724.000000
587187516000.000000,1752160414.598717,587441605138.000000
587354125000.000000,1752160414.626819,587469705512.000000
587387445000.000000,1752160414.743876,587586763201.000000
587420768000.000000,1752160414.760654,587603540100.000000
587454089000.000000,1752160414.777462,587620349203.000000
587554052000.000000,1752160414.804288,587647174646.000000
587587375000.000000,1752160414.926191,587769078896.000000
587720659000.000000,1752160414.958946,587801832629.000000
587753981000.000000,1752160415.053369,587896256054.000000
587787302000.000000,1752160415.064853,587907741008.000000
587820623000.000000,1752160415.164906,588007793949.000000
587853944000.000000,1752160415.176489,588019376198.000000
587887266000.000000,1752160415.198671,588041558560.000000
587987229000.000000,1752160415.327689,588170576162.000000
588020552000.000000,1752160415.360696,588203583281.000000
588120514000.000000,1752160415.377191,588220078036.000000
588153837000.000000,1752160415.481948,588324836019.000000
588187158000.000000,1752160415.499032,588341919249.000000
588287121000.000000,1752160415.646181,588489068329.000000
588320443000.000000,1752160415.662997,588505883154.000000
588353765000.000000,1752160415.679800,588522686016.000000
588453729000.000000,1752160415.812103,588654989694.000000
588520371000.000000,1752160415.828954,588671841445.000000
588620335000.000000,1752160415.845749,588688636177.000000
588653657000.000000,1752160416.004837,588847724688.000000
588686980000.000000,1752160416.021778,588864665031.000000
588786944000.000000,1752160416.049601,588892488148.000000
588820264000.000000,1752160416.135715,588978603863.000000
588853587000.000000,1752160416.163418,589006304779.000000
588953551000.000000,1752160416.267523,589110410306.000000
588986873000.000000,1752160416.284448,589127335112.000000
589020193000.000000,1752160416.301309,589144196492.000000
589086835000.000000,1752160416.425384,589268271552.000000
589120158000.000000,1752160416.441671,589284557623.000000
589220122000.000000,1752160416.458296,589301182080.000000
589253443000.000000,1752160416.601836,589444723901.000000
589286765000.000000,1752160416.618619,589461505930.000000
589386728000.000000,1752160416.635481,589478368125.000000
589420051000.000000,1752160416.787921,589630809279.000000
589453372000.000000,1752160416.804443,589647331052.000000
589586656000.000000,1752160416.831405,589674292882.000000
589619979000.000000,1752160417.007902,589850789915.000000
589653301000.000000,1752160417.024416,589867303855.000000
589786585000.000000,1752160417.046532,589889419439.000000
589819907000.000000,1752160417.149493,589992380794.000000
589853229000.000000,1752160417.165560,590008447923.000000
589986512000.000000,1752160417.316184,590159071170.000000
590019835000.000000,1752160417.343770,590186657475.000000
590053157000.000000,1752160417.360409,590203295154.000000
590086478000.000000,1752160417.376867,590219753187.000000
590153120000.000000,1752160417.564265,590407153477.000000
590286405000.000000,1752160417.581059,590423946376.000000
590319728000.000000,1752160417.744970,590587856800.000000
590353050000.000000,1752160417.766480,590609368187.000000
590386370000.000000,1752160417.783263,590626150124.000000
590519656000.000000,1752160417.804741,590647627659.000000
590586297000.000000,1752160418.021790,590864677734.000000
590719583000.000000,1752160418.038676,590881563780.000000
590752906000.000000,1752160418.050537,590893423823.000000
590786227000.000000,1752160418.067329,590910216075.000000
590852869000.000000,1752160418.196670,591039557599.000000
590986155000.000000,1752160418.309369,591152256407.000000
591019477000.000000,1752160418.326123,591169009603.000000
591052799000.000000,1752160418.342603,591185489006.000000
591086119000.000000,1752160418.358977,591201863150.000000
591186083000.000000,1752160418.519137,591362024094.000000
591319369000.000000,1752160418.530893,591373780009.000000
591352691000.000000,1752160418.669641,591512528343.000000
591386013000.000000,1752160418.686488,591529374668.000000
591419333000.000000,1752160418.703083,591545969717.000000
591485975000.000000,1752160418.799467,591642355362.000000
591519299000.000000,1752160418.815960,591658846302.000000
591619260000.000000,1752160418.948794,591791681086.000000
591652583000.000000,1752160418.964934,591807821029.000000
591685905000.000000,1752160418.986358,591829244473.000000
591752547000.000000,1752160419.002843,591845730282.000000
591819189000.000000,1752160419.133468,591976356941.000000
591919153000.000000,1752160419.150826,591993713113.000000
591952475000.000000,1752160419.271122,592114009842.000000
591985797000.000000,1752160419.292788,592135674561.000000
592019118000.000000,1752160419.319628,592162515560.000000
592085760000.000000,1752160419.427643,592270530787.000000
592119083000.000000,1752160419.454759,592297646635.000000
592219047000.000000,1752160419.471740,592314627680.000000
592252369000.000000,1752160419.584773,592427659911.000000
592285690000.000000,1752160419.601167,592444054444.000000
592385652000.000000,1752160419.617793,592460679216.000000
592418975000.000000,1752160419.792361,592635248491.000000
592452296000.000000,1752160419.809331,592652218648.000000
592552260000.000000,1752160419.842310,592685196675.000000
592585582000.000000,1752160419.968818,592811705210.000000
592618903000.000000,1752160419.985596,592828482554.000000
592752188000.000000,1752160420.012276,592855163962.000000
592785511000.000000,1752160420.188897,593031783957.000000
592818832000.000000,1752160420.211088,593053975115.000000
592918794000.000000,1752160420.232914,593075800777.000000
592952117000.000000,1752160420.249607,593092493992.000000
592985438000.000000,1752160420.423740,593266627735.000000
593152044000.000000,1752160420.446108,593288995484.000000
593185366000.000000,1752160420.463307,593306193582.000000
593218687000.000000,1752160420.616494,593459381877.000000
593252009000.000000,1752160420.633543,593476430551.000000
593385293000.000000,1752160420.660659,593503546251.000000
593418616000.000000,1752160420.765912,593608800044.000000
593451937000.000000,1752160420.782915,593625800923.000000
593585222000.000000,1752160420.930664,593773551052.000000
593618545000.000000,1752160420.963379,593806265082.000000
593651866000.000000,1752160420.979646,593822532283.000000
593718507000.000000,1752160420.996017,593838903334.000000
593751830000.000000,1752160421.139057,593981944049.000000
593951758000.000000,1752160421.249379,594092266568.000000
593985080000.000000,1752160421.266238,594109124467.000000
594018401000.000000,1752160421.282912,594125799237.000000
594051724000.000000,1752160421.456400,594299287228.000000
594085045000.000000,1752160421.472736,594315621910.000000
594185007000.000000,1752160421.489131,594332017258.000000
594218330000.000000,1752160421.510987,594353873271.000000
594251652000.000000,1752160421.527572,594370458006.000000
594451579000.000000,1752160421.777483,594620370979.000000
594484902000.000000,1752160421.794751,594637638540.000000
594518222000.000000,1752160421.806556,594649442621.000000
594584864000.000000,1752160421.931453,594774341432.000000
594618186000.000000,1752160421.948158,594791044443.000000
594751470000.000000,1752160422.108412,594951299757.000000
594784793000.000000,1752160422.124709,594967595606.000000
594818115000.000000,1752160422.141160,594984046194.000000
594851437000.000000,1752160422.157506,595000392746.000000
594951402000.000000,1752160422.323376,595166263075.000000
595084684000.000000,1752160422.340485,595183372212.000000
595118007000.000000,1752160422.471362,595314249294.000000
595151329000.000000,1752160422.493422,595336309250.000000
595184650000.000000,1752160422.520423,595363309191.000000
595284613000.000000,1752160422.665291,595508177869.000000
595317936000.000000,1752160422.686993,595529879106.000000
595451219000.000000,1752160422.703529,595546415415.000000
595484543000.000000,1752160422.823061,595665948578.000000
595517864000.000000,1752160422.834965,595677852343.000000
595617827000.000000,1752160422.846389,595689276336.000000
595651149000.000000,1752160422.994637,595837524552.000000
595684472000.000000,1752160423.012002,595854889168.000000
595784434000.000000,1752160423.033963,595876849883.000000
595817756000.000000,1752160423.163104,596005991965.000000
595851078000.000000,1752160423.174725,596017611548.000000
595951042000.000000,1752160423.191106,596033993433.000000
595984362000.000000,1752160423.340531,596183418174.000000
596017685000.000000,1752160423.362495,596205382686.000000
596117648000.000000,1752160423.379434,596222321269.000000
596150969000.000000,1752160423.511241,596354128583.000000
596184291000.000000,1752160423.533373,596376260186.000000
596284254000.000000,1752160423.549866,596392752736.000000
596317576000.000000,1752160423.684861,596527748276.000000
596350897000.000000,1752160423.701444,596544331048.000000
596484182000.000000,1752160423.717953,596560839894.000000
596517504000.000000,1752160423.911119,596754007310.000000
596550826000.000000,1752160423.932675,596775561752.000000
596650790000.000000,1752160423.954207,596797094010.000000
596684111000.000000,1752160423.975943,596818829543.000000
596717433000.000000,1752160424.156001,596998888446.000000
596917360000.000000,1752160424.172811,597015698938.000000
596950683000.000000,1752160424.189723,597032609595.000000
596984008000.000000,1752160424.311139,597154025980.000000
597017327000.000000,1752160424.338264,597181151346.000000
597117290000.000000,1752160424.354780,597197666266.000000
597150612000.000000,1752160424.531467,597374356076.000000
597183934000.000000,1752160424.550303,597393190843.000000
597283897000.000000,1752160424.577998,597420885832.000000
597317219000.000000,1752160424.599417,597442304183.000000
597350541000.000000,1752160424.694894,597537782264.000000
597517147000.000000,1752160424.806912,597649799135.000000
597550469000.000000,1752160424.818677,597661563216.000000
597583791000.000000,1752160424.830445,597673331945.000000
597617111000.000000,1752160424.925368,597768255921.000000
597650433000.000000,1752160424.942212,597785098949.000000
597750396000.000000,1752160425.085241,597928128479.000000
597783718000.000000,1752160425.106573,597949459794.000000
597817040000.000000,1752160425.128166,597971052477.000000
597883681000.000000,1752160425.149199,597992085387.000000
597917004000.000000,1752160425.345300,598188188272.000000
598083610000.000000,1752160425.361941,598204828099.000000
598116933000.000000,1752160425.373857,598216744068.000000
598150254000.000000,1752160425.497404,598340292522.000000
598183576000.000000,1752160425.519277,598362163462.000000
598283538000.000000,1752160425.546744,598389630398.000000
598316860000.000000,1752160425.707691,598550578612.000000
598350182000.000000,1752160425.724577,598567463806.000000
598450145000.000000,1752160425.735944,598578830429.000000
598483466000.000000,1752160425.752202,598595088648.000000
598516788000.000000,1752160425.947072,598789959120.000000
598683394000.000000,1752160425.974510,598817396964.000000
598716716000.000000,1752160426.006860,598849747276.000000
598750037000.000000,1752160426.148959,598991846482.000000
598783359000.000000,1752160426.181359,599024246052.000000
598916644000.000000,1752160426.197873,599040760232.000000
598983287000.000000,1752160426.304502,599147389585.000000
599016609000.000000,1752160426.326702,599169588669.000000
599116572000.000000,1752160426.495238,599338125273.000000
599149894000.000000,1752160426.511681,599354567782.000000
599183216000.000000,1752160426.528461,599371347787.000000
599283179000.000000,1752160426.545510,599388397957.000000
599349823000.000000,1752160426.716186,599559074117.000000
599483107000.000000,1752160426.727989,599570876152.000000
599516431000.000000,1752160426.851482,599694369412.000000
599549751000.000000,1752160426.873944,599716831770.000000
599583075000.000000,1752160426.890221,599733107670.000000
599683037000.000000,1752160427.018733,599861620493.000000
599716359000.000000,1752160427.035675,599878562553.000000
599849644000.000000,1752160427.166514,600009401687.000000
599882966000.000000,1752160427.188880,600031766769.000000
599916286000.000000,1752160427.205880,600048767143.000000
599982930000.000000,1752160427.352184,600195071240.000000
600016252000.000000,1752160427.374302,600217188583.000000
600116214000.000000,1752160427.385849,600228735584.000000
600149538000.000000,1752160427.397346,600240232677.000000
600182859000.000000,1752160427.590865,600433752414.000000
600316143000.000000,1752160427.603387,600446274183.000000
600349465000.000000,1752160427.615361,600458247679.000000
600382786000.000000,1752160427.790813,600633701107.000000
600416109000.000000,1752160427.818243,600661130307.000000
600549393000.000000,1752160427.834622,600677507761.000000
600582714000.000000,1752160427.850871,600693758254.000000
600616037000.000000,1752160428.014894,600857782199.000000
600782643000.000000,1752160428.036701,600879588583.000000
600815967000.000000,1752160428.149441,600992329039.000000
600849287000.000000,1752160428.166146,601009033582.000000
600882609000.000000,1752160428.187790,601030676393.000000
600982571000.000000,1752160428.301316,601144204342.000000
601015895000.000000,1752160428.318226,601161113568.000000
601115857000.000000,1752160428.485336,601328223058.000000
601149180000.000000,1752160428.502219,601345106470.000000
601182501000.000000,1752160428.518982,601361868643.000000
601249143000.000000,1752160428.545823,601388708960.000000
601315787000.000000,1752160428.707098,601549985487.000000
601482394000.000000,1752160428.733960,601576846637.000000
601515716000.000000,1752160428.858138,601701025891.000000
601549036000.000000,1752160428.874973,601717859766.000000
601582359000.000000,1752160428.907261,601750147975.000000
601682322000.000000,1752160429.018507,601861395260.000000
601715644000.000000,1752160429.040120,601883006794.000000
601848929000.000000,1752160429.157041,601999929246.000000
601882250000.000000,1752160429.184459,602027345928.000000
601915572000.000000,1752160429.206646,602049534382.000000
601982214000.000000,1752160429.346491,602189378337.000000
602015537000.000000,1752160429.368135,602211023000.000000
602148822000.000000,1752160429.384685,602227571860.000000
602182144000.000000,1752160429.530678,602373565293.000000
602215465000.000000,1752160429.547280,602390166152.000000
602315429000.000000,1752160429.569156,602412043646.000000
602348751000.000000,1752160429.717638,602560526074.000000
602382071000.000000,1752160429.734402,602577289469.000000
602482035000.000000,1752160429.751021,602593908087.000000
602515356000.000000,1752160429.862386,602705273242.000000
602548677000.000000,1752160429.894579,602737465877.000000
602681964000.000000,1752160430.023707,602866594750.000000
602715285000.000000,1752160430.046013,602888899962.000000
602748607000.000000,1752160430.057386,602900273353.000000
602848571000.000000,1752160430.174093,603016981975.000000
602881893000.000000,1752160430.190826,603033713055.000000
602981856000.000000,1752160430.207694,603050581208.000000
603015179000.000000,1752160430.333761,603176648573.000000
603048499000.000000,1752160430.360770,603203657203.000000
603148464000.000000,1752160430.489699,603332586689.000000
603181786000.000000,1752160430.506282,603349168456.000000
603215107000.000000,1752160430.522796,603365682519.000000
603281749000.000000,1752160430.550195,603393081701.000000
603348392000.000000,1752160430.681281,603524168314.000000
603481678000.000000,1752160430.703260,603546147585.000000
603515000000.000000,1752160430.839441,603682328835.000000
603548323000.000000,1752160430.861413,603704300606.000000
603581645000.000000,1752160430.878178,603721065130.000000
603614965000.000000,1752160430.975361,603818248642.000000
603681606000.000000,1752160430.986485,603829371739.000000
603814892000.000000,1752160431.100065,603942951780.000000
603848215000.000000,1752160431.121918,603964804830.000000
603881536000.000000,1752160431.206159,604049046318.000000
603914857000.000000,1752160431.232778,604075664415.000000
603948179000.000000,1752160431.254315,604097202078.000000
604081464000.000000,1752160431.366547,604209434447.000000
604114787000.000000,1752160431.378272,604221159019.000000
604181428000.000000,1752160431.536458,604379345132.000000
604214750000.000000,1752160431.553390,604396277099.000000
604248071000.000000,1752160431.569995,604412881977.000000
604314714000.000000,1752160431.591454,604434340012.000000
604348035000.000000,1752160431.749336,604592222757.000000
604514641000.000000,1752160431.766934,604609821237.000000
604547964000.000000,1752160431.851151,604694037688.000000
604581285000.000000,1752160431.867733,604710620381.000000
604614607000.000000,1752160431.884067,604726952613.000000
604714572000.000000,1752160432.111661,604954548283.000000
604747893000.000000,1752160432.128054,604970941107.000000
604847856000.000000,1752160432.145266,604988155868.000000
604881178000.000000,1752160432.167228,605010114065.000000
604947820000.000000,1752160432.335020,605177906881.000000
605081105000.000000,1752160432.362240,605205127509.000000
605114429000.000000,1752160432.384067,605226953781.000000
605147749000.000000,1752160432.501101,605343989141.000000
605181071000.000000,1752160432.522939,605365826524.000000
605314356000.000000,1752160432.652208,605495094525.000000
605347677000.000000,1752160432.674215,605517102740.000000
605380999000.000000,1752160432.700700,605543586097.000000
605447641000.000000,1752160432.717056,605559942588.000000
605480963000.000000,1752160432.838725,605681613181.000000
605647570000.000000,1752160433.007239,605850126139.000000
605680892000.000000,1752160433.023741,605866627721.000000
605714215000.000000,1752160433.040217,605883103637.000000
605747535000.000000,1752160433.056772,605899657997.000000
605814176000.000000,1752160433.256063,606098951123.000000
605980784000.000000,1752160433.278228,606121114058.000000
606014106000.000000,1752160433.305399,606148285742.000000
606047426000.000000,1752160433.322130,606165016397.000000
606080747000.000000,1752160433.503673,606346560730.000000
606247354000.000000,1752160433.525783,606368670129.000000
606280678000.000000,1752160433.547658,606390545697.000000
606313998000.000000,1752160433.723008,606565895812.000000
606347322000.000000,1752160433.740006,606582894056.000000
606480606000.000000,1752160433.761536,606604423016.000000
606513928000.000000,1752160433.783031,606625917606.000000
606547249000.000000,1752160433.929855,606772743458.000000
606713855000.000000,1752160433.972991,606815879340.000000
606747178000.000000,1752160434.091335,606934223631.000000
606780498000.000000,1752160434.102916,606945803242.000000
606813819000.000000,1752160434.124316,606967203000.000000
606913783000.000000,1752160434.281840,607124730230.000000
606947106000.000000,1752160434.296108,607138998982.000000
607047070000.000000,1752160434.309259,607152147949.000000
607080393000.000000,1752160434.398262,607241150003.000000
607113713000.000000,1752160434.416056,607258945110.000000
607213678000.000000,1752160434.555218,607398106942.000000
607247001000.000000,1752160434.567328,607410217030.000000
607280321000.000000,1752160434.580506,607423394588.000000
607346963000.000000,1752160434.588598,607431487122.000000
607380285000.000000,1752160434.764843,607607730580.000000
607513571000.000000,1752160434.783704,607626592306.000000
607546892000.000000,1752160434.790738,607633626054.000000
607580211000.000000,1752160434.895049,607737937146.000000
607613533000.000000,1752160434.901857,607744744266.000000
607713498000.000000,1752160435.034265,607877152959.000000
607746820000.000000,1752160435.058607,607901495300.000000
607780140000.000000,1752160435.082642,607925529014.000000
607846784000.000000,1752160435.175074,608017961627.000000
607880105000.000000,1752160435.187521,608030408360.000000
608013391000.000000,1752160435.322560,608165447306.000000
608046712000.000000,1752160435.339902,608182790269.000000
608080033000.000000,1752160435.352278,608195166169.000000
608113378000.000000,1752160435.381077,608223964874.000000
608146676000.000000,1752160435.487232,608330120800.000000
608313284000.000000,1752160435.565543,608408430753.000000
608346605000.000000,1752160435.592802,608435689825.000000
608379926000.000000,1752160435.730897,608573784056.000000
608413252000.000000,1752160435.732342,608575228172.000000
608446571000.000000,1752160435.748867,608591754643.000000
608513213000.000000,1752160435.765615,608608501483.000000
608546534000.000000,1752160435.962258,608805145819.000000
608679818000.000000,1752160435.975943,608818830614.000000
608713140000.000000,1752160435.992519,608835405973.000000
608746462000.000000,1752160436.087598,608930485358.000000
608779783000.000000,1752160436.109910,608952798200.000000
608913068000.000000,1752160436.251983,609094870319.000000
608946391000.000000,1752160436.273519,609116405260.000000
608979712000.000000,1752160436.300077,609142964450.000000
609046356000.000000,1752160436.322335,609165221755.000000
609112998000.000000,1752160436.453466,609296353553.000000
609246284000.000000,1752160436.575813,609418700917.000000
609279605000.000000,1752160436.592232,609435119407.000000
609312927000.000000,1752160436.609250,609452136133.000000
609346247000.000000,1752160436.625601,609468486865.000000
609412890000.000000,1752160436.819161,609662047935.000000
609546176000.000000,1752160436.841679,609684565589.000000
609579498000.000000,1752160436.863226,609706112661.000000
609612819000.000000,1752160437.031536,609874423935.000000
609646141000.000000,1752160437.048347,609891233959.000000
609779425000.000000,1752160437.064987,609907873707.000000
609812748000.000000,1752160437.081364,609924249809.000000
609846069000.000000,1752160437.284404,610127290603.000000
609979354000.000000,1752160437.306530,610149417132.000000
610012676000.000000,1752160437.327907,610170793093.000000
610045998000.000000,1752160437.515241,610358128686.000000
610079319000.000000,1752160437.531874,610374760934.000000
610245926000.000000,1752160437.553289,610396175525.000000
610279247000.000000,1752160437.569505,610412392017.000000
610312568000.000000,1752160437.784187,610627074273.000000
610512496000.000000,1752160437.821828,610664715523.000000
610545818000.000000,1752160437.848316,610691203029.000000
610579139000.000000,1752160437.864559,610707445762.000000
610612462000.000000,1752160438.035009,610877896201.000000
610779068000.000000,1752160438.051986,610894872538.000000
610812389000.000000,1752160438.069223,610912110299.000000
610845711000.000000,1752160438.176411,611019298308.000000
610879033000.000000,1752160438.209432,611052318380.000000
610978997000.000000,1752160438.236769,611079655989.000000
611012319000.000000,1752160438.381816,611224702931.000000
611045640000.000000,1752160438.408889,611251776745.000000
611145602000.000000,1752160438.430115,611273001820.000000
611178926000.000000,1752160438.451660,611294546187.000000
611212247000.000000,1752160438.615244,611458131378.000000
611378854000.000000,1752160438.637280,611480166666.000000
611412176000.000000,1752160438.653994,611496880802.000000
611445496000.000000,1752160438.783311,611626198562.000000
611478819000.000000,1752160438.800081,611642968716.000000
611612102000.000000,1752160438.895244,611738131674.000000
611645425000.000000,1752160438.912200,611755086567.000000
611678746000.000000,1752160439.011794,611854681741.000000
611712068000.000000,1752160439.028383,611871271119.000000
611745391000.000000,1752160439.045671,611888557972.000000
611845353000.000000,1752160439.189487,612032374760.000000
611878676000.000000,1752160439.201132,612044019055.000000
611978638000.000000,1752160439.212765,612055651259.000000
612011961000.000000,1752160439.324466,612167353613.000000
612045283000.000000,1752160439.351984,612194871294.000000
612145245000.000000,1752160439.524393,612367280400.000000
612178569000.000000,1752160439.541251,612384138016.000000
612211889000.000000,1752160439.557681,612400568858.000000
612311852000.000000,1752160439.574063,612416949942.000000
612345174000.000000,1752160439.769434,612612322235.000000
612511780000.000000,1752160439.781375,612624261972.000000
612545102000.000000,1752160439.886763,612729650758.000000
612578426000.000000,1752160439.908475,612751361754.000000
612611746000.000000,1752160439.925074,612767961983.000000
612745030000.000000,1752160440.066611,612909498330.000000
612778352000.000000,1752160440.088661,612931548396.000000
612878315000.000000,1752160440.254928,613097815357.000000
612911638000.000000,1752160440.281830,613124716247.000000
612944959000.000000,1752160440.298535,613141422624.000000
613044923000.000000,1752160440.315053,613157939966.000000
613111566000.000000,1752160440.477332,613320219372.000000
613244853000.000000,1752160440.493745,613336633271.000000
613278175000.000000,1752160440.709252,613552138760.000000
613311496000.000000,1752160440.725956,613568843525.000000
613344817000.000000,1752160440.753785,613596672481.000000
613478102000.000000,1752160440.780958,613623844590.000000
613544744000.000000,1752160440.918444,613761331383.000000
613711351000.000000,1752160440.935615,613778502848.000000
613744674000.000000,1752160441.056312,613899199079.000000
613777996000.000000,1752160441.073044,613915931086.000000
613811317000.000000,1752160441.094851,613937737043.000000
613844637000.000000,1752160441.250701,614093587586.000000
613877959000.000000,1752160441.262403,614105290677.000000
614044565000.000000,1752160441.289245,614132132660.000000
614077888000.000000,1752160441.423374,614266261411.000000
614111210000.000000,1752160441.462220,614305107465.000000
614244493000.000000,1752160441.618206,614461093209.000000
614277817000.000000,1752160441.640608,614483495180.000000
614311139000.000000,1752160441.657211,614500098132.000000
614377779000.000000,1752160441.684239,614527125447.000000
614444423000.000000,1752160441.828442,614671329471.000000
614611030000.000000,1752160441.855082,614697968901.000000
614644351000.000000,1752160441.866719,614709605400.000000
614677674000.000000,1752160441.982426,614825313698.000000
614710995000.000000,1752160441.998737,614841624764.000000
614810958000.000000,1752160442.134631,614977518739.000000
614844280000.000000,1752160442.151007,614993894156.000000
614877601000.000000,1752160442.172855,615015742335.000000
614977567000.000000,1752160442.356756,615199644571.000000
615010888000.000000,1752160442.378378,615221264457.000000
615144173000.000000,1752160442.394837,615237723873.000000
615177494000.000000,1752160442.522549,615365436148.000000
615210816000.000000,1752160442.539213,615382099933.000000
615310779000.000000,1752160442.582458,615425345296.000000
615344102000.000000,1752160442.775122,615618010022.000000
615377424000.000000,1752160442.781982,615624868475.000000
615510709000.000000,1752160442.808426,615651312184.000000
615544030000.000000,1752160442.824816,615667702138.000000
615577352000.000000,1752160443.000641,615843528008.000000
615743959000.000000,1752160443.027722,615870609507.000000
615777280000.000000,1752160443.049376,615892262911.000000
615810602000.000000,1752160443.186219,616029106524.000000
615843923000.000000,1752160443.203146,616046033751.000000
615977208000.000000,1752160443.224830,616067717469.000000
616010530000.000000,1752160443.399395,616242283036.000000
616043852000.000000,1752160443.416376,616259263299.000000
616143815000.000000,1752160443.432683,616275569772.000000
616177137000.000000,1752160443.449010,616291896930.000000
616210459000.000000,1752160443.571728,616414615476.000000
616377065000.000000,1752160443.593368,616436255138.000000
616410388000.000000,1752160443.814673,616657560590.000000
616443710000.000000,1752160443.841477,616684363537.000000
616477030000.000000,1752160443.857805,616700691380.000000
616510352000.000000,1752160443.998878,616841765028.000000
616576995000.000000,1752160444.015479,616858366128.000000
616776921000.000000,1752160444.032156,616875043282.000000
616810245000.000000,1752160444.214370,617057257239.000000
616843566000.000000,1752160444.231028,617073914635.000000
616943529000.000000,1752160444.253134,617096021793.000000
616976851000.000000,1752160444.269460,617112346303.000000
617010172000.000000,1752160444.410395,617253282452.000000
617210101000.000000,1752160444.432650,617275537201.000000
617243423000.000000,1752160444.587411,617430297643.000000
617276744000.000000,1752160444.609371,617452258432.000000
617310066000.000000,1752160444.626172,617469058327.000000
617343387000.000000,1752160444.653357,617496243510.000000
617376708000.000000,1752160444.818623,617661511296.000000
617576636000.000000,1752160444.835260,617678147173.000000
617609957000.000000,1752160444.846489,617689376214.000000
617643280000.000000,1752160444.986909,617829797367.000000
617676601000.000000,1752160445.003800,617846686465.000000
617809886000.000000,1752160445.120318,617963206569.000000
617843207000.000000,1752160445.132048,617974935050.000000
617876529000.000000,1752160445.148874,617991760277.000000
617943172000.000000,1752160445.329309,618172196010.000000
617976494000.000000,1752160445.351160,618194046504.000000
618076458000.000000,1752160445.372733,618215620001.000000
618109780000.000000,1752160445.399732,618242618186.000000
618143100000.000000,1752160445.569831,618412719722.000000
618309707000.000000,1752160445.591406,618434294126.000000
618343029000.000000,1752160445.614162,618457049111.000000
618376350000.000000,1752160445.720125,618563012632.000000
618409672000.000000,1752160445.736706,618579593381.000000
618542956000.000000,1752160445.855759,618698647165.000000
618576278000.000000,1752160445.888343,618731230093.000000
618609600000.000000,1752160445.905245,618748131968.000000
618676242000.000000,1752160446.065517,618908404727.000000
618709564000.000000,1752160446.087046,618929933428.000000
618809528000.000000,1752160446.103646,618946532843.000000
618842849000.000000,1752160446.120373,618963259442.000000
618909492000.000000,1752160446.261157,619104044407.000000
619042778000.000000,1752160446.278075,619120961319.000000
619076100000.000000,1752160446.408369,619251255940.000000
619109421000.000000,1752160446.424870,619267757318.000000
619142742000.000000,1752160446.441819,619284705452.000000
619242706000.000000,1752160446.581689,619424576389.000000
619276028000.000000,1752160446.598501,619441388524.000000
619375992000.000000,1752160446.620358,619463245203.000000
619409314000.000000,1752160446.736397,619579284738.000000
619442636000.000000,1752160446.753037,619595924264.000000
619542599000.000000,1752160446.845133,619688019844.000000
619575921000.000000,1752160446.872785,619715672560.000000
619609243000.000000,1752160446.894485,619737372352.000000
619675885000.000000,1752160447.004690,619847576906.000000
619709207000.000000,1752160447.021634,619864520262.000000
619809170000.000000,1752160447.038501,619881388341.000000
619842493000.000000,1752160447.143703,619986591166.000000
619875815000.000000,1752160447.166047,620008933914.000000
619975777000.000000,1752160447.308926,620151812766.000000
620009100000.000000,1752160447.325876,620168762567.000000
620042422000.000000,1752160447.347834,620190721004.000000
620075742000.000000,1752160447.364034,620206920682.000000
620109064000.000000,1752160447.530462,620373349753.000000
620275671000.000000,1752160447.552180,620395068267.000000
620308992000.000000,1752160447.673825,620516712211.000000
620342314000.000000,1752160447.690734,620533622346.000000
620375636000.000000,1752160447.702555,620545442454.000000
620508921000.000000,1752160447.857497,620700384172.000000
620542242000.000000,1752160447.874551,620717438638.000000
620642207000.000000,1752160447.891658,620734545289.000000
620675529000.000000,1752160448.029759,620872647243.000000
620708850000.000000,1752160448.041294,620884180632.000000
620808813000.000000,1752160448.057289,620900176090.000000
620842135000.000000,1752160448.185558,621028446100.000000
620875457000.000000,1752160448.213286,621056173242.000000
620975420000.000000,1752160448.229565,621072451623.000000
621008741000.000000,1752160448.388709,621231596893.000000
621042062000.000000,1752160448.420558,621263445365.000000
621175347000.000000,1752160448.442543,621285430951.000000
621208670000.000000,1752160448.570879,621413766942.000000
621241993000.000000,1752160448.603601,621446488203.000000
621375277000.000000,1752160448.625566,621468453566.000000
621408598000.000000,1752160448.720511,621563398452.000000
621441921000.000000,1752160448.747199,621590085270.000000
621541885000.000000,1752160448.891979,621734866974.000000
621575206000.000000,1752160448.908568,621751455315.000000
621608529000.000000,1752160448.925142,621768029286.000000
621708492000.000000,1752160449.050234,621893122493.000000
621741814000.000000,1752160449.066852,621909739371.000000
621841777000.000000,1752160449.083626,621926513396.000000
621875100000.000000,1752160449.216449,622059336196.000000
621908421000.000000,1752160449.233284,622076171331.000000
622008385000.000000,1752160449.260540,622103427032.000000
622041706000.000000,1752160449.388604,622231491026.000000
622075028000.000000,1752160449.405344,622248231477.000000
622174991000.000000,1752160449.528402,622371289686.000000
622208314000.000000,1752160449.555271,622398158243.000000
622241635000.000000,1752160449.582330,622425216780.000000
622341598000.000000,1752160449.702132,622545019983.000000
622374921000.000000,1752160449.718628,622561515195.000000
622508205000.000000,1752160449.735670,622578557217.000000
622541526000.000000,1752160449.858703,622701591777.000000
622574849000.000000,1752160449.897478,622740366332.000000
622674814000.000000,1752160449.986398,622829285664.000000
622708136000.000000,1752160450.013001,622855888150.000000
622741458000.000000,1752160450.029785,622872672100.000000
622841419000.000000,1752160450.201808,623044695376.000000
622874742000.000000,1752160450.223530,623066416909.000000
622974705000.000000,1752160450.251189,623094076014.000000
623008028000.000000,1752160450.388092,623230979738.000000
623041348000.000000,1752160450.404911,623247798021.000000
623174634000.000000,1752160450.421450,623264336881.000000
623207956000.000000,1752160450.592481,623435368796.000000
623241277000.000000,1752160450.614516,623457402715.000000
623374564000.000000,1752160450.631025,623473911871.000000
623407884000.000000,1752160450.776512,623619398957.000000
623441205000.000000,1752160450.798892,623641779280.000000
623574489000.000000,1752160450.820328,623663214982.000000
623607811000.000000,1752160450.934674,623777561718.000000
623641132000.000000,1752160450.961548,623804435016.000000
623741096000.000000,1752160450.983112,623825998847.000000
623774419000.000000,1752160451.122035,623964922403.000000
623807740000.000000,1752160451.143785,623986671676.000000
623941025000.000000,1752160451.317923,624160811043.000000
623974348000.000000,1752160451.340062,624182952775.000000
624007670000.000000,1752160451.362130,624205016564.000000
624107633000.000000,1752160451.394084,624236971072.000000
624140954000.000000,1752160451.536427,624379314651.000000
624340882000.000000,1752160451.563711,624406598186.000000
624374205000.000000,1752160451.678998,624521884377.000000
624407527000.000000,1752160451.695865,624538752474.000000
624440848000.000000,1752160451.722920,624565807974.000000
624507489000.000000,1752160451.841017,624683904156.000000
624540813000.000000,1752160451.857550,624700437090.000000
624640776000.000000,1752160451.879132,624722018458.000000
624674097000.000000,1752160451.982172,624825059877.000000
624707420000.000000,1752160452.010300,624853187589.000000
624807382000.000000,1752160452.140162,624983049103.000000
624840704000.000000,1752160452.167263,625010150194.000000
624874026000.000000,1752160452.193942,625036828439.000000
624940668000.000000,1752160452.215368,625058254844.000000
624973991000.000000,1752160452.354563,625197451306.000000
625140596000.000000,1752160452.371649,625214535920.000000
625173919000.000000,1752160452.459699,625302586983.000000
625207244000.000000,1752160452.492310,625335197429.000000
625240562000.000000,1752160452.509027,625351914361.000000
625307204000.000000,1752160452.649219,625492107313.000000
625340525000.000000,1752160452.665980,625508867319.000000
625473811000.000000,1752160452.810398,625653285120.000000
625507133000.000000,1752160452.826988,625669875312.000000
625540454000.000000,1752160452.843704,625686590652.000000
625640418000.000000,1752160452.968368,625811255327.000000
625673740000.000000,1752160453.000910,625843797756.000000
625773704000.000000,1752160453.022203,625865090607.000000
625807026000.000000,1752160453.112412,625955298890.000000
625840347000.000000,1752160453.124440,625967327571.000000
625940311000.000000,1752160453.301460,626144348040.000000
625973634000.000000,1752160453.317901,626160788382.000000
626006954000.000000,1752160453.334619,626177506241.000000
626106918000.000000,1752160453.361277,626204163837.000000
626140241000.000000,1752160453.513089,626355976510.000000
626273525000.000000,1752160453.524845,626367732490.000000
626306847000.000000,1752160453.669564,626512451936.000000
626340168000.000000,1752160453.696582,626539469492.000000
626373490000.000000,1752160453.718571,626561458781.000000
626506774000.000000,1752160453.853604,626696491486.000000
626540098000.000000,1752160453.876444,626719331100.000000
626640059000.000000,1752160453.888244,626731131320.000000
626673382000.000000,1752160454.020055,626862943297.000000
626706705000.000000,1752160454.037042,626879929949.000000
626806667000.000000,1752160454.043255,626886141297.000000
626839989000.000000,1752160454.209156,627052043280.000000
626873311000.000000,1752160454.225847,627068734416.000000
626973273000.000000,1752160454.242504,627085391349.000000
627006595000.000000,1752160454.264080,627106966938.000000
627039918000.000000,1752160454.429621,627272508666.000000
627206525000.000000,1752160454.446553,627289440022.000000
627239846000.000000,1752160454.622141,627465028245.000000
627273169000.000000,1752160454.638929,627481816603.000000
627306490000.000000,1752160454.655480,627498367740.000000
627439773000.000000,1752160454.793859,627636746265.000000
627473097000.000000,1752160454.821007,627663893820.000000
627573059000.000000,1752160454.848508,627691395426.000000
627606383000.000000,1752160454.952918,627795806055.000000
627639704000.000000,1752160454.981546,627824434058.000000
627772989000.000000,1752160455.090835,627933722547.000000
627806312000.000000,1752160455.107304,627950190370.000000
627839633000.000000,1752160455.124243,627967130671.000000
627939597000.000000,1752160455.252862,628095749586.000000
627972918000.000000,1752160455.269770,628112657164.000000
628072881000.000000,1752160455.425386,628268273876.000000
628106204000.000000,1752160455.441853,628284739959.000000
628139525000.000000,1752160455.464212,628307099837.000000
628239487000.000000,1752160455.552713,628395600599.000000
628272811000.000000,1752160455.569827,628412713472.000000
628372773000.000000,1752160455.708864,628551751453.000000
628406096000.000000,1752160455.725920,628568807271.000000
628439418000.000000,1752160455.742453,628585339705.000000
628506058000.000000,1752160455.764179,628607065423.000000
628539382000.000000,1752160455.934746,628777633676.000000
628672667000.000000,1752160455.951582,628794469533.000000
628705989000.000000,1752160456.094044,628936931408.000000
628739310000.000000,1752160456.111265,628954151724.000000
628772631000.000000,1752160456.133260,628976146384.000000
628905917000.000000,1752160456.244542,629087429261.000000
628939239000.000000,1752160456.262200,629105087480.000000
629072524000.000000,1752160456.334436,629177323380.000000
629105846000.000000,1752160456.351322,629194209348.000000
629139167000.000000,1752160456.542489,629385376459.000000
629172488000.000000,1752160456.553830,629396716054.000000
629205810000.000000,1752160456.565240,629408126556.000000
629305773000.000000,1752160456.581564,629424450418.000000
629339095000.000000,1752160456.708866,629551753290.000000
629505702000.000000,1752160456.725447,629568334816.000000
629539024000.000000,1752160456.850169,629693056768.000000
629572346000.000000,1752160456.866806,629709692812.000000
629605667000.000000,1752160456.883707,629726594539.000000
629638987000.000000,1752160456.975894,629818781155.000000
629705632000.000000,1752160457.003766,629846652591.000000
629805593000.000000,1752160457.115249,629958136207.000000
629838916000.000000,1752160457.137260,629980147533.000000
629872238000.000000,1752160457.159310,630002197266.000000
629938880000.000000,1752160457.279324,630122211504.000000
629972202000.000000,1752160457.291127,630134015447.000000
630072165000.000000,1752160457.312704,630155590962.000000
630105488000.000000,1752160457.473187,630316074478.000000
630138809000.000000,1752160457.500092,630342978795.000000
630238772000.000000,1752160457.521869,630364755901.000000
630272096000.000000,1752160457.627108,630469995299.000000
630338736000.000000,1752160457.644246,630487132801.000000
630438701000.000000,1752160457.807086,630649972962.000000
630472024000.000000,1752160457.828820,630671706901.000000
630505345000.000000,1752160457.840331,630683217180.000000
630571987000.000000,1752160457.867250,630710136903.000000
630605308000.000000,1752160458.010293,630853180420.000000
630805236000.000000,1752160458.032753,630875640131.000000
630838558000.000000,1752160458.170612,631013498994.000000
630871880000.000000,1752160458.187260,631030147131.000000
630905203000.000000,1752160458.209183,631052069587.000000
631005166000.000000,1752160458.360495,631203381988.000000
631038488000.000000,1752160458.372383,631215269170.000000
631171773000.000000,1752160458.527026,631369913354.000000
631205095000.000000,1752160458.548782,631391669979.000000
631238416000.000000,1752160458.575902,631418788774.000000
631305059000.000000,1752160458.602948,631445834052.000000
631371701000.000000,1752160458.767920,631610807599.000000
631538307000.000000,1752160458.784761,631627648345.000000
631571631000.000000,1752160458.901459,631744347282.000000
631604952000.000000,1752160458.923427,631766314164.000000
631638273000.000000,1752160458.944815,631787702810.000000
631738237000.000000,1752160459.074832,631917719378.000000
631771559000.000000,1752160459.091476,631934363015.000000
631871523000.000000,1752160459.113234,631956122140.000000
631904845000.000000,1752160459.274385,632117272168.000000
631938166000.000000,1752160459.306702,632149588488.000000
632038130000.000000,1752160459.318450,632161337375.000000
632104772000.000000,1752160459.454479,632297366663.000000
632138094000.000000,1752160459.502249,632345136224.000000
632238059000.000000,1752160459.523785,632366671091.000000
632271380000.000000,1752160459.676389,632519276498.000000
632304702000.000000,1752160459.703312,632546199536.000000
632471308000.000000,1752160459.719720,632562606935.000000
632504631000.000000,1752160459.871757,632714644366.000000
632537951000.000000,1752160459.893724,632736610822.000000
632637916000.000000,1752160459.910128,632753015016.000000
632671238000.000000,1752160459.926536,632769421785.000000
632704558000.000000,1752160460.069471,632912359266.000000
632837843000.000000,1752160460.087335,632930224298.000000
632871165000.000000,1752160460.205982,633048869272.000000
632904488000.000000,1752160460.233983,633076870299.000000
632937810000.000000,1752160460.250748,633093635102.000000
633004450000.000000,1752160460.272041,633114927675.000000
633037773000.000000,1752160460.421274,633264162003.000000
633204378000.000000,1752160460.448210,633291098523.000000
633237700000.000000,1752160460.567546,633410433563.000000
633271023000.000000,1752160460.584039,633426927516.000000
633304344000.000000,1752160460.600811,633443698207.000000
633404307000.000000,1752160460.714396,633557283989.000000
633437630000.000000,1752160460.737206,633580093399.000000
633537592000.000000,1752160460.857429,633700316543.000000
633570915000.000000,1752160460.874336,633717222233.000000
633604237000.000000,1752160460.890970,633733856221.000000
633670878000.000000,1752160461.066716,633909603740.000000
633704200000.000000,1752160461.088845,633931731953.000000
633804165000.000000,1752160461.105268,633948154685.000000
633837486000.000000,1752160461.121947,633964833932.000000
633870808000.000000,1752160461.341912,634184799267.000000
634070735000.000000,1752160461.364405,634207292755.000000
634104058000.000000,1752160461.380994,634223881096.000000
634137380000.000000,1752160461.407690,634250576655.000000
634170701000.000000,1752160461.554754,634397641448.000000
634337306000.000000,1752160461.566331,634409218115.000000
634370629000.000000,1752160461.705791,634548678333.000000
634403952000.000000,1752160461.722562,634565448876.000000
634437272000.000000,1752160461.738923,634581810108.000000
634503914000.000000,1752160461.766275,634609162438.000000
634570557000.000000,1752160461.925674,634768561725.000000
634703846000.000000,1752160461.937274,634780160817.000000
634737165000.000000,1752160462.077707,634920594581.000000
634770486000.000000,1752160462.094528,634937415753.000000
634803808000.000000,1752160462.110953,634953839985.000000
634870449000.000000,1752160462.127227,634970112773.000000
634903772000.000000,1752160462.268253,635111140254.000000
635037057000.000000,1752160462.284872,635127759521.000000
635070380000.000000,1752160462.458184,635301071433.000000
635103700000.000000,1752160462.479775,635322662596.000000
635137022000.000000,1752160462.491527,635334414483.000000
635236985000.000000,1752160462.512923,635355810093.000000
635303628000.000000,1752160462.711305,635554193116.000000
635436913000.000000,1752160462.754232,635597119038.000000
635470236000.000000,1752160462.770740,635613626454.000000
635503556000.000000,1752160462.876485,635719371699.000000
635536878000.000000,1752160462.893281,635736168501.000000
635703485000.000000,1752160463.049412,635892300300.000000
635736808000.000000,1752160463.066543,635909429673.000000
635770129000.000000,1752160463.099636,635942522966.000000
635870092000.000000,1752160463.253687,636096574156.000000
635903415000.000000,1752160463.275512,636118398650.000000
636003378000.000000,1752160463.291856,636134742327.000000
636036700000.000000,1752160463.308196,636151082689.000000
636070022000.000000,1752160463.499355,636342242263.000000
636236628000.000000,1752160463.516084,636358972121.000000
636269949000.000000,1752160463.542790,636385676624.000000
636303271000.000000,1752160463.715626,636558514115.000000
636336593000.000000,1752160463.727502,636570388723.000000
636469878000.000000,1752160463.754143,636597028783.000000
636503200000.000000,1752160463.770367,636613253812.000000
636536521000.000000,1752160463.868986,636711873237.000000
636703127000.000000,1752160464.022115,636865002546.000000
636736450000.000000,1752160464.038958,636881845125.000000
636769770000.000000,1752160464.060849,636903735823.000000
636803092000.000000,1752160464.077244,636920130721.000000
636836413000.000000,1752160464.234370,637077257825.000000
637003020000.000000,1752160464.246204,637089091119.000000
637036341000.000000,1752160464.376533,637219420036.000000
637069662000.000000,1752160464.398627,637241514380.000000
637102985000.000000,1752160464.420543,637263430040.000000
637202947000.000000,1752160464.514308,637357195752.000000
637236271000.000000,1752160464.536450,637379336762.000000
637336233000.000000,1752160464.680217,637523104513.000000
637369558000.000000,1752160464.713516,637556403582.000000
637402878000.000000,1752160464.730675,637573562047.000000
637502841000.000000,1752160464.889783,637732670466.000000
637536162000.000000,1752160464.922292,637765179117.000000
637636127000.000000,1752160464.938866,637781753310.000000
637669448000.000000,1752160464.955323,637798209652.000000
637736092000.000000,1752160465.126405,637969292901.000000
637869377000.000000,1752160465.149162,637992050219.000000
637902698000.000000,1752160465.172868,638015755918.000000
637936020000.000000,1752160465.272849,638115736422.000000
637969342000.000000,1752160465.294952,638137838877.000000
638102627000.000000,1752160465.389847,638232734504.000000
638135949000.000000,1752160465.401274,638244160265.000000
638169271000.000000,1752160465.417952,638260839827.000000
638202592000.000000,1752160465.500620,638343507701.000000
638235914000.000000,1752160465.517140,638360027172.000000
638335876000.000000,1752160465.678958,638521846491.000000
638369199000.000000,1752160465.696146,638539033141.000000
638402521000.000000,1752160465.712324,638555210782.000000
638502483000.000000,1752160465.909606,638752493112.000000
638535806000.000000,1752160465.926473,638769359821.000000
638635768000.000000,1752160465.927910,638770797140.000000
638669091000.000000,1752160465.945365,638788250917.000000
638702413000.000000,1752160466.081381,638924268539.000000
638869019000.000000,1752160466.098043,638940929805.000000
638902341000.000000,1752160466.226273,639069159983.000000
638935662000.000000,1752160466.242997,639085884545.000000
638968983000.000000,1752160466.259712,639102598773.000000
639035626000.000000,1752160466.358812,639201699378.000000
639068948000.000000,1752160466.375585,639218472366.000000
639202233000.000000,1752160466.519072,639361959916.000000
639235556000.000000,1752160466.535848,639378735551.000000
639268875000.000000,1752160466.563317,639406203862.000000
639335518000.000000,1752160466.681021,639523909529.000000
639368840000.000000,1752160466.698194,639541081198.000000
639502125000.000000,1752160466.800539,639643426846.000000
639535448000.000000,1752160466.817103,639659989613.000000
639568769000.000000,1752160466.843920,639686807504.000000
639635412000.000000,1752160466.978251,639821138068.000000
639668734000.000000,1752160467.000390,639843277096.000000
639768697000.000000,1752160467.033397,639876283761.000000
639802020000.000000,1752160467.179853,640022740597.000000
639835341000.000000,1752160467.191226,640034113359.000000
639935305000.000000,1752160467.202837,640045723470.000000
639968627000.000000,1752160467.312228,640155115587.000000
640001949000.000000,1752160467.334766,640177652982.000000
640135233000.000000,1752160467.489199,640332086353.000000
640168555000.000000,1752160467.505804,640348690231.000000
640201877000.000000,1752160467.522043,640364929260.000000
640268519000.000000,1752160467.538462,640381348381.000000
640301841000.000000,1752160467.728923,640571810980.000000
640468445000.000000,1752160467.745673,640588560931.000000
640501770000.000000,1752160467.762609,640605496472.000000
640568412000.000000,1752160467.913346,640756233878.000000
640601734000.000000,1752160467.929950,640772837404.000000
640668375000.000000,1752160467.946318,640789204821.000000
640701698000.000000,1752160467.963069,640805955642.000000
640735019000.000000,1752160468.077678,640920566543.000000
640901626000.000000,1752160468.152056,640994943441.000000
640934948000.000000,1752160468.163672,641006558978.000000
640968269000.000000,1752160468.281254,641124142831.000000
641001592000.000000,1752160468.303025,641145911382.000000
641034912000.000000,1752160468.325096,641167982781.000000
641101555000.000000,1752160468.480761,641323648900.000000
641134876000.000000,1752160468.498469,641341356285.000000
641234839000.000000,1752160468.515452,641358339567.000000
641301482000.000000,1752160468.649465,641492351856.000000
641334805000.000000,1752160468.666111,641508998067.000000
641434768000.000000,1752160468.693008,641535894383.000000
641468090000.000000,1752160468.838361,641681247674.000000
641501413000.000000,1752160468.865861,641708748077.000000
641601375000.000000,1752160468.887842,641730729459.000000
641668017000.000000,1752160468.995854,641838741108.000000
641701341000.000000,1752160469.012956,641855843333.000000
641801304000.000000,1752160469.145815,641988702818.000000
641834626000.000000,1752160469.162748,642005635137.000000
641867947000.000000,1752160469.179188,642022075257.000000
641967911000.000000,1752160469.372156,642215043388.000000
642001233000.000000,1752160469.399574,642242460922.000000
642101197000.000000,1752160469.421425,642264311342.000000
642134518000.000000,1752160469.437727,642280613167.000000
642201161000.000000,1752160469.580451,642423339465.000000
642367768000.000000,1752160469.597205,642440092230.000000
642401090000.000000,1752160469.741906,642584793676.000000
642434412000.000000,1752160469.774886,642617772637.000000
642467734000.000000,1752160469.791347,642634233943.000000
642567697000.000000,1752160469.881497,642724383745.000000
642601019000.000000,1752160469.898218,642741104640.000000
642734304000.000000,1752160470.044397,642887284275.000000
642767625000.000000,1752160470.066072,642908958697.000000
642800946000.000000,1752160470.087820,642930707377.000000
642834268000.000000,1752160470.205208,643048094714.000000
642900910000.000000,1752160470.233275,643076163168.000000
643000874000.000000,1752160470.250914,643093801943.000000
643034195000.000000,1752160470.378151,643221039482.000000
643067517000.000000,1752160470.394749,643237636063.000000
643200803000.000000,1752160470.549433,643392320395.000000
643234125000.000000,1752160470.566186,643409072401.000000
643267449000.000000,1752160470.582490,643425377170.000000
643334088000.000000,1752160470.599211,643442097899.000000
643400733000.000000,1752160470.705216,643548103216.000000
643534017000.000000,1752160470.897758,643740644351.000000
643567339000.000000,1752160470.919662,643762548474.000000
643600661000.000000,1752160470.935976,643778862318.000000
643633982000.000000,1752160470.952351,643795236957.000000
643667303000.000000,1752160470.968623,643811510097.000000
643900557000.000000,1752160471.188631,644031518635.000000
643933874000.000000,1752160471.211146,644054033401.000000
643967196000.000000,1752160471.308841,644151728501.000000
644000517000.000000,1752160471.325343,644168230510.000000
644033838000.000000,1752160471.346918,644189806062.000000
644133802000.000000,1752160471.433206,644276092716.000000
644167123000.000000,1752160471.440010,644282897151.000000
644267089000.000000,1752160471.600990,644443877329.000000
644300411000.000000,1752160471.623099,644465986321.000000
644333732000.000000,1752160471.639383,644482269405.000000
644367053000.000000,1752160471.661202,644504089307.000000
644433695000.000000,1752160471.798274,644641160974.000000
644600302000.000000,1752160471.824847,644667733775.000000
644633624000.000000,1752160471.982390,644825278079.000000
644666945000.000000,1752160471.999192,644842078548.000000
644700266000.000000,1752160472.027084,644869971150.000000
644800230000.000000,1752160472.144216,644987103657.000000
644833554000.000000,1752160472.161321,645004208993.000000
644966839000.000000,1752160472.242093,645084980552.000000
645000160000.000000,1752160472.263907,645106794213.000000
645033482000.000000,1752160472.286311,645129197702.000000
645066803000.000000,1752160472.418025,645260913605.000000
645100125000.000000,1752160472.439923,645282809543.000000
645200087000.000000,1752160472.466850,645309736804.000000
645233411000.000000,1752160472.621614,645464501505.000000
645266733000.000000,1752160472.638512,645481398657.000000
645366695000.000000,1752160472.660326,645503213411.000000
645400017000.000000,1752160472.752150,645595037901.000000
645433339000.000000,1752160472.768945,645611831666.000000
645566623000.000000,1752160472.859921,645702807719.000000
645599946000.000000,1752160472.881830,645724716787.000000
645633268000.000000,1752160472.898627,645741514274.000000
645699909000.000000,1752160473.032169,645875056697.000000
645733232000.000000,1752160473.054138,645897024783.000000
645833195000.000000,1752160473.076118,645919004887.000000
645866517000.000000,1752160473.210563,646053450690.000000
645899839000.000000,1752160473.238212,646081098388.000000
645999801000.000000,1752160473.255606,646098493221.000000
646033124000.000000,1752160473.414346,646257234754.000000
646066446000.000000,1752160473.431295,646274181592.000000
646166409000.000000,1752160473.447732,646290618768.000000
646199732000.000000,1752160473.464365,646307250664.000000
646233052000.000000,1752160473.610018,646452905693.000000
646366337000.000000,1752160473.643375,646486262947.000000
646432980000.000000,1752160473.751768,646594654870.000000
646466303000.000000,1752160473.768088,646610975362.000000
646499624000.000000,1752160473.785275,646628162456.000000
646599589000.000000,1752160473.910948,646753836011.000000
646632910000.000000,1752160473.922403,646765290493.000000
646699551000.000000,1752160473.939532,646782418662.000000
646732873000.000000,1752160474.099772,646942659441.000000
646766195000.000000,1752160474.116311,646959197930.000000
646899479000.000000,1752160474.137976,646980863130.000000
646932802000.000000,1752160474.300775,647143662606.000000
646966125000.000000,1752160474.317560,647160446741.000000
647066087000.000000,1752160474.349479,647192366027.000000
647132730000.000000,1752160474.487012,647329898986.000000
647166053000.000000,1752160474.498524,647341410635.000000
647266015000.000000,1752160474.521405,647364292397.000000
647299337000.000000,1752160474.603837,647446725107.000000
647332659000.000000,1752160474.615358,647458244737.000000
647465944000.000000,1752160474.765694,647608580962.000000
647499266000.000000,1752160474.777476,647620362627.000000
647532587000.000000,1752160474.870224,647713111071.000000
647565909000.000000,1752160474.886796,647729682819.000000
647599236000.000000,1752160474.908019,647750905467.000000
647699194000.000000,1752160475.015411,647858298826.000000
647732516000.000000,1752160475.037535,647880422855.000000
647832479000.000000,1752160475.216343,648059230140.000000
647865801000.000000,1752160475.227831,648070718012.000000
647899122000.000000,1752160475.244518,648087404426.000000
647999086000.000000,1752160475.347619,648190508344.000000
648032407000.000000,1752160475.371888,648214775908.000000
648165693000.000000,1752160475.504406,648347293804.000000
648199018000.000000,1752160475.520788,648363674869.000000
648232338000.000000,1752160475.542603,648385490697.000000
648332300000.000000,1752160475.714782,648557670360.000000
648365622000.000000,1752160475.731611,648574498217.000000
648465585000.000000,1752160475.747979,648590865968.000000
648532228000.000000,1752160475.872840,648715728122.000000
648565550000.000000,1752160475.894778,648737665486.000000
648698835000.000000,1752160475.995921,648838808479.000000
648732158000.000000,1752160476.012496,648855383376.000000
648765480000.000000,1752160476.019115,648862001701.000000
648798800000.000000,1752160476.035325,648878212083.000000
648832122000.000000,1752160476.186145,649029032266.000000
648965406000.000000,1752160476.294496,649137383782.000000
648998730000.000000,1752160476.306454,649149341168.000000
649032052000.000000,1752160476.323030,649165916638.000000
649065371000.000000,1752160476.338916,649181802357.000000
649098693000.000000,1752160476.527689,649370577028.000000
649265299000.000000,1752160476.544410,649387297849.000000
649298622000.000000,1752160476.566646,649409532562.000000
649331944000.000000,1752160476.698259,649541146188.000000
649365265000.000000,1752160476.715061,649557948453.000000
649498549000.000000,1752160476.726715,649569602304.000000
649531873000.000000,1752160476.865305,649708192586.000000
649565195000.000000,1752160476.882325,649725212442.000000
649665156000.000000,1752160476.899050,649741936948.000000
649698479000.000000,1752160477.064075,649906961921.000000
649731802000.000000,1752160477.096423,649939310333.000000
649798441000.000000,1752160477.112704,649955590640.000000
649831765000.000000,1752160477.139712,649982598214.000000
649898408000.000000,1752160477.340560,650183448103.000000
650065015000.000000,1752160477.367635,650210521214.000000
650098337000.000000,1752160477.389314,650232200783.000000
650131659000.000000,1752160477.569870,650412757719.000000
650164979000.000000,1752160477.586693,650429579465.000000
650298264000.000000,1752160477.603151,650446038011.000000
650331587000.000000,1752160477.619435,650462321669.000000
650364908000.000000,1752160477.762065,650604953061.000000
650564835000.000000,1752160477.794592,650637479434.000000
650598157000.000000,1752160477.897852,650740739351.000000
650631479000.000000,1752160477.924819,650767705889.000000
650664800000.000000,1752160477.941168,650784056584.000000
650731443000.000000,1752160478.089480,650932367643.000000
650764764000.000000,1752160478.106973,650949860994.000000
650864728000.000000,1752160478.124249,650967136069.000000
650898050000.000000,1752160478.267524,651110411399.000000
650931372000.000000,1752160478.290064,651132951219.000000
651064656000.000000,1752160478.306547,651149434061.000000
651097979000.000000,1752160478.424486,651267373208.000000
651131303000.000000,1752160478.441331,651284218584.000000
651231263000.000000,1752160478.617893,651460780816.000000
651264586000.000000,1752160478.640311,651483198527.000000
651297908000.000000,1752160478.661300,651504186974.000000
651397871000.000000,1752160478.688109,651530995569.000000
651431193000.000000,1752160478.923651,651766537958.000000
651597799000.000000,1752160478.940356,651783243335.000000
651631122000.000000,1752160478.957269,651800155747.000000
651664442000.000000,1752160478.973194,651816080280.000000
651731086000.000000,1752160479.148708,651991595485.000000
651897692000.000000,1752160479.175846,652018733410.000000
651931014000.000000,1752160479.192489,652035375751.000000
651964335000.000000,1752160479.284220,652127107204.000000
651997657000.000000,1752160479.316893,652159779946.000000
652130943000.000000,1752160479.411762,652254649759.000000
652164264000.000000,1752160479.433364,652276251237.000000
652197585000.000000,1752160479.450119,652293006502.000000
652230906000.000000,1752160479.573554,652416441504.000000
652264228000.000000,1752160479.590522,652433409045.000000
652364191000.000000,1752160479.606696,652449583186.000000
652397514000.000000,1752160479.809161,652652049281.000000
652430836000.000000,1752160479.825858,652668744510.000000
652530799000.000000,1752160479.847172,652690058843.000000
652597441000.000000,1752160479.868696,652711582470.000000
652630764000.000000,1752160479.993900,652836787102.000000
652797370000.000000,1752160480.015599,652858485690.000000
652830692000.000000,1752160480.147202,652990088984.000000
652864014000.000000,1752160480.174453,653017340723.000000
652897335000.000000,1752160480.196163,653039050385.000000
652963977000.000000,1752160480.384092,653226979601.000000
652997299000.000000,1752160480.400822,653243708626.000000
653130584000.000000,1752160480.417173,653260059636.000000
653163907000.000000,1752160480.433616,653276502978.000000
653197227000.000000,1752160480.571154,653414042567.000000
653363835000.000000,1752160480.587878,653430764888.000000
653397156000.000000,1752160480.749574,653592461763.000000
653430479000.000000,1752160480.761697,653604583795.000000
653463799000.000000,1752160480.778277,653621163488.000000
653563763000.000000,1752160480.931103,653773990948.000000
653597084000.000000,1752160480.953214,653796100717.000000
653697049000.000000,1752160480.974991,653817877564.000000
653730370000.000000,1752160481.078830,653921717883.000000
653763692000.000000,1752160481.100718,653943606025.000000
653896977000.000000,1752160481.234499,654077385853.000000
653930298000.000000,1752160481.250804,654093691030.000000
653963620000.000000,1752160481.267121,654110007207.000000
654030262000.000000,1752160481.289076,654131963163.000000
654096905000.000000,1752160481.434444,654277331103.000000
654196869000.000000,1752160481.451537,654294424587.000000
654230191000.000000,1752160481.574308,654417196317.000000
654263512000.000000,1752160481.596160,654439046885.000000
654296834000.000000,1752160481.612473,654455360506.000000
654396798000.000000,1752160481.809316,654652203322.000000
654430119000.000000,1752160481.826064,654668951217.000000
654530083000.000000,1752160481.847682,654690568825.000000
654563405000.000000,1752160481.874074,654716961016.000000
654596727000.000000,1752160482.050344,654893231326.000000
654796654000.000000,1752160482.068203,654911089821.000000
654829976000.000000,1752160482.217631,655060518573.000000
654863297000.000000,1752160482.233910,655076796269.000000
654896619000.000000,1752160482.250310,655093196316.000000
654996583000.000000,1752160482.267195,655110082154.000000
655063225000.000000,1752160482.446949,655289837189.000000
655196511000.000000,1752160482.469324,655312211382.000000
655229833000.000000,1752160482.604169,655447058126.000000
655263156000.000000,1752160482.621057,655463943631.000000
655296476000.000000,1752160482.642863,655485749107.000000
655396439000.000000,1752160482.659341,655502227282.000000
655429763000.000000,1752160482.800306,655643194208.000000
655596369000.000000,1752160482.822183,655665070461.000000
655629691000.000000,1752160482.971463,655814350696.000000
655663014000.000000,1752160482.988354,655831242331.000000
655696333000.000000,1752160483.010652,655853538487.000000
655762975000.000000,1752160483.037152,655880039251.000000
655796297000.000000,1752160483.184674,656027561559.000000
655962903000.000000,1752160483.206412,656049299239.000000
655996226000.000000,1752160483.345471,656188358943.000000
656029548000.000000,1752160483.361985,656204872655.000000
656062870000.000000,1752160483.383951,656226838370.000000
656162832000.000000,1752160483.512402,656355290879.000000
656196154000.000000,1752160483.544377,656387264443.000000
656296117000.000000,1752160483.566262,656409148918.000000
656329440000.000000,1752160483.697062,656539948868.000000
656362763000.000000,1752160483.719093,656561979897.000000
656496047000.000000,1752160483.735365,656578251815.000000
656529369000.000000,1752160483.872665,656715551998.000000
656562691000.000000,1752160483.895204,656738091708.000000
656662654000.000000,1752160483.917041,656759927925.000000
656695976000.000000,1752160484.015265,656858152242.000000
656729298000.000000,1752160484.032204,656875090468.000000
656862582000.000000,1752160484.149141,656992028162.000000
656895905000.000000,1752160484.171604,657014492446.000000
656929226000.000000,1752160484.188066,657030952992.000000
656962547000.000000,1752160484.346441,657189328307.000000
656995869000.000000,1752160484.368361,657211247652.000000
657095832000.000000,1752160484.390006,657232892815.000000
657129153000.000000,1752160484.411471,657254357424.000000
657162475000.000000,1752160484.568264,657411150439.000000
657362402000.000000,1752160484.590735,657433622149.000000
657395725000.000000,1752160484.691453,657534339998.000000
657429047000.000000,1752160484.707604,657550491510.000000
657462369000.000000,1752160484.734433,657577319919.000000
657529011000.000000,1752160484.846082,657688969367.000000
657562334000.000000,1752160484.873040,657715927738.000000
657662296000.000000,1752160484.985619,657828506214.000000
657695620000.000000,1752160485.002203,657845089055.000000
657728940000.000000,1752160485.019176,657862063004.000000
657828905000.000000,1752160485.158290,658001177540.000000
657862228000.000000,1752160485.180154,658023041275.000000
657962189000.000000,1752160485.207034,658049921498.000000
657995511000.000000,1752160485.368235,658211121878.000000
658028833000.000000,1752160485.385795,658228681766.000000
658128796000.000000,1752160485.417619,658260506257.000000
658162118000.000000,1752160485.541306,658384194756.000000
658195439000.000000,1752160485.570180,658413067905.000000
658328723000.000000,1752160485.587417,658430304517.000000
658362046000.000000,1752160485.708630,658551518781.000000
658395368000.000000,1752160485.721026,658563912903.000000
658528654000.000000,1752160485.841776,658684664245.000000
658561976000.000000,1752160485.853551,658696439076.000000
658595296000.000000,1752160485.870141,658713028787.000000
658661938000.000000,1752160485.972575,658815463342.000000
658695261000.000000,1752160485.995015,658837901516.000000
658795225000.000000,1752160486.173017,659015904253.000000
658828547000.000000,1752160486.184803,659027689159.000000
658861870000.000000,1752160486.201493,659044380036.000000
658928509000.000000,1752160486.222956,659065843071.000000
658995153000.000000,1752160486.350181,659193068277.000000
659161759000.000000,1752160486.446229,659289115967.000000
659195083000.000000,1752160486.463059,659305945657.000000
659228403000.000000,1752160486.479747,659322634256.000000
659261725000.000000,1752160486.648553,659491440119.000000
659295047000.000000,1752160486.665193,659508079626.000000
659428331000.000000,1752160486.681833,659524721244.000000
659461653000.000000,1752160486.850510,659693397516.000000
659494975000.000000,1752160486.872199,659715085437.000000
659594939000.000000,1752160486.888737,659731623779.000000
659628260000.000000,1752160486.904987,659747872215.000000
659661582000.000000,1752160487.074123,659917011890.000000
659828188000.000000,1752160487.090729,659933616175.000000
659861510000.000000,1752160487.186678,660029565625.000000
659894832000.000000,1752160487.203158,660046045319.000000
659928154000.000000,1752160487.225533,660068420049.000000
660028116000.000000,1752160487.367757,660210644074.000000
660061439000.000000,1752160487.384911,660227797817.000000
660194724000.000000,1752160487.478196,660321084200.000000
660228046000.000000,1752160487.494879,660337765781.000000
660261367000.000000,1752160487.506234,660349120542.000000
660294689000.000000,1752160487.636821,660479708290.000000
660361330000.000000,1752160487.653657,660496543684.000000
660427973000.000000,1752160487.665016,660507902094.000000
660461294000.000000,1752160487.835370,660678258108.000000
660494616000.000000,1752160487.852297,660695183557.000000
660594581000.000000,1752160487.868855,660711742546.000000
660627902000.000000,1752160487.999430,660842317627.000000
660661223000.000000,1752160488.021639,660864526118.000000
660794508000.000000,1752160488.037835,660880722129.000000
660827831000.000000,1752160488.199460,661042347024.000000
660861152000.000000,1752160488.221817,661064703809.000000
660961118000.000000,1752160488.243196,661086082327.000000
660994437000.000000,1752160488.270190,661113076938.000000
661027758000.000000,1752160488.465215,661308102735.000000
661194365000.000000,1752160488.482459,661325346384.000000
661227687000.000000,1752160488.504325,661347211989.000000
661261008000.000000,1752160488.629538,661472425418.000000
661294330000.000000,1752160488.656952,661499839303.000000
661427615000.000000,1752160488.673740,661516627439.000000
661460937000.000000,1752160488.769057,661611945080.000000
661494259000.000000,1752160488.786015,661628901029.000000
661594223000.000000,1752160488.947453,661790341129.000000
661627545000.000000,1752160488.963938,661806824378.000000
661660866000.000000,1752160488.980331,661823217387.000000
661760830000.000000,1752160489.170305,662013192343.000000
661827474000.000000,1752160489.197587,662040474285.000000
661894115000.000000,1752160489.224118,662067005605.000000
661927437000.000000,1752160489.343366,662186253239.000000
661960759000.000000,1752160489.365292,662208178418.000000
662127366000.000000,1752160489.392673,662235559970.000000
662160687000.000000,1752160489.507508,662350395387.000000
662194009000.000000,1752160489.534502,662377389221.000000
662293972000.000000,1752160489.562073,662404959846.000000
662327295000.000000,1752160489.673155,662516042225.000000
662360617000.000000,1752160489.695280,662538166309.000000
662493901000.000000,1752160489.828732,662671619270.000000
662527223000.000000,1752160489.845508,662688395387.000000
662560545000.000000,1752160489.867341,662710227455.000000
662660508000.000000,1752160490.004838,662847725581.000000
662693830000.000000,1752160490.021622,662864509605.000000
662793793000.000000,1752160490.038015,662880902448.000000
662827116000.000000,1752160490.217022,663059909657.000000
662860438000.000000,1752160490.228720,663071606656.000000
662960402000.000000,1752160490.260566,663103453314.000000
662993723000.000000,1752160490.277229,663120115617.000000
663027044000.000000,1752160490.460976,663303863281.000000
663226972000.000000,1752160490.483660,663326547526.000000
663260294000.000000,1752160490.622186,663465072827.000000
663293615000.000000,1752160490.638737,663481625947.000000
663326938000.000000,1752160490.656965,663499853216.000000
663393579000.000000,1752160490.674375,663517262253.000000
663460222000.000000,1752160490.851950,663694837772.000000
663593508000.000000,1752160490.863711,663706597085.000000
663626830000.000000,1752160490.885658,663728545430.000000
663660151000.000000,1752160491.046091,663888978633.000000
663693473000.000000,1752160491.067979,663910866052.000000
663793436000.000000,1752160491.089417,663932304236.000000
663826759000.000000,1752160491.105828,663948715060.000000
663860080000.000000,1752160491.309218,664152105226.000000
664026687000.000000,1752160491.331131,664174018316.000000
664060010000.000000,1752160491.352896,664195782426.000000
664093330000.000000,1752160491.379751,664222636728.000000
664126652000.000000,1752160491.529099,664371987043.000000
664293258000.000000,1752160491.545608,664388495203.000000
664326580000.000000,1752160491.561809,664404695624.000000
664359901000.000000,1752160491.726758,664569645033.000000
664393223000.000000,1752160491.748861,664591748010.000000
664493187000.000000,1752160491.765690,664608575722.000000
664526508000.000000,1752160491.781931,664624817384.000000
664559830000.000000,1752160491.943949,664786836524.000000
664693114000.000000,1752160491.965465,664808352580.000000
664726437000.000000,1752160491.982264,664825150792.000000
664759759000.000000,1752160492.101287,664944174560.000000
664793080000.000000,1752160492.118016,664960903328.000000
664893043000.000000,1752160492.129416,664972301776.000000
664926366000.000000,1752160492.280692,665123579425.000000
664959687000.000000,1752160492.302454,665145342035.000000
665059650000.000000,1752160492.329480,665172366891.000000
665092973000.000000,1752160492.490246,665333133247.000000
665126295000.000000,1752160492.507042,665349929107.000000
665259579000.000000,1752160492.533989,665376875390.000000
665292902000.000000,1752160492.668510,665511398290.000000
665326222000.000000,1752160492.685295,665528182706.000000
665459507000.000000,1752160492.717498,665560385310.000000
665492830000.000000,1752160492.875541,665718429135.000000
665526151000.000000,1752160492.892303,665735190070.000000
665626115000.000000,1752160492.903649,665746536130.000000
665659437000.000000,1752160492.920463,665763349342.000000
665692758000.000000,1752160493.116224,665959110831.000000
665859364000.000000,1752160493.137825,665980712127.000000
665892686000.000000,1752160493.144374,665987260917.000000
665926007000.000000,1752160493.171627,666014513697.000000
665959330000.000000,1752160493.331656,666174543856.000000
666092615000.000000,1752160493.348789,666191677102.000000
666125936000.000000,1752160493.385942,666228829586.000000
666159258000.000000,1752160493.489958,666332844791.000000
666192580000.000000,1752160493.517558,666360445772.000000
666325864000.000000,1752160493.607962,666450849623.000000
666359186000.000000,1752160493.635595,666478482900.000000
666392507000.000000,1752160493.657768,666500655228.000000
666425829000.000000,1752160493.820354,666663241567.000000
666459151000.000000,1752160493.842475,666685361840.000000
666592435000.000000,1752160493.869943,666712829470.000000
666625757000.000000,1752160494.005734,666848621913.000000
666659079000.000000,1752160494.027693,666870579836.000000
666825685000.000000,1752160494.157504,667000391687.000000
666859009000.000000,1752160494.178654,667021540709.000000
666892329000.000000,1752160494.195542,667038428773.000000
666992293000.000000,1752160494.314789,667157675464.000000
667025615000.000000,1752160494.337193,667180080271.000000
667125578000.000000,1752160494.437935,667280822267.000000
667158900000.000000,1752160494.454854,667297741441.000000
667192222000.000000,1752160494.476666,667319553328.000000
667258864000.000000,1752160494.646803,667489691317.000000
667292186000.000000,1752160494.668553,667511439890.000000
667392152000.000000,1752160494.705716,667548602558.000000
667425472000.000000,1752160494.727185,667570071856.000000
667458793000.000000,1752160494.921623,667764510858.000000
667658721000.000000,1752160494.933239,667776126915.000000
667692043000.000000,1752160494.960650,667803537305.000000
667725364000.000000,1752160495.094363,667937250693.000000
667758686000.000000,1752160495.111265,667954152719.000000
667858651000.000000,1752160495.132826,667975712831.000000
667925291000.000000,1752160495.256010,668098897948.000000
667958615000.000000,1752160495.277642,668120529948.000000
668058578000.000000,1752160495.299421,668142307742.000000
668091901000.000000,1752160495.441607,668284494569.000000
668125222000.000000,1752160495.453342,668296229126.000000
668225185000.000000,1752160495.486668,668329554923.000000
668258507000.000000,1752160495.635842,668478729999.000000
668291828000.000000,1752160495.657946,668500833161.000000
668425114000.000000,1752160495.674855,668517742113.000000
668458435000.000000,1752160495.820554,668663442758.000000
668491756000.000000,1752160495.837699,668680587023.000000
668591720000.000000,1752160495.854194,668697080849.000000
668625043000.000000,1752160495.964907,668807794417.000000
668658365000.000000,1752160495.981342,668824228799.000000
668791649000.000000,1752160496.101977,668944865366.000000
668824971000.000000,1752160496.108905,668951791449.000000
668858291000.000000,1752160496.125509,668968395422.000000
668891613000.000000,1752160496.258948,669101835924.000000
668924935000.000000,1752160496.275424,669118310954.000000
669024900000.000000,1752160496.292355,669135241461.000000
669091542000.000000,1752160496.432382,669275270420.000000
669124865000.000000,1752160496.464698,669307585041.000000
669224827000.000000,1752160496.481450,669324336828.000000
669258150000.000000,1752160496.613867,669456754117.000000
669291471000.000000,1752160496.635989,669478876779.000000
669391436000.000000,1752160496.647766,669490652668.000000
669424758000.000000,1752160496.792120,669635007697.000000
669458078000.000000,1752160496.808882,669651770113.000000
669558042000.000000,1752160496.820485,669663371615.000000
669591364000.000000,1752160496.944683,669787570389.000000
669624686000.000000,1752160496.965975,669808861689.000000
669724648000.000000,1752160496.982764,669825651142.000000
669791291000.000000,1752160497.105707,669948594668.000000
669824614000.000000,1752160497.112275,669955162662.000000
669924576000.000000,1752160497.266926,670109813075.000000
669957899000.000000,1752160497.283343,670126229643.000000
669991219000.000000,1752160497.315877,670158764225.000000
670057862000.000000,1752160497.332420,670175306551.000000
670124505000.000000,1752160497.472673,670315560526.000000
670257792000.000000,1752160497.489213,670332099703.000000
670291114000.000000,1752160497.633909,670476796877.000000
670324435000.000000,1752160497.650725,670493612441.000000
670357757000.000000,1752160497.662377,670505263738.000000
670424398000.000000,1752160497.678606,670521492919.000000
670457720000.000000,1752160497.819279,670662166853.000000
670591007000.000000,1752160497.836204,670679091527.000000
670624328000.000000,1752160497.953295,670796182553.000000
670657649000.000000,1752160497.975237,670818123791.000000
670690972000.000000,1752160497.991730,670834617191.000000
670757612000.000000,1752160498.103008,670945897087.000000
670790935000.000000,1752160498.129896,670972782519.000000
670924220000.000000,1752160498.290969,671133856372.000000
670957542000.000000,1752160498.312932,671155819016.000000
670990865000.000000,1752160498.340129,671183015001.000000
671057505000.000000,1752160498.361928,671204813944.000000
671124149000.000000,1752160498.473015,671315902434.000000
671290756000.000000,1752160498.581770,671424658058.000000
671324078000.000000,1752160498.598557,671441443807.000000
671357399000.000000,1752160498.615339,671458226297.000000
671390720000.000000,1752160498.717017,671559904394.000000
671424042000.000000,1752160498.733673,671576559386.000000
671524006000.000000,1752160498.850543,671693430766.000000
671557327000.000000,1752160498.872266,671715153135.000000
671590649000.000000,1752160498.889237,671732124364.000000
671690613000.000000,1752160499.044613,671887500400.000000
671723936000.000000,1752160499.071782,671914668996.000000
671823898000.000000,1752160499.088615,671931502060.000000
671857220000.000000,1752160499.228821,672071708406.000000
671890542000.000000,1752160499.251229,672094115657.000000
672023827000.000000,1752160499.278892,672121778971.000000
672057149000.000000,1752160499.438988,672281876370.000000
672090470000.000000,1752160499.476456,672319342702.000000
672190434000.000000,1752160499.492712,672335598660.000000
672223756000.000000,1752160499.509013,672351899488.000000
672257077000.000000,1752160499.615071,672457957822.000000
672457004000.000000,1752160499.751468,672594355648.000000
672490327000.000000,1752160499.758140,672601026437.000000
672523648000.000000,1752160499.774791,672617678854.000000
672556970000.000000,1752160499.897259,672740146719.000000
672590291000.000000,1752160499.913805,672756691637.000000
672723577000.000000,1752160500.048283,672891171037.000000
672756900000.000000,1752160500.060419,672903305663.000000
672790220000.000000,1752160500.076831,672919717175.000000
672823542000.000000,1752160500.188872,673031760064.000000
672856863000.000000,1752160500.205293,673048179983.000000
672990148000.000000,1752160500.222270,673065157120.000000
673023471000.000000,1752160500.340062,673182950084.000000
673056792000.000000,1752160500.356771,673199657834.000000
673156755000.000000,1752160500.499819,673342706079.000000
673190078000.000000,1752160500.516145,673359032425.000000
673223399000.000000,1752160500.532547,673375434770.000000
673290040000.000000,1752160500.548916,673391803190.000000
673356685000.000000,1752160500.678168,673521054935.000000
673489969000.000000,1752160500.789672,673632559292.000000
673523292000.000000,1752160500.811666,673654552937.000000
673556615000.000000,1752160500.844044,673686931317.000000
673589935000.000000,1752160501.032041,673874928286.000000
673623256000.000000,1752160501.053499,673896386029.000000
673756541000.000000,1752160501.069633,673912519432.000000
673789862000.000000,1752160501.096428,673939314735.000000
673823182000.000000,1752160501.242053,674084941493.000000
674023112000.000000,1752160501.268766,674111653038.000000
674056434000.000000,1752160501.392757,674235644240.000000
674089756000.000000,1752160501.414586,674257472515.000000
674123077000.000000,1752160501.431436,674274322857.000000
674189719000.000000,1752160501.464045,674306931809.000000
674256362000.000000,1752160501.635899,674478786745.000000
674389647000.000000,1752160501.652704,674495592068.000000
674422969000.000000,1752160501.669220,674512107746.000000
674456290000.000000,1752160501.794454,674637341029.000000
674489613000.000000,1752160501.811254,674654140686.000000
674589576000.000000,1752160501.828356,674671243061.000000
674622898000.000000,1752160501.938383,674781270840.000000
674656220000.000000,1752160501.955315,674798201773.000000
674756183000.000000,1752160502.076923,674919810016.000000
674789506000.000000,1752160502.098259,674941146630.000000
674822827000.000000,1752160502.115533,674958419911.000000
674922791000.000000,1752160502.278185,675121072564.000000
674956112000.000000,1752160502.294785,675137671463.000000
675056075000.000000,1752160502.316804,675159690904.000000
675089397000.000000,1752160502.442768,675285654810.000000
675122719000.000000,1752160502.464437,675307324180.000000
675222682000.000000,1752160502.481500,675324387556.000000
675256006000.000000,1752160502.674123,675517010389.000000
675289326000.000000,1752160502.695751,675538637426.000000
675422610000.000000,1752160502.717592,675560479350.000000
675455934000.000000,1752160502.840783,675683670523.000000
675489254000.000000,1752160502.863131,675706017312.000000
675622538000.000000,1752160502.879826,675722712988.000000
675655862000.000000,1752160502.986690,675829576852.000000
675689184000.000000,1752160503.003481,675846367916.000000
675822469000.000000,1752160503.151431,675994318392.000000
675855791000.000000,1752160503.173020,676015908318.000000
675889112000.000000,1752160503.189863,676032749437.000000
675922434000.000000,1752160503.217016,676059902274.000000
675989077000.000000,1752160503.391326,676234213650.000000
676155683000.000000,1752160503.402846,676245733190.000000
676189005000.000000,1752160503.520843,676363730615.000000
676222326000.000000,1752160503.542811,676385698093.000000
676255648000.000000,1752160503.564231,676407118447.000000
676355610000.000000,1752160503.702961,676545848381.000000
676388933000.000000,1752160503.741216,676584103057.000000
676488896000.000000,1752160503.757826,676600712234.000000
676522218000.000000,1752160503.866074,676708961566.000000
676555539000.000000,1752160503.878187,676721074137.000000
676688824000.000000,1752160504.030698,676873586145.000000
676722147000.000000,1752160504.047468,676890355820.000000
676755468000.000000,1752160504.063962,676906849461.000000
676855432000.000000,1752160504.233607,677076494270.000000
676888754000.000000,1752160504.266656,677109543977.000000
677022038000.000000,1752160504.288797,677131683713.000000
677055360000.000000,1752160504.406132,677249019459.000000
677088682000.000000,1752160504.433306,677276193926.000000
677221966000.000000,1752160504.530355,677373242937.000000
677255290000.000000,1752160504.552438,677395325118.000000
677288611000.000000,1752160504.569158,677412045183.000000
677355253000.000000,1752160504.702940,677545827015.000000
677388575000.000000,1752160504.714748,677557635422.000000
677488538000.000000,1752160504.731498,677574386135.000000
677521860000.000000,1752160504.887700,677730587811.000000
677555182000.000000,1752160504.904679,677747566225.000000
677655146000.000000,1752160504.911432,677754318717.000000
677688468000.000000,1752160505.008508,677851394765.000000
677721789000.000000,1752160505.025392,677868279254.000000
677821753000.000000,1752160505.159930,678002817820.000000
677855076000.000000,1752160505.182235,678025123388.000000
677888398000.000000,1752160505.198498,678041385957.000000
677988362000.000000,1752160505.325750,678168637943.000000
678021684000.000000,1752160505.342411,678185298101.000000
678154968000.000000,1752160505.514051,678356938317.000000
678188291000.000000,1752160505.541393,678384280152.000000
678221612000.000000,1752160505.557817,678400703812.000000
678288254000.000000,1752160505.574208,678417095306.000000
678354896000.000000,1752160505.759141,678602028563.000000
678488182000.000000,1752160505.775917,678618803794.000000
678521503000.000000,1752160505.798145,678641032029.000000
678554825000.000000,1752160505.908805,678751692801.000000
678588147000.000000,1752160505.926673,678769560874.000000
678721433000.000000,1752160506.049532,678892419161.000000
678754756000.000000,1752160506.061318,678904205494.000000
678788076000.000000,1752160506.094549,678937436477.000000
678854717000.000000,1752160506.224653,679067540381.000000
678888041000.000000,1752160506.241377,679084264427.000000
679021325000.000000,1752160506.268728,679111615207.000000
679054648000.000000,1752160506.365904,679208792310.000000
679087968000.000000,1752160506.382658,679225545263.000000
679187932000.000000,1752160506.523125,679366012328.000000
679221254000.000000,1752160506.544879,679387766957.000000
679254577000.000000,1752160506.561405,679404291708.000000
679321217000.000000,1752160506.662973,679505860918.000000
679354538000.000000,1752160506.669919,679512805797.000000
679487824000.000000,1752160506.826432,679669319674.000000
679521147000.000000,1752160506.843392,679686279292.000000
679554468000.000000,1752160506.959974,679802861009.000000
679621110000.000000,1752160506.982197,679825084077.000000
679654433000.000000,1752160507.003822,679846709225.000000
679787718000.000000,1752160507.136137,679979025164.000000
679821041000.000000,1752160507.152717,679995603600.000000
679921004000.000000,1752160507.179278,680022164980.000000
679954325000.000000,1752160507.294606,680137493263.000000
679987647000.000000,1752160507.332600,680175488498.000000
680087610000.000000,1752160507.349594,680192480967.000000
680120933000.000000,1752160507.484371,680327258494.000000
680154254000.000000,1752160507.505954,680348841161.000000
680287537000.000000,1752160507.532677,680375564520.000000
680320861000.000000,1752160507.618453,680461339731.000000
680354183000.000000,1752160507.635040,680477927093.000000
680454146000.000000,1752160507.826612,680669499695.000000
680487469000.000000,1752160507.854002,680696889659.000000
680520789000.000000,1752160507.870265,680713152080.000000
680587431000.000000,1752160507.886583,680729469538.000000
680654074000.000000,1752160508.030359,680873246257.000000
680820682000.000000,1752160508.052133,680895019848.000000
680854002000.000000,1752160508.207959,681050846917.000000
680887325000.000000,1752160508.224314,681067200782.000000
680920646000.000000,1752160508.240652,681083539813.000000
681020610000.000000,1752160508.378565,681221452458.000000
681053932000.000000,1752160508.390097,681232984331.000000
681187216000.000000,1752160508.519407,681362293798.000000
681220539000.000000,1752160508.540926,681383812854.000000
681253861000.000000,1752160508.557647,681400533659.000000
681320501000.000000,1752160508.574026,681416912913.000000
681387145000.000000,1752160508.725725,681568612946.000000
681487109000.000000,1752160508.748111,681590997754.000000
681520431000.000000,1752160508.897224,681740111534.000000
681553752000.000000,1752160508.919337,681762223918.000000
681587073000.000000,1752160508.935950,681778836762.000000
681687038000.000000,1752160508.958083,681800969646.000000
681720358000.000000,1752160509.121699,681964586530.000000
681886966000.000000,1752160509.138603,681981489704.000000
681920288000.000000,1752160509.160794,682003680884.000000
681953610000.000000,1752160509.250901,682093788943.000000
681986931000.000000,1752160509.267703,682110590025.000000
682086895000.000000,1752160509.418581,682261468900.000000
682120217000.000000,1752160509.430357,682273242955.000000
682153538000.000000,1752160509.431735,682274621220.000000
682220181000.000000,1752160509.449100,682291986279.000000
682286823000.000000,1752160509.579754,682422641307.000000
682386788000.000000,1752160509.723922,682566809560.000000
682420110000.000000,1752160509.740219,682583105906.000000
682453431000.000000,1752160509.756545,682599431290.000000
682486753000.000000,1752160509.783954,682626840920.000000
682586718000.000000,1752160509.982455,682825341476.000000
682720003000.000000,1752160509.989039,682831924932.000000
682753323000.000000,1752160510.092362,682935250070.000000
682786645000.000000,1752160510.109109,682951996060.000000
682819966000.000000,1752160510.130717,682973604264.000000
682919931000.000000,1752160510.317877,683160764279.000000
682953254000.000000,1752160510.339571,683182458241.000000
683053216000.000000,1752160510.355995,683198881364.000000
683086538000.000000,1752160510.382370,683225256152.000000
683119860000.000000,1752160510.590277,683433164731.000000
683319788000.000000,1752160510.606950,683449837611.000000
683353110000.000000,1752160510.623141,683466027162.000000
683386431000.000000,1752160510.706686,683549572856.000000
683419753000.000000,1752160510.722985,683565871591.000000
683553038000.000000,1752160510.832866,683675753704.000000
683586359000.000000,1752160510.849721,683692607805.000000
683619680000.000000,1752160510.866768,683709655440.000000
683653001000.000000,1752160510.988154,683831041556.000000
683686323000.000000,1752160511.010040,683852926979.000000
683786287000.000000,1752160511.047657,683890544403.000000
683819609000.000000,1752160511.183201,684026088089.000000
683852933000.000000,1752160511.199863,684042750450.000000
683986216000.000000,1752160511.216651,684059537311.000000
684019538000.000000,1752160511.377664,684220551627.000000
684052860000.000000,1752160511.410663,684253550316.000000
684152824000.000000,1752160511.437394,684280280712.000000
684186145000.000000,1752160511.563097,684405984935.000000
684219466000.000000,1752160511.579929,684422817129.000000
684352752000.000000,1752160511.596548,684439435065.000000
684386075000.000000,1752160511.708082,684550969421.000000
684419395000.000000,1752160511.735246,684578132999.000000
684519360000.000000,1752160511.873607,684716494917.000000
684552682000.000000,1752160511.895156,684738043751.000000
684586003000.000000,1752160511.911554,684754441671.000000
684652644000.000000,1752160511.933505,684776391927.000000
684719289000.000000,1752160512.048341,684891228363.000000
684852573000.000000,1752160512.220655,685063542481.000000
684885896000.000000,1752160512.242774,685085660235.000000
684919217000.000000,1752160512.259129,685102015563.000000
684952538000.000000,1752160512.280752,685123638507.000000
685019180000.000000,1752160512.421796,685264682882.000000
685219108000.000000,1752160512.433997,685276884230.000000
685252431000.000000,1752160512.538759,685381646076.000000
685285753000.000000,1752160512.550550,685393436724.000000
685319073000.000000,1752160512.572204,685415090317.000000
685352395000.000000,1752160512.694574,685537461701.000000
685385717000.000000,1752160512.711543,685554430448.000000
685485680000.000000,1752160512.733238,685576125725.000000
685519002000.000000,1752160512.871888,685714775456.000000
685552324000.000000,1752160512.883738,685726624585.000000
685652286000.000000,1752160512.895465,685738352567.000000
685685609000.000000,1752160513.029324,685872210954.000000
685718931000.000000,1752160513.046466,685889352682.000000
685818895000.000000,1752160513.062582,685905469585.000000
685852217000.000000,1752160513.261996,686104883058.000000
685885538000.000000,1752160513.294245,686137131717.000000
685985500000.000000,1752160513.315280,686158166390.000000
686018823000.000000,1752160513.467045,686309932460.000000
686052145000.000000,1752160513.479257,686322144345.000000
686252072000.000000,1752160513.500823,686343710030.000000
686285395000.000000,1752160513.668611,686511498061.000000
686318718000.000000,1752160513.685385,686528271921.000000
686452001000.000000,1752160513.701654,686544542027.000000
686485323000.000000,1752160513.797293,686640180719.000000
686518646000.000000,1752160513.824484,686667370944.000000
686618608000.000000,1752160513.953574,686796461783.000000
686651932000.000000,1752160513.969929,686812815722.000000
686685252000.000000,1752160513.986213,686829099883.000000
686751894000.000000,1752160514.002964,686845851429.000000
686818536000.000000,1752160514.154378,686997265280.000000
686951822000.000000,1752160514.166744,687009632626.000000
686985144000.000000,1752160514.283981,687126868337.000000
687018467000.000000,1752160514.300570,687143457551.000000
687051786000.000000,1752160514.317599,687160486131.000000
687118430000.000000,1752160514.455481,687298368332.000000
687151751000.000000,1752160514.472131,687315017546.000000
687251715000.000000,1752160514.488245,687331132227.000000
687285037000.000000,1752160514.647494,687490381615.000000
687318358000.000000,1752160514.664042,687506929719.000000
687418321000.000000,1752160514.680732,687523618821.000000
687451643000.000000,1752160514.855606,687698493507.000000
687484965000.000000,1752160514.877290,687720177136.000000
687584928000.000000,1752160514.894035,687736921496.000000
687651573000.000000,1752160514.910405,687753291194.000000
687684894000.000000,1752160515.079577,687922464359.000000
687851500000.000000,1752160515.095989,687938876001.000000
687884822000.000000,1752160515.112682,687955569270.000000
687918144000.000000,1752160515.229057,688071945006.000000
687951466000.000000,1752160515.245664,688088551091.000000
688051429000.000000,1752160515.358398,688201285658.000000
688084751000.000000,1752160515.380881,688223768595.000000
688118072000.000000,1752160515.482661,688325548284.000000
688151393000.000000,1752160515.503986,688346873305.000000
688184715000.000000,1752160515.525434,688368321010.000000
688284679000.000000,1752160515.542347,688385234444.000000
688351321000.000000,1752160515.730123,688573010508.000000
688451285000.000000,1752160515.752046,688594933357.000000
688484608000.000000,1752160515.784208,688627094998.000000
688551250000.000000,1752160515.898271,688741159072.000000
688584573000.000000,1752160515.920454,688763340918.000000
688717858000.000000,1752160516.033719,688876606481.000000
688751180000.000000,1752160516.066142,688909029360.000000
688784503000.000000,1752160516.083020,688925906738.000000
688851144000.000000,1752160516.172232,689015119842.000000
688884465000.000000,1752160516.199316,689042203235.000000
688984428000.000000,1752160516.311486,689154373882.000000
689017751000.000000,1752160516.328234,689171121724.000000
689051073000.000000,1752160516.345478,689188365043.000000
689151034000.000000,1752160516.537491,689380378753.000000
689184358000.000000,1752160516.554514,689397400981.000000
689284322000.000000,1752160516.581447,689424333005.000000
689317644000.000000,1752160516.598064,689440950275.000000
689350965000.000000,1752160516.783413,689626300158.000000
689517571000.000000,1752160516.805234,689648120526.000000
689550894000.000000,1752160516.816857,689659743676.000000
689584216000.000000,1752160516.833632,689676518537.000000
689617537000.000000,1752160516.962778,689805665209.000000
689750822000.000000,1752160516.985083,689827970795.000000
689784144000.000000,1752160517.104272,689947159524.000000
689817466000.000000,1752160517.120911,689963797237.000000
689850789000.000000,1752160517.142914,689985801956.000000
689950752000.000000,1752160517.303180,690146066816.000000
689984072000.000000,1752160517.325384,690168272866.000000
690084037000.000000,1752160517.341996,690184883562.000000
690117358000.000000,1752160517.442867,690285754426.000000
690150679000.000000,1752160517.454729,690297616296.000000
690250643000.000000,1752160517.603344,690446232285.000000
690283965000.000000,1752160517.620025,690462911813.000000
690317287000.000000,1752160517.636740,690479627118.000000
690417250000.000000,1752160517.737405,690580291484.000000
690450572000.000000,1752160517.754215,690597101622.000000
690550536000.000000,1752160517.894885,690737772575.000000
690583858000.000000,1752160517.917056,690759943421.000000
690617179000.000000,1752160517.934007,690776894169.000000
690717143000.000000,1752160518.088294,690931181012.000000
690750466000.000000,1752160518.115218,690958104999.000000
690850430000.000000,1752160518.132011,690974898563.000000
690883751000.000000,1752160518.256480,691099366816.000000
690917072000.000000,1752160518.273339,691116225305.000000
691050357000.000000,1752160518.300624,691143511345.000000
691083679000.000000,1752160518.397273,691240160471.000000
691117002000.000000,1752160518.414017,691256904035.000000
691216963000.000000,1752160518.533685,691376572297.000000
691250287000.000000,1752160518.550682,691393569600.000000
691283608000.000000,1752160518.572338,691415224748.000000
691350249000.000000,1752160518.723660,691566546970.000000
691383573000.000000,1752160518.735556,691578443265.000000
691483534000.000000,1752160518.752255,691595141904.000000
691516857000.000000,1752160518.768820,691611705693.000000
691550179000.000000,1752160518.902876,691745764281.000000
691683464000.000000,1752160518.919598,691762484420.000000
691716786000.000000,1752160519.091410,691934298468.000000
691750108000.000000,1752160519.113347,691956234206.000000
691783429000.000000,1752160519.129907,691972793865.000000
691916714000.000000,1752160519.259180,692102067721.000000
691950037000.000000,1752160519.275944,692118831563.000000
692050000000.000000,1752160519.287647,692130532527.000000
692083323000.000000,1752160519.409900,692252787745.000000
692116644000.000000,1752160519.427264,692270151711.000000
692216607000.000000,1752160519.554452,692397339420.000000
692249928000.000000,1752160519.581930,692424816958.000000
692283250000.000000,1752160519.598371,692441256914.000000
692349893000.000000,1752160519.614651,692457537927.000000
692383215000.000000,1752160519.766075,692608963371.000000
692549821000.000000,1752160519.777493,692620380652.000000
692583143000.000000,1752160519.913807,692756693905.000000
692616464000.000000,1752160519.930210,692773098269.000000
692649785000.000000,1752160519.956874,692799760536.000000
692683106000.000000,1752160519.978742,692821628423.000000
692749748000.000000,1752160520.144121,692987008476.000000
692916355000.000000,1752160520.161022,693003909946.000000
692949678000.000000,1752160520.305625,693148512713.000000
692982999000.000000,1752160520.327558,693170445395.000000
693016322000.000000,1752160520.349408,693192295671.000000
693116285000.000000,1752160520.458376,693301263607.000000
693149607000.000000,1752160520.469805,693312692314.000000
693282891000.000000,1752160520.596691,693439578397.000000
693316213000.000000,1752160520.619020,693461907686.000000
693349534000.000000,1752160520.640940,693483826832.000000
693416178000.000000,1752160520.770186,693613073799.000000
693449500000.000000,1752160520.792068,693634955278.000000
693549464000.000000,1752160520.808464,693651350698.000000
693582786000.000000,1752160520.952401,693795288045.000000
693616107000.000000,1752160520.969790,693812676881.000000
693749392000.000000,1752160520.981110,693823997090.000000
693782714000.000000,1752160521.106131,693949019930.000000
693816037000.000000,1752160521.123003,693965890771.000000
693916000000.000000,1752160521.249192,694092079175.000000
693949323000.000000,1752160521.266055,694108942460.000000
693982642000.000000,1752160521.277721,694120607962.000000
694082606000.000000,1752160521.430599,694273487281.000000
694115930000.000000,1752160521.447330,694290217049.000000
694182569000.000000,1752160521.474274,694317161684.000000
694215892000.000000,1752160521.501654,694344540481.000000
694249213000.000000,1752160521.644718,694487605856.000000
694415820000.000000,1752160521.661433,694504320235.000000
694449141000.000000,1752160521.790705,694633592591.000000
694482463000.000000,1752160521.817972,694660859205.000000
694515785000.000000,1752160521.839928,694682814794.000000
694615748000.000000,1752160522.031765,694874651802.000000
694649071000.000000,1752160522.053809,694896695242.000000
694749034000.000000,1752160522.075448,694918334668.000000
694815677000.000000,1752160522.092138,694935025048.000000
694849000000.000000,1752160522.287639,695130526280.000000
695015606000.000000,1752160522.309924,695152811459.000000
695048927000.000000,1752160522.331841,695174727160.000000
695082248000.000000,1752160522.446941,695289828520.000000
695115570000.000000,1752160522.463961,695306848118.000000
695248856000.000000,1752160522.480563,695323449814.000000
695282177000.000000,1752160522.626244,695469132071.000000
695315499000.000000,1752160522.642827,695485713711.000000
695448783000.000000,1752160522.770561,695613448878.000000
695482105000.000000,1752160522.787339,695630226275.000000
695515427000.000000,1752160522.809793,695652679730.000000
695582070000.000000,1752160522.905643,695748530216.000000
695615392000.000000,1752160522.937901,695780787449.000000
695748678000.000000,1752160523.085388,695928275930.000000
695782000000.000000,1752160523.102258,695945145234.000000
695815320000.000000,1752160523.118825,695961711430.000000
695848642000.000000,1752160523.135056,695977942555.000000
695881963000.000000,1752160523.273425,696116312492.000000
696081891000.000000,1752160523.374095,696216982506.000000
696115213000.000000,1752160523.386262,696229148707.000000
696148535000.000000,1752160523.408156,696251043593.000000
696181856000.000000,1752160523.524498,696367385423.000000
696215177000.000000,1752160523.541114,696384022877.000000
696315141000.000000,1752160523.557673,696400559629.000000
696348463000.000000,1752160523.673484,696516370723.000000
696381784000.000000,1752160523.690600,696533487376.000000
696481749000.000000,1752160523.785356,696628243465.000000
696515071000.000000,1752160523.817324,696660211201.000000
696548398000.000000,1752160523.834279,696677166115.000000
696648356000.000000,1752160524.022811,696865698913.000000
696681678000.000000,1752160524.044596,696887482615.000000
696748319000.000000,1752160524.150749,696993636837.000000
696781641000.000000,1752160524.177805,697020691934.000000
696814963000.000000,1752160524.194668,697037556034.000000
696981569000.000000,1752160524.298428,697141315557.000000
697014892000.000000,1752160524.305301,697148187381.000000
697114856000.000000,1752160524.404070,697246957728.000000
697148179000.000000,1752160524.425694,697268580876.000000
697181499000.000000,1752160524.437366,697280253303.000000
697248142000.000000,1752160524.596709,697439596950.000000
697281464000.000000,1752160524.619698,697462585067.000000
697381427000.000000,1752160524.636537,697479424112.000000
697414748000.000000,1752160524.777323,697620210285.000000
697448071000.000000,1752160524.794241,697637128052.000000
697548037000.000000,1752160524.811002,697653888431.000000
697581356000.000000,1752160524.833032,697675918575.000000
697614678000.000000,1752160525.035687,697878574740.000000
697781283000.000000,1752160525.052274,697895160954.000000
697814605000.000000,1752160525.211656,698054543712.000000
697847926000.000000,1752160525.228572,698071458719.000000
697881248000.000000,1752160525.239903,698082788909.000000
698014533000.000000,1752160525.384138,698227025679.000000
698081176000.000000,1752160525.395655,698238541367.000000
698181140000.000000,1752160525.512683,698355570690.000000
698214463000.000000,1752160525.524212,698367099989.000000
698247785000.000000,1752160525.535992,698378878378.000000
698347748000.000000,1752160525.636030,698478917047.000000
698381068000.000000,1752160525.657781,698500668545.000000
698481033000.000000,1752160525.786031,698628918689.000000
698514356000.000000,1752160525.802879,698645766567.000000
698547677000.000000,1752160525.824781,698667669509.000000
698614320000.000000,1752160525.991050,698833938609.000000
698647641000.000000,1752160526.007820,698850707599.000000
698747604000.000000,1752160526.024387,698867274480.000000
698780926000.000000,1752160526.041013,698883899509.000000
698814248000.000000,1752160526.180236,699023125142.000000
698980854000.000000,1752160526.290588,699133476102.000000
699014177000.000000,1752160526.302425,699145311916.000000
699047498000.000000,1752160526.323832,699166718974.000000
699080819000.000000,1752160526.345072,699187959088.000000
699114141000.000000,1752160526.444291,699287178598.000000
699280747000.000000,1752160526.583944,699426831356.000000
699314070000.000000,1752160526.600649,699443536106.000000
699347390000.000000,1752160526.633446,699476333446.000000
699380711000.000000,1752160526.801316,699644203642.000000
699414033000.000000,1752160526.823220,699666106398.000000
699547319000.000000,1752160526.845253,699688139524.000000
699580641000.000000,1752160526.861928,699704814885.000000
699613963000.000000,1752160527.026437,699869325280.000000
699780567000.000000,1752160527.043310,699886196936.000000
699813890000.000000,1752160527.161461,700004348397.000000
699847211000.000000,1752160527.193883,700036770962.000000
699880534000.000000,1752160527.210923,700053810394.000000
699980496000.000000,1752160527.330598,700173485581.000000
700013819000.000000,1752160527.342183,700185070138.000000
700147104000.000000,1752160527.481724,700324611416.000000
700180427000.000000,1752160527.498615,700341501776.000000
700213748000.000000,1752160527.526113,700369000517.000000
700280389000.000000,1752160527.542374,700385259974.000000
700313711000.000000,1752160527.680033,700522920344.000000
700446998000.000000,1752160527.686874,700529760131.000000
700480319000.000000,1752160527.836621,700679508313.000000
700513639000.000000,1752160527.853032,700695918214.000000
700546963000.000000,1752160527.869467,700712353726.000000
700613604000.000000,1752160527.891269,700734155521.000000
700680249000.000000,1752160528.016130,700859017937.000000
700813532000.000000,1752160528.043724,700886610769.000000
700846855000.000000,1752160528.148491,700991379041.000000
700880177000.000000,1752160528.180681,701023568886.000000
700913497000.000000,1752160528.208150,701051036998.000000
700980140000.000000,1752160528.352565,701195452915.000000
701013463000.000000,1752160528.379650,701222536623.000000
701146747000.000000,1752160528.396049,701238935487.000000
701180069000.000000,1752160528.557988,701400875591.000000
701213390000.000000,1752160528.569848,701412734905.000000
701313353000.000000,1752160528.586458,701429344952.000000
701346676000.000000,1752160528.603202,701446088202.000000
701379997000.000000,1752160528.756137,701599024502.000000
701546604000.000000,1752160528.772800,701615687419.000000
701579927000.000000,1752160528.933529,701776416312.000000
701613248000.000000,1752160528.949961,701792847805.000000
701646569000.000000,1752160528.977938,701820825153.000000
701713211000.000000,1752160528.994281,701837167036.000000
701779855000.000000,1752160529.188061,702030949339.000000
701913140000.000000,1752160529.204969,702047856013.000000
701946462000.000000,1752160529.226512,702069398959.000000
701979784000.000000,1752160529.362737,702205624731.000000
702013105000.000000,1752160529.384496,702227383063.000000
702146390000.000000,1752160529.406934,702249820500.000000
702179712000.000000,1752160529.576185,702419072312.000000
702213034000.000000,1752160529.593042,702435928190.000000
702312997000.000000,1752160529.629990,702472876176.000000
702346319000.000000,1752160529.773649,702616536156.000000
702379641000.000000,1752160529.795464,702638352209.000000
702579568000.000000,1752160529.903375,702746262507.000000
702612890000.000000,1752160529.925029,702767916192.000000
702646213000.000000,1752160529.962675,702805562486.000000
702746176000.000000,1752160530.098298,702941186282.000000
702779498000.000000,1752160530.114925,702957812440.000000
702912783000.000000,1752160530.238807,703081694440.000000
702946105000.000000,1752160530.255553,703098439948.000000
702979427000.000000,1752160530.282294,703125181159.000000
703079389000.000000,1752160530.443989,703286875747.000000
703112712000.000000,1752160530.465517,703308403748.000000
703245997000.000000,1752160530.482018,703324905667.000000
703279319000.000000,1752160530.616668,703459555250.000000
703312640000.000000,1752160530.638731,703481618597.000000
703445925000.000000,1752160530.817700,703660587671.000000
703479247000.000000,1752160530.834785,703677671528.000000
703512568000.000000,1752160530.851261,703694147206.000000
703645854000.000000,1752160531.007644,703850532159.000000
703679176000.000000,1752160531.024080,703866967022.000000
703812459000.000000,1752160531.035606,703878493025.000000
703845783000.000000,1752160531.158915,704001802770.000000
703879111000.000000,1752160531.180892,704023779619.000000
703979067000.000000,1752160531.348318,704191205079.000000
704012391000.000000,1752160531.370150,704213037391.000000
704045712000.000000,1752160531.386652,704229538606.000000
704112354000.000000,1752160531.403030,704245917174.000000
704178996000.000000,1752160531.589632,704432519342.000000
704312283000.000000,1752160531.606501,704449387387.000000
704345604000.000000,1752160531.623360,704466247469.000000
704378925000.000000,1752160531.754925,704597813099.000000
704412246000.000000,1752160531.771719,704614606460.000000
704545532000.000000,1752160531.798561,704641448429.000000
704578854000.000000,1752160531.903959,704746846306.000000
704612175000.000000,1752160531.920789,704763676463.000000
704745459000.000000,1752160532.107624,704950511036.000000
704778783000.000000,1752160532.134766,704977653076.000000
704812104000.000000,1752160532.151340,704994227698.000000
704878746000.000000,1752160532.282396,705125283056.000000
704945390000.000000,1752160532.299022,705141909714.000000
705078675000.000000,1752160532.316011,705158897609.000000
705111996000.000000,1752160532.455347,705298235759.000000
705145319000.000000,1752160532.467313,705310199665.000000
705245281000.000000,1752160532.483921,705326807546.000000
705278603000.000000,1752160532.609391,705452278975.000000
705311925000.000000,1752160532.626287,705469174019.000000
705411889000.000000,1752160532.643080,705485967583.000000
705445210000.000000,1752160532.806040,705648926733.000000
705478532000.000000,1752160532.828460,705671348337.000000
705578496000.000000,1752160532.850525,705693411555.000000
705611818000.000000,1752160532.936969,705779855703.000000
705645140000.000000,1752160532.953378,705796266160.000000
705778424000.000000,1752160533.064619,705907506500.000000
705811747000.000000,1752160533.081611,705924497581.000000
705845067000.000000,1752160533.124537,705967424269.000000
705911710000.000000,1752160533.313576,706156462988.000000
705945031000.000000,1752160533.335425,706178311782.000000
706044997000.000000,1752160533.351741,706194627573.000000
706078318000.000000,1752160533.368054,706210939882.000000
706111639000.000000,1752160533.600245,706443131658.000000
706278245000.000000,1752160533.621996,706464883471.000000
706311567000.000000,1752160533.638866,706481752831.000000
706344888000.000000,1752160533.655646,706498532099.000000
706411530000.000000,1752160533.828355,706671242305.000000
706611460000.000000,1752160533.845270,706688156145.000000
706644781000.000000,1752160533.982287,706825174688.000000
706678104000.000000,1752160534.009426,706852313636.000000
706711425000.000000,1752160534.031337,706874224059.000000
706778066000.000000,1752160534.119366,706962254100.000000
706811389000.000000,1752160534.136346,706979232681.000000
706944674000.000000,1752160534.273150,707116037744.000000
706977996000.000000,1752160534.289611,707132498237.000000
707011316000.000000,1752160534.306474,707149361022.000000
707077958000.000000,1752160534.322798,707165684424.000000
707111281000.000000,1752160534.499812,707342698497.000000
707244566000.000000,1752160534.527314,707370200775.000000
707277888000.000000,1752160534.549065,707391951885.000000
707311210000.000000,1752160534.702556,707545442661.000000
707344531000.000000,1752160534.724177,707567063994.000000
707477817000.000000,1752160534.741362,707584248869.000000
707511139000.000000,1752160534.763170,707606056793.000000
707544461000.000000,1752160534.972720,707815606949.000000
707677745000.000000,1752160534.989266,707832153274.000000
707711067000.000000,1752160535.006019,707848905320.000000
707744388000.000000,1752160535.205621,708048508532.000000
707811031000.000000,1752160535.227381,708070268364.000000
707944316000.000000,1752160535.254290,708097176796.000000
707977639000.000000,1752160535.270611,708113497568.000000
708010960000.000000,1752160535.482145,708325031871.000000
708210888000.000000,1752160535.499223,708342110433.000000
708244210000.000000,1752160535.526748,708369634932.000000
708277532000.000000,1752160535.621970,708464857980.000000
708310853000.000000,1752160535.638720,708481606896.000000
708444137000.000000,1752160535.760664,708603551784.000000
708477460000.000000,1752160535.782523,708625409708.000000
708510781000.000000,1752160535.799240,708642127698.000000
708544101000.000000,1752160535.815801,708658687487.000000
708610745000.000000,1752160535.955897,708798785259.000000
708744029000.000000,1752160535.972880,708815767136.000000
708777352000.000000,1752160536.147300,708990187178.000000
708810674000.000000,1752160536.158749,709001634978.000000
708843996000.000000,1752160536.180222,709023109313.000000
708910636000.000000,1752160536.312522,709155409992.000000
708943959000.000000,1752160536.324120,709167007623.000000
709110565000.000000,1752160536.351268,709194156368.000000
709143887000.000000,1752160536.518031,709360919704.000000
709177211000.000000,1752160536.545130,709388016467.000000
709277174000.000000,1752160536.561706,709404593033.000000
709343815000.000000,1752160536.675425,709518312258.000000
709377138000.000000,1752160536.692170,709535056897.000000
709477101000.000000,1752160536.714101,709556987782.000000
709510423000.000000,1752160536.873897,709716784592.000000
709543745000.000000,1752160536.886098,709728986199.000000
709643708000.000000,1752160536.907893,709750780197.000000
709677030000.000000,1752160537.027053,709869941204.000000
709710351000.000000,1752160537.043715,709886602640.000000
709810316000.000000,1752160537.060112,709902999800.000000
709843637000.000000,1752160537.209802,710052689668.000000
709876959000.000000,1752160537.226325,710069211993.000000
710010244000.000000,1752160537.254139,710097025843.000000
710043567000.000000,1752160537.403644,710246531915.000000
710076888000.000000,1752160537.425629,710268516708.000000
710176852000.000000,1752160537.447522,710290409558.000000
710210173000.000000,1752160537.587894,710430781365.000000
710243494000.000000,1752160537.609694,710452581696.000000
710376780000.000000,1752160537.636578,710479465480.000000
710410102000.000000,1752160537.729357,710572245384.000000
710443424000.000000,1752160537.756708,710599595293.000000
710543386000.000000,1752160537.894360,710737247588.000000
710576709000.000000,1752160537.916138,710759024550.000000
710610031000.000000,1752160537.943045,710785931296.000000
710676671000.000000,1752160537.970057,710812943505.000000
710709994000.000000,1752160538.177085,711019972221.000000
710876600000.000000,1752160538.194096,711036983820.000000
710909922000.000000,1752160538.210927,711053813254.000000
710943244000.000000,1752160538.227643,711070528689.000000
711009887000.000000,1752160538.436192,711279079113.000000
711176493000.000000,1752160538.452412,711295298997.000000
711209815000.000000,1752160538.558958,711401845215.000000
711243137000.000000,1752160538.575692,711418578632.000000
711276458000.000000,1752160538.592829,711435716489.000000
711376423000.000000,1752160538.758395,711601283596.000000
711409744000.000000,1752160538.775269,711618156048.000000
711509709000.000000,1752160538.796820,711639706104.000000
711543031000.000000,1752160538.823869,711666755886.000000
711576352000.000000,1752160539.012326,711855213796.000000
711742959000.000000,1752160539.044740,711887627361.000000
711776281000.000000,1752160539.067015,711909902373.000000
711809603000.000000,1752160539.221650,712064536898.000000
711876244000.000000,1752160539.248210,712091097129.000000
711976208000.000000,1752160539.270112,712112998608.000000
712009529000.000000,1752160539.281540,712124425463.000000
712076173000.000000,1752160539.423239,712266127276.000000
712209457000.000000,1752160539.450766,712293652850.000000
712242780000.000000,1752160539.528488,712371375766.000000
712276102000.000000,1752160539.550108,712392995414.000000
712309424000.000000,1752160539.577840,712420726782.000000
712376066000.000000,1752160539.717957,712560845536.000000
712409387000.000000,1752160539.745756,712588643330.000000
712542672000.000000,1752160539.862723,712705611117.000000
712575995000.000000,1752160539.879199,712722085110.000000
712609316000.000000,1752160539.901608,712744495102.000000
712709278000.000000,1752160540.041481,712884368451.000000
712742601000.000000,1752160540.068863,712911750767.000000
712842565000.000000,1752160540.084913,712927800227.000000
712875888000.000000,1752160540.263222,713106110214.000000
712909209000.000000,1752160540.295288,713138174467.000000
713009173000.000000,1752160540.316762,713159648543.000000
713042495000.000000,1752160540.333210,713176096777.000000
713075815000.000000,1752160540.498977,713341864585.000000
713242423000.000000,1752160540.520912,713363798934.000000
713275744000.000000,1752160540.537792,713380679571.000000
713309066000.000000,1752160540.665998,713508885697.000000
713342387000.000000,1752160540.682442,713525328727.000000
713442350000.000000,1752160540.710309,713553195909.000000
713508994000.000000,1752160540.827911,713670799097.000000
713542315000.000000,1752160540.849931,713692818260.000000
713675602000.000000,1752160540.971518,713814405188.000000
713708924000.000000,1752160541.014426,713857312581.000000
713742245000.000000,1752160541.031101,713873986831.000000
713775566000.000000,1752160541.155788,713998675860.000000
713808887000.000000,1752160541.172780,714015666996.000000
713942173000.000000,1752160541.189359,714032245895.000000
713975494000.000000,1752160541.334707,714177595100.000000
714008815000.000000,1752160541.351404,714194292387.000000
714108778000.000000,1752160541.367669,714210555993.000000
714142100000.000000,1752160541.492034,714334922581.000000
714175422000.000000,1752160541.514873,714357760847.000000
714308707000.000000,1752160541.646687,714489573864.000000
714342030000.000000,1752160541.673637,714516523833.000000
714375353000.000000,1752160541.695084,714537971130.000000
714441993000.000000,1752160541.711962,714554849305.000000
714508635000.000000,1752160541.845522,714688410213.000000
714641921000.000000,1752160541.862082,714704969335.000000
714675242000.000000,1752160541.985570,714828458097.000000
714708565000.000000,1752160541.992652,714835538531.000000
714741886000.000000,1752160542.019508,714862395222.000000
714775207000.000000,1752160542.115544,714958431095.000000
714808530000.000000,1752160542.132674,714975560582.000000
714975135000.000000,1752160542.312160,715155047020.000000
715008459000.000000,1752160542.329061,715171947583.000000
715041780000.000000,1752160542.350677,715193563620.000000
715075103000.000000,1752160542.366601,715209487581.000000
715141743000.000000,1752160542.557465,715400358413.000000
715308350000.000000,1752160542.600019,715442906530.000000
715341672000.000000,1752160542.716829,715559716430.000000
715374994000.000000,1752160542.738627,715581514595.000000
715408315000.000000,1752160542.755404,715598290992.000000
715541600000.000000,1752160542.949315,715792202665.000000
715574921000.000000,1752160542.976854,715819740869.000000
715708209000.000000,1752160542.998321,715841207796.000000
715741530000.000000,1752160543.171511,716014397664.000000
715774851000.000000,1752160543.198974,716041861424.000000
715908136000.000000,1752160543.231168,716074054787.000000
715974778000.000000,1752160543.247526,716090414041.000000
716008101000.000000,1752160543.374634,716217520806.000000
716174707000.000000,1752160543.391207,716234093576.000000
716208030000.000000,1752160543.518197,716361084213.000000
716241351000.000000,1752160543.534836,716377723167.000000
716274672000.000000,1752160543.546264,716389150393.000000
716307994000.000000,1752160543.690246,716533134203.000000
716374637000.000000,1752160543.717187,716560074486.000000
716474600000.000000,1752160543.744558,716587445284.000000
716507923000.000000,1752160543.869014,716711901648.000000
716541244000.000000,1752160543.885462,716728349567.000000
716674529000.000000,1752160543.917979,716760866428.000000
716707851000.000000,1752160544.049355,716892242986.000000
716741172000.000000,1752160544.071255,716914142687.000000
716841135000.000000,1752160544.087749,716930636087.000000
716874458000.000000,1752160544.199517,717042405108.000000
716907780000.000000,1752160544.232342,717075229280.000000
717007744000.000000,1752160544.347470,717190358011.000000
717041065000.000000,1752160544.364603,717207489720.000000
717074387000.000000,1752160544.380985,717223871584.000000
717174349000.000000,1752160544.517720,717360607721.000000
717207674000.000000,1752160544.544789,717387675651.000000
717307636000.000000,1752160544.656427,717499314563.000000
717340958000.000000,1752160544.673173,717516059664.000000
717374280000.000000,1752160544.699728,717542615692.000000
717474242000.000000,1752160544.822867,717665755328.000000
717507565000.000000,1752160544.840102,717682988684.000000
717607528000.000000,1752160544.856533,717699420344.000000
717640851000.000000,1752160545.006573,717849460134.000000
717674173000.000000,1752160545.023373,717866262031.000000
717807457000.000000,1752160545.050708,717893595514.000000
717840780000.000000,1752160545.174798,718017685271.000000
717874100000.000000,1752160545.206994,718049881135.000000
717974063000.000000,1752160545.223603,718066489385.000000
718007387000.000000,1752160545.352761,718195649132.000000
718040708000.000000,1752160545.369508,718212394789.000000
718140670000.000000,1752160545.386090,718228977373.000000
718173994000.000000,1752160545.507835,718350722985.000000
718207316000.000000,1752160545.524392,718367279626.000000
718307278000.000000,1752160545.540961,718383847877.000000
718340601000.000000,1752160545.724735,718567622960.000000
718373922000.000000,1752160545.746224,718589110332.000000
718473886000.000000,1752160545.762587,718605473011.000000
718507207000.000000,1752160545.778943,718621829264.000000
718540528000.000000,1752160545.989768,718832655908.000000
718707135000.000000,1752160546.022533,718865419710.000000
718740456000.000000,1752160546.059331,718902218030.000000
718773777000.000000,1752160546.241082,719083969669.000000
718807100000.000000,1752160546.258104,719100990953.000000
718973705000.000000,1752160546.269554,719112440697.000000
719007029000.000000,1752160546.296424,719139311481.000000
719040351000.000000,1752160546.476674,719319560950.000000
719206955000.000000,1752160546.509315,719352202642.000000
719240278000.000000,1752160546.619453,719462341327.000000
719273600000.000000,1752160546.656680,719499568680.000000
719340242000.000000,1752160546.668348,719511234792.000000
719473530000.000000,1752160546.796128,719639015384.000000
719506850000.000000,1752160546.807679,719650566516.000000
719606813000.000000,1752160546.957197,719800084367.000000
719640136000.000000,1752160546.990281,719833168166.000000
719673458000.000000,1752160547.006879,719849765825.000000
719773421000.000000,1752160547.191046,720033933849.000000
719806743000.000000,1752160547.213253,720056140306.000000
719940028000.000000,1752160547.229555,720072441467.000000
719973349000.000000,1752160547.358543,720201430974.000000
720006671000.000000,1752160547.381327,720224213797.000000
720139956000.000000,1752160547.403269,720246155331.000000
720173278000.000000,1752160547.557230,720400117917.000000
720206599000.000000,1752160547.573777,720416665020.000000
720306562000.000000,1752160547.585160,720428046709.000000
720339885000.000000,1752160547.601967,720444853866.000000
720373205000.000000,1752160547.803368,720646255024.000000
720539813000.000000,1752160547.820175,720663062458.000000
720573134000.000000,1752160547.836961,720679847652.000000
720606455000.000000,1752160547.945210,720788097891.000000
720639777000.000000,1752160547.962477,720805364543.000000
720773063000.000000,1752160548.125609,720968497080.000000
720806385000.000000,1752160548.137358,720980244951.000000
720839706000.000000,1752160548.153798,720996684704.000000
720873028000.000000,1752160548.170209,721013095419.000000
720939670000.000000,1752160548.349967,721192854115.000000
721106277000.000000,1752160548.361735,721204622800.000000
721139599000.000000,1752160548.373246,721216132488.000000
721172921000.000000,1752160548.496756,721339643250.000000
721206242000.000000,1752160548.513550,721356436777.000000
721306206000.000000,1752160548.673583,721516470955.000000
721339530000.000000,1752160548.690149,721533036539.000000
721372851000.000000,1752160548.711945,721554831815.000000
721472813000.000000,1752160548.728323,721571209939.000000
721506135000.000000,1752160548.837553,721680440521.000000
721639421000.000000,1752160548.968679,721811566267.000000
721672743000.000000,1752160548.984705,721827592949.000000
721706064000.000000,1752160549.001384,721844270959.000000
721739385000.000000,1752160549.023060,721865946458.000000
721806027000.000000,1752160549.229801,722072689251.000000
721972634000.000000,1752160549.246539,722089426316.000000
722005957000.000000,1752160549.268783,722111669976.000000
722039278000.000000,1752160549.413552,722256439057.000000
722072600000.000000,1752160549.436062,722278948289.000000
722205885000.000000,1752160549.452571,722295458448.000000
722239207000.000000,1752160549.591798,722434685081.000000
722272527000.000000,1752160549.614347,722457233776.000000
722372490000.000000,1752160549.630965,722473852471.000000
722405812000.000000,1752160549.766054,722608941161.000000
722439135000.000000,1752160549.777982,722620868197.000000
722572419000.000000,1752160549.974467,722817354050.000000
722605740000.000000,1752160549.991408,722834294668.000000
722639062000.000000,1752160550.012838,722855724633.000000
722739027000.000000,1752160550.029176,722872061590.000000
722772348000.000000,1752160550.215866,723058754238.000000
722938955000.000000,1752160550.227667,723070553646.000000
722972276000.000000,1752160550.249483,723092370588.000000
723038920000.000000,1752160550.385077,723227964163.000000
723072242000.000000,1752160550.401917,723244803930.000000
723172205000.000000,1752160550.418686,723261573087.000000
723205527000.000000,1752160550.567831,723410718348.000000
723238849000.000000,1752160550.584339,723427226118.000000
723338811000.000000,1752160550.601200,723444087311.000000
723372135000.000000,1752160550.617593,723460479157.000000
723405457000.000000,1752160550.752358,723595245998.000000
723538741000.000000,1752160550.769066,723611954156.000000
723572063000.000000,1752160550.908075,723750962661.000000
723605385000.000000,1752160550.924840,723767727929.000000
723638706000.000000,1752160550.941412,723784298865.000000
723705348000.000000,1752160550.967871,723810757264.000000
723738670000.000000,1752160551.060897,723903784036.000000
723871956000.000000,1752160551.231607,724074495205.000000
723905278000.000000,1752160551.247959,724090846366.000000
723938599000.000000,1752160551.264410,724107296933.000000
723971920000.000000,1752160551.280832,724123718297.000000
724071884000.000000,1752160551.421176,724264062827.000000
724205170000.000000,1752160551.442961,724285848010.000000
724238491000.000000,1752160551.560379,724403266459.000000
724271815000.000000,1752160551.582159,724425046865.000000
724305134000.000000,1752160551.598999,724441886447.000000
724405099000.000000,1752160551.780717,724623605032.000000
724438421000.000000,1752160551.803024,724645910840.000000
724538383000.000000,1752160551.819343,724662229982.000000
724571705000.000000,1752160551.835674,724678561699.000000
724605027000.000000,1752160551.987837,724830724691.000000
724771633000.000000,1752160552.015667,724858554577.000000
724804954000.000000,1752160552.102246,724945133354.000000
724838277000.000000,1752160552.118999,724961885307.000000
724871598000.000000,1752160552.135675,724978561761.000000
724971562000.000000,1752160552.341471,725184358378.000000
725004883000.000000,1752160552.353133,725196020287.000000
725138168000.000000,1752160552.374853,725217739860.000000
725171490000.000000,1752160552.540535,725383422891.000000
725204813000.000000,1752160552.557462,725400348417.000000
725304776000.000000,1752160552.584848,725427735011.000000
725338098000.000000,1752160552.732842,725575729635.000000
725371419000.000000,1752160552.749346,725592233961.000000
725504705000.000000,1752160552.776527,725619413409.000000
725538027000.000000,1752160552.808479,725651365774.000000
725571349000.000000,1752160552.970624,725813511783.000000
725737954000.000000,1752160552.992386,725835273245.000000
725771277000.000000,1752160553.013904,725856791598.000000
725804598000.000000,1752160553.215127,726058014887.000000
725837921000.000000,1752160553.242088,726084974596.000000
725937884000.000000,1752160553.264048,726106935408.000000
726004526000.000000,1752160553.285411,726128297966.000000
726071170000.000000,1752160553.396545,726239432382.000000
726204455000.000000,1752160553.413309,726256196039.000000
726237777000.000000,1752160553.534850,726377736893.000000
726271099000.000000,1752160553.568124,726411011395.000000
726304419000.000000,1752160553.584449,726427335463.000000
726337741000.000000,1752160553.600660,726443546199.000000
726371062000.000000,1752160553.756045,726598932569.000000
726537669000.000000,1752160553.782999,726625886389.000000
726570991000.000000,1752160553.928194,726771081484.000000
726604313000.000000,1752160553.950057,726792944722.000000
726637635000.000000,1752160553.972377,726815264271.000000
726704275000.000000,1752160553.999157,726842043815.000000
726770918000.000000,1752160554.161904,727004791022.000000
726937525000.000000,1752160554.178528,727021415551.000000
726970848000.000000,1752160554.308098,727150985941.000000
727004169000.000000,1752160554.324439,727167325528.000000
727037492000.000000,1752160554.345879,727188766067.000000
727104132000.000000,1752160554.363391,727206286772.000000
727170777000.000000,1752160554.504479,727347367258.000000
727270743000.000000,1752160554.516295,727359183091.000000
727304062000.000000,1752160554.625529,727468416525.000000
727337384000.000000,1752160554.642299,727485186218.000000
727370706000.000000,1752160554.659222,727502109392.000000
727437347000.000000,1752160554.851083,727693970159.000000
727470669000.000000,1752160554.872880,727715766231.000000
727570632000.000000,1752160554.894425,727737312065.000000
727603955000.000000,1752160554.910846,727753731873.000000
727637276000.000000,1752160555.065177,727908065605.000000
727837204000.000000,1752160555.076864,727919750420.000000
727870525000.000000,1752160555.190773,728033660773.000000
727903847000.000000,1752160555.212376,728055263533.000000
727937169000.000000,1752160555.234643,728077529563.000000
728037132000.000000,1752160555.394439,728237326373.000000
728070454000.000000,1752160555.421386,728264272711.000000
728170417000.000000,1752160555.442993,728285879730.000000
728203740000.000000,1752160555.551414,728394301412.000000
728237061000.000000,1752160555.568413,728411300400.000000
728370346000.000000,1752160555.696242,728539130140.000000
728403670000.000000,1752160555.723140,728566027517.000000
728436991000.000000,1752160555.739625,728582511361.000000
728503633000.000000,1752160555.900941,728743828489.000000
728536954000.000000,1752160555.925610,728768497572.000000
728670239000.000000,1752160555.937388,728780274387.000000
728703562000.000000,1752160556.046997,728889884414.000000
728736883000.000000,1752160556.063937,728906824645.000000
728836847000.000000,1752160556.101691,728944578366.000000
728870170000.000000,1752160556.240739,729083625881.000000
728903492000.000000,1752160556.259140,729102027468.000000
729003454000.000000,1752160556.280728,729123614211.000000
729036775000.000000,1752160556.409896,729252784152.000000
729070097000.000000,1752160556.426735,729269621884.000000
729203381000.000000,1752160556.448778,729291665474.000000
729236704000.000000,1752160556.578015,729420902581.000000
729270027000.000000,1752160556.600508,729443395445.000000
729369990000.000000,1752160556.617405,729460292213.000000
729403311000.000000,1752160556.791189,729634076607.000000
729436633000.000000,1752160556.807945,729650831747.000000
729536597000.000000,1752160556.824412,729667298352.000000
729569919000.000000,1752160556.841174,729684061084.000000
729603241000.000000,1752160557.030630,729873517388.000000
729769846000.000000,1752160557.042312,729885198131.000000
729803168000.000000,1752160557.059309,729902195546.000000
729836490000.000000,1752160557.221658,730064545306.000000
729869811000.000000,1752160557.243840,730086726229.000000
729969776000.000000,1752160557.260139,730103025039.000000
730003098000.000000,1752160557.281893,730124779447.000000
730036419000.000000,1752160557.457227,730300114475.000000
730203025000.000000,1752160557.479154,730322041067.000000
730236347000.000000,1752160557.495936,730338822743.000000
730269669000.000000,1752160557.649143,730492030256.000000
730302991000.000000,1752160557.665800,730508686915.000000
730402954000.000000,1752160557.821968,730664855548.000000
730436276000.000000,1752160557.833538,730676424495.000000
730469597000.000000,1752160557.845375,730688261496.000000
730602882000.000000,1752160557.872329,730715215225.000000
730636203000.000000,1752160558.014258,730857145455.000000
730802810000.000000,1752160558.031505,730874391108.000000
730836132000.000000,1752160558.196009,731038896312.000000
730869454000.000000,1752160558.212920,731055807931.000000
730902776000.000000,1752160558.235143,731078030242.000000
730969417000.000000,1752160558.380650,731223538401.000000
731036060000.000000,1752160558.407218,731250104541.000000
731136024000.000000,1752160558.423816,731266703312.000000
731202667000.000000,1752160558.545020,731387907846.000000
731235989000.000000,1752160558.561793,731404680412.000000
731369275000.000000,1752160558.685465,731528352737.000000
731402597000.000000,1752160558.723160,731566046737.000000
731435917000.000000,1752160558.739853,731582739359.000000
731502561000.000000,1752160558.851562,731694449629.000000
731569203000.000000,1752160558.873937,731716824198.000000
731702489000.000000,1752160559.058999,731901885821.000000
731735811000.000000,1752160559.091356,731934242851.000000
731769132000.000000,1752160559.118011,731960897825.000000
731835773000.000000,1752160559.213567,732056455339.000000
731869096000.000000,1752160559.240831,732083718269.000000
732035704000.000000,1752160559.342402,732185289227.000000
732069026000.000000,1752160559.365155,732208041922.000000
732102347000.000000,1752160559.392448,732235335908.000000
732168989000.000000,1752160559.518902,732361789282.000000
732202312000.000000,1752160559.535699,732378586347.000000
732302274000.000000,1752160559.552400,732395287006.000000
732335598000.000000,1752160559.722771,732565658525.000000
732368919000.000000,1752160559.744279,732587165916.000000
732468882000.000000,1752160559.765822,732608709344.000000
732502204000.000000,1752160559.782498,732625384522.000000
732535525000.000000,1752160559.953435,732796322961.000000
732702132000.000000,1752160559.969934,732812820678.000000
732735454000.000000,1752160559.986605,732829492948.000000
732768774000.000000,1752160560.100771,732943658270.000000
732802097000.000000,1752160560.117416,732960303336.000000
732902060000.000000,1752160560.134134,732977021162.000000
732935383000.000000,1752160560.299718,733142605614.000000
732968705000.000000,1752160560.321841,733164728407.000000
733068672000.000000,1752160560.354657,733197544212.000000
733101989000.000000,1752160560.489633,733332520413.000000
733135311000.000000,1752160560.506431,733349317479.000000
733268597000.000000,1752160560.528880,733371767695.000000
733301918000.000000,1752160560.646173,733489060210.000000
733335241000.000000,1752160560.663355,733506242031.000000
733435203000.000000,1752160560.680118,733523004670.000000
733468525000.000000,1752160560.790713,733633600211.000000
733501848000.000000,1752160560.812894,733655781170.000000
733635133000.000000,1752160561.004452,733847339454.000000
733668454000.000000,1752160561.031310,733874197258.000000
733701775000.000000,1752160561.047987,733890873788.000000
733768418000.000000,1752160561.064498,733907385133.000000
733835061000.000000,1752160561.215696,734058584183.000000
733968346000.000000,1752160561.227448,734070335759.000000
734001668000.000000,1752160561.249244,734092131111.000000
734034989000.000000,1752160561.370228,734213115721.000000
734068312000.000000,1752160561.386974,734229861101.000000
734168274000.000000,1752160561.398637,734241524029.000000
734201597000.000000,1752160561.585726,734428613910.000000
734234919000.000000,1752160561.613573,734456459798.000000
734334882000.000000,1752160561.651246,734494133039.000000
734368204000.000000,1752160561.667941,734510827272.000000
734401525000.000000,1752160561.827673,734670561779.000000
734568132000.000000,1752160561.850087,734692974199.000000
734601456000.000000,1752160561.872479,734715366564.000000
734634777000.000000,1752160562.075269,734918156465.000000
734668098000.000000,1752160562.097253,734940140222.000000
734801382000.000000,1752160562.113572,734956459218.000000
734834704000.000000,1752160562.129938,734972824417.000000
734868025000.000000,1752160562.151355,734994241106.000000
735101275000.000000,1752160562.324111,735166998195.000000
735134596000.000000,1752160562.414547,735257434850.000000
735167918000.000000,1752160562.426267,735269154592.000000
735201239000.000000,1752160562.453002,735295888916.000000
735234561000.000000,1752160562.574008,735416895785.000000
735267883000.000000,1752160562.591189,735434076421.000000
735367845000.000000,1752160562.623654,735466541303.000000
735401167000.000000,1752160562.775810,735618697474.000000
735434489000.000000,1752160562.792293,735635179079.000000
735534451000.000000,1752160562.808556,735651442334.000000
735567774000.000000,1752160562.825452,735668338398.000000
735634417000.000000,1752160562.981975,735824862750.000000
735767702000.000000,1752160562.993528,735836414217.000000
735801024000.000000,1752160563.139966,735982852607.000000
735834346000.000000,1752160563.151910,735994796533.000000
735867667000.000000,1752160563.168570,736011457062.000000
735900989000.000000,1752160563.286998,736129885752.000000
735967630000.000000,1752160563.298615,736141501958.000000
736100916000.000000,1752160563.426602,736269489780.000000
736134238000.000000,1752160563.443088,736285976311.000000
736167561000.000000,1752160563.459805,736302691637.000000
736267524000.000000,1752160563.619624,736462511625.000000
736300846000.000000,1752160563.636294,736479180061.000000
736400810000.000000,1752160563.652936,736495823591.000000
736434132000.000000,1752160563.814371,736657258619.000000
736467455000.000000,1752160563.831241,736674128240.000000
736567416000.000000,1752160563.878484,736721370502.000000
736600738000.000000,1752160563.894831,736737717330.000000
736634061000.000000,1752160564.005951,736848838792.000000
736833988000.000000,1752160564.194199,737037086273.000000
736867310000.000000,1752160564.226174,737069061123.000000
736900631000.000000,1752160564.242188,737085076047.000000
736933952000.000000,1752160564.259810,737102696401.000000
737067238000.000000,1752160564.418939,737261826117.000000
737200524000.000000,1752160564.440354,737283240473.000000
737233846000.000000,1752160564.547775,737390663302.000000
737267169000.000000,1752160564.564491,737407377998.000000
737300489000.000000,1752160564.581008,737423894973.000000
737367130000.000000,1752160564.756734,737599620868.000000
737400452000.000000,1752160564.774472,737617358147.000000
737500417000.000000,1752160564.786052,737628938205.000000
737533738000.000000,1752160564.802512,737645398496.000000
737567060000.000000,1752160564.968875,737811762756.000000
737733666000.000000,1752160564.996769,737839655754.000000
737766989000.000000,1752160565.013625,737856513226.000000
737800310000.000000,1752160565.131814,737974700992.000000
737833632000.000000,1752160565.148649,737991536409.000000
737933595000.000000,1752160565.165232,738008118328.000000
737966917000.000000,1752160565.347842,738190729807.000000
738000239000.000000,1752160565.364726,738207612482.000000
738100203000.000000,1752160565.381315,738224202198.000000
738133524000.000000,1752160565.397753,738240639433.000000
738166846000.000000,1752160565.606421,738449308131.000000
738333452000.000000,1752160565.623682,738466569229.000000
738366774000.000000,1752160565.645531,738488417654.000000
738400096000.000000,1752160565.759756,738602644087.000000
738433418000.000000,1752160565.777092,738619979314.000000
738566702000.000000,1752160565.917045,738759932802.000000
738600023000.000000,1752160565.928530,738771417139.000000
738633347000.000000,1752160565.944628,738787515026.000000
738733309000.000000,1752160566.068692,738911579311.000000
738766632000.000000,1752160566.090704,738933591142.000000
738899916000.000000,1752160566.265964,739108851671.000000
738933239000.000000,1752160566.287787,739130674282.000000
738966559000.000000,1752160566.309840,739152726687.000000
739033202000.000000,1752160566.330905,739173791656.000000
739099844000.000000,1752160566.480754,739323641571.000000
739266452000.000000,1752160566.508091,739350978315.000000
739299773000.000000,1752160566.681587,739524474675.000000
739333095000.000000,1752160566.698187,739541073983.000000
739366416000.000000,1752160566.725573,739568460135.000000
739466380000.000000,1752160566.762392,739605278883.000000
739533024000.000000,1752160566.960557,739803445142.000000
739699630000.000000,1752160566.978060,739820948701.000000
739732954000.000000,1752160566.995899,739838787108.000000
739766275000.000000,1752160567.119891,739962778931.000000
739799597000.000000,1752160567.141781,739984667967.000000
739932881000.000000,1752160567.267249,740110135776.000000
739966204000.000000,1752160567.288981,740131868573.000000
739999524000.000000,1752160567.310604,740153490741.000000
740099487000.000000,1752160567.428303,740271190123.000000
740132809000.000000,1752160567.445049,740287936503.000000
740232773000.000000,1752160567.466240,740309127416.000000
740266096000.000000,1752160567.590350,740433236775.000000
740299416000.000000,1752160567.607060,740449947026.000000
740399380000.000000,1752160567.736066,740578954061.000000
740432702000.000000,1752160567.752838,740595724942.000000
740466025000.000000,1752160567.769241,740612128307.000000
740532666000.000000,1752160567.796681,740639568365.000000
740599310000.000000,1752160567.940979,740783866313.000000
740732596000.000000,1752160567.957856,740800742840.000000
740765917000.000000,1752160568.048383,740891269957.000000
740799239000.000000,1752160568.069912,740912798608.000000
740832560000.000000,1752160568.085983,740928870810.000000
740899203000.000000,1752160568.263478,741106364984.000000
740932525000.000000,1752160568.280394,741123281345.000000
741065809000.000000,1752160568.302314,741145200529.000000
741099131000.000000,1752160568.437318,741280204934.000000
741132453000.000000,1752160568.454293,741297180349.000000
741232416000.000000,1752160568.475724,741318611797.000000
741265739000.000000,1752160568.631551,741474438248.000000
741299060000.000000,1752160568.648361,741491248072.000000
741399023000.000000,1752160568.660166,741503052277.000000
741432345000.000000,1752160568.787298,741630184996.000000
741465666000.000000,1752160568.803990,741646876655.000000
741598951000.000000,1752160568.949776,741792663978.000000
741632273000.000000,1752160568.978373,741821260525.000000
741665596000.000000,1752160568.989960,741832846899.000000
741765558000.000000,1752160569.147267,741990154947.000000
741798882000.000000,1752160569.174164,742017051566.000000
741932167000.000000,1752160569.201760,742044646030.000000
741965489000.000000,1752160569.380543,742223430748.000000
741998810000.000000,1752160569.397436,742240323146.000000
742132094000.000000,1752160569.418892,742261778890.000000
742165417000.000000,1752160569.568259,742411147031.000000
742198739000.000000,1752160569.594981,742437868522.000000
742332023000.000000,1752160569.611310,742454196573.000000
742365345000.000000,1752160569.628239,742471125600.000000
742431988000.000000,1752160569.747128,742590015174.000000
742565274000.000000,1752160569.898149,742741036689.000000
742598595000.000000,1752160569.919910,742762797708.000000
742631916000.000000,1752160569.952196,742795082424.000000
742665236000.000000,1752160570.052148,742895035712.000000
742698558000.000000,1752160570.074648,742917535650.000000
742865166000.000000,1752160570.207404,743050291873.000000
742898488000.000000,1752160570.224782,743067667951.000000
742931809000.000000,1752160570.251694,743094582348.000000
743031772000.000000,1752160570.392916,743235804176.000000
743065094000.000000,1752160570.409454,743252340540.000000
743165059000.000000,1752160570.420963,743263849932.000000
743198379000.000000,1752160570.442966,743285852227.000000
743231702000.000000,1752160570.604643,743447530327.000000
743364987000.000000,1752160570.621865,743464751592.000000
743398308000.000000,1752160570.638235,743481121402.000000
743431630000.000000,1752160570.782104,743624992205.000000
743464952000.000000,1752160570.798851,743641737512.000000
743564916000.000000,1752160570.826717,743669604696.000000
743598237000.000000,1752160570.962205,743805092393.000000
743631559000.000000,1752160570.984291,743827177705.000000
743764843000.000000,1752160571.006631,743849518589.000000
743798166000.000000,1752160571.191486,744034373287.000000
743831489000.000000,1752160571.208283,744051169834.000000
743931452000.000000,1752160571.229706,744072592911.000000
743964774000.000000,1752160571.251379,744094264894.000000
743998096000.000000,1752160571.421468,744264355026.000000
744164701000.000000,1752160571.437721,744280609004.000000
744198023000.000000,1752160571.454324,744297210275.000000
744231345000.000000,1752160571.575426,744418313439.000000
744264667000.000000,1752160571.597477,744440363567.000000
744364630000.000000,1752160571.613898,744456785080.000000
744397953000.000000,1752160571.800863,744643749722.000000
744431274000.000000,1752160571.828016,744670901949.000000
744531238000.000000,1752160571.843963,744686849059.000000
744564560000.000000,1752160571.865467,744708352859.000000
744597881000.000000,1752160571.881812,744724698484.000000
744797809000.000000,1752160572.128908,744971797100.000000
744831131000.000000,1752160572.146510,744989396565.000000
744864453000.000000,1752160572.173361,745016248166.000000
744897775000.000000,1752160572.190037,745032923196.000000
744931097000.000000,1752160572.358871,745201758451.000000
745097700000.000000,1752160572.376053,745218940272.000000
745131023000.000000,1752160572.397686,745240573644.000000
745164345000.000000,1752160572.560385,745403273142.000000
745197667000.000000,1752160572.577204,745420092503.000000
745330951000.000000,1752160572.594292,745437179029.000000
745364273000.000000,1752160572.705833,745548720375.000000
745397595000.000000,1752160572.727787,745570673688.000000
745530880000.000000,1752160572.877255,745720141755.000000
745564202000.000000,1752160572.893794,745736680711.000000
745597522000.000000,1752160572.920651,745763537997.000000
745664165000.000000,1752160572.937157,745780043398.000000
745730809000.000000,1752160573.046880,745889769114.000000
745864093000.000000,1752160573.151666,745994553486.000000
745897416000.000000,1752160573.163823,746006710039.000000
745930737000.000000,1752160573.253282,746096169926.000000
745964058000.000000,1752160573.275048,746117935018.000000
745997380000.000000,1752160573.291793,746134680473.000000
746097345000.000000,1752160573.374919,746217805807.000000
746130666000.000000,1752160573.402019,746244906591.000000
746230631000.000000,1752160573.603740,746446626576.000000
746263952000.000000,1752160573.620272,746463159070.000000
746297273000.000000,1752160573.641347,746484233077.000000
746363915000.000000,1752160573.668150,746511036530.000000
746397236000.000000,1752160573.840458,746683345808.000000
746597166000.000000,1752160573.862565,746705451750.000000
746630488000.000000,1752160573.878974,746721861689.000000
746663809000.000000,1752160574.018864,746861751067.000000
746697131000.000000,1752160574.045813,746888700574.000000
746797094000.000000,1752160574.087864,746930751107.000000
746830420000.000000,1752160574.274408,747117294901.000000
746863738000.000000,1752160574.306620,747149507267.000000
746997023000.000000,1752160574.318381,747161267435.000000
747030344000.000000,1752160574.345309,747188195424.000000
747063666000.000000,1752160574.367023,747209909887.000000
747296916000.000000,1752160574.550871,747393758688.000000
747330238000.000000,1752160574.703697,747546584352.000000
747363559000.000000,1752160574.720530,747563416269.000000
747396881000.000000,1752160574.737311,747580198205.000000
747430202000.000000,1752160574.753612,747596498811.000000
747496844000.000000,1752160574.884996,747727883121.000000
747663451000.000000,1752160574.907888,747750774833.000000
747696774000.000000,1752160575.019859,747862746768.000000
747730094000.000000,1752160575.052313,747895199483.000000
747763416000.000000,1752160575.068674,747911559756.000000
747830058000.000000,1752160575.225021,748067907406.000000
747896701000.000000,1752160575.241451,748084337919.000000
747996664000.000000,1752160575.258219,748101106318.000000
748029986000.000000,1752160575.274387,748117274111.000000
748063309000.000000,1752160575.409104,748251992297.000000
748196593000.000000,1752160575.425834,748268721344.000000
748229915000.000000,1752160575.579495,748422381704.000000
748263238000.000000,1752160575.600974,748443860911.000000
748296558000.000000,1752160575.628234,748471120786.000000
748363201000.000000,1752160575.649802,748492688677.000000
748429843000.000000,1752160575.857752,748700639993.000000
748563130000.000000,1752160575.874087,748716974618.000000
748596451000.000000,1752160575.890712,748733599388.000000
748629772000.000000,1752160575.907124,748750011179.000000
748696414000.000000,1752160576.096648,748939534927.000000
748829700000.000000,1752160576.139811,748982698023.000000
748863022000.000000,1752160576.151232,748994118028.000000
748896343000.000000,1752160576.294126,749137012989.000000
748929665000.000000,1752160576.310359,749153246448.000000
749062950000.000000,1752160576.327240,749170128123.000000
749096273000.000000,1752160576.343563,749186449415.000000
749129594000.000000,1752160576.483900,749326787363.000000
749262880000.000000,1752160576.510749,749353636575.000000
749296202000.000000,1752160576.607443,749450330820.000000
749329524000.000000,1752160576.624261,749467148329.000000
749362845000.000000,1752160576.656535,749499422490.000000
749429488000.000000,1752160576.753651,749596538509.000000
749462810000.000000,1752160576.781072,749623959567.000000
749562771000.000000,1752160576.870722,749713609452.000000
749596096000.000000,1752160576.886930,749729817337.000000
749629416000.000000,1752160576.913769,749756655549.000000
749729381000.000000,1752160577.040827,749883714418.000000
749762702000.000000,1752160577.073260,749916146726.000000
749829343000.000000,1752160577.090143,749933030216.000000
749862666000.000000,1752160577.248682,750091569345.000000
749895988000.000000,1752160577.265094,750107982118.000000
750029273000.000000,1752160577.291814,750134701516.000000
750062596000.000000,1752160577.446388,750289275701.000000
750095915000.000000,1752160577.468668,750311554419.000000
750195879000.000000,1752160577.490630,750333516343.000000
750229202000.000000,1752160577.507394,750350279909.000000
750262523000.000000,1752160577.666844,750509731660.000000
750429130000.000000,1752160577.683716,750526603150.000000
750462452000.000000,1752160577.700493,750543380308.000000
750495773000.000000,1752160577.833487,750676374084.000000
750529095000.000000,1752160577.855765,750698652450.000000
750629058000.000000,1752160577.882735,750725623179.000000
750662380000.000000,1752160578.043714,750886601489.000000
750695702000.000000,1752160578.060719,750903605497.000000
750795664000.000000,1752160578.093004,750935890769.000000
750828988000.000000,1752160578.206179,751049066915.000000
750862308000.000000,1752160578.222888,751065775370.000000
750995594000.000000,1752160578.234396,751077282911.000000
751028916000.000000,1752160578.415315,751258202646.000000
751062237000.000000,1752160578.437024,751279911073.000000
751162200000.000000,1752160578.453435,751296321845.000000
751195523000.000000,1752160578.485385,751328271788.000000
751228844000.000000,1752160578.656173,751499060303.000000
751395450000.000000,1752160578.672835,751515721906.000000
751428772000.000000,1752160578.684432,751527319002.000000
751462093000.000000,1752160578.771092,751613979840.000000
751495415000.000000,1752160578.803208,751646095503.000000
751628702000.000000,1752160578.935030,751777917160.000000
751662023000.000000,1752160578.951700,751794587078.000000
751695344000.000000,1752160578.973430,751816317115.000000
751728664000.000000,1752160579.139337,751982224695.000000
751795308000.000000,1752160579.161300,752004187619.000000
751895271000.000000,1752160579.178048,752020934870.000000
751928594000.000000,1752160579.283294,752126181664.000000
751961915000.000000,1752160579.300194,752143080802.000000
752095200000.000000,1752160579.438622,752281509694.000000
752128523000.000000,1752160579.455586,752298472943.000000
752161844000.000000,1752160579.472145,752315032936.000000
752261808000.000000,1752160579.668927,752511814597.000000
752295130000.000000,1752160579.685265,752528152018.000000
752395093000.000000,1752160579.701723,752544609068.000000
752428415000.000000,1752160579.718004,752560890583.000000
752461736000.000000,1752160579.734270,752577156209.000000
752661664000.000000,1752160579.883295,752726181742.000000
752694987000.000000,1752160580.004424,752847311628.000000
752728309000.000000,1752160580.032174,752875060684.000000
752761629000.000000,1752160580.048172,752891058368.000000
752794951000.000000,1752160580.178171,753021059171.000000
752828273000.000000,1752160580.199760,753042647340.000000
752961557000.000000,1752160580.226593,753069479700.000000
752994880000.000000,1752160580.339785,753182672124.000000
753028201000.000000,1752160580.351429,753194316126.000000
753161486000.000000,1752160580.515781,753358668942.000000
753194809000.000000,1752160580.538195,753381082177.000000
753228130000.000000,1752160580.554250,753397136490.000000
753261450000.000000,1752160580.570689,753413576503.000000
753328093000.000000,1752160580.735046,753577933134.000000
753494700000.000000,1752160580.751838,753594724791.000000
753528022000.000000,1752160580.773046,753615933593.000000
753561343000.000000,1752160580.881922,753724809594.000000
753594666000.000000,1752160580.909112,753752020395.000000
753694629000.000000,1752160581.038767,753881654128.000000
753727951000.000000,1752160581.054762,753897648386.000000
753761272000.000000,1752160581.071243,753914129899.000000
753827914000.000000,1752160581.099411,753942297691.000000
753894557000.000000,1752160581.335327,754178215172.000000
754027842000.000000,1752160581.352345,754195232735.000000
754061165000.000000,1752160581.364005,754206891607.000000
754094486000.000000,1752160581.380663,754223549396.000000
754161127000.000000,1752160581.569399,754412285780.000000
754294414000.000000,1752160581.580890,754423777432.000000
754327735000.000000,1752160581.597547,754440433943.000000
754361057000.000000,1752160581.688572,754531459259.000000
754394378000.000000,1752160581.711582,754554469507.000000
754527663000.000000,1752160581.850462,754693348746.000000
754560986000.000000,1752160581.862127,754705013452.000000
754594308000.000000,1752160581.873560,754716447623.000000
754627629000.000000,1752160582.028365,754871252454.000000
754694272000.000000,1752160582.045295,754888181740.000000
754827557000.000000,1752160582.067050,754909937111.000000
754860880000.000000,1752160582.217746,755060633184.000000
754894201000.000000,1752160582.234513,755077399287.000000
754994163000.000000,1752160582.251814,755094702829.000000
755027486000.000000,1752160582.408837,755251724065.000000
755060808000.000000,1752160582.435646,755278534148.000000
755194092000.000000,1752160582.452107,755294994401.000000
755260736000.000000,1752160582.591902,755434788854.000000
755294058000.000000,1752160582.613688,755456576058.000000
755394020000.000000,1752160582.625451,755468338207.000000
755427343000.000000,1752160582.748597,755591484501.000000
755460665000.000000,1752160582.765110,755607996810.000000
755560627000.000000,1752160582.888255,755731142548.000000
755593951000.000000,1752160582.904534,755747421136.000000
755627273000.000000,1752160582.921745,755764632605.000000
755727236000.000000,1752160583.044413,755887301107.000000
755760558000.000000,1752160583.066293,755909180754.000000
755860527000.000000,1752160583.157029,755999916591.000000
755893844000.000000,1752160583.173968,756016855007.000000
755927166000.000000,1752160583.190735,756033621295.000000
755993807000.000000,1752160583.327434,756170320721.000000
756027129000.000000,1752160583.344078,756186965454.000000
756127092000.000000,1752160583.360812,756203698520.000000
756160414000.000000,1752160583.526901,756369787894.000000
756193736000.000000,1752160583.538682,756381569839.000000
756293698000.000000,1752160583.555365,756398251739.000000
756327021000.000000,1752160583.571904,756414790492.000000
756360342000.000000,1752160583.754748,756597635931.000000
756493629000.000000,1752160583.771407,756614294201.000000
756526950000.000000,1752160583.788044,756630930601.000000
756560271000.000000,1752160583.907659,756750546817.000000
756593593000.000000,1752160583.929861,756772747702.000000
756693556000.000000,1752160583.946481,756789367769.000000
756726881000.000000,1752160584.063600,756906487193.000000
756760200000.000000,1752160584.080425,756923311943.000000
756893485000.000000,1752160584.240600,757083487872.000000
756926808000.000000,1752160584.257763,757100650675.000000
756960129000.000000,1752160584.274036,757116922208.000000
757026772000.000000,1752160584.290345,757133232018.000000
757060093000.000000,1752160584.421664,757264550624.000000
757226700000.000000,1752160584.443250,757286137534.000000
757260021000.000000,1752160584.606856,757449743986.000000
757293344000.000000,1752160584.623657,757466544718.000000
757326665000.000000,1752160584.640571,757483458078.000000
757359986000.000000,1752160584.667440,757510326698.000000
757426628000.000000,1752160584.805043,757647930430.000000
757593235000.000000,1752160584.826779,757669665820.000000
757626558000.000000,1752160584.933394,757776281453.000000
757659880000.000000,1752160584.945389,757788277193.000000
757693200000.000000,1752160584.962852,757805738307.000000
757759842000.000000,1752160585.128657,757971544128.000000
757793165000.000000,1752160585.145439,757988326286.000000
757926449000.000000,1752160585.172359,758015246460.000000
757959771000.000000,1752160585.294699,758137586465.000000
757993093000.000000,1752160585.312621,758155508001.000000
758093064000.000000,1752160585.324144,758167030820.000000
758126378000.000000,1752160585.462448,758305335083.000000
758159700000.000000,1752160585.484324,758327211786.000000
758259663000.000000,1752160585.495997,758338882917.000000
758292985000.000000,1752160585.618101,758460988184.000000
758326306000.000000,1752160585.645147,758488034690.000000
758426271000.000000,1752160585.661752,758504638757.000000
758459593000.000000,1752160585.829316,758672202469.000000
758492915000.000000,1752160585.845656,758688542964.000000
758592877000.000000,1752160585.867615,758710501593.000000
758626199000.000000,1752160585.964536,758807424094.000000
758659521000.000000,1752160585.976243,758819130948.000000
758792807000.000000,1752160586.135189,758978076962.000000
758826129000.000000,1752160586.157366,759000252940.000000
758859449000.000000,1752160586.173923,759016809748.000000
758892771000.000000,1752160586.190591,759033478111.000000
758959413000.000000,1752160586.341316,759184204443.000000
759126020000.000000,1752160586.368302,759211189413.000000
759159343000.000000,1752160586.471732,759314620780.000000
759192664000.000000,1752160586.494040,759336926534.000000
759225986000.000000,1752160586.515911,759358798515.000000
759292628000.000000,1752160586.621691,759464578749.000000
759325950000.000000,1752160586.643981,759486867892.000000
759425914000.000000,1752160586.750310,759593196751.000000
759459236000.000000,1752160586.767033,759609919779.000000
759492558000.000000,1752160586.783722,759626609346.000000
759592520000.000000,1752160586.923300,759766187930.000000
759625842000.000000,1752160586.945874,759788760516.000000
759725806000.000000,1752160586.967007,759809894244.000000
759759128000.000000,1752160587.090190,759933077908.000000
759792450000.000000,1752160587.117703,759960589743.000000
759892416000.000000,1752160587.206825,760049711947.000000
759925736000.000000,1752160587.228440,760071326227.000000
759959057000.000000,1752160587.245197,760088084348.000000
760059021000.000000,1752160587.386809,760229697450.000000
760092343000.000000,1752160587.408983,760251870558.000000
760192308000.000000,1752160587.513588,760356475025.000000
760225629000.000000,1752160587.535129,760378015990.000000
760258952000.000000,1752160587.557612,760400499335.000000
760358914000.000000,1752160587.675377,760518265327.000000
760392236000.000000,1752160587.697756,760540643155.000000
760492199000.000000,1752160587.840787,760683674356.000000
760525522000.000000,1752160587.857710,760700597327.000000
760558843000.000000,1752160587.874094,760716981396.000000
760625484000.000000,1752160587.895142,760738027755.000000
760658806000.000000,1752160588.068320,760911207489.000000
760825412000.000000,1752160588.090525,760933412003.000000
760858735000.000000,1752160588.194003,761036890907.000000
760892056000.000000,1752160588.215752,761058638907.000000
760925377000.000000,1752160588.237215,761080102632.000000
761025341000.000000,1752160588.367015,761209902549.000000
761058664000.000000,1752160588.389247,761232133841.000000
761158626000.000000,1752160588.405790,761248676483.000000
761191950000.000000,1752160588.527959,761370846248.000000
761225270000.000000,1752160588.539352,761382238920.000000
761325234000.000000,1752160588.645219,761488106671.000000
761358556000.000000,1752160588.667130,761510017207.000000
761391877000.000000,1752160588.678935,761521822004.000000
761491843000.000000,1752160588.806832,761649719827.000000
761525165000.000000,1752160588.823813,761666700391.000000
761591804000.000000,1752160588.845543,761688430336.000000
761625127000.000000,1752160588.974321,761817208503.000000
761658450000.000000,1752160589.001934,761844821726.000000
761758413000.000000,1752160589.018856,761861743679.000000
761791735000.000000,1752160589.166584,762009471484.000000
761825057000.000000,1752160589.189084,762031970255.000000
761925020000.000000,1752160589.200508,762043395685.000000
761958342000.000000,1752160589.217501,762060387786.000000
761991663000.000000,1752160589.413546,762256433213.000000
762158269000.000000,1752160589.435629,762278515414.000000
762191592000.000000,1752160589.452538,762295425163.000000
762224914000.000000,1752160589.602888,762445775666.000000
762258235000.000000,1752160589.614499,762457385946.000000
762391520000.000000,1752160589.647060,762489946808.000000
762424841000.000000,1752160589.803030,762645917684.000000
762458165000.000000,1752160589.819937,762662824156.000000
762558126000.000000,1752160589.841561,762684447194.000000
762591449000.000000,1752160589.985247,762828135185.000000
762624771000.000000,1752160590.001801,762844688826.000000
762758055000.000000,1752160590.034275,762877161782.000000
762791378000.000000,1752160590.199468,763042356090.000000
762824699000.000000,1752160590.227324,763070210571.000000
762957985000.000000,1752160590.254185,763097071783.000000
762991307000.000000,1752160590.281047,763123934087.000000
763024628000.000000,1752160590.485933,763328819746.000000
763191233000.000000,1752160590.502737,763345623941.000000
763224556000.000000,1752160590.529665,763372551578.000000
763257877000.000000,1752160590.677892,763520779767.000000
763291199000.000000,1752160590.694503,763537390779.000000
763457806000.000000,1752160590.711147,763554034438.000000
763491128000.000000,1752160590.890111,763732999117.000000
763524450000.000000,1752160590.912379,763755265909.000000
763657734000.000000,1752160590.944785,763787671921.000000
763691056000.000000,1752160591.031472,763874359333.000000
763724378000.000000,1752160591.054194,763897081158.000000
763857663000.000000,1752160591.158688,764001575459.000000
763890985000.000000,1752160591.175194,764018081175.000000
763924306000.000000,1752160591.196821,764039707251.000000
763990949000.000000,1752160591.379569,764222455784.000000
764024271000.000000,1752160591.396327,764239213164.000000
764124234000.000000,1752160591.417500,764260386800.000000
764157556000.000000,1752160591.443936,764286822904.000000
764190878000.000000,1752160591.588313,764431199962.000000
764357485000.000000,1752160591.610599,764453486162.000000
764390806000.000000,1752160591.642964,764485851637.000000
764424128000.000000,1752160591.829131,764672018656.000000
764457449000.000000,1752160591.851092,764693978396.000000
764557413000.000000,1752160591.867546,764710431834.000000
764590735000.000000,1752160591.883758,764726644257.000000
764624056000.000000,1752160592.033051,764875938473.000000
764823984000.000000,1752160592.050308,764893195404.000000
764857307000.000000,1752160592.260971,765103858269.000000
764890627000.000000,1752160592.282851,765125738175.000000
764923949000.000000,1752160592.314873,765157759617.000000
764990591000.000000,1752160592.341238,765184125259.000000
765090555000.000000,1752160592.513443,765356330650.000000
765257162000.000000,1752160592.535969,765378858199.000000
765290486000.000000,1752160592.671000,765513887511.000000
765323807000.000000,1752160592.687658,765530544762.000000
765357131000.000000,1752160592.709220,765552107376.000000
765523734000.000000,1752160592.921039,765763926618.000000
765557057000.000000,1752160592.937756,765780642629.000000
765657019000.000000,1752160592.964786,765807672691.000000
765690341000.000000,1752160593.110851,765953738104.000000
765723664000.000000,1752160593.127463,765970350282.000000
765890269000.000000,1752160593.149419,765992305799.000000
765923591000.000000,1752160593.306728,766149615847.000000
765956912000.000000,1752160593.338921,766181808213.000000
766056875000.000000,1752160593.355184,766198071043.000000
766090198000.000000,1752160593.371485,766214371687.000000
766123520000.000000,1752160593.538279,766381166776.000000
766290126000.000000,1752160593.554945,766397832083.000000
766323448000.000000,1752160593.582544,766425430899.000000
766356770000.000000,1752160593.672542,766515429484.000000
766390092000.000000,1752160593.694510,766537396186.000000
766490055000.000000,1752160593.789787,766632674907.000000
766523377000.000000,1752160593.811503,766654388778.000000
766556700000.000000,1752160593.833105,766675992021.000000
766656663000.000000,1752160593.973551,766816437708.000000
766689984000.000000,1752160593.995512,766838399373.000000
766789947000.000000,1752160594.166992,767009879289.000000
766823270000.000000,1752160594.194467,767037353403.000000
766856592000.000000,1752160594.216005,767058891442.000000
766956554000.000000,1752160594.237370,767080257242.000000
766989877000.000000,1752160594.439827,767282714647.000000
767156484000.000000,1752160594.461562,767304448462.000000
767189805000.000000,1752160594.473321,767316207797.000000
767223127000.000000,1752160594.489675,767332562181.000000
767256448000.000000,1752160594.657900,767500787090.000000
767423055000.000000,1752160594.674860,767517747709.000000
767456376000.000000,1752160594.803953,767646840873.000000
767489698000.000000,1752160594.821163,767664050749.000000
767523020000.000000,1752160594.837824,767680710520.000000
767622983000.000000,1752160594.983450,767826337585.000000
767656305000.000000,1752160595.000621,767843508517.000000
767756268000.000000,1752160595.022856,767865743087.000000
767789591000.000000,1752160595.219719,768062606340.000000
767822912000.000000,1752160595.231210,768074096603.000000
767922876000.000000,1752160595.252651,768095537680.000000
767989521000.000000,1752160595.368645,768211533688.000000
768022841000.000000,1752160595.390615,768233502594.000000
768189449000.000000,1752160595.541380,768384267741.000000
768222770000.000000,1752160595.558240,768401126935.000000
768256090000.000000,1752160595.579663,768422549605.000000
768356056000.000000,1752160595.700548,768543435735.000000
768422698000.000000,1752160595.717909,768560796498.000000
768522662000.000000,1752160595.817670,768660558214.000000
768555984000.000000,1752160595.850114,768693001430.000000
768589306000.000000,1752160595.871653,768714539210.000000
768622627000.000000,1752160595.996151,768839038713.000000
768655948000.000000,1752160596.018296,768861183136.000000
768822555000.000000,1752160596.163074,769005961097.000000
768855877000.000000,1752160596.185777,769028664144.000000
768889199000.000000,1752160596.202756,769045644282.000000
768989161000.000000,1752160596.340487,769183374810.000000
769022484000.000000,1752160596.357151,769200037265.000000
769122447000.000000,1752160596.373698,769216586518.000000
769155770000.000000,1752160596.497400,769340287788.000000
769189092000.000000,1752160596.530238,769373125610.000000
769289054000.000000,1752160596.546802,769389688585.000000
769322376000.000000,1752160596.691733,769534620657.000000
769355698000.000000,1752160596.718797,769561684404.000000
769488983000.000000,1752160596.734876,769577763346.000000
769522306000.000000,1752160596.921226,769764113216.000000
769555627000.000000,1752160596.932840,769775726052.000000
769655590000.000000,1752160596.954462,769797348942.000000
769688913000.000000,1752160597.077345,769920232794.000000
769722234000.000000,1752160597.094036,769936922712.000000
769855519000.000000,1752160597.110843,769953729981.000000
769888841000.000000,1752160597.266361,770109247546.000000
769922163000.000000,1752160597.282809,770125695003.000000
770022127000.000000,1752160597.309788,770152674733.000000
770055453000.000000,1752160597.326482,770169368891.000000
770122091000.000000,1752160597.481797,770324684218.000000
770255376000.000000,1752160597.498501,770341388765.000000
770288698000.000000,1752160597.616735,770459622531.000000
770322020000.000000,1752160597.633095,770475982748.000000
770355341000.000000,1752160597.654701,770497588065.000000
770455304000.000000,1752160597.811651,770654538746.000000
770488628000.000000,1752160597.823660,770666547523.000000
770588591000.000000,1752160597.840182,770683069461.000000
770621912000.000000,1752160598.004152,770847039799.000000
770655233000.000000,1752160598.020948,770863835883.000000
770755196000.000000,1752160598.037376,770880263655.000000
770788518000.000000,1752160598.131033,770973920632.000000
770821840000.000000,1752160598.147678,770990566124.000000
770955125000.000000,1752160598.297557,771140444001.000000
770988447000.000000,1752160598.325064,771167951170.000000
771021769000.000000,1752160598.347014,771189901020.000000
771121733000.000000,1752160598.457530,771300417988.000000
771155055000.000000,1752160598.474216,771317104109.000000
771288339000.000000,1752160598.641010,771483897236.000000
771321661000.000000,1752160598.657717,771500604302.000000
771354983000.000000,1752160598.679956,771522843372.000000
771421624000.000000,1752160598.696403,771539290533.000000
771488268000.000000,1752160598.884114,771727001390.000000
771621553000.000000,1752160598.900902,771743789474.000000
771654875000.000000,1752160598.928889,771771775860.000000
771688196000.000000,1752160599.048783,771891670851.000000
771721519000.000000,1752160599.060797,771903684128.000000
771854803000.000000,1752160599.175376,772018263223.000000
771888125000.000000,1752160599.192117,772035003641.000000
771921448000.000000,1752160599.208332,772051218730.000000
771988089000.000000,1752160599.224626,772067512411.000000
772054733000.000000,1752160599.384146,772227034087.000000
772154697000.000000,1752160599.395906,772238793681.000000
772188019000.000000,1752160599.485810,772328697600.000000
772221340000.000000,1752160599.507640,772350527063.000000
772254662000.000000,1752160599.534775,772377662883.000000
772354626000.000000,1752160599.674492,772517379892.000000
772387948000.000000,1752160599.691386,772534272642.000000
772487910000.000000,1752160599.820843,772663730061.000000
772521234000.000000,1752160599.847815,772690701309.000000
772554555000.000000,1752160599.875001,772717888815.000000
772621197000.000000,1752160599.897098,772739984201.000000
772687839000.000000,1752160600.037368,772880255593.000000
772821125000.000000,1752160600.069583,772912470626.000000
772854448000.000000,1752160600.221275,773064162930.000000
772887769000.000000,1752160600.243491,773086377426.000000
772921090000.000000,1752160600.259711,773102596867.000000
773021054000.000000,1752160600.286675,773129561597.000000
773054377000.000000,1752160600.506105,773348992768.000000
773220982000.000000,1752160600.527903,773370790139.000000
773254305000.000000,1752160600.544318,773387204522.000000
773287625000.000000,1752160600.681108,773523996300.000000
773320946000.000000,1752160600.708631,773551518098.000000
773454232000.000000,1752160600.725186,773568072610.000000
773487553000.000000,1752160600.860252,773703139699.000000
773520874000.000000,1752160600.872258,773715144717.000000
773654160000.000000,1752160600.888976,773731862801.000000
773687482000.000000,1752160601.055892,773898779556.000000
773720806000.000000,1752160601.067554,773910441799.000000
773820767000.000000,1752160601.084057,773926944071.000000
773854090000.000000,1752160601.190352,774033239726.000000
773887411000.000000,1752160601.212819,774055706793.000000
774020696000.000000,1752160601.392484,774235371337.000000
774054018000.000000,1752160601.409370,774252257364.000000
774087339000.000000,1752160601.421104,774263990365.000000
774153982000.000000,1752160601.442730,774285615774.000000
774220626000.000000,1752160601.640795,774483681757.000000
774387232000.000000,1752160601.662395,774505281684.000000
774420555000.000000,1752160601.683762,774526648800.000000
774453875000.000000,1752160601.828220,774671107764.000000
774487198000.000000,1752160601.844913,774687799627.000000
774587161000.000000,1752160601.871682,774714568543.000000
774620483000.000000,1752160602.034761,774877647871.000000
774653804000.000000,1752160602.057604,774900489991.000000
774787090000.000000,1752160602.089929,774932815152.000000
774820413000.000000,1752160602.106252,774949139147.000000
774853732000.000000,1752160602.287268,775130155641.000000
775020340000.000000,1752160602.303827,775146713486.000000
775053662000.000000,1752160602.325452,775168339228.000000
775086982000.000000,1752160602.464353,775307241116.000000
775120303000.000000,1752160602.481246,775324133161.000000
775286911000.000000,1752160602.616262,775459150788.000000
775320233000.000000,1752160602.633691,775476578440.000000
775353554000.000000,1752160602.655621,775498507772.000000
775420198000.000000,1752160602.851291,775694178314.000000
775486840000.000000,1752160602.868132,775711018546.000000
775586803000.000000,1752160602.900271,775743157838.000000
775620126000.000000,1752160602.921744,775764630915.000000
775653447000.000000,1752160603.091694,775934581234.000000
775853376000.000000,1752160603.114054,775956941840.000000
775886697000.000000,1752160603.223899,776066786369.000000
775920018000.000000,1752160603.240333,776083220382.000000
775953340000.000000,1752160603.257270,776100157316.000000
776053303000.000000,1752160603.397065,776239952806.000000
776086626000.000000,1752160603.424373,776267260644.000000
776186589000.000000,1752160603.446044,776288931256.000000
776219911000.000000,1752160603.574121,776417008226.000000
776253233000.000000,1752160603.585539,776428425952.000000
776386518000.000000,1752160603.752366,776595253689.000000
776419839000.000000,1752160603.768662,776611548815.000000
776453161000.000000,1752160603.785682,776628569119.000000
776553124000.000000,1752160603.807306,776650192176.000000
776586448000.000000,1752160603.958084,776800971489.000000
776719732000.000000,1752160603.969868,776812755379.000000
776753054000.000000,1752160603.991797,776834684044.000000
776786375000.000000,1752160604.131122,776974009835.000000
776819698000.000000,1752160604.147919,776990805715.000000
776919660000.000000,1752160604.159266,777002152535.000000
776952982000.000000,1752160604.347202,777190089760.000000
776986304000.000000,1752160604.363951,777206838011.000000
777086268000.000000,1752160604.380115,777223001341.000000
777119589000.000000,1752160604.401735,777244621028.000000
777152911000.000000,1752160604.561396,777404283869.000000
777319517000.000000,1752160604.573250,777416137184.000000
777352840000.000000,1752160604.589712,777432598697.000000
777386161000.000000,1752160604.772372,777615259361.000000
777419481000.000000,1752160604.793998,777636884788.000000
777519445000.000000,1752160604.810545,777653432059.000000
777552768000.000000,1752160604.832038,777674924266.000000
777586089000.000000,1752160604.935480,777778367373.000000
777752696000.000000,1752160605.063802,777906689322.000000
777786019000.000000,1752160605.081171,777924058660.000000
777819339000.000000,1752160605.097799,777940685708.000000
777852661000.000000,1752160605.119689,777962575429.000000
777885982000.000000,1752160605.307171,778150059251.000000
778052587000.000000,1752160605.323592,778166478691.000000
778085909000.000000,1752160605.345749,778188636409.000000
778119233000.000000,1752160605.487694,778330581361.000000
778152554000.000000,1752160605.504210,778347097317.000000
778285838000.000000,1752160605.525636,778368522987.000000
778319163000.000000,1752160605.643636,778486523107.000000
778352484000.000000,1752160605.660596,778503483967.000000
778452446000.000000,1752160605.786306,778629193274.000000
778485768000.000000,1752160605.803347,778646233948.000000
778519090000.000000,1752160605.831072,778673959151.000000
778619053000.000000,1752160605.948839,778791726755.000000
778652376000.000000,1752160605.970691,778813578643.000000
778752339000.000000,1752160605.986989,778829875083.000000
778785661000.000000,1752160606.187006,779029893010.000000
778818983000.000000,1752160606.208652,779051539141.000000
778918944000.000000,1752160606.230172,779073058829.000000
778952268000.000000,1752160606.246884,779089770506.000000
778985589000.000000,1752160606.421690,779264577669.000000
779152195000.000000,1752160606.443465,779286352484.000000
779185518000.000000,1752160606.459433,779302319742.000000
779252160000.000000,1752160606.646625,779489512807.000000
779285482000.000000,1752160606.668645,779511532602.000000
779385444000.000000,1752160606.685499,779528385870.000000
779418767000.000000,1752160606.701836,779544722366.000000
779452089000.000000,1752160606.906740,779749627673.000000
779618695000.000000,1752160606.929148,779772034686.000000
779652018000.000000,1752160606.950592,779793478744.000000
779685337000.000000,1752160606.966906,779809793111.000000
779718661000.000000,1752160607.109532,779952419018.000000
779885267000.000000,1752160607.126009,779968895846.000000
779918590000.000000,1752160607.291793,780134679963.000000
779951909000.000000,1752160607.313942,780156829441.000000
779985232000.000000,1752160607.330319,780173206529.000000
780118517000.000000,1752160607.431850,780274738062.000000
780151839000.000000,1752160607.453797,780296683616.000000
780285124000.000000,1752160607.608664,780451550668.000000
780318446000.000000,1752160607.625443,780468329678.000000
780351768000.000000,1752160607.647221,780490108067.000000
780385088000.000000,1752160607.663956,780506842578.000000
780418410000.000000,1752160607.837823,780680710156.000000
780585018000.000000,1752160607.844698,780687584611.000000
780618338000.000000,1752160607.872730,780715617645.000000
780651660000.000000,1752160607.994377,780837265008.000000
780684982000.000000,1752160608.010987,780853873927.000000
780818266000.000000,1752160608.143302,780986188709.000000
780851588000.000000,1752160608.160074,781002961515.000000
780884909000.000000,1752160608.177060,781019946671.000000
780984873000.000000,1752160608.333815,781176703299.000000
781018196000.000000,1752160608.345608,781188495689.000000
781118160000.000000,1752160608.362366,781205253014.000000
781151480000.000000,1752160608.543734,781386620874.000000
781184803000.000000,1752160608.565266,781408153284.000000
781284765000.000000,1752160608.582062,781424948886.000000
781318087000.000000,1752160608.609207,781452093929.000000
781384731000.000000,1752160608.723700,781566587340.000000
781551338000.000000,1752160608.894063,781736951693.000000
781584660000.000000,1752160608.916279,781759166300.000000
781617981000.000000,1752160608.932837,781775724015.000000
781651302000.000000,1752160608.959740,781802627727.000000
781717944000.000000,1752160609.150728,781993614812.000000
781884552000.000000,1752160609.167787,782010673949.000000
781917874000.000000,1752160609.260003,782102891273.000000
781951197000.000000,1752160609.276710,782119596746.000000
781984517000.000000,1752160609.303812,782146704752.000000
782084481000.000000,1752160609.487180,782330067613.000000
782117803000.000000,1752160609.504027,782346914233.000000
782217766000.000000,1752160609.530732,782373619261.000000
782251088000.000000,1752160609.627740,782470627540.000000
782284410000.000000,1752160609.644538,782487424975.000000
782451017000.000000,1752160609.838426,782681313274.000000
782484338000.000000,1752160609.855204,782698090747.000000
782517659000.000000,1752160609.872823,782715710916.000000
782617623000.000000,1752160609.894367,782737254233.000000
782684267000.000000,1752160610.027265,782870152491.000000
782817552000.000000,1752160610.044029,782886916316.000000
782850874000.000000,1752160610.151153,782994039926.000000
782884196000.000000,1752160610.168037,783010924750.000000
782917517000.000000,1752160610.189845,783032732175.000000
782950839000.000000,1752160610.285438,783128326078.000000
782984160000.000000,1752160610.302109,783144996015.000000
783117453000.000000,1752160610.440894,783283781051.000000
783150768000.000000,1752160610.457536,783300422100.000000
783184088000.000000,1752160610.474600,783317487199.000000
783217410000.000000,1752160610.491189,783334076341.000000
783284052000.000000,1752160610.621347,783464234013.000000
783417337000.000000,1752160610.637818,783480705452.000000
783450659000.000000,1752160610.762352,783605240306.000000
783483981000.000000,1752160610.784151,783627038103.000000
783517301000.000000,1752160610.925742,783768629002.000000
783550622000.000000,1752160610.942157,783785043570.000000
783583945000.000000,1752160610.964060,783806947199.000000
783717229000.000000,1752160610.980939,783823825801.000000
783783873000.000000,1752160611.152341,783995228643.000000
783917158000.000000,1752160611.169155,784012042097.000000
783950480000.000000,1752160611.180579,784023466157.000000
783983801000.000000,1752160611.300055,784142941559.000000
784017124000.000000,1752160611.316988,784159875734.000000
784117088000.000000,1752160611.467317,784310203903.000000
784150411000.000000,1752160611.484036,784326922377.000000
784183731000.000000,1752160611.500745,784343632091.000000
784283694000.000000,1752160611.675519,784518407069.000000
784317018000.000000,1752160611.702284,784545170226.000000
784416980000.000000,1752160611.729337,784572223843.000000
784450304000.000000,1752160611.889301,784732187941.000000
784483624000.000000,1752160611.911500,784754387160.000000
784650230000.000000,1752160611.932776,784775663016.000000
784683552000.000000,1752160611.949200,784792087215.000000
784716874000.000000,1752160612.118730,784961617278.000000
784883480000.000000,1752160612.140352,784983238891.000000
784916802000.000000,1752160612.162228,785005115631.000000
784950124000.000000,1752160612.317799,785160686788.000000
784983446000.000000,1752160612.344222,785187108856.000000
785083409000.000000,1752160612.365628,785208514175.000000
785116731000.000000,1752160612.481225,785324112317.000000
785150052000.000000,1752160612.498032,785340919419.000000
785283338000.000000,1752160612.509705,785352592050.000000
785316659000.000000,1752160612.669056,785511943450.000000
785349981000.000000,1752160612.696946,785539833949.000000
785449944000.000000,1752160612.713737,785556623366.000000
785483266000.000000,1752160612.826983,785669872548.000000
785516588000.000000,1752160612.844404,785687291219.000000
785649874000.000000,1752160612.976184,785819070932.000000
785683196000.000000,1752160612.992855,785835742350.000000
785716516000.000000,1752160613.009307,785852193863.000000
785783159000.000000,1752160613.111848,785954735423.000000
785816481000.000000,1752160613.133098,785975984947.000000
785949766000.000000,1752160613.277159,786120046230.000000
785983088000.000000,1752160613.299529,786142416002.000000
786016409000.000000,1752160613.321809,786164696053.000000
786083051000.000000,1752160613.472028,786314915335.000000
786116374000.000000,1752160613.493682,786336569855.000000
786249659000.000000,1752160613.515559,786358446613.000000
786282981000.000000,1752160613.666712,786509600089.000000
786316303000.000000,1752160613.688546,786531432237.000000
786416266000.000000,1752160613.704946,786547832399.000000
786449587000.000000,1752160613.732087,786574973775.000000
786482909000.000000,1752160613.841915,786684803322.000000
786649515000.000000,1752160613.956922,786799809785.000000
786682838000.000000,1752160613.974222,786817109141.000000
786716159000.000000,1752160614.001145,786844031556.000000
786749481000.000000,1752160614.017133,786860019463.000000
786782802000.000000,1752160614.169809,787012696480.000000
786949408000.000000,1752160614.192193,787035079956.000000
786982731000.000000,1752160614.288019,787130906616.000000
787016053000.000000,1752160614.310234,787153121020.000000
787049374000.000000,1752160614.326824,787169711568.000000
787116016000.000000,1752160614.487105,787329992496.000000
787149338000.000000,1752160614.509092,787351978365.000000
787282623000.000000,1752160614.520897,787363784014.000000
787315945000.000000,1752160614.664797,787507684465.000000
787349266000.000000,1752160614.681823,787524709769.000000
787449230000.000000,1752160614.703941,787546828081.000000
787482553000.000000,1752160614.855138,787698025686.000000
787515874000.000000,1752160614.887368,787730254145.000000
787615837000.000000,1752160614.908941,787751827906.000000
787649159000.000000,1752160614.925750,787768636434.000000
787682481000.000000,1752160615.111487,787954374606.000000
787849087000.000000,1752160615.127893,787970780619.000000
787882409000.000000,1752160615.139627,787982513954.000000
787915731000.000000,1752160615.251697,788094584721.000000
787949051000.000000,1752160615.268440,788111327250.000000
788049015000.000000,1752160615.274896,788117783078.000000
788082337000.000000,1752160615.385165,788228052955.000000
788115660000.000000,1752160615.402166,788245053130.000000
788215624000.000000,1752160615.566622,788409508759.000000
788248945000.000000,1752160615.583478,788426364639.000000
788282266000.000000,1752160615.605287,788448173194.000000
788315587000.000000,1752160615.632044,788474930000.000000
788382229000.000000,1752160615.774886,788617773535.000000
788548838000.000000,1752160615.801706,788644592914.000000
788582159000.000000,1752160615.939146,788782033482.000000
788615481000.000000,1752160615.961236,788804122812.000000
788648803000.000000,1752160615.977591,788820477659.000000
788715444000.000000,1752160616.110660,788953547805.000000
788748765000.000000,1752160616.132592,788975479507.000000
788915373000.000000,1752160616.149284,788992171073.000000
788948696000.000000,1752160616.298655,789141543066.000000
788982017000.000000,1752160616.315409,789158295632.000000
789081979000.000000,1752160616.331856,789174743700.000000
789115302000.000000,1752160616.439396,789282283807.000000
789148624000.000000,1752160616.461046,789303933252.000000
789248587000.000000,1752160616.483036,789325922991.000000
789281913000.000000,1752160616.645576,789488463435.000000
789315231000.000000,1752160616.661942,789504829745.000000
789415194000.000000,1752160616.678793,789521680032.000000
789448515000.000000,1752160616.700368,789543255386.000000
789481838000.000000,1752160616.834457,789677344633.000000
789615123000.000000,1752160616.851295,789694181068.000000
789648444000.000000,1752160616.973075,789815962523.000000
789681767000.000000,1752160616.989502,789832389462.000000
789715088000.000000,1752160617.006517,789849404173.000000
789815051000.000000,1752160617.145232,789988119543.000000
789848374000.000000,1752160617.166975,790009863137.000000
789948337000.000000,1752160617.183511,790026397778.000000
789981658000.000000,1752160617.318566,790161453757.000000
790014980000.000000,1752160617.335150,790178036898.000000
790114944000.000000,1752160617.352013,790194900055.000000
790148266000.000000,1752160617.464183,790307070859.000000
790181588000.000000,1752160617.475647,790318534196.000000
790281551000.000000,1752160617.597274,790440161171.000000
790314873000.000000,1752160617.613697,790456583313.000000
790348195000.000000,1752160617.640728,790483615283.000000
790448158000.000000,1752160617.794914,790637800861.000000
790481480000.000000,1752160617.832530,790675416750.000000
790548121000.000000,1752160617.854855,790697742949.000000
790614765000.000000,1752160617.971005,790813891974.000000
790648087000.000000,1752160617.988048,790830935167.000000
790781373000.000000,1752160618.109148,790952035646.000000
790814694000.000000,1752160618.120730,790963616945.000000
790848016000.000000,1752160618.137585,790980471862.000000
790947980000.000000,1752160618.319867,791162754825.000000
790981302000.000000,1752160618.341884,791184771397.000000
791081265000.000000,1752160618.358943,791201830256.000000
791114587000.000000,1752160618.460622,791303509343.000000
791147909000.000000,1752160618.477508,791320394685.000000
791281194000.000000,1752160618.622616,791465503829.000000
791314515000.000000,1752160618.639920,791482807204.000000
791347836000.000000,1752160618.666781,791509667620.000000
791381158000.000000,1752160618.683001,791525887191.000000
791447801000.000000,1752160618.821615,791664502543.000000
791614409000.000000,1752160618.833659,791676546671.000000
791647730000.000000,1752160618.953390,791796278127.000000
791681052000.000000,1752160618.970214,791813101247.000000
791714374000.000000,1752160618.987531,791830417382.000000
791781016000.000000,1752160619.108928,791951815580.000000
791814337000.000000,1752160619.141060,791983947410.000000
791914302000.000000,1752160619.152663,791995549301.000000
791947624000.000000,1752160619.296278,792139165996.000000
791980945000.000000,1752160619.317834,792160720665.000000
792080908000.000000,1752160619.334378,792177264844.000000
792114231000.000000,1752160619.495822,792338709557.000000
792147552000.000000,1752160619.512591,792355478697.000000
792280837000.000000,1752160619.539575,792382462204.000000
792314159000.000000,1752160619.685978,792528865558.000000
792347479000.000000,1752160619.702810,792545696956.000000
792447444000.000000,1752160619.729638,792572525354.000000
792480765000.000000,1752160619.746012,792588898793.000000
792514087000.000000,1752160619.941539,792784426540.000000
792680693000.000000,1752160619.958228,792801115439.000000
792714016000.000000,1752160619.985523,792828409388.000000
792747337000.000000,1752160620.088526,792931413333.000000
792780659000.000000,1752160620.105032,792947919327.000000
792913944000.000000,1752160620.217052,793059939595.000000
792947265000.000000,1752160620.234134,793077021398.000000
792980586000.000000,1752160620.255647,793098534049.000000
793047229000.000000,1752160620.388759,793231646564.000000
793080551000.000000,1752160620.405522,793248409111.000000
793180515000.000000,1752160620.421986,793264873068.000000
793213837000.000000,1752160620.577877,793420764371.000000
793247159000.000000,1752160620.599290,793442177022.000000
793347122000.000000,1752160620.610682,793453569583.000000
793413764000.000000,1752160620.723100,793565987384.000000
793447087000.000000,1752160620.744827,793587714514.000000
793547051000.000000,1752160620.874929,793717816817.000000
793580373000.000000,1752160620.891425,793734312607.000000
793613694000.000000,1752160620.908155,793751042080.000000
793680337000.000000,1752160620.935058,793777945033.000000
793713659000.000000,1752160621.112129,793955016767.000000
793846944000.000000,1752160621.118721,793961607594.000000
793880267000.000000,1752160621.140887,793983773924.000000
793913587000.000000,1752160621.261411,794104299279.000000
793946909000.000000,1752160621.288953,794131840545.000000
794046873000.000000,1752160621.305840,794148727002.000000
794080196000.000000,1752160621.399001,794241887798.000000
794113516000.000000,1752160621.420722,794263609118.000000
794246802000.000000,1752160621.615669,794458555484.000000
794280123000.000000,1752160621.638313,794481200110.000000
794313444000.000000,1752160621.654465,794497351296.000000
794413407000.000000,1752160621.681320,794524206143.000000
794446730000.000000,1752160621.848012,794690899396.000000
794613335000.000000,1752160621.859602,794702489142.000000
794646659000.000000,1752160621.977331,794820218862.000000
794679981000.000000,1752160621.998902,794841788127.000000
794713302000.000000,1752160622.015416,794858302291.000000
794779944000.000000,1752160622.163803,795006691508.000000
794846587000.000000,1752160622.185499,795028386162.000000
794946550000.000000,1752160622.202507,795045394006.000000
794979873000.000000,1752160622.338988,795181874777.000000
795013195000.000000,1752160622.355553,795198440607.000000
795113157000.000000,1752160622.377722,795220609145.000000
795146480000.000000,1752160622.404866,795247753063.000000
795179802000.000000,1752160622.546013,795388901180.000000
795346409000.000000,1752160622.562428,795405316437.000000
795379731000.000000,1752160622.727290,795570176948.000000
795413052000.000000,1752160622.743930,795586816777.000000
795446372000.000000,1752160622.765724,795608610170.000000
795479693000.000000,1752160622.781969,795624855892.000000
795546335000.000000,1752160622.973092,795815980496.000000
795712943000.000000,1752160623.000715,795843603188.000000
795746264000.000000,1752160623.017872,795860759328.000000
795779586000.000000,1752160623.153196,795996082849.000000
795812908000.000000,1752160623.169860,796012747049.000000
795946193000.000000,1752160623.191645,796034531942.000000
795979515000.000000,1752160623.331306,796174193184.000000
796012837000.000000,1752160623.353142,796196028188.000000
796112801000.000000,1752160623.369736,796212622517.000000
796146123000.000000,1752160623.486676,796329564115.000000
796179444000.000000,1752160623.508772,796351659931.000000
796312729000.000000,1752160623.669226,796512113945.000000
796346051000.000000,1752160623.685353,796528239298.000000
796379372000.000000,1752160623.712207,796555093256.000000
796412693000.000000,1752160623.733211,796576097397.000000
796446015000.000000,1752160623.926979,796769866922.000000
796645943000.000000,1752160623.954904,796797790574.000000
796679265000.000000,1752160623.976941,796819827761.000000
796712586000.000000,1752160624.101687,796944574213.000000
796745908000.000000,1752160624.118415,796961301578.000000
796912515000.000000,1752160624.291892,797134779899.000000
796945837000.000000,1752160624.298496,797141382969.000000
796979158000.000000,1752160624.315365,797158252333.000000
797045801000.000000,1752160624.331772,797174658886.000000
797112444000.000000,1752160624.531523,797374411282.000000
797245730000.000000,1752160624.553463,797396349878.000000
797279051000.000000,1752160624.575304,797418191141.000000
797312374000.000000,1752160624.591771,797434657824.000000
797345695000.000000,1752160624.769319,797612206996.000000
797512303000.000000,1752160624.785921,797628808289.000000
797545623000.000000,1752160624.792674,797635560616.000000
797578945000.000000,1752160624.990170,797833057810.000000
797612267000.000000,1752160625.006929,797849816731.000000
797712230000.000000,1752160625.028538,797871425681.000000
797778873000.000000,1752160625.050254,797893141020.000000
797812195000.000000,1752160625.164420,798007306865.000000
797978801000.000000,1752160625.310310,798153197383.000000
798012123000.000000,1752160625.316864,798159750804.000000
798045445000.000000,1752160625.333425,798176312060.000000
798078766000.000000,1752160625.350297,798193183184.000000
798145408000.000000,1752160625.488517,798331404179.000000
798278693000.000000,1752160625.510610,798353497143.000000
798312016000.000000,1752160625.644109,798486995719.000000
798345337000.000000,1752160625.660723,798503610493.000000
798378660000.000000,1752160625.677445,798520332284.000000
798478621000.000000,1752160625.831563,798674450764.000000
798511945000.000000,1752160625.848673,798691560033.000000
798578586000.000000,1752160625.860332,798703218371.000000
798645229000.000000,1752160625.974850,798817737324.000000
798678552000.000000,1752160626.002275,798845163388.000000
798778514000.000000,1752160626.040033,798882919802.000000
798811838000.000000,1752160626.173330,799016218361.000000
798845159000.000000,1752160626.195069,799037956440.000000
798945122000.000000,1752160626.216651,799059537446.000000
798978445000.000000,1752160626.233224,799076110258.000000
799011767000.000000,1752160626.450642,799293529047.000000
799145050000.000000,1752160626.477833,799320720243.000000
799178373000.000000,1752160626.494769,799337655273.000000
799211694000.000000,1752160626.511355,799354241233.000000
799245017000.000000,1752160626.664456,799507342573.000000
799444944000.000000,1752160626.681136,799524022421.000000
799478266000.000000,1752160626.792557,799635444291.000000
799511588000.000000,1752160626.814315,799657201277.000000
799544909000.000000,1752160626.841276,799684162993.000000
799644873000.000000,1752160626.999274,799842161345.000000
799678195000.000000,1752160627.021176,799864063330.000000
799778158000.000000,1752160627.043436,799886323589.000000
799811481000.000000,1752160627.144369,799987256388.000000
799844802000.000000,1752160627.171231,800014117865.000000
799978086000.000000,1752160627.262920,800105807471.000000
800011409000.000000,1752160627.274542,800117428513.000000
800044730000.000000,1752160627.291377,800134264729.000000
800111372000.000000,1752160627.417624,800260511871.000000
800144696000.000000,1752160627.455199,800298086602.000000
800244658000.000000,1752160627.577507,800420393557.000000
800277981000.000000,1752160627.610020,800452906667.000000
800311303000.000000,1752160627.626402,800469288980.000000
800377944000.000000,1752160627.642645,800485531813.000000
800411266000.000000,1752160627.786867,800629754680.000000
800577872000.000000,1752160627.803477,800646363713.000000
800611194000.000000,1752160627.922893,800765780084.000000
800644516000.000000,1752160627.939310,800782196045.000000
800677836000.000000,1752160627.955529,800798416637.000000
800711157000.000000,1752160627.971813,800814700081.000000
800777800000.000000,1752160628.099053,800941941880.000000
800911087000.000000,1752160628.207531,801050418870.000000
800944410000.000000,1752160628.224641,801067528176.000000
800977731000.000000,1752160628.246210,801089097442.000000
801011052000.000000,1752160628.391354,801234241726.000000
801044372000.000000,1752160628.408169,801251055683.000000
801177658000.000000,1752160628.435199,801278086010.000000
801210981000.000000,1752160628.558811,801401698454.000000
801244303000.000000,1752160628.576028,801418914537.000000
801377587000.000000,1752160628.683739,801526626497.000000
801410910000.000000,1752160628.700379,801543265437.000000
801444232000.000000,1752160628.722166,801565053478.000000
801510873000.000000,1752160628.832765,801675653356.000000
801544197000.000000,1752160628.860125,801703011754.000000
801644158000.000000,1752160629.008057,801850944031.000000
801677481000.000000,1752160629.040970,801883856378.000000
801710803000.000000,1752160629.062421,801905307737.000000
801777444000.000000,1752160629.225937,802068825890.000000
801810766000.000000,1752160629.253497,802096383749.000000
801977371000.000000,1752160629.269760,802112646730.000000
802010695000.000000,1752160629.291112,802133998072.000000
802044016000.000000,1752160629.488676,802331564006.000000
802243942000.000000,1752160629.516267,802359153309.000000
802277266000.000000,1752160629.532710,802375597585.000000
802310588000.000000,1752160629.700710,802543597567.000000
802343911000.000000,1752160629.717138,802560024954.000000
802443873000.000000,1752160629.754675,802597561777.000000
802477195000.000000,1752160629.770953,802613839962.000000
802543837000.000000,1752160629.923807,802766695694.000000
802710445000.000000,1752160629.945225,802788112627.000000
802743767000.000000,1752160630.130455,802973342119.000000
802777089000.000000,1752160630.157368,803000254558.000000
802810410000.000000,1752160630.179738,803022624835.000000
802910372000.000000,1752160630.195997,803038883260.000000
802977017000.000000,1752160630.343746,803186633242.000000
803110302000.000000,1752160630.359929,803202817409.000000
803143623000.000000,1752160630.371641,803214527432.000000
803176945000.000000,1752160630.526564,803369451145.000000
803210266000.000000,1752160630.548520,803391406962.000000
803310230000.000000,1752160630.575958,803418845397.000000
803343551000.000000,1752160630.704010,803546898226.000000
803376873000.000000,1752160630.726218,803569104893.000000
803510158000.000000,1752160630.844685,803687572180.000000
803543480000.000000,1752160630.861321,803704208657.000000
803576801000.000000,1752160630.882953,803725839774.000000
803676765000.000000,1752160630.994500,803837388328.000000
803710088000.000000,1752160631.006779,803849665272.000000
803810051000.000000,1752160631.139716,803982602945.000000
803843374000.000000,1752160631.156752,803999639419.000000
803876695000.000000,1752160631.173431,804016318229.000000
803943337000.000000,1752160631.194957,804037843773.000000
803976659000.000000,1752160631.413078,804255964575.000000
804109944000.000000,1752160631.455440,804298326910.000000
804143266000.000000,1752160631.471785,804314671519.000000
804176588000.000000,1752160631.488090,804330977518.000000
804209908000.000000,1752160631.646086,804488973685.000000
804409838000.000000,1752160631.668616,804511503071.000000
804443159000.000000,1752160631.808986,804651873269.000000
804476480000.000000,1752160631.825963,804668850595.000000
804509802000.000000,1752160631.842601,804685488276.000000
804609766000.000000,1752160631.869911,804712797212.000000
804643088000.000000,1752160632.040689,804883576965.000000
804809694000.000000,1752160632.057306,804900193350.000000
804843016000.000000,1752160632.206901,805049787575.000000
804876338000.000000,1752160632.223575,805066461274.000000
804909660000.000000,1752160632.240407,805083293787.000000
804976301000.000000,1752160632.372318,805215205692.000000
805009623000.000000,1752160632.399364,805242251352.000000
805176229000.000000,1752160632.410751,805253637748.000000
805209552000.000000,1752160632.579453,805422340668.000000
805242873000.000000,1752160632.596169,805439056145.000000
805342837000.000000,1752160632.707319,805550207017.000000
805376159000.000000,1752160632.734895,805577782394.000000
805409481000.000000,1752160632.751018,805593905469.000000
805542765000.000000,1752160632.895251,805738137928.000000
805576088000.000000,1752160632.912185,805755071847.000000
805676052000.000000,1752160632.928488,805771375698.000000
805709373000.000000,1752160633.121382,805964270619.000000
805742695000.000000,1752160633.144081,805986967801.000000
805842658000.000000,1752160633.171045,806013931721.000000
805875980000.000000,1752160633.192536,806035422450.000000
805942624000.000000,1752160633.383553,806226440018.000000
806109231000.000000,1752160633.416068,806258955406.000000
806142553000.000000,1752160633.432620,806275505736.000000
806175874000.000000,1752160633.590147,806433034592.000000
806209196000.000000,1752160633.606938,806449824883.000000
806342480000.000000,1752160633.629025,806471912033.000000
806375802000.000000,1752160633.650836,806493723574.000000
806409124000.000000,1752160633.823233,806666119961.000000
806575730000.000000,1752160633.839874,806682761160.000000
806609052000.000000,1752160633.949248,806792135512.000000
806642374000.000000,1752160633.966067,806808954377.000000
806675696000.000000,1752160633.982795,806825682094.000000
806775660000.000000,1752160634.136680,806979567076.000000
806808981000.000000,1752160634.153386,806996273608.000000
806908944000.000000,1752160634.175748,807018635015.000000
806942267000.000000,1752160634.293945,807136833749.000000
806975588000.000000,1752160634.310767,807153653928.000000
807108873000.000000,1752160634.480185,807323071879.000000
807142196000.000000,1752160634.507207,807350094150.000000
807175518000.000000,1752160634.528405,807371292030.000000
807242160000.000000,1752160634.544626,807387512215.000000
807308803000.000000,1752160634.726999,807569886307.000000
807475409000.000000,1752160634.743622,807586508377.000000
807508731000.000000,1752160634.760508,807603395112.000000
807542052000.000000,1752160634.889676,807732563338.000000
807575374000.000000,1752160634.906538,807749425165.000000
807675337000.000000,1752160634.928048,807770935394.000000
807708659000.000000,1752160635.082468,807925355279.000000
807741981000.000000,1752160635.104745,807947632630.000000
807841945000.000000,1752160635.116270,807959156988.000000
807875266000.000000,1752160635.230562,808073450128.000000
807908588000.000000,1752160635.241994,808084880598.000000
808041874000.000000,1752160635.369774,808212661466.000000
808075196000.000000,1752160635.381444,808224330693.000000
808108517000.000000,1752160635.398419,808241305704.000000
808208480000.000000,1752160635.549981,808392868726.000000
808241803000.000000,1752160635.566698,808409585184.000000
808375087000.000000,1752160635.708859,808551746180.000000
808408411000.000000,1752160635.725692,808568578804.000000
808441730000.000000,1752160635.747051,808589936627.000000
808508373000.000000,1752160635.764045,808606932546.000000
808575017000.000000,1752160635.877857,808720743746.000000
808708303000.000000,1752160635.961293,808804180612.000000
808741624000.000000,1752160635.978007,808820893330.000000
808774945000.000000,1752160636.090152,808933039045.000000
808808267000.000000,1752160636.117179,808960065853.000000
808841588000.000000,1752160636.134450,808977336881.000000
808941553000.000000,1752160636.259148,809102035185.000000
808974875000.000000,1752160636.280659,809123545396.000000
809074836000.000000,1752160636.480322,809323209292.000000
809141481000.000000,1752160636.501973,809344860187.000000
809174802000.000000,1752160636.518904,809361791958.000000
809274765000.000000,1752160636.556410,809399297504.000000
809308088000.000000,1752160636.722253,809565140357.000000
809474694000.000000,1752160636.733929,809576816547.000000
809508015000.000000,1752160636.874804,809717691740.000000
809541337000.000000,1752160636.891551,809734437883.000000
809574659000.000000,1752160636.897899,809740785584.000000
809674622000.000000,1752160636.914487,809757374118.000000
809707944000.000000,1752160637.075295,809918182870.000000
809841230000.000000,1752160637.102756,809945643378.000000
809874551000.000000,1752160637.119288,809962175023.000000
809907872000.000000,1752160637.298686,810141573419.000000
809941195000.000000,1752160637.315243,810158129398.000000
810041158000.000000,1752160637.331653,810174539803.000000
810074479000.000000,1752160637.496136,810339023169.000000
810107801000.000000,1752160637.513412,810356298271.000000
810241087000.000000,1752160637.534660,810377546336.000000
810274408000.000000,1752160637.571996,810414882420.000000
810307730000.000000,1752160637.720746,810563634115.000000
810507658000.000000,1752160637.747953,810590839848.000000
810540981000.000000,1752160637.872241,810715128785.000000
810574303000.000000,1752160637.888737,810731624783.000000
810607623000.000000,1752160637.911103,810753989597.000000
810707587000.000000,1752160638.050119,810893006529.000000
810740909000.000000,1752160638.066901,810909788542.000000
810874194000.000000,1752160638.174165,811017053117.000000
810907517000.000000,1752160638.191731,811034619327.000000
810940838000.000000,1752160638.209395,811052283443.000000
811007481000.000000,1752160638.391321,811234208798.000000
811040804000.000000,1752160638.418633,811261520474.000000
811140767000.000000,1752160638.425211,811268097710.000000
811174088000.000000,1752160638.441854,811284740725.000000
811207411000.000000,1752160638.574973,811417860322.000000
811374017000.000000,1752160638.591862,811434749390.000000
811407339000.000000,1752160638.675704,811518591642.000000
811440661000.000000,1752160638.702845,811545732542.000000
811473981000.000000,1752160638.896482,811739369752.000000
811507303000.000000,1752160638.923485,811766372265.000000
811540624000.000000,1752160638.945541,811788427915.000000
811707230000.000000,1752160639.076273,811919160331.000000
811740552000.000000,1752160639.093624,811936511598.000000
811873837000.000000,1752160639.105403,811948289694.000000
811907161000.000000,1752160639.260125,812103012483.000000
811940482000.000000,1752160639.282661,812125548684.000000
812040444000.000000,1752160639.299436,812142323734.000000
812073767000.000000,1752160639.441692,812284579637.000000
812107088000.000000,1752160639.458526,812301413539.000000
812207052000.000000,1752160639.480810,812323696557.000000
812240373000.000000,1752160639.589288,812432174639.000000
812273694000.000000,1752160639.606119,812449006504.000000
812406980000.000000,1752160639.716808,812559695584.000000
812440303000.000000,1752160639.733294,812576181267.000000
812473624000.000000,1752160639.755028,812597914624.000000
812540265000.000000,1752160639.878029,812720916906.000000
812573588000.000000,1752160639.899683,812742570449.000000
812673551000.000000,1752160639.921465,812764351472.000000
812706873000.000000,1752160640.028497,812871384789.000000
812740196000.000000,1752160640.044999,812887886490.000000
812840159000.000000,1752160640.180626,813023513250.000000
812873480000.000000,1752160640.207562,813050449078.000000
812906806000.000000,1752160640.224276,813067162647.000000
812973444000.000000,1752160640.251125,813094012217.000000
813040089000.000000,1752160640.390857,813233744846.000000
813173372000.000000,1752160640.402917,813245803828.000000
813206695000.000000,1752160640.534930,813377817010.000000
813240021000.000000,1752160640.551538,813394425395.000000
813273338000.000000,1752160640.568021,813410908319.000000
813373301000.000000,1752160640.708437,813551324572.000000
813406623000.000000,1752160640.725065,813567952049.000000
813506587000.000000,1752160640.736795,813579681497.000000
813539910000.000000,1752160640.919599,813762486474.000000
813573232000.000000,1752160640.937040,813779927333.000000
813706517000.000000,1752160640.953599,813796486126.000000
813739838000.000000,1752160641.045268,813888155584.000000
813773159000.000000,1752160641.062262,813905148892.000000
813873124000.000000,1752160641.229915,814072802210.000000
813906448000.000000,1752160641.246741,814089627001.000000
813939769000.000000,1752160641.263139,814106025740.000000
814006410000.000000,1752160641.285103,814127989872.000000
814073053000.000000,1752160641.441760,814284647829.000000
814206338000.000000,1752160641.453383,814296270148.000000
814239659000.000000,1752160641.600258,814443145768.000000
814272981000.000000,1752160641.622026,814464913717.000000
814306303000.000000,1752160641.643676,814486562890.000000
814406266000.000000,1752160641.773513,814616400239.000000
814439587000.000000,1752160641.790621,814633508231.000000
814572874000.000000,1752160641.806977,814649863655.000000
814606196000.000000,1752160641.960531,814803418325.000000
814639524000.000000,1752160641.977260,814820146413.000000
814739481000.000000,1752160641.999189,814842076268.000000
814772803000.000000,1752160642.136282,814979169755.000000
814806125000.000000,1752160642.152788,814995675567.000000
814939410000.000000,1752160642.180063,815022949614.000000
814972731000.000000,1752160642.296638,815139525807.000000
815006053000.000000,1752160642.313168,815156055656.000000
815139337000.000000,1752160642.409373,815252259869.000000
815172660000.000000,1752160642.426300,815269187973.000000
815205981000.000000,1752160642.516477,815359364575.000000
815239302000.000000,1752160642.543026,815385912980.000000
815272625000.000000,1752160642.564856,815407743317.000000
815372589000.000000,1752160642.728645,815571532931.000000
815405910000.000000,1752160642.740330,815583216250.000000
815472552000.000000,1752160642.751786,815594671867.000000
815505875000.000000,1752160642.773326,815616213170.000000
815539196000.000000,1752160642.952351,815795238885.000000
815705802000.000000,1752160642.979731,815822618042.000000
815739125000.000000,1752160643.127507,815970399543.000000
815772446000.000000,1752160643.129290,815972176249.000000
815805767000.000000,1752160643.130943,815973828937.000000
815939052000.000000,1752160643.156147,815999034947.000000
