Sensor Timestamp (ns), time.time(), time.perf_counter_ns()
1565279645000.000000,1752161392.464379,1565307268501.000000
1565312967000.000000,1752161392.498768,1565341658923.000000
1565346289000.000000,1752161392.530877,1565373764923.000000
1565379609000.000000,1752161392.564288,1565407177151.000000
1565412933000.000000,1752161392.597531,1565440419622.000000
1565446254000.000000,1752161392.630850,1565473738055.000000
1565479575000.000000,1752161392.663907,1565506795324.000000
1565512895000.000000,1752161392.697068,1565539957054.000000
1565546216000.000000,1752161392.730536,1565573423689.000000
1565579538000.000000,1752161392.763725,1565606612086.000000
1565612859000.000000,1752161392.797212,1565640099962.000000
1565646180000.000000,1752161392.830617,1565673504283.000000
1565679504000.000000,1752161392.864226,1565707113416.000000
1565712824000.000000,1752161392.897253,1565740139796.000000
1565746146000.000000,1752161392.930512,1565773398804.000000
1565779468000.000000,1752161392.965868,1565808755383.000000
1565812788000.000000,1752161392.996940,1565839827023.000000
1565846109000.000000,1752161393.030416,1565873303084.000000
1565879431000.000000,1752161393.063609,1565906496351.000000
1565912754000.000000,1752161393.096969,1565939856654.000000
1565946075000.000000,1752161393.130341,1565973228716.000000
1565979395000.000000,1752161393.163739,1566006626592.000000
1566012718000.000000,1752161393.197036,1566039923044.000000
1566046039000.000000,1752161393.230429,1566073316217.000000
1566079360000.000000,1752161393.265661,1566108548001.000000
1566112682000.000000,1752161393.297001,1566139887935.000000
1566146004000.000000,1752161393.330419,1566173306033.000000
1566179326000.000000,1752161393.363757,1566206644595.000000
1566212646000.000000,1752161393.396970,1566239857548.000000
1566245968000.000000,1752161393.430377,1566273263720.000000
1566279289000.000000,1752161393.463607,1566306494802.000000
1566312610000.000000,1752161393.497082,1566339969382.000000
1566345932000.000000,1752161393.535475,1566378363487.000000
1566379256000.000000,1752161393.568497,1566411385404.000000
1566412576000.000000,1752161393.602068,1566444955779.000000
1566445898000.000000,1752161393.637262,1566480151323.000000
1566479220000.000000,1752161393.670615,1566513504292.000000
1566512540000.000000,1752161393.704005,1566546894743.000000
1566545864000.000000,1752161393.736361,1566579249963.000000
1566579187000.000000,1752161393.769671,1566612560766.000000
1566612506000.000000,1752161393.802926,1566645814403.000000
1566645829000.000000,1752161393.836363,1566679251390.000000
1566679148000.000000,1752161393.869758,1566712646656.000000
1566712470000.000000,1752161393.902786,1566745674628.000000
1566745792000.000000,1752161393.936322,1566779211615.000000
1566779113000.000000,1752161393.969552,1566812440585.000000
1566812433000.000000,1752161394.002846,1566845734667.000000
1566845755000.000000,1752161394.036081,1566878969508.000000
1566879077000.000000,1752161394.069566,1566912455272.000000
1566912398000.000000,1752161394.103146,1566946034610.000000
1566945720000.000000,1752161394.136320,1566979208914.000000
1566979041000.000000,1752161394.170202,1567013090841.000000
1567012367000.000000,1752161394.203162,1567046050167.000000
1567045684000.000000,1752161394.237858,1567080746771.000000
1567079006000.000000,1752161394.270543,1567113431636.000000
1567112327000.000000,1752161394.306134,1567149022695.000000
1567145649000.000000,1752161394.337183,1567180072020.000000
1567178970000.000000,1752161394.371084,1567213972169.000000
1567212292000.000000,1752161394.402976,1567245865079.000000
1567245613000.000000,1752161394.436184,1567279073235.000000
1567278935000.000000,1752161394.469377,1567312265169.000000
1567312256000.000000,1752161394.502840,1567345728175.000000
1567345577000.000000,1752161394.536075,1567378963071.000000
1567378898000.000000,1752161394.569717,1567412605204.000000
1567412219000.000000,1752161394.602725,1567445613844.000000
1567445542000.000000,1752161394.636033,1567478922203.000000
1567478862000.000000,1752161394.669307,1567512196025.000000
1567512184000.000000,1752161394.704509,1567547398273.000000
1567545508000.000000,1752161394.736119,1567579007981.000000
1567578827000.000000,1752161394.769311,1567612200101.000000
1567612148000.000000,1752161394.802664,1567645552422.000000
1567645469000.000000,1752161394.835974,1567678862355.000000
1567678791000.000000,1752161394.869360,1567712248509.000000
1567712112000.000000,1752161394.902876,1567745765088.000000
1567745434000.000000,1752161394.939819,1567782707171.000000
1567778754000.000000,1752161394.970551,1567813440814.000000
1567812076000.000000,1752161395.004060,1567846949467.000000
1567845398000.000000,1752161395.039258,1567882146141.000000
1567878719000.000000,1752161395.069995,1567912883321.000000
1567912040000.000000,1752161395.103633,1567946521788.000000
1567945362000.000000,1752161395.136984,1567979872276.000000
1567978684000.000000,1752161395.170280,1568013168190.000000
1568012018000.000000,1752161395.203933,1568046821175.000000
1568045328000.000000,1752161395.237244,1568080132015.000000
1568078648000.000000,1752161395.270787,1568113674427.000000
1568111971000.000000,1752161395.304335,1568147223691.000000
1568145292000.000000,1752161395.337358,1568180246534.000000
1568178613000.000000,1752161395.370906,1568213794372.000000
1568211935000.000000,1752161395.404444,1568247332544.000000
1568245256000.000000,1752161395.437707,1568280596347.000000
1568278577000.000000,1752161395.471079,1568313966909.000000
1568311900000.000000,1752161395.504438,1568347326971.000000
1568345222000.000000,1752161395.537798,1568380686459.000000
1568378542000.000000,1752161395.571179,1568414067336.000000
1568411868000.000000,1752161395.604174,1568447062994.000000
1568445185000.000000,1752161395.639278,1568482166650.000000
1568478506000.000000,1752161395.670751,1568513639138.000000
1568511828000.000000,1752161395.704250,1568547138310.000000
1568545148000.000000,1752161395.740404,1568583293215.000000
1568578468000.000000,1752161395.768691,1568611579438.000000
1568611792000.000000,1752161395.801965,1568644853334.000000
1568645113000.000000,1752161395.835224,1568678112804.000000
1568678434000.000000,1752161395.868568,1568711457051.000000
1568711757000.000000,1752161395.901814,1568744702948.000000
1568745079000.000000,1752161395.935188,1568778076158.000000
1568778400000.000000,1752161395.968486,1568811374998.000000
1568811721000.000000,1752161396.001899,1568844787226.000000
1568845043000.000000,1752161396.037454,1568880341693.000000
1568878365000.000000,1752161396.068480,1568911368963.000000
1568911686000.000000,1752161396.102114,1568945003837.000000
1568945006000.000000,1752161396.135153,1568978042106.000000
1568978327000.000000,1752161396.168959,1569011848886.000000
1569011649000.000000,1752161396.201825,1569044714193.000000
1569044970000.000000,1752161396.267011,1569109900518.000000
1569078292000.000000,1752161396.380040,1569222928132.000000
1569111613000.000000,1752161396.391532,1569234418890.000000
1569144935000.000000,1752161396.413414,1569256301064.000000
1569178254000.000000,1752161396.430130,1569273016604.000000
1569211575000.000000,1752161396.591224,1569434111322.000000
1569378183000.000000,1752161396.598382,1569441269234.000000
1569411505000.000000,1752161396.691953,1569534840131.000000
1569444826000.000000,1752161396.709290,1569552176684.000000
1569478147000.000000,1752161396.730790,1569573677436.000000
1569511468000.000000,1752161396.889831,1569732717878.000000
1569544790000.000000,1752161396.916742,1569759628466.000000
1569644754000.000000,1752161396.933078,1569775963935.000000
1569678075000.000000,1752161397.089705,1569932592697.000000
1569711397000.000000,1752161397.101399,1569944285934.000000
1569844682000.000000,1752161397.122978,1569965864778.000000
1569878005000.000000,1752161397.139362,1569982248414.000000
1569911326000.000000,1752161397.277519,1570120406245.000000
1570077933000.000000,1752161397.299536,1570142422604.000000
1570111255000.000000,1752161397.414187,1570257074332.000000
1570144575000.000000,1752161397.462137,1570305024233.000000
1570177897000.000000,1752161397.489502,1570332388835.000000
1570211219000.000000,1752161397.627804,1570470692072.000000
1570244540000.000000,1752161397.644791,1570487677443.000000
1570411147000.000000,1752161397.656592,1570499478494.000000
1570444470000.000000,1752161397.792118,1570635005629.000000
1570477792000.000000,1752161397.808986,1570651872501.000000
1570577755000.000000,1752161397.830858,1570673745138.000000
1570611076000.000000,1752161397.988672,1570831559629.000000
1570644399000.000000,1752161398.005329,1570848216632.000000
1570777682000.000000,1752161398.027061,1570869947586.000000
1570811006000.000000,1752161398.198096,1571040983836.000000
1570844328000.000000,1752161398.209737,1571052623981.000000
1570977611000.000000,1752161398.226069,1571068955266.000000
1571010934000.000000,1752161398.358366,1571201253895.000000
1571044255000.000000,1752161398.374990,1571217877177.000000
1571144219000.000000,1752161398.396623,1571239509706.000000
1571177541000.000000,1752161398.498670,1571341556669.000000
1571210862000.000000,1752161398.525487,1571368373776.000000
1571310826000.000000,1752161398.542547,1571385433609.000000
1571344150000.000000,1752161398.691517,1571534403946.000000
1571377471000.000000,1752161398.708333,1571551219781.000000
1571477434000.000000,1752161398.730146,1571573033104.000000
1571510755000.000000,1752161398.842858,1571685745333.000000
1571544077000.000000,1752161398.864794,1571707681303.000000
1571644041000.000000,1752161398.881463,1571724349121.000000
1571677362000.000000,1752161398.988213,1571831099798.000000
1571710685000.000000,1752161399.005062,1571847948429.000000
1571810648000.000000,1752161399.105657,1571948544758.000000
1571843970000.000000,1752161399.122100,1571964986856.000000
1571877291000.000000,1752161399.133616,1571976503002.000000
1571943933000.000000,1752161399.287611,1572130498845.000000
1571977257000.000000,1752161399.304578,1572147465253.000000
1572077220000.000000,1752161399.326906,1572169793627.000000
1572110541000.000000,1752161399.460549,1572303436077.000000
1572143863000.000000,1752161399.477748,1572320634797.000000
1572243827000.000000,1752161399.489221,1572332107833.000000
1572277147000.000000,1752161399.664984,1572507871351.000000
1572310469000.000000,1752161399.681771,1572524657076.000000
1572410433000.000000,1752161399.713814,1572556700484.000000
1572443754000.000000,1752161399.730169,1572573055750.000000
1572477076000.000000,1752161399.928570,1572771457343.000000
1572677005000.000000,1752161399.950177,1572793064168.000000
1572710326000.000000,1752161399.967134,1572810020113.000000
1572743648000.000000,1752161400.085031,1572927918587.000000
1572776969000.000000,1752161400.107401,1572950287664.000000
1572876933000.000000,1752161400.123522,1572966408654.000000
1572910256000.000000,1752161400.215421,1573058308587.000000
1572943577000.000000,1752161400.237221,1573080108059.000000
1573043543000.000000,1752161400.354451,1573197338651.000000
1573076863000.000000,1752161400.376633,1573219520248.000000
1573110186000.000000,1752161400.398210,1573241096944.000000
1573176827000.000000,1752161400.562876,1573405763646.000000
1573210151000.000000,1752161400.585013,1573427901021.000000
1573343434000.000000,1752161400.602183,1573445069964.000000
1573376757000.000000,1752161400.716155,1573559042329.000000
1573410078000.000000,1752161400.738212,1573581099261.000000
1573510041000.000000,1752161400.754794,1573597681635.000000
1573543363000.000000,1752161400.891009,1573733896375.000000
1573576686000.000000,1752161400.913144,1573756031732.000000
1573676648000.000000,1752161400.929662,1573772549515.000000
1573709969000.000000,1752161401.011887,1573854774042.000000
1573743291000.000000,1752161401.028598,1573871484767.000000
1573843255000.000000,1752161401.154368,1573997255739.000000
1573876577000.000000,1752161401.171376,1574014263053.000000
1573909899000.000000,1752161401.188152,1574031038778.000000
1573976542000.000000,1752161401.358801,1574201689273.000000
1574009863000.000000,1752161401.375573,1574218461238.000000
1574109827000.000000,1752161401.392527,1574235414164.000000
1574143148000.000000,1752161401.415300,1574258187663.000000
1574209794000.000000,1752161401.556469,1574399357187.000000
1574343081000.000000,1752161401.573664,1574416550556.000000
1574376400000.000000,1752161401.718560,1574561447266.000000
1574409721000.000000,1752161401.730277,1574573162929.000000
1574443043000.000000,1752161401.746709,1574589595323.000000
1574509685000.000000,1752161401.769229,1574612115566.000000
1574576329000.000000,1752161401.890249,1574733136880.000000
1574709613000.000000,1752161402.067831,1574910718695.000000
1574742936000.000000,1752161402.084364,1574927250552.000000
1574776257000.000000,1752161402.101530,1574944416439.000000
1574809586000.000000,1752161402.118315,1574961201367.000000
1574909541000.000000,1752161402.243054,1575085941256.000000
1575042828000.000000,1752161402.409199,1575252086091.000000
1575076150000.000000,1752161402.430708,1575273594343.000000
1575109471000.000000,1752161402.452218,1575295105262.000000
1575142793000.000000,1752161402.475134,1575318020723.000000
1575276078000.000000,1752161402.616008,1575458895694.000000
1575376044000.000000,1752161402.632820,1575475707678.000000
1575409363000.000000,1752161402.649677,1575492563624.000000
1575442686000.000000,1752161402.824171,1575667058303.000000
1575476014000.000000,1752161402.841366,1575684252949.000000
1575575970000.000000,1752161402.862969,1575705854719.000000
1575609293000.000000,1752161402.890023,1575732909509.000000
1575642614000.000000,1752161403.084072,1575926959886.000000
1575809223000.000000,1752161403.095774,1575938660993.000000
1575842543000.000000,1752161403.102491,1575945377816.000000
1575875864000.000000,1752161403.129497,1575972383144.000000
1575909186000.000000,1752161403.246087,1576088974742.000000
1576075792000.000000,1752161403.313626,1576156512821.000000
1576109114000.000000,1752161403.325419,1576168306502.000000
1576142436000.000000,1752161403.519621,1576362509173.000000
1576175758000.000000,1752161403.541698,1576384584253.000000
1576209079000.000000,1752161403.558100,1576400986092.000000
1576275720000.000000,1752161403.579125,1576422011831.000000
1576342364000.000000,1752161403.722836,1576565723089.000000
1576508972000.000000,1752161403.739989,1576582875181.000000
1576542292000.000000,1752161403.868180,1576711067258.000000
1576575615000.000000,1752161403.884521,1576727409098.000000
1576608935000.000000,1752161403.906135,1576749021719.000000
1576642257000.000000,1752161403.927914,1576770799728.000000
1576675578000.000000,1752161404.065584,1576908471027.000000
1576842185000.000000,1752161404.077087,1576919973692.000000
1576875507000.000000,1752161404.210873,1577053760066.000000
1576908830000.000000,1752161404.222397,1577065283694.000000
1576942150000.000000,1752161404.249231,1577092117580.000000
1577008792000.000000,1752161404.266017,1577108903656.000000
1577075437000.000000,1752161404.440224,1577283112189.000000
1577208720000.000000,1752161404.456941,1577299827600.000000
1577242042000.000000,1752161404.577695,1577420582528.000000
1577275364000.000000,1752161404.599764,1577442651274.000000
1577308686000.000000,1752161404.620893,1577463779938.000000
1577408649000.000000,1752161404.761981,1577604868185.000000
1577441971000.000000,1752161404.779043,1577621929888.000000
1577541936000.000000,1752161404.801134,1577644021690.000000
1577575258000.000000,1752161404.970746,1577813633010.000000
1577608579000.000000,1752161404.988116,1577831002136.000000
1577708543000.000000,1752161405.004548,1577847433882.000000
1577741865000.000000,1752161405.146452,1577989339288.000000
1577775186000.000000,1752161405.168725,1578011611459.000000
1577908470000.000000,1752161405.185375,1578028261184.000000
1577941793000.000000,1752161405.318031,1578160918773.000000
1577975114000.000000,1752161405.340654,1578183540626.000000
1578108400000.000000,1752161405.362981,1578205868277.000000
1578141722000.000000,1752161405.495691,1578338579458.000000
1578175043000.000000,1752161405.512258,1578355145000.000000
1578275008000.000000,1752161405.528640,1578371526821.000000
1578308328000.000000,1752161405.700417,1578543303915.000000
1578341651000.000000,1752161405.727221,1578570107264.000000
1578441614000.000000,1752161405.749017,1578591903439.000000
1578474936000.000000,1752161405.765785,1578608671090.000000
1578508258000.000000,1752161405.884947,1578727833959.000000
1578674864000.000000,1752161405.902061,1578744946625.000000
1578708187000.000000,1752161406.038787,1578881673914.000000
1578741508000.000000,1752161406.066015,1578908901388.000000
1578774828000.000000,1752161406.081931,1578924817566.000000
1578841472000.000000,1752161406.104573,1578947459566.000000
1578908114000.000000,1752161406.238701,1579081588585.000000
1579041399000.000000,1752161406.266396,1579109283406.000000
1579074721000.000000,1752161406.418044,1579260931643.000000
1579108043000.000000,1752161406.434721,1579277607609.000000
1579141364000.000000,1752161406.466661,1579309547722.000000
1579241327000.000000,1752161406.639184,1579482071254.000000
1579274651000.000000,1752161406.655998,1579498885515.000000
1579407935000.000000,1752161406.672734,1579515621091.000000
1579441257000.000000,1752161406.805204,1579648091516.000000
1579474579000.000000,1752161406.821908,1579664795296.000000
1579607863000.000000,1752161406.844270,1579687156114.000000
1579641187000.000000,1752161406.994935,1579837821897.000000
1579674508000.000000,1752161407.021789,1579864676190.000000
1579807792000.000000,1752161407.158544,1580001430646.000000
1579841115000.000000,1752161407.175310,1580018195667.000000
1579874436000.000000,1752161407.197506,1580040392412.000000
1579974400000.000000,1752161407.308070,1580150957533.000000
1580007723000.000000,1752161407.324645,1580167532611.000000
1580141007000.000000,1752161407.478842,1580321730452.000000
1580174329000.000000,1752161407.500721,1580343606737.000000
1580207651000.000000,1752161407.527203,1580370088700.000000
1580240972000.000000,1752161407.543438,1580386324578.000000
1580274293000.000000,1752161407.682073,1580524960535.000000
1580474221000.000000,1752161407.698673,1580541560409.000000
1580507543000.000000,1752161407.820332,1580663219309.000000
1580540865000.000000,1752161407.847459,1580690345210.000000
1580574186000.000000,1752161407.864276,1580707163045.000000
1580607507000.000000,1752161407.891925,1580734811312.000000
1580674151000.000000,1752161408.059777,1580902664222.000000
1580807436000.000000,1752161408.081536,1580924422546.000000
1580840758000.000000,1752161408.098554,1580941440083.000000
1580874078000.000000,1752161408.264756,1581107643214.000000
1580907401000.000000,1752161408.286812,1581129698738.000000
1581040687000.000000,1752161408.308748,1581151634746.000000
1581074009000.000000,1752161408.455610,1581298498251.000000
1581107330000.000000,1752161408.472217,1581315103774.000000
1581240614000.000000,1752161408.488429,1581331315485.000000
1581273937000.000000,1752161408.628756,1581471642999.000000
1581307259000.000000,1752161408.650504,1581493390415.000000
1581407221000.000000,1752161408.667639,1581510525340.000000
1581440544000.000000,1752161408.785623,1581628510129.000000
1581473866000.000000,1752161408.807548,1581650434395.000000
1581573829000.000000,1752161408.824240,1581667126602.000000
1581607151000.000000,1752161408.952072,1581794959979.000000
1581640473000.000000,1752161408.973673,1581816559638.000000
1581740435000.000000,1752161408.990478,1581833365399.000000
1581773758000.000000,1752161409.146091,1581988978856.000000
1581807081000.000000,1752161409.157866,1582000752703.000000
1581940364000.000000,1752161409.174603,1582017488891.000000
1581973686000.000000,1752161409.372216,1582215103436.000000
1582007008000.000000,1752161409.425316,1582268202212.000000
1582106971000.000000,1752161409.446687,1582289573484.000000
1582140293000.000000,1752161409.468139,1582311024848.000000
1582173615000.000000,1752161409.646674,1582489560969.000000
1582406865000.000000,1752161409.658655,1582501542222.000000
1582440186000.000000,1752161409.680052,1582522937661.000000
1582473508000.000000,1752161409.789591,1582632478346.000000
1582506834000.000000,1752161409.806518,1582649404384.000000
1582606792000.000000,1752161409.926671,1582769557837.000000
1582640116000.000000,1752161409.943316,1582786202155.000000
1582673437000.000000,1752161409.965501,1582808387938.000000
1582773401000.000000,1752161410.150479,1582993366977.000000
1582806723000.000000,1752161410.166954,1583009840482.000000
1582906686000.000000,1752161410.178348,1583021233463.000000
1582940009000.000000,1752161410.194752,1583037638691.000000
1582973330000.000000,1752161410.370421,1583213307988.000000
1583106616000.000000,1752161410.386991,1583229878067.000000
1583139937000.000000,1752161410.492093,1583334980555.000000
1583173259000.000000,1752161410.514098,1583356985043.000000
1583206580000.000000,1752161410.530847,1583373734027.000000
1583306543000.000000,1752161410.688173,1583531061245.000000
1583339866000.000000,1752161410.704612,1583547499010.000000
1583439829000.000000,1752161410.732457,1583575343867.000000
1583473151000.000000,1752161410.748816,1583591702669.000000
1583506472000.000000,1752161410.940427,1583783314033.000000
1583673079000.000000,1752161410.967844,1583810730764.000000
1583706400000.000000,1752161410.999771,1583842657266.000000
1583739721000.000000,1752161411.114863,1583957751157.000000
1583773044000.000000,1752161411.137006,1583979892903.000000
1583906329000.000000,1752161411.153453,1583996339538.000000
1583939651000.000000,1752161411.299098,1584141984833.000000
1583972973000.000000,1752161411.320819,1584163705731.000000
1584072936000.000000,1752161411.337566,1584180452437.000000
1584106258000.000000,1752161411.449256,1584292145047.000000
1584139581000.000000,1752161411.466483,1584309369378.000000
1584272865000.000000,1752161411.651483,1584494369713.000000
1584306187000.000000,1752161411.672869,1584515755448.000000
1584339508000.000000,1752161411.705156,1584548042169.000000
1584406150000.000000,1752161411.726537,1584569423774.000000
1584439472000.000000,1752161411.860674,1584703561182.000000
1584672721000.000000,1752161412.004167,1584847053961.000000
1584706045000.000000,1752161412.032020,1584874907614.000000
1584739366000.000000,1752161412.048284,1584891169918.000000
1584772687000.000000,1752161412.069693,1584912578504.000000
1584806008000.000000,1752161412.237879,1585080766708.000000
1585005936000.000000,1752161412.260138,1585103024934.000000
1585039258000.000000,1752161412.369253,1585212140217.000000
1585072579000.000000,1752161412.386030,1585228917312.000000
1585105902000.000000,1752161412.413067,1585255953825.000000
1585205865000.000000,1752161412.524957,1585367844654.000000
1585239188000.000000,1752161412.541647,1585384533732.000000
1585339151000.000000,1752161412.699271,1585542158872.000000
1585372474000.000000,1752161412.715343,1585558230363.000000
1585405795000.000000,1752161412.737849,1585580736346.000000
1585472436000.000000,1752161412.764891,1585607777748.000000
1585539079000.000000,1752161412.891466,1585734354359.000000
1585672365000.000000,1752161412.908211,1585751097825.000000
1585705687000.000000,1752161413.037370,1585880257096.000000
1585739009000.000000,1752161413.053867,1585896753805.000000
1585772330000.000000,1752161413.070640,1585913527030.000000
1585838971000.000000,1752161413.087061,1585929947369.000000
1585872295000.000000,1752161413.269362,1586112249027.000000
1586005579000.000000,1752161413.292073,1586134959804.000000
1586038901000.000000,1752161413.314296,1586157181568.000000
1586072222000.000000,1752161413.416146,1586259034051.000000
1586105544000.000000,1752161413.427792,1586270679104.000000
1586238829000.000000,1752161413.527977,1586370864493.000000
1586272152000.000000,1752161413.544849,1586387735383.000000
1586305473000.000000,1752161413.561687,1586404574014.000000
1586338794000.000000,1752161413.722558,1586565444438.000000
1586372116000.000000,1752161413.734259,1586577145416.000000
1586472080000.000000,1752161413.750732,1586593618977.000000
1586505402000.000000,1752161413.767433,1586610319276.000000
1586538723000.000000,1752161413.916524,1586759411685.000000
1586705330000.000000,1752161413.938254,1586781141102.000000
1586738652000.000000,1752161414.105998,1586948885736.000000
1586771974000.000000,1752161414.117456,1586960343050.000000
1586805295000.000000,1752161414.150062,1586992949064.000000
1586871938000.000000,1752161414.166438,1587009325533.000000
1586938580000.000000,1752161414.404135,1587247022222.000000
1587105187000.000000,1752161414.420804,1587263689985.000000
1587138510000.000000,1752161414.437282,1587280167805.000000
1587171831000.000000,1752161414.542295,1587385182424.000000
1587205151000.000000,1752161414.558527,1587401414506.000000
1587371759000.000000,1752161414.660258,1587503144879.000000
1587405080000.000000,1752161414.671574,1587514460639.000000
1587438402000.000000,1752161414.693805,1587536691328.000000
1587471724000.000000,1752161414.789020,1587631907321.000000
1587505045000.000000,1752161414.810693,1587653580109.000000
1587605009000.000000,1752161414.899071,1587741958965.000000
1587638331000.000000,1752161414.915484,1587758370415.000000
1587671652000.000000,1752161414.932143,1587775029974.000000
1587738294000.000000,1752161415.118750,1587961637998.000000
1587771616000.000000,1752161415.135650,1587978536202.000000
1587871579000.000000,1752161415.152063,1587994950153.000000
1587904901000.000000,1752161415.167967,1588010853145.000000
1587938222000.000000,1752161415.370656,1588213543196.000000
1588104830000.000000,1752161415.383250,1588226137017.000000
1588138152000.000000,1752161415.405352,1588248239393.000000
1588171473000.000000,1752161415.548492,1588391380176.000000
1588204794000.000000,1752161415.560390,1588403276985.000000
1588304758000.000000,1752161415.576956,1588419841989.000000
1588338081000.000000,1752161415.678908,1588521795675.000000
1588371402000.000000,1752161415.701464,1588544350325.000000
1588504687000.000000,1752161415.833994,1588676881989.000000
1588538010000.000000,1752161415.856292,1588699178752.000000
1588571331000.000000,1752161415.877563,1588720449433.000000
1588671294000.000000,1752161416.003374,1588846260644.000000
1588704617000.000000,1752161416.019943,1588862829871.000000
1588804580000.000000,1752161416.036878,1588879765001.000000
1588837903000.000000,1752161416.236983,1589079870485.000000
1588871225000.000000,1752161416.253725,1589096611358.000000
1588971188000.000000,1752161416.270072,1589112958383.000000
1589004510000.000000,1752161416.286444,1589129330037.000000
1589037830000.000000,1752161416.524267,1589367155744.000000
1589204437000.000000,1752161416.541102,1589383988746.000000
1589237759000.000000,1752161416.563039,1589405925586.000000
1589304402000.000000,1752161416.686751,1589529638929.000000
1589337725000.000000,1752161416.708754,1589551641084.000000
1589471009000.000000,1752161416.730972,1589573858737.000000
1589504330000.000000,1752161416.859843,1589702730363.000000
1589537652000.000000,1752161416.881829,1589724715722.000000
1589637615000.000000,1752161416.898503,1589741390466.000000
1589670937000.000000,1752161417.022099,1589864985866.000000
1589704259000.000000,1752161417.049320,1589892206840.000000
1589837544000.000000,1752161417.208164,1590051051209.000000
1589870866000.000000,1752161417.229842,1590072728849.000000
1589904187000.000000,1752161417.246215,1590089101207.000000
1590004151000.000000,1752161417.262463,1590105349473.000000
1590037473000.000000,1752161417.400904,1590243791728.000000
1590170758000.000000,1752161417.423046,1590265933381.000000
1590204079000.000000,1752161417.600600,1590443487142.000000
1590237402000.000000,1752161417.612113,1590454999566.000000
1590270724000.000000,1752161417.629256,1590472142565.000000
1590404011000.000000,1752161417.661292,1590504178954.000000
1590437330000.000000,1752161417.828899,1590671786256.000000
1590603937000.000000,1752161417.856468,1590699355783.000000
1590637260000.000000,1752161417.974516,1590817403330.000000
1590670581000.000000,1752161417.991012,1590833899131.000000
1590703904000.000000,1752161418.012773,1590855659529.000000
1590770544000.000000,1752161418.035189,1590878076161.000000
1590837189000.000000,1752161418.158473,1591001360805.000000
1590970473000.000000,1752161418.235703,1591078590178.000000
1591003800000.000000,1752161418.262760,1591105647227.000000
1591037116000.000000,1752161418.284578,1591127464976.000000
1591070438000.000000,1752161418.426021,1591268908165.000000
1591103759000.000000,1752161418.442639,1591285525465.000000
1591203723000.000000,1752161418.459432,1591302319800.000000
1591237044000.000000,1752161418.624444,1591467331943.000000
1591270366000.000000,1752161418.646378,1591489264802.000000
1591403651000.000000,1752161418.663081,1591505967805.000000
1591436973000.000000,1752161418.772804,1591615691174.000000
1591470295000.000000,1752161418.810770,1591653657061.000000
1591603580000.000000,1752161418.917314,1591760201425.000000
1591636901000.000000,1752161418.933829,1591776716022.000000
1591670224000.000000,1752161418.950451,1591793338470.000000
1591703545000.000000,1752161418.967415,1591810301804.000000
1591770188000.000000,1752161419.100751,1591943638201.000000
1591903474000.000000,1752161419.133041,1591975928014.000000
1591936796000.000000,1752161419.273970,1592116857874.000000
1591970118000.000000,1752161419.306117,1592149004022.000000
1592003439000.000000,1752161419.322763,1592165649841.000000
1592103402000.000000,1752161419.493849,1592336737127.000000
1592136724000.000000,1752161419.525845,1592368731517.000000
1592236688000.000000,1752161419.547520,1592390406898.000000
1592270010000.000000,1752161419.568995,1592411881113.000000
1592303332000.000000,1752161419.755107,1592597994437.000000
1592503260000.000000,1752161419.776712,1592619598596.000000
1592536581000.000000,1752161419.799183,1592642070302.000000
1592569902000.000000,1752161419.898540,1592741427069.000000
1592603225000.000000,1752161419.914585,1592757471912.000000
1592703188000.000000,1752161419.936321,1592779206958.000000
1592736510000.000000,1752161420.043210,1592886097855.000000
1592769832000.000000,1752161420.070550,1592913437272.000000
1592869795000.000000,1752161420.166559,1593009446739.000000
1592903118000.000000,1752161420.188679,1593031566615.000000
1592936439000.000000,1752161420.205246,1593048133416.000000
1593003081000.000000,1752161420.310253,1593153140424.000000
1593036403000.000000,1752161420.343080,1593185966287.000000
1593136367000.000000,1752161420.476337,1593319224352.000000
1593169689000.000000,1752161420.503616,1593346503381.000000
1593203011000.000000,1752161420.519973,1593362858998.000000
1593269651000.000000,1752161420.536192,1593379078636.000000
1593302974000.000000,1752161420.698547,1593541434637.000000
1593469581000.000000,1752161420.720010,1593562897094.000000
1593502903000.000000,1752161420.736059,1593578944992.000000
1593536224000.000000,1752161420.933248,1593776135615.000000
1593569547000.000000,1752161420.955251,1593798138381.000000
1593669510000.000000,1752161420.972010,1593814896365.000000
1593736152000.000000,1752161420.993361,1593836247415.000000
1593769474000.000000,1752161421.146172,1593989059936.000000
1593902759000.000000,1752161421.163416,1594006302842.000000
1593936081000.000000,1752161421.283831,1594126718550.000000
1593969403000.000000,1752161421.300492,1594143378035.000000
1594002725000.000000,1752161421.317030,1594159916059.000000
1594102687000.000000,1752161421.442533,1594285420032.000000
1594136010000.000000,1752161421.459312,1594302199294.000000
1594235974000.000000,1752161421.476110,1594318996370.000000
1594269296000.000000,1752161421.642546,1594485433332.000000
1594302618000.000000,1752161421.654493,1594497379178.000000
1594435904000.000000,1752161421.676163,1594519049817.000000
1594469227000.000000,1752161421.841365,1594684252143.000000
1594502545000.000000,1752161421.868527,1594711413673.000000
1594602509000.000000,1752161421.890231,1594733117923.000000
1594669151000.000000,1752161422.054216,1594897104298.000000
1594702474000.000000,1752161422.071665,1594914551090.000000
1594802439000.000000,1752161422.087910,1594930795857.000000
1594835761000.000000,1752161422.109485,1594952371312.000000
1594869081000.000000,1752161422.254742,1595097628926.000000
1595035687000.000000,1752161422.271487,1595114373836.000000
1595069010000.000000,1752161422.395293,1595238180363.000000
1595102332000.000000,1752161422.412058,1595254945125.000000
1595135653000.000000,1752161422.434329,1595277214999.000000
1595235617000.000000,1752161422.568289,1595411175724.000000
1595268939000.000000,1752161422.585253,1595428139539.000000
1595368903000.000000,1752161422.602261,1595445147150.000000
1595402224000.000000,1752161422.739750,1595582637525.000000
1595435547000.000000,1752161422.756409,1595599295417.000000
1595535509000.000000,1752161422.778382,1595621268498.000000
1595568834000.000000,1752161422.901049,1595743936241.000000
1595602154000.000000,1752161422.913066,1595755953938.000000
1595702116000.000000,1752161423.080090,1595922977375.000000
1595735438000.000000,1752161423.097008,1595939894265.000000
1595768760000.000000,1752161423.113255,1595956142439.000000
1595902046000.000000,1752161423.251934,1596094821525.000000
1595935368000.000000,1752161423.279524,1596122411440.000000
1596068652000.000000,1752161423.418464,1596261352004.000000
1596101974000.000000,1752161423.440089,1596282975070.000000
1596135296000.000000,1752161423.462102,1596304988836.000000
1596201938000.000000,1752161423.478528,1596321413971.000000
1596268582000.000000,1752161423.632439,1596475326167.000000
1596401866000.000000,1752161423.654964,1596497850613.000000
1596435188000.000000,1752161423.751383,1596594271260.000000
1596468510000.000000,1752161423.768153,1596611039911.000000
1596501832000.000000,1752161423.784720,1596627606360.000000
1596568474000.000000,1752161423.915471,1596758358708.000000
1596601797000.000000,1752161423.937356,1596780242790.000000
1596701760000.000000,1752161423.953933,1596796819591.000000
1596735082000.000000,1752161424.092140,1596935027236.000000
1596768403000.000000,1752161424.103626,1596946512494.000000
1596868368000.000000,1752161424.120423,1596963310237.000000
1596901689000.000000,1752161424.246277,1597089164004.000000
1596935010000.000000,1752161424.262997,1597105884247.000000
1597034974000.000000,1752161424.279533,1597122420363.000000
1597068296000.000000,1752161424.379023,1597221910721.000000
1597101618000.000000,1752161424.390594,1597233481219.000000
1597201581000.000000,1752161424.569931,1597412818073.000000
1597234904000.000000,1752161424.586972,1597429858813.000000
1597268225000.000000,1752161424.609287,1597452172650.000000
1597301545000.000000,1752161424.718934,1597561820780.000000
1597368188000.000000,1752161424.740662,1597583548678.000000
1597534795000.000000,1752161424.873809,1597716696262.000000
1597568118000.000000,1752161424.896332,1597739218060.000000
1597601439000.000000,1752161424.913217,1597756103728.000000
1597701403000.000000,1752161425.031013,1597873900777.000000
1597734725000.000000,1752161425.048386,1597891273163.000000
1597834689000.000000,1752161425.203191,1598046078201.000000
1597868011000.000000,1752161425.220312,1598063198219.000000
1597901333000.000000,1752161425.242916,1598085802627.000000
1598034618000.000000,1752161425.349404,1598192291176.000000
1598067940000.000000,1752161425.376752,1598219638538.000000
1598167903000.000000,1752161425.540173,1598383059844.000000
1598201225000.000000,1752161425.556605,1598399491572.000000
1598234546000.000000,1752161425.572822,1598415708505.000000
1598301188000.000000,1752161425.599668,1598442554020.000000
1598367830000.000000,1752161425.712324,1598555211879.000000
1598534438000.000000,1752161425.828866,1598671752885.000000
1598567760000.000000,1752161425.850588,1598693474617.000000
1598601081000.000000,1752161425.852399,1598695284932.000000
1598634403000.000000,1752161425.864167,1598707053187.000000
1598667725000.000000,1752161425.967049,1598809936327.000000
1598801009000.000000,1752161426.128690,1598971577836.000000
1598834331000.000000,1752161426.145337,1598988224099.000000
1598867652000.000000,1752161426.162750,1599005637465.000000
1598900973000.000000,1752161426.184022,1599026908905.000000
1598967616000.000000,1752161426.319646,1599162534224.000000
1599100902000.000000,1752161426.336466,1599179352467.000000
1599134224000.000000,1752161426.461067,1599303955227.000000
1599167545000.000000,1752161426.477620,1599320507769.000000
1599200873000.000000,1752161426.504625,1599347511060.000000
1599267509000.000000,1752161426.609154,1599452040962.000000
1599300831000.000000,1752161426.626069,1599468956425.000000
1599434116000.000000,1752161426.781201,1599624089016.000000
1599467437000.000000,1752161426.798070,1599640957296.000000
1599500761000.000000,1752161426.830390,1599673276571.000000
1599567404000.000000,1752161426.846301,1599689187693.000000
1599600724000.000000,1752161427.064562,1599907449055.000000
1599767330000.000000,1752161427.081097,1599923984467.000000
1599800653000.000000,1752161427.202342,1600045228760.000000
1599833975000.000000,1752161427.224614,1600067500431.000000
1599900616000.000000,1752161427.246152,1600089039738.000000
1600033902000.000000,1752161427.403467,1600246355382.000000
1600067225000.000000,1752161427.430663,1600273549875.000000
1600167187000.000000,1752161427.463647,1600306534181.000000
1600200510000.000000,1752161427.603504,1600446391533.000000
1600233832000.000000,1752161427.630906,1600473793320.000000
1600367116000.000000,1752161427.652514,1600495401034.000000
1600400439000.000000,1752161427.783143,1600626031125.000000
1600433760000.000000,1752161427.804912,1600647799282.000000
1600567044000.000000,1752161427.821798,1600664684653.000000
1600600367000.000000,1752161427.949873,1600792759602.000000
1600633689000.000000,1752161427.962545,1600805431256.000000
1600766974000.000000,1752161428.107118,1600950005691.000000
1600800296000.000000,1752161428.124132,1600967018746.000000
1600833617000.000000,1752161428.150755,1600993641263.000000
1600900259000.000000,1752161428.167009,1601009895900.000000
1600933582000.000000,1752161428.253818,1601096704809.000000
1601100188000.000000,1752161428.434706,1601277593240.000000
1601133512000.000000,1752161428.456886,1601299773375.000000
1601166831000.000000,1752161428.472950,1601315836513.000000
1601200153000.000000,1752161428.587296,1601430183523.000000
1601266797000.000000,1752161428.603769,1601446655843.000000
1601400081000.000000,1752161428.765618,1601608505053.000000
1601433404000.000000,1752161428.782439,1601625325351.000000
1601466725000.000000,1752161428.798671,1601641557248.000000
1601566687000.000000,1752161428.814929,1601657816255.000000
1601633333000.000000,1752161429.002153,1601845040495.000000
1601733295000.000000,1752161429.024781,1601867669014.000000
1601766617000.000000,1752161429.041702,1601884587996.000000
1601799939000.000000,1752161429.149298,1601992185571.000000
1601833260000.000000,1752161429.166220,1602009107276.000000
1601966545000.000000,1752161429.353959,1602196847103.000000
1601999868000.000000,1752161429.397478,1602240364676.000000
1602033190000.000000,1752161429.414249,1602257135957.000000
1602133152000.000000,1752161429.430477,1602273363168.000000
1602199797000.000000,1752161429.576603,1602419491699.000000
1602366403000.000000,1752161429.593723,1602436610291.000000
1602399724000.000000,1752161429.696720,1602539607615.000000
1602433047000.000000,1752161429.708564,1602551452017.000000
1602466368000.000000,1752161429.730312,1602573198897.000000
1602499688000.000000,1752161429.829543,1602672429554.000000
1602533011000.000000,1752161429.846234,1602689121557.000000
1602632974000.000000,1752161429.878834,1602721723071.000000
1602666296000.000000,1752161429.980822,1602823709942.000000
1602699617000.000000,1752161429.997802,1602840688831.000000
1602799581000.000000,1752161430.131577,1602974464724.000000
1602832904000.000000,1752161430.147881,1602990767527.000000
1602866225000.000000,1752161430.164241,1603007126904.000000
1602932867000.000000,1752161430.180533,1603023419337.000000
1602999509000.000000,1752161430.334449,1603177336569.000000
1603099474000.000000,1752161430.351011,1603193897685.000000
1603132795000.000000,1752161430.469845,1603312731891.000000
1603166117000.000000,1752161430.486801,1603329688225.000000
1603199439000.000000,1752161430.502778,1603345664642.000000
1603299402000.000000,1752161430.653041,1603495928503.000000
1603332725000.000000,1752161430.669826,1603512711968.000000
1603432688000.000000,1752161430.691890,1603534776993.000000
1603466010000.000000,1752161430.821230,1603664117874.000000
1603499332000.000000,1752161430.837883,1603680768988.000000
1603632617000.000000,1752161430.971549,1603814435993.000000
1603665940000.000000,1752161430.988259,1603831145496.000000
1603699261000.000000,1752161431.009719,1603852606897.000000
1603799224000.000000,1752161431.149923,1603992810708.000000
1603832547000.000000,1752161431.167520,1604010406536.000000
1603932510000.000000,1752161431.184070,1604026957392.000000
1603965832000.000000,1752161431.306569,1604149456155.000000
1603999153000.000000,1752161431.323730,1604166616690.000000
1604099117000.000000,1752161431.339687,1604182573108.000000
1604132439000.000000,1752161431.446450,1604289336877.000000
1604165760000.000000,1752161431.468154,1604311041775.000000
1604299046000.000000,1752161431.590484,1604433370966.000000
1604332368000.000000,1752161431.607216,1604450103450.000000
1604365688000.000000,1752161431.623828,1604466715435.000000
1604432330000.000000,1752161431.800596,1604643483333.000000
1604465653000.000000,1752161431.817712,1604660599387.000000
1604565616000.000000,1752161431.834127,1604677012949.000000
1604598939000.000000,1752161431.850451,1604693337140.000000
1604632261000.000000,1752161432.069904,1604912791601.000000
1604765545000.000000,1752161432.091501,1604934387649.000000
1604798868000.000000,1752161432.108316,1604951202447.000000
1604832189000.000000,1752161432.214697,1605057584756.000000
1604865510000.000000,1752161432.231435,1605074322204.000000
1605065439000.000000,1752161432.391935,1605234822631.000000
1605098760000.000000,1752161432.403459,1605246344814.000000
1605132082000.000000,1752161432.430988,1605273874563.000000
1605198723000.000000,1752161432.580504,1605423392024.000000
1605232046000.000000,1752161432.607557,1605450443907.000000
1605365331000.000000,1752161432.629733,1605472619708.000000
1605398653000.000000,1752161432.711857,1605554744255.000000
1605431974000.000000,1752161432.749369,1605592256054.000000
1605565259000.000000,1752161432.856363,1605699250543.000000
1605598583000.000000,1752161432.873375,1605716263210.000000
1605631903000.000000,1752161432.890089,1605732975009.000000
1605665224000.000000,1752161432.995373,1605838260236.000000
1605698546000.000000,1752161433.012273,1605855159608.000000
1605798509000.000000,1752161433.034125,1605877011357.000000
1605831831000.000000,1752161433.211214,1606054101399.000000
1605865153000.000000,1752161433.228652,1606071538117.000000
1605965116000.000000,1752161433.235068,1606077953962.000000
1606031759000.000000,1752161433.379079,1606221968254.000000
1606065081000.000000,1752161433.395715,1606238602406.000000
1606198366000.000000,1752161433.529990,1606372877535.000000
1606231688000.000000,1752161433.546571,1606389458558.000000
1606265009000.000000,1752161433.563480,1606406366892.000000
1606331652000.000000,1752161433.579893,1606422780027.000000
1606364975000.000000,1752161433.781935,1606624822140.000000
1606498259000.000000,1752161433.804002,1606646889017.000000
1606531581000.000000,1752161433.830842,1606673729402.000000
1606564902000.000000,1752161433.980263,1606823151438.000000
1606631546000.000000,1752161433.997097,1606839984087.000000
1606731509000.000000,1752161434.013472,1606856358483.000000
1606764833000.000000,1752161434.040641,1606883526494.000000
1606798152000.000000,1752161434.186149,1607029036679.000000
1606964760000.000000,1752161434.213251,1607056138229.000000
1606998081000.000000,1752161434.362522,1607205408822.000000
1607031403000.000000,1752161434.379446,1607222332452.000000
1607064724000.000000,1752161434.391195,1607234082466.000000
1607131366000.000000,1752161434.412697,1607255582682.000000
1607198009000.000000,1752161434.517663,1607360549746.000000
1607331295000.000000,1752161434.708056,1607550944232.000000
1607364617000.000000,1752161434.725039,1607567926066.000000
1607397937000.000000,1752161434.747142,1607590028608.000000
1607431260000.000000,1752161434.763172,1607606058599.000000
1607531223000.000000,1752161434.948426,1607791313895.000000
1607697830000.000000,1752161434.976168,1607819055475.000000
1607731152000.000000,1752161435.052668,1607895555837.000000
1607764473000.000000,1752161435.069142,1607912028564.000000
1607797796000.000000,1752161435.091213,1607934100200.000000
1607897759000.000000,1752161435.209142,1608052030081.000000
1607931081000.000000,1752161435.236978,1608079864716.000000
1608031045000.000000,1752161435.373388,1608216275176.000000
1608064368000.000000,1752161435.395848,1608238734918.000000
1608097689000.000000,1752161435.412320,1608255207294.000000
1608197652000.000000,1752161435.551868,1608394755353.000000
1608230975000.000000,1752161435.568864,1608411750130.000000
1608330938000.000000,1752161435.585680,1608428566095.000000
1608364260000.000000,1752161435.718819,1608561706346.000000
1608397582000.000000,1752161435.735328,1608578215351.000000
1608530867000.000000,1752161435.848265,1608691152133.000000
1608564189000.000000,1752161435.865153,1608708039746.000000
1608597510000.000000,1752161435.881656,1608724543214.000000
1608664155000.000000,1752161435.976939,1608819827113.000000
1608697476000.000000,1752161435.993740,1608836626430.000000
1608797438000.000000,1752161436.116259,1608959146211.000000
1608830760000.000000,1752161436.132810,1608975696456.000000
1608864081000.000000,1752161436.149601,1608992487310.000000
1608930723000.000000,1752161436.260071,1609102957561.000000
1608964045000.000000,1752161436.292195,1609135081783.000000
1609097331000.000000,1752161436.455937,1609298824475.000000
1609130653000.000000,1752161436.478313,1609321199293.000000
1609163974000.000000,1752161436.495046,1609337933148.000000
1609263937000.000000,1752161436.617913,1609460800129.000000
1609297259000.000000,1752161436.634642,1609477527909.000000
1609430546000.000000,1752161436.761213,1609604102095.000000
1609463868000.000000,1752161436.779082,1609621969050.000000
1609497191000.000000,1752161436.796622,1609639508933.000000
1609563831000.000000,1752161436.969988,1609812875253.000000
1609597154000.000000,1752161436.986942,1609829829031.000000
1609730438000.000000,1752161437.013955,1609856841489.000000
1609763760000.000000,1752161437.035427,1609878313612.000000
1609797082000.000000,1752161437.174332,1610017220454.000000
1609963688000.000000,1752161437.197081,1610039967472.000000
1609997010000.000000,1752161437.340603,1610183490770.000000
1610030333000.000000,1752161437.367819,1610210704633.000000
1610063654000.000000,1752161437.389928,1610232814416.000000
1610130294000.000000,1752161437.410902,1610253788322.000000
1610196939000.000000,1752161437.621316,1610464203260.000000
1610330224000.000000,1752161437.638021,1610480907207.000000
1610363545000.000000,1752161437.743006,1610585893123.000000
1610396867000.000000,1752161437.754920,1610597807154.000000
1610430188000.000000,1752161437.776876,1610619763106.000000
1610563474000.000000,1752161437.902483,1610745370801.000000
1610596796000.000000,1752161437.919504,1610762390912.000000
1610730080000.000000,1752161438.077207,1610920094070.000000
1610763402000.000000,1752161438.094027,1610936913220.000000
1610796723000.000000,1752161438.110637,1610953523409.000000
1610863365000.000000,1752161438.132376,1610975262326.000000
1610896687000.000000,1752161438.274185,1611117072974.000000
1611063295000.000000,1752161438.291011,1611133897438.000000
1611096617000.000000,1752161438.442855,1611285741654.000000
1611129939000.000000,1752161438.459750,1611302636155.000000
1611163260000.000000,1752161438.476316,1611319202382.000000
1611229902000.000000,1752161438.601626,1611444512858.000000
1611263227000.000000,1752161438.619276,1611462162907.000000
1611396509000.000000,1752161438.635529,1611478414822.000000
1611429831000.000000,1752161438.838046,1611680932541.000000
1611463153000.000000,1752161438.854891,1611697776728.000000
1611563117000.000000,1752161438.866547,1611709433891.000000
1611596439000.000000,1752161438.883366,1611726252060.000000
1611629759000.000000,1752161439.025615,1611868502518.000000
1611796366000.000000,1752161439.047598,1611890485173.000000
1611829688000.000000,1752161439.170635,1612013522226.000000
1611863011000.000000,1752161439.187456,1612030343228.000000
1611896332000.000000,1752161439.214422,1612057309075.000000
1611996295000.000000,1752161439.353024,1612195911773.000000
1612029618000.000000,1752161439.374889,1612217775707.000000
1612162901000.000000,1752161439.396822,1612239708973.000000
1612196225000.000000,1752161439.543329,1612386217982.000000
1612229546000.000000,1752161439.565051,1612407937732.000000
1612329509000.000000,1752161439.586659,1612429545946.000000
1612362830000.000000,1752161439.748285,1612591171844.000000
1612396152000.000000,1752161439.770049,1612612935853.000000
1612496116000.000000,1752161439.791436,1612634321755.000000
1612529437000.000000,1752161439.818745,1612661631098.000000
1612562758000.000000,1752161439.949991,1612792878886.000000
1612729365000.000000,1752161439.972025,1612814911559.000000
1612762687000.000000,1752161440.088164,1612931051717.000000
1612796014000.000000,1752161440.110312,1612953199371.000000
1612829331000.000000,1752161440.132992,1612975878797.000000
1612929293000.000000,1752161440.283875,1613126761929.000000
1612962617000.000000,1752161440.300664,1613143550783.000000
1613062581000.000000,1752161440.312481,1613155368112.000000
1613095902000.000000,1752161440.401898,1613244785125.000000
1613129223000.000000,1752161440.440255,1613283142804.000000
1613229188000.000000,1752161440.568883,1613411771414.000000
1613262511000.000000,1752161440.585662,1613428548713.000000
1613295832000.000000,1752161440.617327,1613460213254.000000
1613362473000.000000,1752161440.633647,1613476533224.000000
1613395796000.000000,1752161440.742672,1613585560397.000000
1613562402000.000000,1752161440.841222,1613684108912.000000
1613595725000.000000,1752161440.858000,1613700887155.000000
1613629046000.000000,1752161440.869731,1613712617652.000000
1613662366000.000000,1752161440.980972,1613823860080.000000
1613695689000.000000,1752161440.997653,1613840538676.000000
1613795652000.000000,1752161441.121833,1613964719885.000000
1613828974000.000000,1752161441.138307,1613981194816.000000
1613862295000.000000,1752161441.160777,1614003663966.000000
1613962259000.000000,1752161441.310132,1614153019244.000000
1613995582000.000000,1752161441.332000,1614174886603.000000
1614095544000.000000,1752161441.354029,1614196916221.000000
1614128866000.000000,1752161441.476969,1614319856461.000000
1614162188000.000000,1752161441.498879,1614341765135.000000
1614262152000.000000,1752161441.525944,1614368830666.000000
1614295474000.000000,1752161441.669273,1614512160002.000000
1614328796000.000000,1752161441.686099,1614528985319.000000
1614428759000.000000,1752161441.702574,1614545459806.000000
1614462081000.000000,1752161441.800080,1614642967850.000000
1614495402000.000000,1752161441.821786,1614664672267.000000
1614628687000.000000,1752161441.916059,1614758947232.000000
1614662010000.000000,1752161441.939364,1614782251004.000000
1614695333000.000000,1752161442.063654,1614906540841.000000
1614761976000.000000,1752161442.085359,1614928245184.000000
1614795296000.000000,1752161442.096787,1614939672739.000000
1614895258000.000000,1752161442.244061,1615086948963.000000
1614928579000.000000,1752161442.260996,1615103881723.000000
1615028544000.000000,1752161442.277506,1615120393005.000000
1615061865000.000000,1752161442.437596,1615280482714.000000
1615095188000.000000,1752161442.454411,1615297297883.000000
1615228473000.000000,1752161442.470820,1615313707574.000000
1615261795000.000000,1752161442.609560,1615452446992.000000
1615295117000.000000,1752161442.626380,1615469266883.000000
1615395081000.000000,1752161442.647584,1615490470453.000000
1615428402000.000000,1752161442.786487,1615629374333.000000
1615461724000.000000,1752161442.808256,1615651143230.000000
1615561689000.000000,1752161442.840832,1615683719078.000000
1615595009000.000000,1752161442.961654,1615804542190.000000
1615628331000.000000,1752161442.978108,1615820995714.000000
1615761617000.000000,1752161443.015727,1615858614160.000000
1615794939000.000000,1752161443.176070,1616018957756.000000
1615828260000.000000,1752161443.192840,1616035727147.000000
1615928223000.000000,1752161443.214525,1616057412231.000000
1615961546000.000000,1752161443.231257,1616074143049.000000
1615994866000.000000,1752161443.373585,1616216472987.000000
1616161472000.000000,1752161443.390548,1616233435210.000000
1616194795000.000000,1752161443.550841,1616393728343.000000
1616228117000.000000,1752161443.567366,1616410252700.000000
1616261438000.000000,1752161443.583899,1616426785723.000000
1616328079000.000000,1752161443.605321,1616448207365.000000
1616361402000.000000,1752161443.807696,1616650583456.000000
1616528010000.000000,1752161443.825083,1616667969285.000000
1616561331000.000000,1752161443.852213,1616695098890.000000
1616594653000.000000,1752161443.991320,1616834207360.000000
1616627974000.000000,1752161444.008210,1616851097713.000000
1616761259000.000000,1752161444.014815,1616857701871.000000
1616794581000.000000,1752161444.026476,1616869361645.000000
1616827903000.000000,1752161444.168634,1617011521789.000000
1616961187000.000000,1752161444.196228,1617039115315.000000
1616994509000.000000,1752161444.307900,1617150787369.000000
1617027831000.000000,1752161444.329772,1617172658896.000000
1617061152000.000000,1752161444.351900,1617194786864.000000
1617127795000.000000,1752161444.489493,1617332380071.000000
1617161117000.000000,1752161444.506253,1617349140666.000000
1617261080000.000000,1752161444.528694,1617371580595.000000
1617294402000.000000,1752161444.675507,1617518394008.000000
1617327724000.000000,1752161444.692418,1617535304361.000000
1617461008000.000000,1752161444.714220,1617557106295.000000
1617494331000.000000,1752161444.800035,1617642922714.000000
1617527653000.000000,1752161444.827405,1617670290779.000000
1617627615000.000000,1752161444.974084,1617816971638.000000
1617660938000.000000,1752161444.985986,1617828872262.000000
1617694261000.000000,1752161444.997758,1617840644035.000000
1617760901000.000000,1752161444.999074,1617841959504.000000
1617827544000.000000,1752161445.150248,1617993134763.000000
1617960829000.000000,1752161445.171967,1618014853939.000000
1617994153000.000000,1752161445.344080,1618186967864.000000
1618027474000.000000,1752161445.360781,1618203668089.000000
1618060795000.000000,1752161445.388375,1618231261837.000000
1618160759000.000000,1752161445.507141,1618350029303.000000
1618194081000.000000,1752161445.523894,1618366781121.000000
1618327364000.000000,1752161445.683542,1618526429223.000000
1618360688000.000000,1752161445.700188,1618543074449.000000
1618394009000.000000,1752161445.732731,1618575617130.000000
1618460651000.000000,1752161445.759793,1618602679735.000000
1618527295000.000000,1752161445.955646,1618798533742.000000
1618693903000.000000,1752161445.978105,1618820991911.000000
1618727223000.000000,1752161446.000376,1618843262378.000000
1618760544000.000000,1752161446.113853,1618956739636.000000
1618793866000.000000,1752161446.130853,1618973739358.000000
1618927151000.000000,1752161446.235911,1619078798144.000000
1618960473000.000000,1752161446.262983,1619105870619.000000
1618993795000.000000,1752161446.279770,1619122657251.000000
1619060436000.000000,1752161446.388906,1619231792552.000000
1619093759000.000000,1752161446.415915,1619258801639.000000
1619227044000.000000,1752161446.536346,1619379233107.000000
1619260366000.000000,1752161446.553030,1619395916147.000000
1619293688000.000000,1752161446.569713,1619412600021.000000
1619360329000.000000,1752161446.726644,1619569531150.000000
1619393652000.000000,1752161446.748852,1619591739080.000000
1619493614000.000000,1752161446.780950,1619623836951.000000
1619526938000.000000,1752161446.921410,1619764297760.000000
1619560259000.000000,1752161446.938195,1619781082577.000000
1619693544000.000000,1752161446.955675,1619798562517.000000
1619726866000.000000,1752161446.978694,1619821581032.000000
1619760187000.000000,1752161447.084808,1619927695400.000000
1619893473000.000000,1752161447.188934,1620031821287.000000
1619926794000.000000,1752161447.205694,1620048581067.000000
1619960117000.000000,1752161447.228191,1620071078032.000000
1619993437000.000000,1752161447.344945,1620187832443.000000
1620026759000.000000,1752161447.367053,1620209939523.000000
1620160044000.000000,1752161447.506934,1620349821689.000000
1620193367000.000000,1752161447.538913,1620381799320.000000
1620226687000.000000,1752161447.555930,1620398816450.000000
1620326651000.000000,1752161447.731758,1620574644894.000000
1620359974000.000000,1752161447.748488,1620591373952.000000
1620459937000.000000,1752161447.764728,1620607614830.000000
1620493259000.000000,1752161447.791616,1620634502807.000000
1620526580000.000000,1752161447.813326,1620656212039.000000
1620726508000.000000,1752161447.944672,1620787559585.000000
1620759830000.000000,1752161448.098198,1620941085729.000000
1620793152000.000000,1752161448.120330,1620963216753.000000
1620826473000.000000,1752161448.141793,1620984679543.000000
1620859795000.000000,1752161448.168656,1621011542353.000000
1620926437000.000000,1752161448.321785,1621164672501.000000
1621093044000.000000,1752161448.338430,1621181317560.000000
1621126368000.000000,1752161448.529600,1621372487391.000000
1621159688000.000000,1752161448.546217,1621389104117.000000
1621193010000.000000,1752161448.578308,1621421194062.000000
1621259651000.000000,1752161448.599777,1621442662999.000000
1621326294000.000000,1752161448.616152,1621459038506.000000
1621559543000.000000,1752161448.836583,1621679470605.000000
1621592866000.000000,1752161448.848842,1621691728762.000000
1621626187000.000000,1752161448.972957,1621815844269.000000
1621659507000.000000,1752161448.989800,1621832687252.000000
1621692829000.000000,1752161449.016839,1621859725783.000000
1621792793000.000000,1752161449.183455,1622026341984.000000
1621826115000.000000,1752161449.210353,1622053239424.000000
1621926079000.000000,1752161449.231845,1622074732250.000000
1621959400000.000000,1752161449.389172,1622232059523.000000
1621992722000.000000,1752161449.405809,1622248696342.000000
1622159329000.000000,1752161449.422547,1622265433085.000000
1622192650000.000000,1752161449.556962,1622399849972.000000
1622225973000.000000,1752161449.578573,1622421459334.000000
1622325936000.000000,1752161449.600099,1622442985179.000000
1622359258000.000000,1752161449.745985,1622588872435.000000
1622392579000.000000,1752161449.768529,1622611416177.000000
1622525865000.000000,1752161449.795897,1622638783131.000000
1622559187000.000000,1752161449.908164,1622751052605.000000
1622592509000.000000,1752161449.929733,1622772618634.000000
1622725794000.000000,1752161450.074848,1622917736360.000000
1622759116000.000000,1752161450.102555,1622945441718.000000
1622792437000.000000,1752161450.125342,1622968229236.000000
1622892400000.000000,1752161450.243839,1623086727334.000000
1622925723000.000000,1752161450.255371,1623098256999.000000
1623059009000.000000,1752161450.423726,1623266613423.000000
1623092331000.000000,1752161450.435438,1623278325457.000000
1623125650000.000000,1752161450.451803,1623294689167.000000
1623192293000.000000,1752161450.473300,1623316186141.000000
1623225614000.000000,1752161450.644502,1623487389186.000000
1623392222000.000000,1752161450.661174,1623504060985.000000
1623425544000.000000,1752161450.677882,1623520769377.000000
1623458865000.000000,1752161450.821683,1623664570672.000000
1623492187000.000000,1752161450.838960,1623681848003.000000
1623592150000.000000,1752161450.856024,1623698911632.000000
1623625473000.000000,1752161450.968978,1623811865395.000000
1623658794000.000000,1752161450.985896,1623828782452.000000
1623758757000.000000,1752161451.012673,1623855559263.000000
1623792079000.000000,1752161451.162744,1624005630608.000000
1623825402000.000000,1752161451.174398,1624017284993.000000
1623925364000.000000,1752161451.201621,1624044507134.000000
1623958687000.000000,1752161451.217956,1624060841807.000000
1623992009000.000000,1752161451.369055,1624211942456.000000
1624125293000.000000,1752161451.386315,1624229201250.000000
1624158616000.000000,1752161451.408002,1624250888019.000000
1624191937000.000000,1752161451.520340,1624363227455.000000
1624225259000.000000,1752161451.542336,1624385224184.000000
1624358543000.000000,1752161451.695236,1624538123464.000000
1624391866000.000000,1752161451.713396,1624556282582.000000
1624425186000.000000,1752161451.735049,1624577935370.000000
1624458507000.000000,1752161451.865097,1624707983670.000000
1624525150000.000000,1752161451.887122,1624730008473.000000
1624658435000.000000,1752161451.903849,1624746735735.000000
1624691758000.000000,1752161452.050891,1624893780609.000000
1624725079000.000000,1752161452.053398,1624896284399.000000
1624825042000.000000,1752161452.071326,1624914214760.000000
1624858365000.000000,1752161452.198219,1625041106572.000000
1624891688000.000000,1752161452.220350,1625063236633.000000
1625024971000.000000,1752161452.327232,1625170119345.000000
1625058293000.000000,1752161452.350301,1625193187953.000000
1625091614000.000000,1752161452.366876,1625209763679.000000
1625158258000.000000,1752161452.467580,1625310468100.000000
1625191580000.000000,1752161452.495369,1625338255383.000000
1625291543000.000000,1752161452.622944,1625465831892.000000
1625324865000.000000,1752161452.644701,1625487588383.000000
1625358186000.000000,1752161452.661518,1625504404755.000000
1625458149000.000000,1752161452.848178,1625691065555.000000
1625491472000.000000,1752161452.865160,1625708046278.000000
1625591435000.000000,1752161452.881707,1625724594171.000000
1625624757000.000000,1752161452.903227,1625746112997.000000
1625658078000.000000,1752161453.084699,1625927586479.000000
1625824686000.000000,1752161453.101718,1625944606201.000000
1625858007000.000000,1752161453.124426,1625967312645.000000
1625891329000.000000,1752161453.241828,1626084714791.000000
1625924651000.000000,1752161453.258571,1626101457830.000000
1626057935000.000000,1752161453.403738,1626246625945.000000
1626091259000.000000,1752161453.425715,1626268601526.000000
1626124579000.000000,1752161453.442427,1626285313621.000000
1626224542000.000000,1752161453.539130,1626382017044.000000
1626257866000.000000,1752161453.561173,1626404060643.000000
1626357829000.000000,1752161453.725731,1626568618808.000000
1626391150000.000000,1752161453.742565,1626585452180.000000
1626424472000.000000,1752161453.754276,1626597162177.000000
1626524437000.000000,1752161453.791896,1626634782382.000000
1626557759000.000000,1752161453.990621,1626833508768.000000
1626724365000.000000,1752161454.007426,1626850313048.000000
1626757686000.000000,1752161454.039546,1626882431474.000000
1626791007000.000000,1752161454.166624,1627009511747.000000
1626824329000.000000,1752161454.193942,1627036828776.000000
1626957614000.000000,1752161454.215959,1627058845320.000000
1626990936000.000000,1752161454.371217,1627214104057.000000
1627024259000.000000,1752161454.387500,1627230386583.000000
1627157542000.000000,1752161454.409529,1627252415923.000000
1627190865000.000000,1752161454.523312,1627366199993.000000
1627224186000.000000,1752161454.545984,1627388870678.000000
1627324149000.000000,1752161454.669511,1627512398746.000000
1627357471000.000000,1752161454.686250,1627529137322.000000
1627390793000.000000,1752161454.708225,1627551112051.000000
1627490756000.000000,1752161454.903540,1627746427360.000000
1627524078000.000000,1752161454.919713,1627762599164.000000
1627624042000.000000,1752161454.936069,1627778955837.000000
1627657364000.000000,1752161454.952392,1627795278363.000000
1627690685000.000000,1752161455.138141,1627981028783.000000
1627890613000.000000,1752161455.160406,1628003292435.000000
1627923935000.000000,1752161455.287330,1628130217840.000000
1627957256000.000000,1752161455.309270,1628152157718.000000
1627990579000.000000,1752161455.326081,1628168967164.000000
1628090542000.000000,1752161455.348111,1628190997263.000000
1628123863000.000000,1752161455.494349,1628337236737.000000
1628290471000.000000,1752161455.521586,1628364473063.000000
1628323794000.000000,1752161455.638203,1628481089846.000000
1628357115000.000000,1752161455.654961,1628497848034.000000
1628390438000.000000,1752161455.671868,1628514754776.000000
1628457078000.000000,1752161455.777500,1628620387259.000000
1628490401000.000000,1752161455.794859,1628637745830.000000
1628623686000.000000,1752161455.895651,1628738538046.000000
1628657008000.000000,1752161455.912608,1628755495139.000000
1628690328000.000000,1752161456.033680,1628876567841.000000
1628723649000.000000,1752161456.045234,1628888121691.000000
1628756972000.000000,1752161456.067265,1628910152012.000000
1628856936000.000000,1752161456.199977,1629042864693.000000
1628890258000.000000,1752161456.216712,1629059598844.000000
1629023543000.000000,1752161456.362678,1629205564710.000000
1629056865000.000000,1752161456.394879,1629237766191.000000
1629090186000.000000,1752161456.421738,1629264624798.000000
1629190150000.000000,1752161456.566976,1629409864597.000000
1629223472000.000000,1752161456.584218,1629427104817.000000
1629356757000.000000,1752161456.595830,1629438716148.000000
1629390079000.000000,1752161456.720100,1629562986912.000000
1629423401000.000000,1752161456.731751,1629574638390.000000
1629523364000.000000,1752161456.748585,1629591472133.000000
1629556686000.000000,1752161456.865243,1629708130860.000000
1629590007000.000000,1752161456.871600,1629714486094.000000
1629689970000.000000,1752161457.028435,1629871321853.000000
1629723295000.000000,1752161457.041108,1629883994729.000000
1629756615000.000000,1752161457.062279,1629905164781.000000
1629789936000.000000,1752161457.189889,1630032778142.000000
1629856579000.000000,1752161457.222256,1630065143121.000000
1629989865000.000000,1752161457.244602,1630087489050.000000
1630023188000.000000,1752161457.376318,1630219204556.000000
1630056509000.000000,1752161457.398176,1630241062916.000000
1630189792000.000000,1752161457.568113,1630411000213.000000
1630223114000.000000,1752161457.590047,1630432933258.000000
1630256436000.000000,1752161457.606544,1630449430263.000000
1630323078000.000000,1752161457.797657,1630640544668.000000
1630356400000.000000,1752161457.820114,1630663001114.000000
1630523006000.000000,1752161457.842051,1630684937770.000000
1630556329000.000000,1752161457.858453,1630701339683.000000
1630622970000.000000,1752161458.071099,1630913986618.000000
1630789578000.000000,1752161458.087952,1630930838971.000000
1630822900000.000000,1752161458.109800,1630952686294.000000
1630856221000.000000,1752161458.126147,1630969032523.000000
1630889542000.000000,1752161458.317877,1631160764552.000000
1631056149000.000000,1752161458.334441,1631177328575.000000
1631089470000.000000,1752161458.356458,1631199343840.000000
1631122792000.000000,1752161458.464200,1631307087007.000000
1631156113000.000000,1752161458.486422,1631329308363.000000
1631289399000.000000,1752161458.657424,1631500311373.000000
1631322721000.000000,1752161458.684849,1631527735771.000000
1631356042000.000000,1752161458.701210,1631544096833.000000
1631422684000.000000,1752161458.717533,1631560419784.000000
1631489327000.000000,1752161458.854345,1631697241017.000000
1631622613000.000000,1752161458.871361,1631714248128.000000
1631655936000.000000,1752161459.036657,1631879543805.000000
1631689256000.000000,1752161459.048450,1631891335893.000000
1631722578000.000000,1752161459.075159,1631918045928.000000
1631822541000.000000,1752161459.102043,1631944929905.000000
1631855864000.000000,1752161459.292248,1632135135208.000000
1632022470000.000000,1752161459.304164,1632147050628.000000
1632055793000.000000,1752161459.325870,1632168756656.000000
1632089114000.000000,1752161459.433604,1632276491730.000000
1632122435000.000000,1752161459.455926,1632298813123.000000
1632255720000.000000,1752161459.569719,1632412606100.000000
1632289043000.000000,1752161459.582104,1632424990460.000000
1632322363000.000000,1752161459.593781,1632436666179.000000
1632389005000.000000,1752161459.740824,1632583710627.000000
1632422328000.000000,1752161459.757666,1632600552333.000000
1632522292000.000000,1752161459.774334,1632617220706.000000
1632555613000.000000,1752161459.908143,1632751029747.000000
1632622256000.000000,1752161459.924844,1632767729713.000000
1632722220000.000000,1752161460.061819,1632904706797.000000
1632755543000.000000,1752161460.079299,1632922185681.000000
1632788865000.000000,1752161460.095995,1632938881832.000000
1632855506000.000000,1752161460.123036,1632965922697.000000
1632888829000.000000,1752161460.306421,1633149308492.000000
1633055434000.000000,1752161460.322920,1633165806331.000000
1633088756000.000000,1752161460.339631,1633182517815.000000
1633122080000.000000,1752161460.469533,1633312420339.000000
1633155401000.000000,1752161460.497037,1633339923847.000000
1633255363000.000000,1752161460.524674,1633367560446.000000
1633288685000.000000,1752161460.659654,1633502541698.000000
1633322007000.000000,1752161460.676590,1633519476791.000000
1633455292000.000000,1752161460.791234,1633634121334.000000
1633488613000.000000,1752161460.807894,1633650781597.000000
1633521935000.000000,1752161460.829545,1633672432385.000000
1633621898000.000000,1752161460.934501,1633777388301.000000
1633655221000.000000,1752161460.956390,1633799276994.000000
1633755184000.000000,1752161461.055856,1633898743223.000000
1633788506000.000000,1752161461.072554,1633915440522.000000
1633821828000.000000,1752161461.089060,1633931946324.000000
1633888469000.000000,1752161461.200746,1634043633044.000000
1633921793000.000000,1752161461.217369,1634060255251.000000
1634021755000.000000,1752161461.317156,1634160043737.000000
1634055078000.000000,1752161461.339954,1634182841217.000000
1634088400000.000000,1752161461.351643,1634194529602.000000
1634155041000.000000,1752161461.496049,1634338936761.000000
1634188364000.000000,1752161461.512801,1634355687671.000000
1634288326000.000000,1752161461.534350,1634377236923.000000
1634321648000.000000,1752161461.647458,1634490345333.000000
1634354971000.000000,1752161461.664206,1634507094188.000000
1634454934000.000000,1752161461.680992,1634523878801.000000
1634488255000.000000,1752161461.791594,1634634481236.000000
1634521577000.000000,1752161461.824150,1634667036584.000000
1634621541000.000000,1752161461.941754,1634784640723.000000
1634654864000.000000,1752161461.963660,1634806547637.000000
1634688185000.000000,1752161461.980217,1634823104177.000000
1634788148000.000000,1752161462.167242,1635010130483.000000
1634821471000.000000,1752161462.184049,1635026936558.000000
1634921434000.000000,1752161462.205419,1635048305866.000000
1634954756000.000000,1752161462.221810,1635064696131.000000
1634988077000.000000,1752161462.322355,1635165242844.000000
1635154685000.000000,1752161462.455355,1635298242089.000000
1635188010000.000000,1752161462.471887,1635314774241.000000
1635221328000.000000,1752161462.588327,1635431214242.000000
1635287970000.000000,1752161462.615070,1635457956071.000000
1635321292000.000000,1752161462.631501,1635474388280.000000
1635387933000.000000,1752161462.648272,1635491158818.000000
1635454576000.000000,1752161462.778695,1635621581978.000000
1635587862000.000000,1752161462.801029,1635643916313.000000
1635621185000.000000,1752161462.905146,1635748033139.000000
1635654506000.000000,1752161462.927768,1635770654379.000000
1635687827000.000000,1752161463.006284,1635849170847.000000
1635721149000.000000,1752161463.033221,1635876107804.000000
1635754471000.000000,1752161463.055080,1635897966699.000000
1635854434000.000000,1752161463.222638,1636065525512.000000
1635887757000.000000,1752161463.245036,1636087922995.000000
1635987719000.000000,1752161463.266943,1636109830834.000000
1636054362000.000000,1752161463.395411,1636238297735.000000
1636087685000.000000,1752161463.407280,1636250167248.000000
1636187648000.000000,1752161463.428987,1636271873738.000000
1636220970000.000000,1752161463.530300,1636373186832.000000
1636254292000.000000,1752161463.541929,1636384815366.000000
1636354254000.000000,1752161463.673815,1636516702659.000000
1636387578000.000000,1752161463.701035,1636543921910.000000
1636420898000.000000,1752161463.723243,1636566130543.000000
1636454219000.000000,1752161463.739761,1636582647436.000000
1636520862000.000000,1752161463.945579,1636788465797.000000
1636654147000.000000,1752161463.962031,1636804917820.000000
1636687470000.000000,1752161463.989213,1636832099589.000000
1636720791000.000000,1752161464.006051,1636848936905.000000
1636787434000.000000,1752161464.194622,1637037508788.000000
1636920719000.000000,1752161464.211183,1637054070588.000000
1636954040000.000000,1752161464.227937,1637070823793.000000
1636987362000.000000,1752161464.344901,1637187788326.000000
1637054006000.000000,1752161464.367698,1637210585712.000000
1637153969000.000000,1752161464.504606,1637347495160.000000
1637187291000.000000,1752161464.526002,1637368888875.000000
1637220612000.000000,1752161464.543294,1637386180112.000000
1637320576000.000000,1752161464.656805,1637499692364.000000
1637353899000.000000,1752161464.678611,1637521497797.000000
1637487183000.000000,1752161464.798702,1637641589614.000000
1637520505000.000000,1752161464.831312,1637674199497.000000
1637553827000.000000,1752161464.842763,1637685649365.000000
1637620468000.000000,1752161465.027421,1637870309065.000000
1637653792000.000000,1752161465.054883,1637897770479.000000
1637787075000.000000,1752161465.071330,1637914216836.000000
1637820398000.000000,1752161465.093248,1637936134564.000000
1637853719000.000000,1752161465.247518,1638090405341.000000
1638020326000.000000,1752161465.264288,1638107175935.000000
1638053647000.000000,1752161465.385798,1638228684904.000000
1638086969000.000000,1752161465.402579,1638245466906.000000
1638120291000.000000,1752161465.419382,1638262268092.000000
1638220254000.000000,1752161465.568598,1638411486567.000000
1638253577000.000000,1752161465.585502,1638428388696.000000
1638320219000.000000,1752161465.601875,1638444761257.000000
1638353541000.000000,1752161465.623332,1638466217898.000000
1638386861000.000000,1752161465.738211,1638581098322.000000
1638553468000.000000,1752161465.936028,1638778915465.000000
1638586792000.000000,1752161465.957563,1638800449661.000000
1638620112000.000000,1752161465.974572,1638817459289.000000
1638653433000.000000,1752161465.991319,1638834205254.000000
1638786720000.000000,1752161466.132728,1638975615472.000000
1638920005000.000000,1752161466.144327,1638987213580.000000
1638953326000.000000,1752161466.305855,1639148741840.000000
1638986647000.000000,1752161466.317645,1639160531595.000000
1639019970000.000000,1752161466.324108,1639166993679.000000
1639119933000.000000,1752161466.483845,1639326733179.000000
1639153256000.000000,1752161466.500705,1639343592458.000000
1639253217000.000000,1752161466.517403,1639360289701.000000
1639286539000.000000,1752161466.685365,1639528252731.000000
1639319861000.000000,1752161466.712471,1639555357835.000000
1639453147000.000000,1752161466.723724,1639566609779.000000
1639486468000.000000,1752161466.745337,1639588223714.000000
1639519790000.000000,1752161466.927433,1639770320939.000000
1639686396000.000000,1752161466.954634,1639797520560.000000
1639719719000.000000,1752161467.068548,1639911435790.000000
1639753039000.000000,1752161467.090883,1639933769884.000000
1639786362000.000000,1752161467.118029,1639960915154.000000
1639886325000.000000,1752161467.220152,1640063039740.000000
1639919647000.000000,1752161467.236878,1640079765131.000000
1640052933000.000000,1752161467.390842,1640233730003.000000
1640086256000.000000,1752161467.413652,1640256539093.000000
1640119575000.000000,1752161467.431642,1640274530231.000000
1640152897000.000000,1752161467.552090,1640394977433.000000
1640186220000.000000,1752161467.573272,1640416159521.000000
1640352825000.000000,1752161467.595155,1640438041805.000000
1640386147000.000000,1752161467.721135,1640564022861.000000
1640419468000.000000,1752161467.743077,1640585963607.000000
1640519432000.000000,1752161467.754447,1640597332995.000000
1640552755000.000000,1752161467.916366,1640759253419.000000
1640586076000.000000,1752161467.933168,1640776054920.000000
1640686039000.000000,1752161467.961210,1640804096514.000000
1640719362000.000000,1752161467.977168,1640820055209.000000
1640752684000.000000,1752161468.106661,1640949548840.000000
1640919288000.000000,1752161468.274634,1641117520834.000000
1640952612000.000000,1752161468.291435,1641134321594.000000
1640985932000.000000,1752161468.313233,1641156119064.000000
1641019254000.000000,1752161468.462546,1641305433779.000000
1641052576000.000000,1752161468.478925,1641321811432.000000
1641219182000.000000,1752161468.495341,1641338228511.000000
1641252503000.000000,1752161468.511994,1641354881162.000000
1641319148000.000000,1752161468.640662,1641483550246.000000
1641452431000.000000,1752161468.745715,1641588601711.000000
1641485754000.000000,1752161468.757397,1641600283448.000000
1641519075000.000000,1752161468.773797,1641616683879.000000
1641552397000.000000,1752161468.927554,1641770441235.000000
1641585718000.000000,1752161468.944494,1641787380160.000000
1641685681000.000000,1752161468.971559,1641814444912.000000
1641719004000.000000,1752161468.998644,1641841530293.000000
1641752324000.000000,1752161469.215935,1642058822597.000000
1641918932000.000000,1752161469.237787,1642080672845.000000
1641952253000.000000,1752161469.254489,1642097375495.000000
1641985575000.000000,1752161469.270803,1642113688760.000000
1642018895000.000000,1752161469.416786,1642259672674.000000
1642218824000.000000,1752161469.433360,1642276247307.000000
1642252146000.000000,1752161469.608986,1642451873151.000000
1642285469000.000000,1752161469.625515,1642468401284.000000
1642318789000.000000,1752161469.642533,1642485420228.000000
1642385430000.000000,1752161469.669408,1642512294333.000000
1642452075000.000000,1752161469.756077,1642598963794.000000
1642585360000.000000,1752161469.936157,1642779043835.000000
1642618681000.000000,1752161469.963392,1642806278419.000000
1642652007000.000000,1752161469.980235,1642823120790.000000
1642685325000.000000,1752161469.996626,1642839512517.000000
1642751966000.000000,1752161470.176936,1643019824148.000000
1642918574000.000000,1752161470.189040,1643031927288.000000
1642951896000.000000,1752161470.205875,1643048761937.000000
1642985218000.000000,1752161470.352936,1643195823914.000000
1643018539000.000000,1752161470.370096,1643212983912.000000
1643118502000.000000,1752161470.386472,1643229358269.000000
1643151824000.000000,1752161470.402788,1643245673646.000000
1643185147000.000000,1752161470.520709,1643363595965.000000
1643318431000.000000,1752161470.548400,1643391286378.000000
1643351752000.000000,1752161470.680283,1643523169967.000000
1643385074000.000000,1752161470.707292,1643550178220.000000
1643418396000.000000,1752161470.723741,1643566627280.000000
1643485038000.000000,1752161470.745783,1643588669452.000000
1643551681000.000000,1752161470.902044,1643744931431.000000
1643651645000.000000,1752161470.919200,1643762087095.000000
1643718288000.000000,1752161471.054147,1643897034006.000000
1643751610000.000000,1752161471.076731,1643919617839.000000
1643784934000.000000,1752161471.093150,1643936036974.000000
1643851574000.000000,1752161471.124697,1643967582959.000000
1643884896000.000000,1752161471.281355,1644124242249.000000
1644051502000.000000,1752161471.303204,1644146090312.000000
1644084825000.000000,1752161471.324952,1644167838172.000000
1644118146000.000000,1752161471.465202,1644308089253.000000
1644151469000.000000,1752161471.481927,1644324814125.000000
1644251431000.000000,1752161471.503528,1644346415024.000000
1644284753000.000000,1752161471.626603,1644469490144.000000
1644318075000.000000,1752161471.648707,1644491593779.000000
1644418037000.000000,1752161471.670459,1644513346416.000000
1644451359000.000000,1752161471.806464,1644649351984.000000
1644484681000.000000,1752161471.823158,1644666044190.000000
1644584644000.000000,1752161471.839816,1644682703711.000000
1644617966000.000000,1752161472.000286,1644843173222.000000
1644651289000.000000,1752161472.017142,1644860029315.000000
1644751252000.000000,1752161472.033701,1644876587467.000000
1644784574000.000000,1752161472.060659,1644903545479.000000
1644817895000.000000,1752161472.175505,1645018391478.000000
1644984502000.000000,1752161472.280254,1645123141686.000000
1645017824000.000000,1752161472.292096,1645134983125.000000
1645051145000.000000,1752161472.308697,1645151583036.000000
1645084466000.000000,1752161472.447805,1645290692813.000000
1645117788000.000000,1752161472.465565,1645308453361.000000
1645251074000.000000,1752161472.488140,1645331027805.000000
1645284396000.000000,1752161472.623998,1645466885485.000000
1645317716000.000000,1752161472.640399,1645483285379.000000
1645451002000.000000,1752161472.748714,1645591601553.000000
1645484325000.000000,1752161472.765251,1645608138094.000000
1645517646000.000000,1752161472.792531,1645635417695.000000
1645584288000.000000,1752161472.937177,1645780064955.000000
1645617610000.000000,1752161472.959258,1645802144701.000000
1645717573000.000000,1752161472.981338,1645824224872.000000
1645784217000.000000,1752161473.083188,1645926075332.000000
1645817538000.000000,1752161473.100104,1645942991424.000000
1645917502000.000000,1752161473.195392,1646038280467.000000
1645950824000.000000,1752161473.217925,1646060811486.000000
1645984145000.000000,1752161473.323177,1646166064097.000000
1646017466000.000000,1752161473.334878,1646177764611.000000
1646050788000.000000,1752161473.346631,1646189517755.000000
1646150751000.000000,1752161473.600811,1646443698103.000000
1646184075000.000000,1752161473.617306,1646460192662.000000
1646284037000.000000,1752161473.638979,1646481865449.000000
1646317360000.000000,1752161473.655244,1646498130289.000000
1646384002000.000000,1752161473.671970,1646514855550.000000
1646583930000.000000,1752161473.873972,1646716859726.000000
1646617252000.000000,1752161473.900779,1646743666814.000000
1646650574000.000000,1752161473.922407,1646765292694.000000
1646683894000.000000,1752161474.025914,1646868801007.000000
1646717218000.000000,1752161474.042852,1646885738637.000000
1646850501000.000000,1752161474.180675,1647023562334.000000
1646883823000.000000,1752161474.202887,1647045773579.000000
1646917144000.000000,1752161474.219592,1647062479173.000000
1646983786000.000000,1752161474.236029,1647078915659.000000
1647017108000.000000,1752161474.438138,1647281025872.000000
1647150393000.000000,1752161474.454865,1647297751263.000000
1647183715000.000000,1752161474.471358,1647314244026.000000
1647217037000.000000,1752161474.487761,1647330646883.000000
1647250358000.000000,1752161474.636474,1647479361437.000000
1647416964000.000000,1752161474.653177,1647496062717.000000
1647450287000.000000,1752161474.823518,1647666405279.000000
1647483608000.000000,1752161474.840509,1647683397223.000000
1647516929000.000000,1752161474.857059,1647699945838.000000
1647616893000.000000,1752161474.878584,1647721471014.000000
1647650216000.000000,1752161475.043804,1647886691035.000000
1647816821000.000000,1752161475.055253,1647898139330.000000
1647850143000.000000,1752161475.166823,1648009710916.000000
1647883465000.000000,1752161475.188556,1648031442405.000000
1647916786000.000000,1752161475.205223,1648048110815.000000
1647983428000.000000,1752161475.349838,1648192725205.000000
1648016751000.000000,1752161475.366577,1648209464596.000000
1648150036000.000000,1752161475.399221,1648242107922.000000
1648183358000.000000,1752161475.523182,1648366069627.000000
1648216679000.000000,1752161475.550513,1648393399561.000000
1648316643000.000000,1752161475.567686,1648410573355.000000
1648349964000.000000,1752161475.743491,1648586377808.000000
1648383287000.000000,1752161475.760280,1648603166421.000000
1648483251000.000000,1752161475.771766,1648614652252.000000
1648516572000.000000,1752161475.783194,1648626080528.000000
1648549893000.000000,1752161475.923796,1648766684032.000000
1648716500000.000000,1752161475.946020,1648788907276.000000
1648749821000.000000,1752161476.095220,1648938107843.000000
1648783145000.000000,1752161476.116980,1648959867129.000000
1648816465000.000000,1752161476.133475,1648976360448.000000
1648883108000.000000,1752161476.149715,1648992601436.000000
1648916429000.000000,1752161476.296677,1649139564673.000000
1649083036000.000000,1752161476.308310,1649151197133.000000
1649116357000.000000,1752161476.432154,1649275041061.000000
1649149679000.000000,1752161476.448669,1649291555880.000000
1649183000000.000000,1752161476.465082,1649307968292.000000
1649249644000.000000,1752161476.636803,1649479690712.000000
1649282966000.000000,1752161476.658711,1649501598125.000000
1649382929000.000000,1752161476.674988,1649517873798.000000
1649416251000.000000,1752161476.691434,1649534320433.000000
1649449572000.000000,1752161476.892316,1649735204065.000000
1649616178000.000000,1752161476.919455,1649762341501.000000
1649649501000.000000,1752161476.941948,1649784834798.000000
1649682821000.000000,1752161477.022719,1649865606280.000000
1649749465000.000000,1752161477.045316,1649888203483.000000
1649849429000.000000,1752161477.194560,1650037447365.000000
1649882752000.000000,1752161477.206207,1650049092769.000000
1649916073000.000000,1752161477.233290,1650076176743.000000
1649982714000.000000,1752161477.249609,1650092495100.000000
1650016037000.000000,1752161477.411586,1650254472875.000000
1650149322000.000000,1752161477.433915,1650276802136.000000
1650182643000.000000,1752161477.450849,1650293735507.000000
1650215965000.000000,1752161477.592483,1650435372537.000000
1650249286000.000000,1752161477.609877,1650452764292.000000
1650382570000.000000,1752161477.626433,1650469319703.000000
1650415896000.000000,1752161477.761666,1650604555019.000000
1650449216000.000000,1752161477.783198,1650626084529.000000
1650582499000.000000,1752161477.931561,1650774447734.000000
1650615824000.000000,1752161477.942966,1650785852677.000000
1650649144000.000000,1752161477.959409,1650802296145.000000
1650749107000.000000,1752161478.070325,1650913212145.000000
1650782430000.000000,1752161478.087054,1650929940906.000000
1650882392000.000000,1752161478.248914,1651091800922.000000
1650915716000.000000,1752161478.270844,1651113729577.000000
1650949037000.000000,1752161478.292627,1651135513399.000000
1651049000000.000000,1752161478.314255,1651157141408.000000
1651082322000.000000,1752161478.480851,1651323738008.000000
1651248928000.000000,1752161478.502586,1651345472701.000000
1651282250000.000000,1752161478.518656,1651361542487.000000
1651315572000.000000,1752161478.666164,1651509051330.000000
1651348894000.000000,1752161478.687947,1651530833282.000000
1651448856000.000000,1752161478.694493,1651537380255.000000
1651482178000.000000,1752161478.855212,1651698099394.000000
1651515502000.000000,1752161478.871693,1651714579213.000000
1651615464000.000000,1752161478.888053,1651730939644.000000
1651648786000.000000,1752161478.904377,1651747263187.000000
1651682108000.000000,1752161479.061497,1651904384509.000000
1651815393000.000000,1752161479.073232,1651916119375.000000
1651848714000.000000,1752161479.084765,1651927651836.000000
1651882035000.000000,1752161479.219161,1652062047790.000000
1651915357000.000000,1752161479.241334,1652084220942.000000
1652015324000.000000,1752161479.262983,1652105869784.000000
1652048643000.000000,1752161479.434485,1652277372502.000000
1652081965000.000000,1752161479.456057,1652298944363.000000
1652181928000.000000,1752161479.472949,1652315835308.000000
1652215250000.000000,1752161479.489493,1652332379145.000000
1652281893000.000000,1752161479.683810,1652526697916.000000
1652415178000.000000,1752161479.700968,1652543855228.000000
1652448499000.000000,1752161479.722709,1652565596070.000000
1652481820000.000000,1752161479.831925,1652674812679.000000
1652515143000.000000,1752161479.853775,1652696661982.000000
1652648427000.000000,1752161479.965574,1652808461677.000000
1652681750000.000000,1752161479.982701,1652825588027.000000
1652715071000.000000,1752161479.999220,1652842107179.000000
1652781714000.000000,1752161480.110321,1652953208084.000000
1652815036000.000000,1752161480.126959,1652969845235.000000
1652914999000.000000,1752161480.159402,1653002289434.000000
1652948321000.000000,1752161480.357394,1653200281502.000000
1652981644000.000000,1752161480.373922,1653216808376.000000
1653081605000.000000,1752161480.400885,1653243771018.000000
1653114928000.000000,1752161480.549091,1653391978780.000000
1653148249000.000000,1752161480.565844,1653408730800.000000
1653314856000.000000,1752161480.587504,1653430390420.000000
1653348178000.000000,1752161480.604289,1653447175125.000000
1653381500000.000000,1752161480.757773,1653600661465.000000
1653548105000.000000,1752161480.774571,1653617458725.000000
1653581428000.000000,1752161480.901416,1653744303994.000000
1653614749000.000000,1752161480.918111,1653760998034.000000
1653648071000.000000,1752161480.934579,1653777464927.000000
1653714714000.000000,1752161481.064516,1653907404295.000000
1653781357000.000000,1752161481.097170,1653940057751.000000
1653881320000.000000,1752161481.224900,1654067787270.000000
1653914642000.000000,1752161481.241726,1654084612179.000000
1653947965000.000000,1752161481.258442,1654101329051.000000
1654047927000.000000,1752161481.387784,1654230671906.000000
1654081250000.000000,1752161481.404567,1654247453537.000000
1654214535000.000000,1752161481.592235,1654435121503.000000
1654247858000.000000,1752161481.608779,1654451665637.000000
1654281178000.000000,1752161481.625272,1654468159400.000000
1654347821000.000000,1752161481.642061,1654484947976.000000
1654447785000.000000,1752161481.733299,1654576186243.000000
1654581071000.000000,1752161481.877815,1654720702283.000000
1654614391000.000000,1752161481.894774,1654737661986.000000
1654647712000.000000,1752161482.010534,1654853422234.000000
1654681034000.000000,1752161482.022207,1654865094193.000000
1654714355000.000000,1752161482.043791,1654886678036.000000
1654814318000.000000,1752161482.065469,1654908354564.000000
1654847641000.000000,1752161482.210623,1655053510356.000000
1654980927000.000000,1752161482.244254,1655087140765.000000
1655014248000.000000,1752161482.334999,1655177886593.000000
1655047570000.000000,1752161482.361936,1655204822809.000000
1655080892000.000000,1752161482.378878,1655221765235.000000
1655180856000.000000,1752161482.501427,1655344314269.000000
1655214178000.000000,1752161482.523798,1655366684159.000000
1655314140000.000000,1752161482.662005,1655504892835.000000
1655347463000.000000,1752161482.678968,1655521855575.000000
1655380785000.000000,1752161482.696130,1655539017258.000000
1655447426000.000000,1752161482.713551,1655556437753.000000
1655514072000.000000,1752161482.904125,1655747012968.000000
1655647355000.000000,1752161482.920823,1655763708989.000000
1655680678000.000000,1752161482.943032,1655785918381.000000
1655713998000.000000,1752161483.047904,1655890791496.000000
1655747320000.000000,1752161483.075372,1655918259411.000000
1655847284000.000000,1752161483.097317,1655940204306.000000
1655880607000.000000,1752161483.244877,1656087764093.000000
1655913928000.000000,1752161483.261874,1656104761851.000000
1656013890000.000000,1752161483.278665,1656121551408.000000
1656047213000.000000,1752161483.435665,1656278553324.000000
1656080534000.000000,1752161483.452187,1656295073958.000000
1656180498000.000000,1752161483.468735,1656311621832.000000
1656213819000.000000,1752161483.485076,1656327962356.000000
1656247141000.000000,1752161483.662655,1656505542273.000000
1656413747000.000000,1752161483.674092,1656516979623.000000
1656447070000.000000,1752161483.690168,1656533055409.000000
1656480391000.000000,1752161483.788644,1656631532106.000000
1656513713000.000000,1752161483.810637,1656653524297.000000
1656613676000.000000,1752161483.942236,1656785123852.000000
1656646998000.000000,1752161483.958394,1656801289045.000000
1656680321000.000000,1752161483.975939,1656818825983.000000
1656746961000.000000,1752161483.996967,1656839853979.000000
1656780285000.000000,1752161484.198998,1657041885915.000000
1656913570000.000000,1752161484.215729,1657058615880.000000
1656946891000.000000,1752161484.248450,1657091337298.000000
1657013533000.000000,1752161484.363438,1657206325925.000000
1657046855000.000000,1752161484.385138,1657228024618.000000
1657180140000.000000,1752161484.502382,1657345269278.000000
1657213463000.000000,1752161484.539906,1657382792927.000000
1657246784000.000000,1752161484.566473,1657409358647.000000
1657313426000.000000,1752161484.587978,1657430864953.000000
1657346749000.000000,1752161484.811513,1657654400788.000000
1657513355000.000000,1752161484.833202,1657676088593.000000
1657546676000.000000,1752161484.844849,1657687735515.000000
1657579998000.000000,1752161484.861668,1657704554868.000000
1657613319000.000000,1752161484.976535,1657819422662.000000
1657779926000.000000,1752161484.993779,1657836665696.000000
1657813248000.000000,1752161485.137960,1657980847665.000000
1657846570000.000000,1752161485.159713,1658002599913.000000
1657879891000.000000,1752161485.186580,1658029466556.000000
1657946533000.000000,1752161485.315615,1658158502211.000000
1658013175000.000000,1752161485.332373,1658175260249.000000
1658113138000.000000,1752161485.358865,1658201752100.000000
1658146461000.000000,1752161485.510082,1658352968869.000000
1658179783000.000000,1752161485.526719,1658369605668.000000
1658279746000.000000,1752161485.543490,1658386375873.000000
1658313068000.000000,1752161485.559920,1658402805786.000000
1658346390000.000000,1752161485.717001,1658559887886.000000
1658479675000.000000,1752161485.734101,1658576987755.000000
1658512996000.000000,1752161485.883784,1658726670910.000000
1658546318000.000000,1752161485.900381,1658743268820.000000
1658579640000.000000,1752161485.921978,1658764863941.000000
1658679603000.000000,1752161485.938743,1658781628850.000000
1658712925000.000000,1752161486.130930,1658973817308.000000
1658846211000.000000,1752161486.153416,1658996302105.000000
1658879533000.000000,1752161486.160346,1659003232148.000000
1658912854000.000000,1752161486.279037,1659121924220.000000
1658946175000.000000,1752161486.311188,1659154075069.000000
1659079461000.000000,1752161486.327442,1659170329261.000000
1659112783000.000000,1752161486.447162,1659290050026.000000
1659146105000.000000,1752161486.469281,1659312168160.000000
1659246069000.000000,1752161486.495762,1659338648010.000000
1659279391000.000000,1752161486.620335,1659463221431.000000
1659312713000.000000,1752161486.637187,1659480074395.000000
1659412676000.000000,1752161486.653926,1659496812915.000000
1659445997000.000000,1752161486.759465,1659602352894.000000
1659479318000.000000,1752161486.776248,1659619135117.000000
1659579282000.000000,1752161486.909266,1659752154011.000000
1659612604000.000000,1752161486.931044,1659773929926.000000
1659645926000.000000,1752161486.957947,1659800833753.000000
1659712569000.000000,1752161487.087850,1659930738307.000000
1659779212000.000000,1752161487.104332,1659947219182.000000
1659879176000.000000,1752161487.136714,1659979600807.000000
1659912501000.000000,1752161487.255303,1660098190250.000000
1659945819000.000000,1752161487.277429,1660120315921.000000
1660079104000.000000,1752161487.413558,1660256445969.000000
1660112426000.000000,1752161487.429858,1660272744864.000000
1660145747000.000000,1752161487.450970,1660293856433.000000
1660212390000.000000,1752161487.472393,1660315279500.000000
1660245712000.000000,1752161487.648337,1660491224285.000000
1660412319000.000000,1752161487.665043,1660507930232.000000
1660445639000.000000,1752161487.823768,1660666656631.000000
1660478961000.000000,1752161487.851254,1660694140934.000000
1660512283000.000000,1752161487.867784,1660710670105.000000
1660612248000.000000,1752161487.884025,1660726911167.000000
1660645570000.000000,1752161488.028487,1660871374429.000000
1660812176000.000000,1752161488.051513,1660894399961.000000
1660845497000.000000,1752161488.152727,1660995614224.000000
1660878818000.000000,1752161488.164102,1661006989000.000000
1660912139000.000000,1752161488.175783,1661018669459.000000
1660978781000.000000,1752161488.313349,1661156236789.000000
1661012105000.000000,1752161488.324884,1661167771416.000000
1661112066000.000000,1752161488.507325,1661350213786.000000
1661145389000.000000,1752161488.523855,1661366741715.000000
1661178710000.000000,1752161488.545412,1661388298429.000000
1661311995000.000000,1752161488.572216,1661415102776.000000
1661345317000.000000,1752161488.698378,1661541265848.000000
1661478602000.000000,1752161488.715397,1661558282884.000000
1661511924000.000000,1752161488.821512,1661664399690.000000
1661545245000.000000,1752161488.837955,1661680842362.000000
1661578569000.000000,1752161488.854089,1661696976147.000000
1661678532000.000000,1752161488.998357,1661841244189.000000
1661711853000.000000,1752161489.014973,1661857860210.000000
1661778495000.000000,1752161489.031574,1661874461417.000000
1661811817000.000000,1752161489.188582,1662031469796.000000
1661845140000.000000,1752161489.200331,1662043217588.000000
1661945102000.000000,1752161489.216809,1662059694963.000000
1661978424000.000000,1752161489.233612,1662076498686.000000
1662011746000.000000,1752161489.387888,1662230776037.000000
1662145032000.000000,1752161489.420427,1662263313846.000000
1662178353000.000000,1752161489.432134,1662275019953.000000
1662211675000.000000,1752161489.519425,1662362312148.000000
1662244997000.000000,1752161489.536569,1662379456516.000000
1662344961000.000000,1752161489.657215,1662500101754.000000
1662378282000.000000,1752161489.668591,1662511477642.000000
1662411602000.000000,1752161489.695956,1662538842094.000000
1662444923000.000000,1752161489.711990,1662554876399.000000
1662511570000.000000,1752161489.888472,1662731359772.000000
1662644852000.000000,1752161489.905257,1662748143254.000000
1662678174000.000000,1752161490.022114,1662865001548.000000
1662711496000.000000,1752161490.044224,1662887110552.000000
1662744817000.000000,1752161490.060822,1662903709648.000000
1662844781000.000000,1752161490.207844,1663050731866.000000
1662878103000.000000,1752161490.224892,1663067780476.000000
1662978067000.000000,1752161490.257542,1663100428765.000000
1663011399000.000000,1752161490.344006,1663186893377.000000
1663044710000.000000,1752161490.365600,1663208486830.000000
1663177996000.000000,1752161490.527023,1663369910833.000000
1663211316000.000000,1752161490.543914,1663386801333.000000
1663244638000.000000,1752161490.571249,1663414136527.000000
1663344601000.000000,1752161490.723489,1663566377008.000000
1663377925000.000000,1752161490.756344,1663599230314.000000
1663477887000.000000,1752161490.772712,1663615598060.000000
1663511209000.000000,1752161490.933456,1663776343773.000000
1663544530000.000000,1752161490.945179,1663788064824.000000
1663677816000.000000,1752161490.977242,1663820128546.000000
1663711138000.000000,1752161490.993623,1663836509384.000000
1663744459000.000000,1752161491.149515,1663992402459.000000
1663911067000.000000,1752161491.161176,1664004063641.000000
1663944389000.000000,1752161491.317593,1664160480470.000000
1663977710000.000000,1752161491.344880,1664187767109.000000
1664011032000.000000,1752161491.366521,1664209407192.000000
1664111002000.000000,1752161491.388099,1664230985646.000000
1664144318000.000000,1752161491.533937,1664376824561.000000
1664310924000.000000,1752161491.551259,1664394146094.000000
1664344247000.000000,1752161491.720769,1664563656998.000000
1664377567000.000000,1752161491.748161,1664591047728.000000
1664410888000.000000,1752161491.764513,1664607399271.000000
1664477530000.000000,1752161491.780750,1664623636222.000000
1664544173000.000000,1752161491.886790,1664729678196.000000
1664710780000.000000,1752161492.068411,1664911297888.000000
1664744103000.000000,1752161492.079912,1664922798460.000000
1664777424000.000000,1752161492.096337,1664939223039.000000
1664810749000.000000,1752161492.112757,1664955643322.000000
1664944031000.000000,1752161492.291439,1665134325747.000000
1665043995000.000000,1752161492.319488,1665162374748.000000
1665077316000.000000,1752161492.458756,1665301643895.000000
1665110638000.000000,1752161492.481290,1665324176617.000000
1665143960000.000000,1752161492.497629,1665340514771.000000
1665243923000.000000,1752161492.513902,1665356788129.000000
1665277245000.000000,1752161492.633190,1665476077806.000000
1665443851000.000000,1752161492.780747,1665623635111.000000
1665477175000.000000,1752161492.807680,1665650566290.000000
1665510495000.000000,1752161492.824107,1665666993277.000000
1665543816000.000000,1752161492.840500,1665683386708.000000
1665577137000.000000,1752161493.021734,1665864621422.000000
1665777066000.000000,1752161493.043399,1665886286227.000000
1665810387000.000000,1752161493.059743,1665902630289.000000
1665843709000.000000,1752161493.162999,1666005886364.000000
1665877031000.000000,1752161493.190201,1666033087448.000000
1665976993000.000000,1752161493.281266,1666124152829.000000
1666010317000.000000,1752161493.303344,1666146230667.000000
1666043638000.000000,1752161493.319451,1666162337952.000000
1666110279000.000000,1752161493.463199,1666306086814.000000
1666143601000.000000,1752161493.480130,1666323016758.000000
1666243566000.000000,1752161493.496745,1666339631928.000000
1666276886000.000000,1752161493.652086,1666494974138.000000
1666310208000.000000,1752161493.663667,1666506554876.000000
1666410172000.000000,1752161493.680491,1666523378081.000000
1666476815000.000000,1752161493.815526,1666658413991.000000
1666510137000.000000,1752161493.848799,1666691685293.000000
1666610101000.000000,1752161493.870480,1666713366950.000000
1666643421000.000000,1752161493.965152,1666808038721.000000
1666676743000.000000,1752161493.981916,1666824803093.000000
1666776707000.000000,1752161494.103351,1666946238322.000000
1666810030000.000000,1752161494.119763,1666962649401.000000
1666843351000.000000,1752161494.136353,1666979238979.000000
1666943314000.000000,1752161494.255289,1667098176548.000000
1666976635000.000000,1752161494.271864,1667114750199.000000
1667076601000.000000,1752161494.367622,1667210509534.000000
1667109923000.000000,1752161494.384527,1667227413589.000000
1667143244000.000000,1752161494.411974,1667254859800.000000
1667176565000.000000,1752161494.550819,1667393707229.000000
1667243208000.000000,1752161494.572769,1667415655327.000000
1667343171000.000000,1752161494.598457,1667441343759.000000
1667376493000.000000,1752161494.739772,1667582659738.000000
1667409816000.000000,1752161494.756726,1667599613367.000000
1667509780000.000000,1752161494.779184,1667622070535.000000
1667543101000.000000,1752161494.795602,1667638488169.000000
1667576422000.000000,1752161494.962660,1667805546671.000000
1667743028000.000000,1752161494.979249,1667822135249.000000
1667776351000.000000,1752161495.105899,1667948787131.000000
1667809672000.000000,1752161495.127570,1667970457473.000000
1667842994000.000000,1752161495.149566,1667992452497.000000
1667942959000.000000,1752161495.294939,1668137825953.000000
1667976280000.000000,1752161495.311526,1668154412216.000000
1668076244000.000000,1752161495.323226,1668166114082.000000
1668109565000.000000,1752161495.449886,1668292772779.000000
1668142887000.000000,1752161495.466401,1668309287801.000000
1668242850000.000000,1752161495.482811,1668325697047.000000
1668276173000.000000,1752161495.624908,1668467795814.000000
1668309494000.000000,1752161495.641531,1668484417946.000000
1668409458000.000000,1752161495.668508,1668511394958.000000
1668442779000.000000,1752161495.769534,1668612421167.000000
1668476101000.000000,1752161495.785977,1668628864227.000000
1668609385000.000000,1752161495.909229,1668752116142.000000
1668642708000.000000,1752161495.932305,1668775191748.000000
1668676029000.000000,1752161495.953666,1668796553353.000000
1668742672000.000000,1752161496.092028,1668934915249.000000
1668775994000.000000,1752161496.109085,1668951972525.000000
1668875957000.000000,1752161496.125947,1668968834119.000000
1668909279000.000000,1752161496.260004,1669102891409.000000
1668942601000.000000,1752161496.276878,1669119764298.000000
1669042564000.000000,1752161496.293479,1669136365394.000000
1669075886000.000000,1752161496.412209,1669255096872.000000
1669109208000.000000,1752161496.433879,1669276765807.000000
1669209170000.000000,1752161496.449987,1669292873611.000000
1669242494000.000000,1752161496.625510,1669468397901.000000
1669275815000.000000,1752161496.627029,1669469915312.000000
1669375777000.000000,1752161496.648713,1669491599487.000000
1669409101000.000000,1752161496.665399,1669508285248.000000
1669442422000.000000,1752161496.778966,1669621853981.000000
1669609029000.000000,1752161496.935224,1669778111294.000000
1669642351000.000000,1752161496.951866,1669794752519.000000
1669675672000.000000,1752161496.984789,1669827675454.000000
1669708993000.000000,1752161497.001182,1669844068052.000000
1669775635000.000000,1752161497.178370,1670021257676.000000
1669942243000.000000,1752161497.195036,1670037923420.000000
1669975564000.000000,1752161497.212363,1670055249527.000000
1670008886000.000000,1752161497.390440,1670233328365.000000
1670042207000.000000,1752161497.402108,1670244994861.000000
1670142171000.000000,1752161497.418350,1670261236645.000000
1670175492000.000000,1752161497.552385,1670395273029.000000
1670208814000.000000,1752161497.574722,1670417608086.000000
1670308776000.000000,1752161497.591506,1670434393680.000000
1670375420000.000000,1752161497.693950,1670536837708.000000
1670408743000.000000,1752161497.705336,1670548221818.000000
1670508706000.000000,1752161497.819875,1670662762986.000000
1670542028000.000000,1752161497.846848,1670689735276.000000
1670575349000.000000,1752161497.874552,1670717439521.000000
1670641992000.000000,1752161498.026621,1670869508671.000000
1670675315000.000000,1752161498.054193,1670897080733.000000
1670808599000.000000,1752161498.091807,1670934693233.000000
1670841920000.000000,1752161498.182411,1671025298840.000000
1670875242000.000000,1752161498.204851,1671047737212.000000
1671008529000.000000,1752161498.358802,1671201689195.000000
1671041866000.000000,1752161498.380502,1671223388241.000000
1671075172000.000000,1752161498.397444,1671240330722.000000
1671141813000.000000,1752161498.414381,1671257266703.000000
1671208458000.000000,1752161498.556162,1671399049492.000000
1671341742000.000000,1752161498.572948,1671415834363.000000
1671375065000.000000,1752161498.689832,1671532720175.000000
1671408386000.000000,1752161498.706590,1671549475954.000000
1671441706000.000000,1752161498.723005,1671565890922.000000
1671475027000.000000,1752161498.744514,1671587400673.000000
1671508348000.000000,1752161498.909399,1671752287252.000000
1671674956000.000000,1752161498.925934,1671768820960.000000
1671708277000.000000,1752161498.942782,1671785669053.000000
1671741599000.000000,1752161499.080015,1671922902701.000000
1671774921000.000000,1752161499.101563,1671944450674.000000
1671908205000.000000,1752161499.224496,1672067383056.000000
1671941527000.000000,1752161499.241289,1672084176279.000000
1671974848000.000000,1752161499.348755,1672191642517.000000
1672041490000.000000,1752161499.375899,1672218785731.000000
1672074814000.000000,1752161499.402508,1672245394246.000000
1672174776000.000000,1752161499.516530,1672359418938.000000
1672208099000.000000,1752161499.538317,1672381203575.000000
1672308062000.000000,1752161499.554690,1672397577284.000000
1672341384000.000000,1752161499.672637,1672515524159.000000
1672374706000.000000,1752161499.689523,1672532409993.000000
1672474669000.000000,1752161499.711920,1672554806550.000000
1672507992000.000000,1752161499.872329,1672715216136.000000
1672541314000.000000,1752161499.899731,1672742618922.000000
1672674597000.000000,1752161499.921171,1672764057970.000000
1672707921000.000000,1752161500.075735,1672918621595.000000
1672741242000.000000,1752161500.097769,1672940655675.000000
1672841205000.000000,1752161500.114358,1672957244845.000000
1672874527000.000000,1752161500.130703,1672973589258.000000
1672907850000.000000,1752161500.293336,1673136223655.000000
1673041133000.000000,1752161500.310103,1673152989194.000000
1673074455000.000000,1752161500.321829,1673164715430.000000
1673107777000.000000,1752161500.485766,1673328653926.000000
1673141099000.000000,1752161500.502624,1673345510945.000000
1673241063000.000000,1752161500.534142,1673377028505.000000
1673274385000.000000,1752161500.550644,1673393530120.000000
1673307707000.000000,1752161500.714655,1673557542468.000000
1673474311000.000000,1752161500.736424,1673579311012.000000
1673507634000.000000,1752161500.891257,1673734145080.000000
1673540955000.000000,1752161500.923631,1673766517779.000000
1673574277000.000000,1752161500.939884,1673782770619.000000
1673674240000.000000,1752161500.961324,1673804211278.000000
1673707562000.000000,1752161501.160883,1674003770627.000000
1673874168000.000000,1752161501.182937,1674025823076.000000
1673907490000.000000,1752161501.194290,1674037175946.000000
1673940812000.000000,1752161501.288797,1674131685145.000000
1673974133000.000000,1752161501.305549,1674148435257.000000
1674107420000.000000,1752161501.442754,1674285641276.000000
1674140742000.000000,1752161501.464581,1674307467394.000000
1674174062000.000000,1752161501.481138,1674324024213.000000
1674240705000.000000,1752161501.497476,1674340361996.000000
1674274027000.000000,1752161501.606392,1674449278831.000000
1674440632000.000000,1752161501.716675,1674559562263.000000
1674473954000.000000,1752161501.733628,1674576515077.000000
1674507277000.000000,1752161501.928548,1674771434898.000000
1674540598000.000000,1752161501.955393,1674798279207.000000
1674573920000.000000,1752161501.972918,1674815805053.000000
1674707203000.000000,1752161501.989755,1674832641572.000000
1674773847000.000000,1752161502.177339,1675020227169.000000
1674907132000.000000,1752161502.194154,1675037040614.000000
1674940455000.000000,1752161502.226139,1675069026021.000000
1674973777000.000000,1752161502.373490,1675216377551.000000
1675007099000.000000,1752161502.389849,1675232735223.000000
1675140383000.000000,1752161502.421998,1675264883647.000000
1675173705000.000000,1752161502.448427,1675291313350.000000
1675207026000.000000,1752161502.643568,1675486455131.000000
1675373632000.000000,1752161502.660311,1675503198633.000000
1675406954000.000000,1752161502.737193,1675580080764.000000
1675440276000.000000,1752161502.753776,1675596662934.000000
1675473597000.000000,1752161502.775983,1675618869142.000000
1675573561000.000000,1752161502.925271,1675768158412.000000
1675606883000.000000,1752161502.952129,1675795015703.000000
1675706846000.000000,1752161502.974607,1675817493648.000000
1675740168000.000000,1752161503.093857,1675936744362.000000
1675773491000.000000,1752161503.105556,1675948442302.000000
1675873454000.000000,1752161503.133039,1675975925550.000000
1675906776000.000000,1752161503.222455,1676065343743.000000
1675940097000.000000,1752161503.244367,1676087254101.000000
1676040060000.000000,1752161503.408804,1676251690704.000000
1676073383000.000000,1752161503.425575,1676268462279.000000
1676106706000.000000,1752161503.436769,1676279655169.000000
1676173346000.000000,1752161503.453505,1676296391245.000000
1676239989000.000000,1752161503.630358,1676473245632.000000
1676373275000.000000,1752161503.652489,1676495375895.000000
1676406597000.000000,1752161503.750777,1676593664501.000000
1676439918000.000000,1752161503.767414,1676610300430.000000
1676473240000.000000,1752161503.783896,1676626783230.000000
1676573203000.000000,1752161503.901425,1676744313721.000000
1676606526000.000000,1752161503.918003,1676760890076.000000
1676706489000.000000,1752161504.021353,1676864240354.000000
1676739811000.000000,1752161504.038163,1676881049948.000000
1676773133000.000000,1752161504.060136,1676903023250.000000
1676839774000.000000,1752161504.246368,1677089255174.000000
1676873096000.000000,1752161504.262752,1677105637846.000000
1676973060000.000000,1752161504.289531,1677132418120.000000
1677039702000.000000,1752161504.316428,1677159314318.000000
1677073024000.000000,1752161504.420328,1677263214979.000000
1677239631000.000000,1752161504.552835,1677395723618.000000
1677272954000.000000,1752161504.569999,1677412885653.000000
1677306276000.000000,1752161504.591493,1677434379089.000000
1677339596000.000000,1752161504.613304,1677456190745.000000
1677372918000.000000,1752161504.711481,1677554368296.000000
1677539525000.000000,1752161504.840403,1677683290044.000000
1677572845000.000000,1752161504.862825,1677705711953.000000
1677606167000.000000,1752161504.879420,1677722305864.000000
1677639489000.000000,1752161504.977155,1677820042530.000000
1677672812000.000000,1752161504.993910,1677836797310.000000
1677806097000.000000,1752161505.132274,1677975161169.000000
1677839419000.000000,1752161505.149134,1677992021170.000000
1677872738000.000000,1752161505.166118,1678009005187.000000
1677939381000.000000,1752161505.300882,1678143770563.000000
1677972703000.000000,1752161505.328251,1678171137794.000000
1678105989000.000000,1752161505.339686,1678182572477.000000
1678139311000.000000,1752161505.439686,1678282573011.000000
1678172632000.000000,1752161505.456786,1678299673583.000000
1678272596000.000000,1752161505.616072,1678458959384.000000
1678305917000.000000,1752161505.633333,1678476220288.000000
1678339238000.000000,1752161505.649715,1678492601349.000000
1678405882000.000000,1752161505.665961,1678508847893.000000
1678439202000.000000,1752161505.828897,1678671784028.000000
1678572488000.000000,1752161505.851688,1678694575600.000000
1678605809000.000000,1752161505.863776,1678706662444.000000
1678639130000.000000,1752161505.970792,1678813679334.000000
1678672453000.000000,1752161505.987474,1678830361299.000000
1678772416000.000000,1752161506.014834,1678857721326.000000
1678805738000.000000,1752161506.147780,1678990667776.000000
1678839060000.000000,1752161506.159456,1679002342790.000000
1678939023000.000000,1752161506.324537,1679167424405.000000
1678972345000.000000,1752161506.336241,1679179127752.000000
1679005667000.000000,1752161506.352733,1679195620534.000000
1679138952000.000000,1752161506.487351,1679330238190.000000
1679172275000.000000,1752161506.504464,1679347351114.000000
1679272239000.000000,1752161506.531899,1679374786158.000000
1679305561000.000000,1752161506.695901,1679538788024.000000
1679338882000.000000,1752161506.718237,1679561124193.000000
1679438845000.000000,1752161506.739765,1679582651703.000000
1679472167000.000000,1752161506.756382,1679599268595.000000
1679505488000.000000,1752161506.936509,1679779396598.000000
1679672095000.000000,1752161506.943062,1679785948607.000000
1679705417000.000000,1752161507.055698,1679898585794.000000
1679738738000.000000,1752161507.072233,1679915119965.000000
1679772059000.000000,1752161507.088716,1679931602969.000000
1679872023000.000000,1752161507.222878,1680065765017.000000
1679905345000.000000,1752161507.244826,1680087711986.000000
1680005309000.000000,1752161507.277115,1680120048853.000000
1680038631000.000000,1752161507.415147,1680258034679.000000
1680071954000.000000,1752161507.427348,1680270234688.000000
1680205236000.000000,1752161507.443378,1680286264475.000000
1680238560000.000000,1752161507.611733,1680454620853.000000
1680271881000.000000,1752161507.644537,1680487423400.000000
1680371843000.000000,1752161507.660789,1680503675537.000000
1680405167000.000000,1752161507.677108,1680519993857.000000
1680438489000.000000,1752161507.868221,1680711108345.000000
1680605094000.000000,1752161507.890384,1680733271053.000000
1680638417000.000000,1752161507.906611,1680749497300.000000
1680671738000.000000,1752161508.090365,1680933252694.000000
1680705060000.000000,1752161508.107527,1680950414450.000000
1680838345000.000000,1752161508.129163,1680972049534.000000
1680871668000.000000,1752161508.249599,1681092485792.000000
1680904987000.000000,1752161508.266471,1681109358477.000000
1681038272000.000000,1752161508.288429,1681131316205.000000
1681071594000.000000,1752161508.405014,1681247900872.000000
1681104916000.000000,1752161508.416581,1681259468239.000000
1681204880000.000000,1752161508.580488,1681423375328.000000
1681238201000.000000,1752161508.597205,1681440091182.000000
1681271523000.000000,1752161508.613928,1681456814758.000000
1681371486000.000000,1752161508.630401,1681473287725.000000
1681404808000.000000,1752161508.750513,1681593400709.000000
1681571414000.000000,1752161508.841708,1681684595588.000000
1681604738000.000000,1752161508.863820,1681706706444.000000
1681638058000.000000,1752161508.885261,1681728148881.000000
1681671379000.000000,1752161509.002037,1681844923934.000000
1681704701000.000000,1752161509.018595,1681861481456.000000
1681804664000.000000,1752161509.040659,1681883545220.000000
1681837987000.000000,1752161509.170726,1682013613402.000000
1681871309000.000000,1752161509.188027,1682030914528.000000
1681971271000.000000,1752161509.199566,1682042452211.000000
1682004596000.000000,1752161509.313593,1682156480291.000000
1682037917000.000000,1752161509.340782,1682183669449.000000
1682137878000.000000,1752161509.479584,1682322472119.000000
1682171202000.000000,1752161509.501752,1682344638641.000000
1682204524000.000000,1752161509.518232,1682361118849.000000
1682271165000.000000,1752161509.534660,1682377546446.000000
1682304487000.000000,1752161509.658756,1682501643927.000000
1682471096000.000000,1752161509.823952,1682666839485.000000
1682504417000.000000,1752161509.851094,1682693981570.000000
1682537737000.000000,1752161509.872878,1682715764411.000000
1682571059000.000000,1752161509.894281,1682737167237.000000
1682637700000.000000,1752161510.021381,1682864268874.000000
1682837629000.000000,1752161510.106685,1682949571941.000000
1682870951000.000000,1752161510.118319,1682961205974.000000
1682904273000.000000,1752161510.140499,1682983385922.000000
1682937594000.000000,1752161510.248835,1683091722059.000000
1682970916000.000000,1752161510.265696,1683108582744.000000
1683070880000.000000,1752161510.425615,1683268509873.000000
1683104202000.000000,1752161510.437305,1683280191924.000000
1683170845000.000000,1752161510.448946,1683291833106.000000
1683237486000.000000,1752161510.609104,1683451990898.000000
1683270808000.000000,1752161510.625946,1683468833158.000000
1683370773000.000000,1752161510.642565,1683485451180.000000
1683404094000.000000,1752161510.788713,1683631600518.000000
1683437415000.000000,1752161510.810432,1683653318045.000000
1683570701000.000000,1752161510.832298,1683675184662.000000
1683604023000.000000,1752161510.945887,1683788775006.000000
1683637344000.000000,1752161510.957522,1683800408892.000000
1683770629000.000000,1752161511.127136,1683970023795.000000
1683803953000.000000,1752161511.154167,1683997053880.000000
1683837272000.000000,1752161511.170227,1684013113704.000000
1683903915000.000000,1752161511.191722,1684034608010.000000
1683970558000.000000,1752161511.324606,1684167493349.000000
1684137164000.000000,1752161511.458392,1684301279068.000000
1684170487000.000000,1752161511.480342,1684323228741.000000
1684203808000.000000,1752161511.496685,1684339571543.000000
1684237130000.000000,1752161511.512936,1684355822920.000000
1684270450000.000000,1752161511.658482,1684501370079.000000
1684437057000.000000,1752161511.675108,1684517994470.000000
1684470380000.000000,1752161511.799532,1684642418967.000000
1684503701000.000000,1752161511.816357,1684659244023.000000
1684537023000.000000,1752161511.833207,1684676094320.000000
1684636987000.000000,1752161511.987137,1684830025563.000000
1684670310000.000000,1752161512.015348,1684858235119.000000
1684803593000.000000,1752161512.123385,1684966272684.000000
1684836916000.000000,1752161512.140123,1684983009778.000000
1684870237000.000000,1752161512.162213,1685005099875.000000
1684970201000.000000,1752161512.332898,1685175785342.000000
1685003522000.000000,1752161512.349963,1685192850063.000000
1685103485000.000000,1752161512.366704,1685209590509.000000
1685136807000.000000,1752161512.383524,1685226411010.000000
1685170129000.000000,1752161512.571595,1685414482916.000000
1685303414000.000000,1752161512.588118,1685431005217.000000
1685336735000.000000,1752161512.605150,1685448037049.000000
1685370057000.000000,1752161512.621407,1685464292370.000000
1685403379000.000000,1752161512.794996,1685637883604.000000
1685536664000.000000,1752161512.827266,1685670153472.000000
1685569985000.000000,1752161512.848607,1685691493410.000000
1685603307000.000000,1752161512.953171,1685796057787.000000
1685636629000.000000,1752161512.969846,1685812731919.000000
1685769914000.000000,1752161513.087858,1685930747553.000000
1685803236000.000000,1752161513.106632,1685949520701.000000
1685836558000.000000,1752161513.124572,1685967460283.000000
1685903200000.000000,1752161513.253307,1686096193960.000000
1685936523000.000000,1752161513.265160,1686108046510.000000
1686036484000.000000,1752161513.291998,1686134884560.000000
1686069807000.000000,1752161513.462004,1686304891811.000000
1686103129000.000000,1752161513.484776,1686327663068.000000
1686203092000.000000,1752161513.501066,1686343952519.000000
1686236414000.000000,1752161513.517414,1686360300821.000000
1686269736000.000000,1752161513.681431,1686524317797.000000
1686436342000.000000,1752161513.704434,1686547320515.000000
1686469664000.000000,1752161513.716321,1686559207750.000000
1686502986000.000000,1752161513.859772,1686702660503.000000
1686536307000.000000,1752161513.876593,1686719479393.000000
1686669599000.000000,1752161514.005345,1686848232310.000000
1686702914000.000000,1752161514.021873,1686864759314.000000
1686736235000.000000,1752161514.038520,1686881406631.000000
1686802877000.000000,1752161514.060634,1686903520117.000000
1686869522000.000000,1752161514.227608,1687070495954.000000
1686969486000.000000,1752161514.244583,1687087469842.000000
1687002808000.000000,1752161514.272415,1687115302697.000000
1687036128000.000000,1752161514.439432,1687282319404.000000
1687069450000.000000,1752161514.456183,1687299070406.000000
1687169413000.000000,1752161514.478091,1687320977560.000000
1687202735000.000000,1752161514.494796,1687337682062.000000
1687269378000.000000,1752161514.647695,1687490583223.000000
1687402663000.000000,1752161514.669673,1687512560506.000000
1687435986000.000000,1752161514.697096,1687539982643.000000
1687469308000.000000,1752161514.856447,1687699334685.000000
1687502628000.000000,1752161514.883395,1687726282530.000000
1687635913000.000000,1752161514.905296,1687748182833.000000
1687669236000.000000,1752161515.036424,1687879310967.000000
1687702557000.000000,1752161515.058723,1687901609933.000000
1687802520000.000000,1752161515.074772,1687917658348.000000
1687835842000.000000,1752161515.091141,1687934027354.000000
1687869164000.000000,1752161515.287575,1688130462048.000000
1688035769000.000000,1752161515.304285,1688147171550.000000
1688069093000.000000,1752161515.452350,1688295238203.000000
1688102414000.000000,1752161515.468943,1688311828780.000000
1688135736000.000000,1752161515.485155,1688328041343.000000
1688235697000.000000,1752161515.506575,1688349460983.000000
1688269020000.000000,1752161515.638293,1688481180852.000000
1688435626000.000000,1752161515.654876,1688497762930.000000
1688468948000.000000,1752161515.798462,1688641349904.000000
1688502270000.000000,1752161515.841897,1688684784587.000000
1688535590000.000000,1752161515.868496,1688711382307.000000
1688568912000.000000,1752161516.002107,1688844994713.000000
1688635555000.000000,1752161516.018958,1688861844806.000000
1688802162000.000000,1752161516.040616,1688883502815.000000
1688835485000.000000,1752161516.179648,1689022535390.000000
1688868805000.000000,1752161516.197596,1689040482694.000000
1688968768000.000000,1752161516.215481,1689058368074.000000
1689002090000.000000,1752161516.355515,1689198402324.000000
1689035413000.000000,1752161516.372237,1689215123770.000000
1689135377000.000000,1752161516.394563,1689237450069.000000
1689168699000.000000,1752161516.507869,1689350756619.000000
1689202021000.000000,1752161516.519458,1689362345171.000000
1689301984000.000000,1752161516.541350,1689384236993.000000
1689335306000.000000,1752161516.690724,1689533611595.000000
1689368628000.000000,1752161516.722902,1689565788575.000000
1689468590000.000000,1752161516.744968,1689587854450.000000
1689501914000.000000,1752161516.853680,1689696567582.000000
1689535235000.000000,1752161516.875542,1689718428571.000000
1689668520000.000000,1752161517.008872,1689851758887.000000
1689701841000.000000,1752161517.030924,1689873810577.000000
1689735163000.000000,1752161517.062918,1689905804503.000000
1689835127000.000000,1752161517.203490,1690046377618.000000
1689868448000.000000,1752161517.220959,1690063846964.000000
1690001733000.000000,1752161517.232913,1690075799180.000000
1690035056000.000000,1752161517.343831,1690186718643.000000
1690068377000.000000,1752161517.360230,1690203117240.000000
1690168339000.000000,1752161517.486208,1690329096203.000000
1690201662000.000000,1752161517.514001,1690356889059.000000
1690234984000.000000,1752161517.535774,1690378660715.000000
1690268304000.000000,1752161517.720021,1690562908307.000000
1690301626000.000000,1752161517.737029,1690579915287.000000
1690468232000.000000,1752161517.754175,1690597061804.000000
1690534875000.000000,1752161517.867696,1690710583759.000000
1690568197000.000000,1752161517.884428,1690727315187.000000
1690668161000.000000,1752161517.907140,1690750027186.000000
1690701483000.000000,1752161518.001953,1690844840326.000000
1690734805000.000000,1752161518.019066,1690861952361.000000
1690834769000.000000,1752161518.139808,1690982696764.000000
1690868091000.000000,1752161518.163058,1691005946072.000000
1690901411000.000000,1752161518.190995,1691033882352.000000
1690968054000.000000,1752161518.307911,1691150798848.000000
1691001379000.000000,1752161518.324285,1691167171446.000000
1691134661000.000000,1752161518.467201,1691310088279.000000
1691167984000.000000,1752161518.483905,1691326791244.000000
1691201305000.000000,1752161518.506296,1691349182783.000000
1691301268000.000000,1752161518.713866,1691556754108.000000
1691334591000.000000,1752161518.730843,1691573729645.000000
1691467875000.000000,1752161518.752392,1691595277803.000000
1691501197000.000000,1752161518.773902,1691616788128.000000
1691534519000.000000,1752161518.876563,1691719450394.000000
1691701124000.000000,1752161519.047933,1691890820817.000000
1691734447000.000000,1752161519.069682,1691912568492.000000
1691767769000.000000,1752161519.092134,1691935020752.000000
1691801091000.000000,1752161519.108830,1691951717088.000000
1691901055000.000000,1752161519.222656,1692065544707.000000
1692034340000.000000,1752161519.389678,1692232565339.000000
1692067662000.000000,1752161519.406043,1692248929623.000000
1692100983000.000000,1752161519.428252,1692271139422.000000
1692134305000.000000,1752161519.454855,1692297742771.000000
1692234268000.000000,1752161519.630819,1692473706556.000000
1692367552000.000000,1752161519.647801,1692490688500.000000
1692400876000.000000,1752161519.790408,1692633295447.000000
1692434198000.000000,1752161519.817991,1692660878046.000000
1692467518000.000000,1752161519.845809,1692688695568.000000
1692600803000.000000,1752161519.981784,1692824670877.000000
1692634127000.000000,1752161519.998615,1692841501248.000000
1692767410000.000000,1752161520.025660,1692868546463.000000
1692800733000.000000,1752161520.163480,1693006367661.000000
1692834055000.000000,1752161520.170033,1693012919744.000000
1692967340000.000000,1752161520.181557,1693024443964.000000
1693000662000.000000,1752161520.359049,1693201936567.000000
1693033984000.000000,1752161520.375626,1693218513071.000000
1693167267000.000000,1752161520.515418,1693358305249.000000
1693200590000.000000,1752161520.542513,1693385400112.000000
1693233911000.000000,1752161520.558972,1693401858857.000000
1693300553000.000000,1752161520.575683,1693418568970.000000
1693367197000.000000,1752161520.740816,1693583703288.000000
1693500482000.000000,1752161520.757360,1693600246791.000000
1693533804000.000000,1752161520.774128,1693617014034.000000
1693567126000.000000,1752161520.905981,1693748868383.000000
1693600447000.000000,1752161520.917666,1693760552953.000000
1693700410000.000000,1752161520.929412,1693772299411.000000
1693733733000.000000,1752161521.104054,1693946941339.000000
1693767055000.000000,1752161521.126303,1693969189620.000000
1693867018000.000000,1752161521.142376,1693985262721.000000
1693933660000.000000,1752161521.245097,1694087984412.000000
1693966983000.000000,1752161521.262102,1694104988597.000000
1694066946000.000000,1752161521.437613,1694280500423.000000
1694100268000.000000,1752161521.480536,1694323423630.000000
1694133590000.000000,1752161521.496836,1694339721914.000000
1694200231000.000000,1752161521.513086,1694355972735.000000
1694266874000.000000,1752161521.683563,1694526450704.000000
1694433481000.000000,1752161521.695458,1694538344883.000000
1694466803000.000000,1752161521.809472,1694652360056.000000
1694500125000.000000,1752161521.836509,1694679395512.000000
1694533447000.000000,1752161521.863957,1694706844056.000000
1694633410000.000000,1752161522.014381,1694857269130.000000
1694666732000.000000,1752161522.031295,1694874181889.000000
1694766696000.000000,1752161522.048141,1694891027427.000000
1694800017000.000000,1752161522.064827,1694907713726.000000
1694833339000.000000,1752161522.251720,1695094608514.000000
1694999945000.000000,1752161522.268331,1695111217443.000000
1695033267000.000000,1752161522.285041,1695127927667.000000
1695066588000.000000,1752161522.393937,1695236824391.000000
1695099911000.000000,1752161522.415775,1695258662027.000000
1695199874000.000000,1752161522.432440,1695275326845.000000
1695233196000.000000,1752161522.602684,1695445571316.000000
1695266518000.000000,1752161522.630124,1695473010768.000000
1695366480000.000000,1752161522.646649,1695489535031.000000
1695399803000.000000,1752161522.750439,1695593327508.000000
1695433124000.000000,1752161522.772656,1695615542234.000000
1695566409000.000000,1752161522.883043,1695725930202.000000
1695599732000.000000,1752161522.905228,1695748115798.000000
1695633054000.000000,1752161522.922144,1695765030687.000000
1695699695000.000000,1752161523.051385,1695894272525.000000
1695733018000.000000,1752161523.067924,1695910810121.000000
1695832980000.000000,1752161523.079762,1695922649838.000000
1695866302000.000000,1752161523.255758,1696098644530.000000
1695899626000.000000,1752161523.272827,1696115713454.000000
1696032908000.000000,1752161523.305491,1696148378633.000000
1696066230000.000000,1752161523.454555,1696297442516.000000
1696099554000.000000,1752161523.471751,1696314636921.000000
1696232836000.000000,1752161523.493790,1696336676981.000000
1696266159000.000000,1752161523.618713,1696461599899.000000
1696299482000.000000,1752161523.640835,1696483721570.000000
1696432766000.000000,1752161523.725952,1696568839675.000000
1696466089000.000000,1752161523.742306,1696585192292.000000
1696499410000.000000,1752161523.758706,1696601592927.000000
1696566052000.000000,1752161523.920628,1696763515721.000000
1696599374000.000000,1752161523.937378,1696780264111.000000
1696699338000.000000,1752161523.959722,1696802609206.000000
1696732659000.000000,1752161524.075514,1696918401843.000000
1696765981000.000000,1752161524.103160,1696946046645.000000
1696865945000.000000,1752161524.125352,1696968239204.000000
1696899267000.000000,1752161524.247238,1697090125651.000000
1696932587000.000000,1752161524.263958,1697106845079.000000
1697032552000.000000,1752161524.301931,1697144817705.000000
1697065873000.000000,1752161524.383607,1697226494826.000000
1697099196000.000000,1752161524.400312,1697243199625.000000
1697232481000.000000,1752161524.585041,1697427928027.000000
1697265802000.000000,1752161524.602102,1697444988637.000000
1697299124000.000000,1752161524.629017,1697471903297.000000
1697332445000.000000,1752161524.778993,1697621880579.000000
1697365766000.000000,1752161524.796782,1697639668774.000000
1697565694000.000000,1752161524.823818,1697666705749.000000
1697599016000.000000,1752161524.939811,1697782699643.000000
1697632338000.000000,1752161524.951783,1697794669192.000000
1697732301000.000000,1752161524.979656,1697822542695.000000
1697765624000.000000,1752161525.101883,1697944770694.000000
1697798945000.000000,1752161525.124137,1697967023457.000000
1697898908000.000000,1752161525.242341,1698085229329.000000
1697932230000.000000,1752161525.258816,1698101702500.000000
1697965551000.000000,1752161525.275248,1698118134764.000000
1698065514000.000000,1752161525.420484,1698263371259.000000
1698098838000.000000,1752161525.436890,1698279776505.000000
1698198800000.000000,1752161525.464372,1698307258957.000000
1698265444000.000000,1752161525.613216,1698456252044.000000
1698298767000.000000,1752161525.635313,1698478199939.000000
1698398730000.000000,1752161525.657323,1698500210093.000000
1698432051000.000000,1752161525.744238,1698587125885.000000
1698465374000.000000,1752161525.766219,1698609105779.000000
1698565337000.000000,1752161525.893687,1698736573505.000000
1698598660000.000000,1752161525.910051,1698752937825.000000
1698631980000.000000,1752161525.926854,1698769741104.000000
1698731944000.000000,1752161526.077232,1698920119252.000000
1698765267000.000000,1752161526.104487,1698947373947.000000
1698898552000.000000,1752161526.204872,1699047758810.000000
1698931874000.000000,1752161526.221734,1699064621014.000000
1698965194000.000000,1752161526.238210,1699081096722.000000
1699031836000.000000,1752161526.451771,1699294657433.000000
1699065159000.000000,1752161526.468158,1699311044179.000000
1699165122000.000000,1752161526.495575,1699338461612.000000
1699198444000.000000,1752161526.511991,1699354876840.000000
1699298408000.000000,1752161526.688904,1699531792245.000000
1699431693000.000000,1752161526.711011,1699553898471.000000
1699465016000.000000,1752161526.802103,1699644990537.000000
1699498336000.000000,1752161526.828778,1699671664663.000000
1699531658000.000000,1752161526.845393,1699688280129.000000
1699664943000.000000,1752161527.017153,1699860040678.000000
1699698266000.000000,1752161527.033577,1699876463571.000000
1699764906000.000000,1752161527.050320,1699893206758.000000
1699831551000.000000,1752161527.175932,1700018819076.000000
1699864873000.000000,1752161527.192770,1700035657670.000000
1699998158000.000000,1752161527.331277,1700174164157.000000
1700031480000.000000,1752161527.358166,1700201052355.000000
1700064801000.000000,1752161527.374580,1700217466564.000000
1700131443000.000000,1752161527.402093,1700244979441.000000
1700198086000.000000,1752161527.623044,1700465931394.000000
1700331372000.000000,1752161527.650233,1700493118867.000000
1700364694000.000000,1752161527.672177,1700515063317.000000
1700398015000.000000,1752161527.693486,1700536372237.000000
1700464658000.000000,1752161527.827620,1700670507082.000000
1700597943000.000000,1752161527.854320,1700697207004.000000
1700631265000.000000,1752161527.983613,1700826499823.000000
1700664586000.000000,1752161528.000750,1700843636543.000000
1700697908000.000000,1752161528.017462,1700860348490.000000
1700797870000.000000,1752161528.140421,1700983308556.000000
1700831193000.000000,1752161528.157068,1700999955411.000000
1700931157000.000000,1752161528.173749,1701016636635.000000
1700964478000.000000,1752161528.312588,1701155475619.000000
1700997801000.000000,1752161528.339898,1701182784943.000000
1701097764000.000000,1752161528.357048,1701199934922.000000
1701131086000.000000,1752161528.478109,1701320997063.000000
1701164407000.000000,1752161528.494819,1701337706305.000000
1701297693000.000000,1752161528.608782,1701451669794.000000
1701331015000.000000,1752161528.642101,1701484988410.000000
1701364335000.000000,1752161528.659097,1701501984057.000000
1701430978000.000000,1752161528.801450,1701644337914.000000
1701464301000.000000,1752161528.823899,1701666786360.000000
1701564264000.000000,1752161528.839971,1701682856924.000000
1701597586000.000000,1752161528.861423,1701704308953.000000
1701630908000.000000,1752161528.998310,1701841197086.000000
1701797514000.000000,1752161529.014869,1701857756312.000000
1701830837000.000000,1752161529.152666,1701995553195.000000
1701864158000.000000,1752161529.169550,1702012436417.000000
1701897480000.000000,1752161529.186044,1702028930847.000000
1701930800000.000000,1752161529.202392,1702045278316.000000
1701964122000.000000,1752161529.332368,1702175263906.000000
1702130728000.000000,1752161529.349782,1702192668901.000000
1702164050000.000000,1752161529.484865,1702327752478.000000
1702197372000.000000,1752161529.501656,1702344543072.000000
1702230692000.000000,1752161529.523750,1702366637669.000000
1702297335000.000000,1752161529.674693,1702517580978.000000
1702330657000.000000,1752161529.691451,1702534337961.000000
1702463942000.000000,1752161529.707691,1702550577838.000000
1702497265000.000000,1752161529.860360,1702703247241.000000
1702530586000.000000,1752161529.892253,1702735139964.000000
1702663871000.000000,1752161529.909033,1702751920466.000000
1702697194000.000000,1752161530.041183,1702884069886.000000
1702730515000.000000,1752161530.058010,1702900896387.000000
1702830478000.000000,1752161530.079637,1702922524600.000000
1702863799000.000000,1752161530.207587,1703050474784.000000
1702897122000.000000,1752161530.224717,1703067603670.000000
1702997084000.000000,1752161530.241464,1703084350598.000000
1703063728000.000000,1752161530.432646,1703275532844.000000
1703097050000.000000,1752161530.454589,1703297476091.000000
1703163691000.000000,1752161530.475937,1703318823010.000000
1703197014000.000000,1752161530.492481,1703335367162.000000
1703263655000.000000,1752161530.666773,1703509660204.000000
1703430262000.000000,1752161530.673460,1703516346546.000000
1703463584000.000000,1752161530.780596,1703623482694.000000
1703496905000.000000,1752161530.807466,1703650352707.000000
1703530227000.000000,1752161530.825015,1703667901979.000000
1703630192000.000000,1752161530.990848,1703833735789.000000
1703663513000.000000,1752161531.007732,1703850618697.000000
1703730156000.000000,1752161531.029188,1703872074282.000000
1703763477000.000000,1752161531.045628,1703888513972.000000
1703796799000.000000,1752161531.206926,1704049813957.000000
1703963406000.000000,1752161531.219070,1704061957763.000000
1703996727000.000000,1752161531.381054,1704223941464.000000
1704030049000.000000,1752161531.402622,1704245508733.000000
1704063371000.000000,1752161531.419312,1704262198457.000000
1704196655000.000000,1752161531.560942,1704403829506.000000
1704229977000.000000,1752161531.577502,1704420388936.000000
1704329940000.000000,1752161531.594440,1704437326417.000000
1704363263000.000000,1752161531.616040,1704458925538.000000
1704396585000.000000,1752161531.766715,1704609602535.000000
1704563191000.000000,1752161531.783302,1704626190131.000000
1704596514000.000000,1752161531.969512,1704812399074.000000
1704629835000.000000,1752161531.985955,1704828842060.000000
1704663156000.000000,1752161532.002790,1704845676283.000000
1704729798000.000000,1752161532.019110,1704861996122.000000
1704763120000.000000,1752161532.035462,1704878348035.000000
1704963049000.000000,1752161532.254542,1705097429895.000000
1704996370000.000000,1752161532.271624,1705114510986.000000
1705029691000.000000,1752161532.364390,1705207276943.000000
1705063013000.000000,1752161532.396495,1705239381553.000000
1705096334000.000000,1752161532.413290,1705256176757.000000
1705196298000.000000,1752161532.530763,1705373650119.000000
1705229620000.000000,1752161532.547476,1705390362639.000000
1705362905000.000000,1752161532.670426,1705513313335.000000
1705396228000.000000,1752161532.687647,1705530533777.000000
1705429548000.000000,1752161532.704366,1705547252520.000000
1705462870000.000000,1752161532.721188,1705564074539.000000
1705496192000.000000,1752161532.869733,1705712620464.000000
1705662798000.000000,1752161532.970717,1705813604525.000000
1705696120000.000000,1752161532.987427,1705830313120.000000
1705729442000.000000,1752161533.004030,1705846916438.000000
1705762762000.000000,1752161533.021353,1705864240100.000000
1705829406000.000000,1752161533.198548,1706041435614.000000
1705929369000.000000,1752161533.220661,1706063548155.000000
1705962691000.000000,1752161533.236980,1706079866809.000000
1705996012000.000000,1752161533.328568,1706171455277.000000
1706029334000.000000,1752161533.350836,1706193723299.000000
1706162619000.000000,1752161533.495851,1706338739074.000000
1706195942000.000000,1752161533.512579,1706355465668.000000
1706229263000.000000,1752161533.530145,1706373032199.000000
1706329228000.000000,1752161533.656266,1706499154271.000000
1706362550000.000000,1752161533.667957,1706510843878.000000
1706462511000.000000,1752161533.807693,1706650580965.000000
1706495834000.000000,1752161533.824568,1706667455187.000000
1706529155000.000000,1752161533.836361,1706679246756.000000
1706629117000.000000,1752161534.022501,1706865387811.000000
1706662441000.000000,1752161534.065341,1706908226871.000000
1706762403000.000000,1752161534.081597,1706924483248.000000
1706795726000.000000,1752161534.207010,1707049897216.000000
1706829047000.000000,1752161534.218514,1707061400492.000000
1706995654000.000000,1752161534.234711,1707077597147.000000
1707028977000.000000,1752161534.358118,1707201004746.000000
1707062299000.000000,1752161534.379819,1707222706476.000000
1707195587000.000000,1752161534.481468,1707324354845.000000
1707228906000.000000,1752161534.493654,1707336541336.000000
1707262226000.000000,1752161534.620742,1707463628936.000000
1707328870000.000000,1752161534.648520,1707491406348.000000
1707362191000.000000,1752161534.664859,1707507744779.000000
1707428833000.000000,1752161534.810939,1707653827100.000000
1707495477000.000000,1752161534.827744,1707670630267.000000
1707595440000.000000,1752161534.844229,1707687116957.000000
1707628762000.000000,1752161534.940774,1707783669154.000000
1707662083000.000000,1752161534.957612,1707800498562.000000
1707762047000.000000,1752161535.100144,1707943031158.000000
1707795370000.000000,1752161535.116961,1707959846826.000000
1707828691000.000000,1752161535.138398,1707981285670.000000
1707895333000.000000,1752161535.155211,1707998098152.000000
1707961976000.000000,1752161535.309857,1708152743944.000000
1708061939000.000000,1752161535.321720,1708164606493.000000
1708128582000.000000,1752161535.434615,1708277502715.000000
1708161904000.000000,1752161535.451143,1708294030237.000000
1708195225000.000000,1752161535.483452,1708326338733.000000
1708295191000.000000,1752161535.639488,1708482375974.000000
1708328512000.000000,1752161535.656145,1708499032347.000000
1708395154000.000000,1752161535.672568,1708515453778.000000
1708428476000.000000,1752161535.699576,1708542462215.000000
1708461798000.000000,1752161535.884946,1708727833111.000000
1708661725000.000000,1752161535.896629,1708739515144.000000
1708695047000.000000,1752161536.020490,1708863377202.000000
1708728369000.000000,1752161536.047274,1708890160734.000000
1708761690000.000000,1752161536.074097,1708916985285.000000
1708861654000.000000,1752161536.263688,1709106575158.000000
1708894976000.000000,1752161536.280403,1709123290419.000000
1709028261000.000000,1752161536.286944,1709129830540.000000
1709061583000.000000,1752161536.466699,1709309586417.000000
1709094904000.000000,1752161536.483653,1709326539639.000000
1709194868000.000000,1752161536.505349,1709348235481.000000
1709228190000.000000,1752161536.521682,1709364567709.000000
1709261511000.000000,1752161536.660370,1709503257583.000000
1709461439000.000000,1752161536.676648,1709519534497.000000
1709494761000.000000,1752161536.837695,1709680583392.000000
1709528083000.000000,1752161536.870629,1709713516493.000000
1709561406000.000000,1752161536.886961,1709729847758.000000
1709628045000.000000,1752161536.903194,1709746079321.000000
1709661368000.000000,1752161537.057202,1709900089915.000000
1709827974000.000000,1752161537.073731,1709916618437.000000
1709861297000.000000,1752161537.100320,1709943206971.000000
1709894618000.000000,1752161537.223615,1710066502701.000000
1709927940000.000000,1752161537.245591,1710088478299.000000
1710027904000.000000,1752161537.262089,1710104975692.000000
1710061225000.000000,1752161537.423836,1710266724099.000000
1710094547000.000000,1752161537.446126,1710289012657.000000
1710194510000.000000,1752161537.462733,1710305619197.000000
1710227832000.000000,1752161537.563152,1710406039412.000000
1710261153000.000000,1752161537.585098,1710427985177.000000
1710394439000.000000,1752161537.753343,1710596230686.000000
1710427761000.000000,1752161537.770192,1710613078835.000000
1710461082000.000000,1752161537.786760,1710629646357.000000
1710494402000.000000,1752161537.929199,1710772086676.000000
1710527725000.000000,1752161537.945784,1710788671235.000000
1710694331000.000000,1752161537.957705,1710800591339.000000
1710727654000.000000,1752161537.974393,1710817279212.000000
1710760975000.000000,1752161538.125500,1710968387705.000000
1710894259000.000000,1752161538.137306,1710980193144.000000
1710927581000.000000,1752161538.292484,1711135371245.000000
1710960903000.000000,1752161538.319807,1711162693476.000000
1710994224000.000000,1752161538.346699,1711189586063.000000
1711060866000.000000,1752161538.362953,1711205839292.000000
1711127509000.000000,1752161538.482560,1711325447835.000000
1711294116000.000000,1752161538.579509,1711422396177.000000
1711327439000.000000,1752161538.601977,1711444862937.000000
1711360760000.000000,1752161538.619862,1711462748594.000000
1711394081000.000000,1752161538.722140,1711565027012.000000
1711427404000.000000,1752161538.738626,1711581513202.000000
1711560688000.000000,1752161538.931159,1711774046323.000000
1711594011000.000000,1752161538.953299,1711796186272.000000
1711627332000.000000,1752161538.969240,1711812126078.000000
1711693974000.000000,1752161538.990539,1711833425127.000000
1711760616000.000000,1752161539.170281,1712013168523.000000
1711927223000.000000,1752161539.187457,1712030343965.000000
1711960546000.000000,1752161539.204077,1712046963968.000000
1711993867000.000000,1752161539.341499,1712184386373.000000
1712027189000.000000,1752161539.363166,1712206052345.000000
1712127151000.000000,1752161539.379768,1712222654830.000000
1712193795000.000000,1752161539.525797,1712368684521.000000
1712227117000.000000,1752161539.542434,1712385322320.000000
1712327080000.000000,1752161539.584829,1712427715865.000000
1712360403000.000000,1752161539.712619,1712555506699.000000
1712393724000.000000,1752161539.724156,1712567041881.000000
1712493687000.000000,1752161539.746039,1712588925629.000000
1712527010000.000000,1752161539.821403,1712664289683.000000
1712560331000.000000,1752161539.828039,1712670925858.000000
1712660294000.000000,1752161540.047619,1712890506843.000000
1712693617000.000000,1752161540.069379,1712912265425.000000
1712726938000.000000,1752161540.090507,1712933392550.000000
1712793580000.000000,1752161540.106797,1712949683501.000000
1712860223000.000000,1752161540.276722,1713119609845.000000
1713026830000.000000,1752161540.304585,1713147472145.000000
1713060152000.000000,1752161540.321547,1713164433792.000000
1713093473000.000000,1752161540.439243,1713282131411.000000
1713126795000.000000,1752161540.456034,1713298920616.000000
1713260080000.000000,1752161540.577970,1713420856859.000000
1713293402000.000000,1752161540.599604,1713442489998.000000
1713326724000.000000,1752161540.616536,1713459422849.000000
1713393365000.000000,1752161540.745775,1713588662558.000000
1713426688000.000000,1752161540.768318,1713611205002.000000
1713559972000.000000,1752161540.902606,1713745493605.000000
1713593294000.000000,1752161540.924520,1713767406815.000000
1713626616000.000000,1752161540.940842,1713783729265.000000
1713726579000.000000,1752161541.074178,1713917065563.000000
1713759902000.000000,1752161541.096264,1713939150734.000000
1713859865000.000000,1752161541.108030,1713950916452.000000
1713893188000.000000,1752161541.252955,1714095842672.000000
1713926509000.000000,1752161541.274700,1714117586680.000000
1714026473000.000000,1752161541.291359,1714134245979.000000
1714059794000.000000,1752161541.307811,1714150697021.000000
1714093115000.000000,1752161541.447605,1714290492773.000000
1714226400000.000000,1752161541.474496,1714317382712.000000
1714259722000.000000,1752161541.599408,1714442295555.000000
1714293043000.000000,1752161541.627185,1714470072133.000000
1714326365000.000000,1752161541.644084,1714486971189.000000
1714426335000.000000,1752161541.825452,1714668338921.000000
1714459650000.000000,1752161541.847210,1714690096818.000000
1714559615000.000000,1752161541.869149,1714712035435.000000
1714592935000.000000,1752161541.885658,1714728544420.000000
1714659578000.000000,1752161542.049467,1714892354770.000000
1714792865000.000000,1752161542.076621,1714919507465.000000
1714826185000.000000,1752161542.093187,1714936073617.000000
1714859508000.000000,1752161542.200134,1715043021433.000000
1714892830000.000000,1752161542.216866,1715059753102.000000
1715026113000.000000,1752161542.332629,1715175517110.000000
1715059435000.000000,1752161542.349233,1715192119520.000000
1715092757000.000000,1752161542.376339,1715219225586.000000
1715126079000.000000,1752161542.505963,1715348850513.000000
1715159401000.000000,1752161542.522742,1715365629126.000000
1715292685000.000000,1752161542.544676,1715387563169.000000
1715326008000.000000,1752161542.673423,1715516310678.000000
1715359330000.000000,1752161542.690099,1715532985588.000000
1715459292000.000000,1752161542.707000,1715549886773.000000
1715492615000.000000,1752161542.841281,1715684169524.000000
1715525937000.000000,1752161542.862990,1715705877088.000000
1715625899000.000000,1752161542.879500,1715722386241.000000
1715659222000.000000,1752161543.011964,1715854852213.000000
1715692544000.000000,1752161543.029272,1715872157784.000000
1715825829000.000000,1752161543.137486,1715980373495.000000
1715859151000.000000,1752161543.159553,1716002439130.000000
1715892472000.000000,1752161543.176332,1716019218242.000000
1715959115000.000000,1752161543.302313,1716145200631.000000
1715992436000.000000,1752161543.329295,1716172181754.000000
1716092400000.000000,1752161543.340624,1716183510087.000000
1716125723000.000000,1752161543.528350,1716371237404.000000
1716159044000.000000,1752161543.545496,1716388383883.000000
1716259007000.000000,1752161543.578000,1716420887359.000000
1716292329000.000000,1752161543.600441,1716443328953.000000
1716325649000.000000,1752161543.760020,1716602907066.000000
1716525579000.000000,1752161543.776628,1716619514458.000000
1716558899000.000000,1752161543.901154,1716744041157.000000
1716592221000.000000,1752161543.922590,1716765476057.000000
1716625544000.000000,1752161543.939001,1716781887395.000000
1716758828000.000000,1752161544.095202,1716938089708.000000
1716792151000.000000,1752161544.128605,1716971491564.000000
1716892113000.000000,1752161544.140218,1716983104580.000000
1716925435000.000000,1752161544.262610,1717105497022.000000
1716958757000.000000,1752161544.284575,1717127461546.000000
1717058720000.000000,1752161544.301423,1717144310251.000000
1717092043000.000000,1752161544.430391,1717273278462.000000
1717125363000.000000,1752161544.446518,1717289405636.000000
1717258649000.000000,1752161544.583019,1717425905995.000000
1717291972000.000000,1752161544.604846,1717447732465.000000
1717325291000.000000,1752161544.626582,1717469468529.000000
1717391934000.000000,1752161544.741280,1717584167010.000000
1717425256000.000000,1752161544.757990,1717600876568.000000
1717525220000.000000,1752161544.774383,1717617269425.000000
1717558542000.000000,1752161544.881460,1717724347944.000000
1717591864000.000000,1752161544.898065,1717740950836.000000
1717691827000.000000,1752161545.095089,1717937976432.000000
1717725149000.000000,1752161545.111867,1717954753489.000000
1717758470000.000000,1752161545.128197,1717971083735.000000
1717858434000.000000,1752161545.144369,1717987255928.000000
1717891756000.000000,1752161545.160659,1718003545193.000000
1718091685000.000000,1752161545.377998,1718220884867.000000
1718125005000.000000,1752161545.389694,1718232580363.000000
1718158327000.000000,1752161545.555137,1718398024474.000000
1718191649000.000000,1752161545.571898,1718414785957.000000
1718224970000.000000,1752161545.588745,1718431631309.000000
1718391576000.000000,1752161545.711086,1718553973567.000000
1718424899000.000000,1752161545.722853,1718565739914.000000
1718524862000.000000,1752161545.838719,1718681606809.000000
1718558184000.000000,1752161545.855323,1718698210035.000000
1718591505000.000000,1752161545.872002,1718714889630.000000
1718658147000.000000,1752161546.038809,1718881695857.000000
1718691470000.000000,1752161546.061183,1718904069451.000000
1718791434000.000000,1752161546.077483,1718920369142.000000
1718824755000.000000,1752161546.093792,1718936678111.000000
1718858076000.000000,1752161546.283347,1719126235281.000000
1719024684000.000000,1752161546.305712,1719148598801.000000
1719058005000.000000,1752161546.337804,1719180690930.000000
1719091326000.000000,1752161546.437874,1719280761814.000000
1719124648000.000000,1752161546.465004,1719307890732.000000
1719257933000.000000,1752161546.597814,1719440701035.000000
1719291256000.000000,1752161546.614268,1719457155113.000000
1719324578000.000000,1752161546.630858,1719473744320.000000
1719424541000.000000,1752161546.764585,1719607472707.000000
1719457864000.000000,1752161546.786915,1719629801579.000000
1719557826000.000000,1752161546.803355,1719646242047.000000
1719591149000.000000,1752161546.937237,1719780123876.000000
1719624470000.000000,1752161546.949096,1719791983259.000000
1719757754000.000000,1752161547.123097,1719965984804.000000
1719791077000.000000,1752161547.149739,1719992625672.000000
1719824399000.000000,1752161547.166237,1720009123620.000000
1719891039000.000000,1752161547.182554,1720025440293.000000
1719957684000.000000,1752161547.371897,1720214784964.000000
1720124290000.000000,1752161547.394232,1720237118022.000000
1720157613000.000000,1752161547.410885,1720253771710.000000
1720190933000.000000,1752161547.547099,1720389985720.000000
1720224256000.000000,1752161547.584922,1720427808884.000000
1720324219000.000000,1752161547.596493,1720439379548.000000
1720357541000.000000,1752161547.712368,1720555255369.000000
1720390863000.000000,1752161547.729087,1720571973649.000000
1720524150000.000000,1752161547.858546,1720701434189.000000
1720557470000.000000,1752161547.869931,1720712825595.000000
1720590790000.000000,1752161547.887204,1720730090054.000000
1720624112000.000000,1752161548.044448,1720887335913.000000
1720657434000.000000,1752161548.071432,1720914318665.000000
1720790719000.000000,1752161548.087929,1720930814910.000000
1720824041000.000000,1752161548.104331,1720947218341.000000
1720857363000.000000,1752161548.223807,1721066693572.000000
1721023970000.000000,1752161548.240485,1721083372611.000000
1721057291000.000000,1752161548.339952,1721182839613.000000
1721090613000.000000,1752161548.367625,1721210511192.000000
1721123934000.000000,1752161548.496128,1721339015407.000000
1721157255000.000000,1752161548.507964,1721350851735.000000
1721190577000.000000,1752161548.524702,1721367588144.000000
1721290539000.000000,1752161548.546215,1721389101358.000000
1721323862000.000000,1752161548.689312,1721532200134.000000
1721457147000.000000,1752161548.711753,1721554641135.000000
1721523792000.000000,1752161548.885634,1721728521737.000000
1721557113000.000000,1752161548.902480,1721745365904.000000
1721590435000.000000,1752161548.924371,1721767257263.000000
1721657076000.000000,1752161548.940610,1721783496306.000000
1721723718000.000000,1752161549.060695,1721903582864.000000
1721857004000.000000,1752161549.088017,1721930904317.000000
1721890326000.000000,1752161549.210863,1722053750088.000000
1721923649000.000000,1752161549.228041,1722070927826.000000
1721956968000.000000,1752161549.250009,1722092895592.000000
1722023611000.000000,1752161549.438511,1722281398216.000000
1722056934000.000000,1752161549.460496,1722303382925.000000
1722190218000.000000,1752161549.476875,1722319760931.000000
1722223540000.000000,1752161549.493425,1722336310916.000000
1722256862000.000000,1752161549.702073,1722544960842.000000
1722423468000.000000,1752161549.724380,1722567266122.000000
1722456790000.000000,1752161549.839036,1722681924177.000000
1722490111000.000000,1752161549.850757,1722693643840.000000
1722523433000.000000,1752161549.872348,1722715234201.000000
1722623397000.000000,1752161549.884008,1722726893753.000000
1722656719000.000000,1752161550.078032,1722920919545.000000
1722790004000.000000,1752161550.115332,1722958218104.000000
1722823326000.000000,1752161550.132108,1722974994124.000000
1722856647000.000000,1752161550.264086,1723106972583.000000
1722889969000.000000,1752161550.286509,1723129395991.000000
1723056574000.000000,1752161550.303015,1723145901495.000000
1723089896000.000000,1752161550.427179,1723270066383.000000
1723123218000.000000,1752161550.454994,1723297880517.000000
1723256503000.000000,1752161550.581755,1723424641990.000000
1723289825000.000000,1752161550.603296,1723446182908.000000
1723323148000.000000,1752161550.610376,1723453263079.000000
1723389789000.000000,1752161550.616904,1723459790625.000000
1723423111000.000000,1752161550.777255,1723620142231.000000
1723556395000.000000,1752161550.783675,1723626561445.000000
1723589718000.000000,1752161550.910253,1723753141661.000000
1723623040000.000000,1752161550.932137,1723775024983.000000
1723656361000.000000,1752161550.948539,1723791425303.000000
1723723003000.000000,1752161551.072660,1723915547969.000000
1723756325000.000000,1752161551.099543,1723942430426.000000
1723856289000.000000,1752161551.117004,1723959891087.000000
1723889611000.000000,1752161551.234632,1724077520743.000000
1723922932000.000000,1752161551.246822,1724089709179.000000
1724022896000.000000,1752161551.263251,1724106137332.000000
1724056218000.000000,1752161551.389566,1724232453606.000000
1724089540000.000000,1752161551.405940,1724248827445.000000
1724189502000.000000,1752161551.418262,1724261148601.000000
1724222824000.000000,1752161551.585948,1724428835153.000000
1724256146000.000000,1752161551.597759,1724440644870.000000
1724322788000.000000,1752161551.614270,1724457156355.000000
1724356110000.000000,1752161551.791126,1724634012298.000000
1724389432000.000000,1752161551.802483,1724645368705.000000
1724522717000.000000,1752161551.814033,1724656918424.000000
1724556037000.000000,1752161551.845582,1724688468206.000000
1724589360000.000000,1752161552.034228,1724877116199.000000
1724755967000.000000,1752161552.051059,1724893946515.000000
1724789289000.000000,1752161552.062721,1724905606919.000000
1724822610000.000000,1752161552.190645,1725033532066.000000
1724855931000.000000,1752161552.212610,1725055496868.000000
1724989217000.000000,1752161552.364002,1725206890376.000000
1725022539000.000000,1752161552.391407,1725234293310.000000
1725055861000.000000,1752161552.413492,1725256379185.000000
1725189145000.000000,1752161552.538388,1725381275399.000000
1725222467000.000000,1752161552.554832,1725397718015.000000
1725322431000.000000,1752161552.571466,1725414355184.000000
1725355753000.000000,1752161552.691389,1725534276429.000000
1725389074000.000000,1752161552.708134,1725551021579.000000
1725489037000.000000,1752161552.729752,1725572638273.000000
1725522360000.000000,1752161552.845051,1725687938489.000000
1725555682000.000000,1752161552.867260,1725710147678.000000
1725655644000.000000,1752161553.000728,1725843614956.000000
1725688968000.000000,1752161553.012488,1725855375025.000000
1725722289000.000000,1752161553.039476,1725882362185.000000
1725788930000.000000,1752161553.055742,1725898628265.000000
1725822252000.000000,1752161553.194448,1726037335973.000000
1725988857000.000000,1752161553.206149,1726049035987.000000
1726022181000.000000,1752161553.339983,1726182870039.000000
1726055503000.000000,1752161553.372254,1726215140684.000000
1726088824000.000000,1752161553.388856,1726231742780.000000
1726122144000.000000,1752161553.405149,1726248034916.000000
1726188788000.000000,1752161553.582923,1726425811516.000000
1726322072000.000000,1752161553.594627,1726437513271.000000
1726355394000.000000,1752161553.616755,1726459641535.000000
1726388716000.000000,1752161553.699482,1726542369979.000000
1726422038000.000000,1752161553.727193,1726570080262.000000
1726522002000.000000,1752161553.854338,1726697226176.000000
1726555324000.000000,1752161553.870779,1726713665606.000000
1726588646000.000000,1752161553.887698,1726730584717.000000
1726688608000.000000,1752161554.019704,1726862592213.000000
1726721931000.000000,1752161554.041158,1726884044391.000000
1726821894000.000000,1752161554.063383,1726906269394.000000
1726855216000.000000,1752161554.197368,1727040255130.000000
1726888538000.000000,1752161554.219549,1727062436115.000000
1727021822000.000000,1752161554.333590,1727176477547.000000
1727055145000.000000,1752161554.355333,1727198219462.000000
1727088467000.000000,1752161554.372082,1727214969038.000000
1727155109000.000000,1752161554.546856,1727389743372.000000
1727188432000.000000,1752161554.568887,1727411774192.000000
1727288394000.000000,1752161554.590427,1727433313609.000000
1727321716000.000000,1752161554.617320,1727460206141.000000
1727355036000.000000,1752161554.772613,1727615500055.000000
1727554964000.000000,1752161554.794887,1727637773465.000000
1727588288000.000000,1752161554.918838,1727761725411.000000
1727621610000.000000,1752161554.935284,1727778170934.000000
1727654930000.000000,1752161554.947229,1727790115798.000000
1727688251000.000000,1752161554.963639,1727806526155.000000
1727754893000.000000,1752161555.194695,1728037581712.000000
1727888179000.000000,1752161555.211847,1728054733709.000000
1727921502000.000000,1752161555.228388,1728071274435.000000
1727988143000.000000,1752161555.393454,1728236340568.000000
1728021465000.000000,1752161555.410630,1728253516436.000000
1728154750000.000000,1752161555.422038,1728264924583.000000
1728188072000.000000,1752161555.443377,1728286263243.000000
1728221394000.000000,1752161555.620998,1728463885030.000000
1728388000000.000000,1752161555.637894,1728480783049.000000
1728421322000.000000,1752161555.649438,1728492324047.000000
1728454643000.000000,1752161555.803567,1728646454732.000000
1728487966000.000000,1752161555.820932,1728663818727.000000
1728587928000.000000,1752161555.837536,1728680422768.000000
1728621250000.000000,1752161556.019073,1728861959516.000000
1728654572000.000000,1752161556.035459,1728878345873.000000
1728754535000.000000,1752161556.052285,1728895171300.000000
1728787857000.000000,1752161556.068695,1728911580453.000000
1728854499000.000000,1752161556.269042,1729111929868.000000
1728987788000.000000,1752161556.286166,1729129052755.000000
1729021107000.000000,1752161556.303607,1729146494046.000000
1729054428000.000000,1752161556.419128,1729262015130.000000
1729087751000.000000,1752161556.441221,1729284108283.000000
1729221035000.000000,1752161556.462947,1729305833217.000000
1729254357000.000000,1752161556.631673,1729474559999.000000
1729287679000.000000,1752161556.648166,1729491052578.000000
1729387642000.000000,1752161556.669898,1729512784660.000000
1729420964000.000000,1752161556.691411,1729534296541.000000
1729454286000.000000,1752161556.844121,1729687007944.000000
1729620892000.000000,1752161556.860749,1729703635113.000000
1729654214000.000000,1752161556.974359,1729817246272.000000
1729687536000.000000,1752161556.995956,1729838843651.000000
1729720857000.000000,1752161557.012874,1729855760318.000000
1729820821000.000000,1752161557.141014,1729983901259.000000
1729854142000.000000,1752161557.153203,1729996089528.000000
1729954107000.000000,1752161557.294875,1730137762410.000000
1729987428000.000000,1752161557.327119,1730170005074.000000
1730020750000.000000,1752161557.354194,1730197080974.000000
1730054071000.000000,1752161557.370865,1730213750606.000000
1730120714000.000000,1752161557.503659,1730346546890.000000
1730320643000.000000,1752161557.637999,1730480886345.000000
1730353965000.000000,1752161557.654549,1730497435422.000000
1730387286000.000000,1752161557.681939,1730524826023.000000
1730420607000.000000,1752161557.698366,1730541252583.000000
1730487251000.000000,1752161557.885452,1730728340018.000000
1730620535000.000000,1752161557.902328,1730745215500.000000
1730653857000.000000,1752161557.918857,1730761743652.000000
1730687178000.000000,1752161558.025461,1730868348565.000000
1730720500000.000000,1752161558.047716,1730890602234.000000
1730853785000.000000,1752161558.149228,1730992115679.000000
1730887106000.000000,1752161558.171633,1731014520791.000000
1730920427000.000000,1752161558.299924,1731142811120.000000
1730987070000.000000,1752161558.311644,1731154530875.000000
1731020395000.000000,1752161558.328280,1731171166081.000000
1731087033000.000000,1752161558.345085,1731187972786.000000
1731120356000.000000,1752161558.502610,1731345498012.000000
1731253641000.000000,1752161558.524387,1731367273594.000000
1731286964000.000000,1752161558.540926,1731383812394.000000
1731320285000.000000,1752161558.700453,1731543340433.000000
1731353607000.000000,1752161558.728552,1731571439249.000000
1731486892000.000000,1752161558.750257,1731593142961.000000
1731520214000.000000,1752161558.888428,1731731316433.000000
1731553536000.000000,1752161558.906221,1731749108369.000000
1731653499000.000000,1752161558.923949,1731766835546.000000
1731720144000.000000,1752161559.064574,1731907461605.000000
1731753466000.000000,1752161559.097308,1731940195931.000000
1731886749000.000000,1752161559.225586,1732068473149.000000
1731920071000.000000,1752161559.242167,1732085053374.000000
1731953393000.000000,1752161559.269229,1732112116200.000000
1732020033000.000000,1752161559.286155,1732129041904.000000
1732086676000.000000,1752161559.475557,1732318443834.000000
1732219962000.000000,1752161559.492306,1732335191910.000000
1732253285000.000000,1752161559.608807,1732451694411.000000
1732286606000.000000,1752161559.635944,1732478830162.000000
1732319928000.000000,1752161559.652762,1732495648700.000000
1732453212000.000000,1752161559.802079,1732644966155.000000
1732486535000.000000,1752161559.829432,1732672319570.000000
1732586498000.000000,1752161559.856956,1732699842429.000000
1732619821000.000000,1752161559.998301,1732841188129.000000
1732653142000.000000,1752161560.020115,1732863001692.000000
1732786427000.000000,1752161560.041908,1732884795236.000000
1732819749000.000000,1752161560.119638,1732962524785.000000
1732853071000.000000,1752161560.136190,1732979076696.000000
1732953034000.000000,1752161560.315314,1733158201710.000000
1732986357000.000000,1752161560.332062,1733174947896.000000
1733019679000.000000,1752161560.353851,1733196736904.000000
1733086319000.000000,1752161560.370263,1733213149779.000000
1733119641000.000000,1752161560.480330,1733323216843.000000
1733286248000.000000,1752161560.639940,1733482828048.000000
1733319569000.000000,1752161560.661568,1733504455391.000000
1733352891000.000000,1752161560.677970,1733520856340.000000
1733386212000.000000,1752161560.699654,1733542540590.000000
1733486177000.000000,1752161560.837416,1733680303621.000000
1733619462000.000000,1752161560.875226,1733718113268.000000
1733652783000.000000,1752161560.987269,1733830156312.000000
1733686105000.000000,1752161561.004251,1733847137552.000000
1733719427000.000000,1752161561.026182,1733869069262.000000
1733786068000.000000,1752161561.068772,1733911659064.000000
1733819391000.000000,1752161561.217021,1734059908585.000000
1733985996000.000000,1752161561.240121,1734083007821.000000
1734019318000.000000,1752161561.344419,1734187306441.000000
1734052640000.000000,1752161561.366173,1734209059672.000000
1734085963000.000000,1752161561.388358,1734231244268.000000
1734185925000.000000,1752161561.499689,1734342576801.000000
1734219247000.000000,1752161561.516678,1734359564430.000000
1734319211000.000000,1752161561.605173,1734448060280.000000
1734352534000.000000,1752161561.637462,1734480348740.000000
1734385855000.000000,1752161561.654061,1734496947354.000000
1734452497000.000000,1752161561.772751,1734615639370.000000
1734485820000.000000,1752161561.795245,1734638132222.000000
1734585782000.000000,1752161561.957705,1734800593307.000000
1734619105000.000000,1752161561.974414,1734817300883.000000
1734652426000.000000,1752161561.991169,1734834055848.000000
1734752389000.000000,1752161562.018082,1734860968138.000000
1734785713000.000000,1752161562.140827,1734983714021.000000
1734952319000.000000,1752161562.224979,1735067867100.000000
1734985641000.000000,1752161562.247039,1735089926271.000000
1735018962000.000000,1752161562.263700,1735106586459.000000
1735052284000.000000,1752161562.369349,1735212236178.000000
1735085604000.000000,1752161562.391596,1735234483551.000000
1735185568000.000000,1752161562.560715,1735403603292.000000
1735218889000.000000,1752161562.577153,1735420040890.000000
1735252211000.000000,1752161562.593485,1735436371636.000000
1735318853000.000000,1752161562.614922,1735457808147.000000
1735352176000.000000,1752161562.636553,1735479439212.000000
1735552104000.000000,1752161562.849861,1735692748721.000000
1735585426000.000000,1752161562.872310,1735715197167.000000
1735618746000.000000,1752161562.965684,1735808572284.000000
1735652068000.000000,1752161562.982770,1735825656079.000000
1735685390000.000000,1752161562.999102,1735841997751.000000
1735785354000.000000,1752161563.110313,1735953200785.000000
1735818676000.000000,1752161563.137592,1735980478757.000000
1735918640000.000000,1752161563.158940,1736001826621.000000
1735951961000.000000,1752161563.252270,1736095157090.000000
1735985283000.000000,1752161563.268829,1736111716316.000000
1736085245000.000000,1752161563.433160,1736276047845.000000
1736118568000.000000,1752161563.460264,1736303151189.000000
1736151891000.000000,1752161563.482054,1736324940919.000000
1736218532000.000000,1752161563.513768,1736356654607.000000
1736285175000.000000,1752161563.714295,1736557182372.000000
1736451781000.000000,1752161563.725701,1736568587130.000000
1736485103000.000000,1752161563.747647,1736590533895.000000
1736518424000.000000,1752161563.931899,1736774786895.000000
1736551747000.000000,1752161563.948460,1736791346898.000000
1736651709000.000000,1752161563.970546,1736813432773.000000
1736685032000.000000,1752161563.993535,1736836421751.000000
1736718352000.000000,1752161564.010849,1736853736691.000000
1736951602000.000000,1752161564.193210,1737036097543.000000
1736984924000.000000,1752161564.327641,1737170528552.000000
1737018246000.000000,1752161564.333904,1737176789731.000000
1737051568000.000000,1752161564.350503,1737193388827.000000
1737084889000.000000,1752161564.372702,1737215589719.000000
1737184854000.000000,1752161564.578543,1737421430654.000000
1737284816000.000000,1752161564.600755,1737443641898.000000
1737318138000.000000,1752161564.682424,1737525312316.000000
1737351459000.000000,1752161564.709943,1737552829785.000000
1737418102000.000000,1752161564.731710,1737574596923.000000
1737518067000.000000,1752161564.870680,1737713568035.000000
1737551389000.000000,1752161564.892345,1737735231970.000000
1737651353000.000000,1752161564.924444,1737767330598.000000
1737684675000.000000,1752161565.022547,1737865434595.000000
1737717997000.000000,1752161565.034029,1737876915982.000000
1737851281000.000000,1752161565.165187,1738008073504.000000
1737884603000.000000,1752161565.171685,1738014571570.000000
1737917925000.000000,1752161565.193587,1738036474113.000000
1737951245000.000000,1752161565.329260,1738172147332.000000
1738017889000.000000,1752161565.340711,1738183597238.000000
1738117854000.000000,1752161565.357777,1738200663792.000000
1738151175000.000000,1752161565.568653,1738411540085.000000
1738184496000.000000,1752161565.570231,1738413116810.000000
1738284459000.000000,1752161565.582500,1738425385671.000000
1738317782000.000000,1752161565.594237,1738437123722.000000
1738351104000.000000,1752161565.824885,1738667771727.000000
1738517709000.000000,1752161565.846637,1738689523532.000000
1738551030000.000000,1752161565.863360,1738706246737.000000
1738584351000.000000,1752161565.958467,1738801354634.000000
1738617673000.000000,1752161565.985617,1738828503811.000000
1738784280000.000000,1752161566.119438,1738962325807.000000
1738817601000.000000,1752161566.131243,1738974130228.000000
1738850923000.000000,1752161566.148026,1738990912581.000000
1738917566000.000000,1752161566.164435,1739007322197.000000
1738950888000.000000,1752161566.373970,1739216857355.000000
1739084172000.000000,1752161566.390627,1739233512913.000000
1739117495000.000000,1752161566.412106,1739254992294.000000
1739150817000.000000,1752161566.518374,1739361261895.000000
1739184137000.000000,1752161566.534976,1739377862713.000000
1739350746000.000000,1752161566.666070,1739508956829.000000
1739384068000.000000,1752161566.687580,1739530466488.000000
1739417388000.000000,1752161566.704426,1739547313285.000000
1739450708000.000000,1752161566.721137,1739564023694.000000
1739517353000.000000,1752161566.915555,1739758442705.000000
1739650638000.000000,1752161566.932614,1739775501092.000000
1739683960000.000000,1752161566.955345,1739798231683.000000
1739717282000.000000,1752161567.082610,1739925497855.000000
1739750603000.000000,1752161567.109587,1739952474608.000000
1739883889000.000000,1752161567.136175,1739979061698.000000
1739917209000.000000,1752161567.257408,1740100295355.000000
1739950531000.000000,1752161567.273894,1740116780230.000000
1740083816000.000000,1752161567.431425,1740274311919.000000
1740117138000.000000,1752161567.448114,1740291000495.000000
1740150459000.000000,1752161567.475035,1740317921360.000000
1740183779000.000000,1752161567.612268,1740455155582.000000
1740250422000.000000,1752161567.634495,1740477382029.000000
1740383709000.000000,1752161567.661621,1740504507836.000000
1740450351000.000000,1752161567.797355,1740640242814.000000
1740483675000.000000,1752161567.813841,1740656728096.000000
1740583637000.000000,1752161567.830611,1740673499245.000000
1740616959000.000000,1752161567.947807,1740790694646.000000
1740650281000.000000,1752161567.964473,1740807359612.000000
1740750244000.000000,1752161568.098610,1740941498920.000000
1740783566000.000000,1752161568.115461,1740958348069.000000
1740816888000.000000,1752161568.137394,1740980281001.000000
1740916851000.000000,1752161568.261205,1741104092837.000000
1740950173000.000000,1752161568.283326,1741126213434.000000
1741083458000.000000,1752161568.427259,1741270147719.000000
1741116781000.000000,1752161568.439368,1741282255063.000000
1741150102000.000000,1752161568.451008,1741293894541.000000
1741216743000.000000,1752161568.467690,1741310577247.000000
1741250065000.000000,1752161568.616851,1741459738203.000000
1741383350000.000000,1752161568.644763,1741487649354.000000
1741416674000.000000,1752161568.677594,1741520480198.000000
1741449995000.000000,1752161568.816517,1741659404107.000000
1741483316000.000000,1752161568.832980,1741675867389.000000
1741616601000.000000,1752161568.849608,1741692494744.000000
1741649924000.000000,1752161568.993956,1741836843340.000000
1741683245000.000000,1752161569.021237,1741864123516.000000
1741783207000.000000,1752161569.043036,1741885923227.000000
1741816529000.000000,1752161569.153474,1741996362361.000000
1741849851000.000000,1752161569.176179,1742019065175.000000
1741983135000.000000,1752161569.299449,1742142336386.000000
1742016458000.000000,1752161569.316224,1742159110350.000000
1742049779000.000000,1752161569.327799,1742170686144.000000
1742116421000.000000,1752161569.477987,1742320874905.000000
1742183065000.000000,1752161569.494768,1742337654943.000000
1742249708000.000000,1752161569.511626,1742354512462.000000
1742283029000.000000,1752161569.630605,1742473491698.000000
1742316350000.000000,1752161569.642744,1742485630115.000000
1742449636000.000000,1752161569.737743,1742580630401.000000
1742482958000.000000,1752161569.759291,1742602178485.000000
1742516278000.000000,1752161569.876684,1742719571718.000000
1742582922000.000000,1752161569.888045,1742730930439.000000
1742616243000.000000,1752161569.910103,1742752989444.000000
1742716207000.000000,1752161570.021717,1742864604900.000000
1742749528000.000000,1752161570.048994,1742891881002.000000
1742849492000.000000,1752161570.205289,1743048176314.000000
1742882815000.000000,1752161570.222039,1743064925464.000000
1742916136000.000000,1752161570.245152,1743088039032.000000
1743016100000.000000,1752161570.351637,1743194524261.000000
1743049422000.000000,1752161570.368313,1743211200263.000000
1743149385000.000000,1752161570.385046,1743227932469.000000
1743182708000.000000,1752161570.597211,1743440097768.000000
1743216029000.000000,1752161570.614108,1743456994157.000000
1743315991000.000000,1752161570.630402,1743473288385.000000
1743349314000.000000,1752161570.646701,1743489587243.000000
1743382635000.000000,1752161570.848241,1743691129109.000000
1743582564000.000000,1752161570.864738,1743707624743.000000
1743615885000.000000,1752161570.881707,1743724593465.000000
1743649206000.000000,1752161571.034537,1743877424404.000000
1743682528000.000000,1752161571.051686,1743894573105.000000
1743815814000.000000,1752161571.068411,1743911298218.000000
1743849135000.000000,1752161571.191024,1744033912584.000000
1743882457000.000000,1752161571.207876,1744050763122.000000
1743982419000.000000,1752161571.234785,1744077672542.000000
1744015743000.000000,1752161571.396138,1744239025582.000000
1744049063000.000000,1752161571.423605,1744266492330.000000
1744149026000.000000,1752161571.439896,1744282782707.000000
1744182349000.000000,1752161571.456300,1744299186323.000000
1744215670000.000000,1752161571.632281,1744475168330.000000
1744382277000.000000,1752161571.643937,1744486823400.000000
1744415598000.000000,1752161571.660633,1744503519458.000000
1744448921000.000000,1752161571.838380,1744681267392.000000
1744482244000.000000,1752161571.854979,1744697864784.000000
1744582206000.000000,1752161571.881938,1744724824889.000000
1744615528000.000000,1752161572.021265,1744864152016.000000
1744648850000.000000,1752161572.043272,1744886158059.000000
1744815459000.000000,1752161572.059857,1744902743988.000000
1744848778000.000000,1752161572.189603,1745032490524.000000
1744882104000.000000,1752161572.212047,1745054933396.000000
1745015384000.000000,1752161572.341547,1745184434509.000000
1745048707000.000000,1752161572.363332,1745206218609.000000
1745082027000.000000,1752161572.384906,1745227793008.000000
1745148671000.000000,1752161572.560167,1745403054966.000000
1745215314000.000000,1752161572.581902,1745424788104.000000
1745315277000.000000,1752161572.598606,1745441492476.000000
1745381920000.000000,1752161572.730047,1745572935959.000000
1745415242000.000000,1752161572.751915,1745594802503.000000
1745548526000.000000,1752161572.880675,1745723561679.000000
1745581849000.000000,1752161572.902717,1745745604499.000000
1745615170000.000000,1752161572.919112,1745761998412.000000
1745715135000.000000,1752161573.047473,1745890361351.000000
1745748456000.000000,1752161573.064417,1745907304406.000000
1745848419000.000000,1752161573.169176,1746012063985.000000
1745881742000.000000,1752161573.185187,1746028073327.000000
1745915064000.000000,1752161573.201776,1746044662627.000000
1746015028000.000000,1752161573.331643,1746174530662.000000
1746048349000.000000,1752161573.348782,1746191669290.000000
1746148312000.000000,1752161573.454369,1746297255787.000000
1746181636000.000000,1752161573.471163,1746314049954.000000
1746214956000.000000,1752161573.492814,1746335700871.000000
1746281598000.000000,1752161573.626869,1746469756920.000000
1746314921000.000000,1752161573.659967,1746502854705.000000
1746414883000.000000,1752161573.676738,1746519624800.000000
1746448205000.000000,1752161573.830573,1746673460136.000000
1746481527000.000000,1752161573.874431,1746717317185.000000
1746614811000.000000,1752161573.885824,1746728709647.000000
1746648133000.000000,1752161573.990006,1746832894417.000000
1746681455000.000000,1752161574.007016,1746849903249.000000
1746814740000.000000,1752161574.122241,1746965128059.000000
1746848062000.000000,1752161574.139703,1746982590887.000000
1746881383000.000000,1752161574.156680,1746999567738.000000
1746948027000.000000,1752161574.283899,1747126787985.000000
1746981349000.000000,1752161574.316356,1747159243017.000000
1747114633000.000000,1752161574.457100,1747299988186.000000
1747147956000.000000,1752161574.485351,1747328238574.000000
1747181278000.000000,1752161574.502246,1747345132037.000000
1747281241000.000000,1752161574.628538,1747471425719.000000
1747314563000.000000,1752161574.645500,1747488386533.000000
1747414526000.000000,1752161574.672821,1747515707486.000000
1747447848000.000000,1752161574.789789,1747632677371.000000
1747481171000.000000,1752161574.811931,1747654818042.000000
1747614454000.000000,1752161574.941386,1747784273841.000000
1747647777000.000000,1752161574.953425,1747796311148.000000
1747681097000.000000,1752161574.964972,1747807859034.000000
1747747740000.000000,1752161575.149762,1747992649380.000000
1747781063000.000000,1752161575.171621,1748014507535.000000
1747914347000.000000,1752161575.193232,1748036118045.000000
1747947669000.000000,1752161575.310274,1748153161669.000000
1748014312000.000000,1752161575.326862,1748169749136.000000
1748114275000.000000,1752161575.458508,1748301396042.000000
1748147597000.000000,1752161575.481145,1748324031671.000000
1748180921000.000000,1752161575.502846,1748345733365.000000
1748247560000.000000,1752161575.530049,1748372935949.000000
1748280884000.000000,1752161575.725677,1748568564114.000000
1748480810000.000000,1752161575.758049,1748600936703.000000
1748514133000.000000,1752161575.906253,1748749140817.000000
1748547454000.000000,1752161575.933209,1748776095477.000000
1748580777000.000000,1752161575.949186,1748792071968.000000
1748714061000.000000,1752161576.074377,1748917264697.000000
1748780704000.000000,1752161576.101376,1748944262691.000000
1748880668000.000000,1752161576.117509,1748960395495.000000
1748913991000.000000,1752161576.246329,1749089215966.000000
1748947312000.000000,1752161576.258072,1749100958925.000000
1749047275000.000000,1752161576.418842,1749261729396.000000
1749080598000.000000,1752161576.435502,1749278387843.000000
1749113920000.000000,1752161576.451833,1749294719942.000000
1749213882000.000000,1752161576.473835,1749316721947.000000
1749280526000.000000,1752161576.641918,1749484804662.000000
1749380489000.000000,1752161576.663473,1749506360301.000000
1749413812000.000000,1752161576.675396,1749518282628.000000
1749447132000.000000,1752161576.801466,1749644353256.000000
1749480454000.000000,1752161576.829225,1749672112520.000000
1749580417000.000000,1752161576.856587,1749699473473.000000
1749613739000.000000,1752161576.992073,1749834960249.000000
1749647061000.000000,1752161577.008907,1749851793657.000000
1749780345000.000000,1752161577.025245,1749868132644.000000
1749813667000.000000,1752161577.144354,1749987241804.000000
1749846989000.000000,1752161577.161073,1750003960103.000000
1749946953000.000000,1752161577.183508,1750026394733.000000
1749980274000.000000,1752161577.321993,1750164880573.000000
1750013596000.000000,1752161577.344410,1750187297834.000000
1750113558000.000000,1752161577.377454,1750220340527.000000
1750146883000.000000,1752161577.483365,1750326252113.000000
1750180203000.000000,1752161577.510739,1750353626917.000000
1750313488000.000000,1752161577.658580,1750501467775.000000
1750346811000.000000,1752161577.680472,1750523358652.000000
1750380131000.000000,1752161577.706887,1750549773596.000000
1750446773000.000000,1752161577.723225,1750566111602.000000
1750480096000.000000,1752161577.874240,1750717127632.000000
1750646702000.000000,1752161577.890925,1750733811949.000000
1750680024000.000000,1752161578.018196,1750861083862.000000
1750713346000.000000,1752161578.039994,1750882881092.000000
1750746667000.000000,1752161578.061577,1750904463953.000000
1750846630000.000000,1752161578.147127,1750990014444.000000
1750879953000.000000,1752161578.169020,1751011907006.000000
1751013239000.000000,1752161578.300808,1751143695282.000000
1751046560000.000000,1752161578.323034,1751165921711.000000
1751079882000.000000,1752161578.463338,1751306225273.000000
1751113202000.000000,1752161578.480042,1751322927998.000000
1751146525000.000000,1752161578.507452,1751350338283.000000
1751279810000.000000,1752161578.621253,1751464140384.000000
1751313132000.000000,1752161578.633209,1751476096507.000000
1751413095000.000000,1752161578.649641,1751492527030.000000
1751446418000.000000,1752161578.804454,1751647340876.000000
1751479740000.000000,1752161578.831102,1751673988576.000000
1751613024000.000000,1752161578.847696,1751690582876.000000
1751646346000.000000,1752161578.955532,1751798419313.000000
1751679668000.000000,1752161578.982515,1751825401973.000000
1751779630000.000000,1752161579.106773,1751949661360.000000
1751812953000.000000,1752161579.128944,1751971830771.000000
1751846274000.000000,1752161579.145740,1751988626217.000000
1751912916000.000000,1752161579.288039,1752130927204.000000
1751946238000.000000,1752161579.320264,1752163151442.000000
1752079523000.000000,1752161579.337010,1752179897536.000000
1752112845000.000000,1752161579.475029,1752317916047.000000
1752146167000.000000,1752161579.491317,1752334203109.000000
1752246130000.000000,1752161579.507610,1752350495689.000000
1752279453000.000000,1752161579.523997,1752366884379.000000
1752346095000.000000,1752161579.690339,1752533226611.000000
1752446059000.000000,1752161579.701996,1752544882385.000000
1752479381000.000000,1752161579.857421,1752700308484.000000
1752512703000.000000,1752161579.889360,1752732247687.000000
1752546025000.000000,1752161579.911731,1752754617689.000000
1752679308000.000000,1752161580.036336,1752879224332.000000
1752712632000.000000,1752161580.058170,1752901056932.000000
1752812595000.000000,1752161580.074868,1752917754212.000000
1752879238000.000000,1752161580.224954,1753067841011.000000
1752912560000.000000,1752161580.241868,1753084755511.000000
1753012523000.000000,1752161580.354071,1753196958702.000000
1753045844000.000000,1752161580.376062,1753218949226.000000
1753079167000.000000,1752161580.392801,1753235687654.000000
1753179130000.000000,1752161580.542761,1753385648250.000000
1753212452000.000000,1752161580.570899,1753413785862.000000
1753312415000.000000,1752161580.602651,1753445537457.000000
1753345738000.000000,1752161580.727310,1753570197414.000000
1753379059000.000000,1752161580.749007,1753591893793.000000
1753545666000.000000,1752161580.882495,1753725382033.000000
1753578988000.000000,1752161580.910468,1753753354887.000000
1753612310000.000000,1752161580.927281,1753770167629.000000
1753678950000.000000,1752161580.943506,1753786391673.000000
1753712274000.000000,1752161581.121563,1753964451456.000000
1753845562000.000000,1752161581.143209,1753986095391.000000
1753878881000.000000,1752161581.159945,1754002831652.000000
1753912202000.000000,1752161581.289476,1754132363338.000000
1753945523000.000000,1752161581.301218,1754144105001.000000
1754078808000.000000,1752161581.322870,1754165757639.000000
1754112130000.000000,1752161581.450599,1754293486455.000000
1754145452000.000000,1752161581.473257,1754316144009.000000
1754245415000.000000,1752161581.489815,1754332702291.000000
1754278738000.000000,1752161581.613225,1754456111816.000000
1754312059000.000000,1752161581.630039,1754472926631.000000
1754412023000.000000,1752161581.753150,1754596038104.000000
1754445345000.000000,1752161581.770116,1754613003066.000000
1754478666000.000000,1752161581.796692,1754639578360.000000
1754578629000.000000,1752161581.923602,1754766490869.000000
1754611952000.000000,1752161581.961274,1754804160961.000000
1754745237000.000000,1752161582.075901,1754918788017.000000
1754778559000.000000,1752161582.087460,1754930347107.000000
1754811879000.000000,1752161582.110062,1754952948532.000000
1754911843000.000000,1752161582.245173,1755088061016.000000
1754945165000.000000,1752161582.261638,1755104524150.000000
1755045129000.000000,1752161582.278204,1755121090839.000000
1755111773000.000000,1752161582.473598,1755316485191.000000
1755145093000.000000,1752161582.506402,1755349288739.000000
1755211735000.000000,1752161582.527615,1755370501400.000000
1755278379000.000000,1752161582.664923,1755507810436.000000
1755311701000.000000,1752161582.687157,1755530043921.000000
1755444985000.000000,1752161582.703756,1755546642331.000000
1755478308000.000000,1752161582.823021,1755665908101.000000
1755511630000.000000,1752161582.855808,1755698696074.000000
1755611594000.000000,1752161582.877927,1755720813653.000000
1755644915000.000000,1752161582.990020,1755832908196.000000
1755678237000.000000,1752161583.007126,1755850012843.000000
1755778200000.000000,1752161583.023719,1755866605438.000000
1755811522000.000000,1752161583.170658,1756013544898.000000
1755844845000.000000,1752161583.187387,1756030273474.000000
1755944807000.000000,1752161583.204109,1756046995791.000000
1755978130000.000000,1752161583.351399,1756194286710.000000
1756011450000.000000,1752161583.367898,1756210784955.000000
1756111414000.000000,1752161583.389452,1756232338539.000000
1756144736000.000000,1752161583.410930,1756253816457.000000
1756178057000.000000,1752161583.545359,1756388245948.000000
1756344664000.000000,1752161583.562032,1756404919524.000000
1756377986000.000000,1752161583.698733,1756541620807.000000
1756411308000.000000,1752161583.720225,1756563111484.000000
1756444628000.000000,1752161583.737153,1756580039762.000000
1756477949000.000000,1752161583.748721,1756591607352.000000
1756544593000.000000,1752161583.881660,1756724547523.000000
1756677878000.000000,1752161583.903698,1756746584991.000000
1756711200000.000000,1752161584.067820,1756910706986.000000
1756744521000.000000,1752161584.089392,1756932279069.000000
1756777843000.000000,1752161584.106164,1756949051478.000000
1756844485000.000000,1752161584.122348,1756965235152.000000
1756911129000.000000,1752161584.290038,1757132926815.000000
1757044414000.000000,1752161584.313824,1757156710951.000000
1757077735000.000000,1752161584.331371,1757174258648.000000
1757111058000.000000,1752161584.482082,1757324969608.000000
1757144381000.000000,1752161584.519671,1757362557905.000000
1757277663000.000000,1752161584.542041,1757384927740.000000
1757310984000.000000,1752161584.666639,1757509526346.000000
1757344307000.000000,1752161584.683567,1757526454068.000000
1757444270000.000000,1752161584.700635,1757543521659.000000
1757477592000.000000,1752161584.839695,1757682582455.000000
1757510915000.000000,1752161584.856367,1757699254162.000000
1757610876000.000000,1752161584.878436,1757721322352.000000
1757644200000.000000,1752161584.894964,1757737849615.000000
1757677521000.000000,1752161585.051271,1757894158741.000000
1757810805000.000000,1752161585.067778,1757910664968.000000
1757844128000.000000,1752161585.197823,1758040710427.000000
1757877449000.000000,1752161585.219347,1758062234104.000000
1757910773000.000000,1752161585.245888,1758088774658.000000
1758010735000.000000,1752161585.391285,1758234173466.000000
1758077378000.000000,1752161585.413000,1758255886567.000000
1758177341000.000000,1752161585.440587,1758283472610.000000
1758210664000.000000,1752161585.590667,1758433554520.000000
1758243986000.000000,1752161585.612596,1758455482545.000000
1758343948000.000000,1752161585.628862,1758471748199.000000
1758377270000.000000,1752161585.645242,1758488128575.000000
1758410591000.000000,1752161585.760026,1758602913574.000000
1758577199000.000000,1752161585.870383,1758713270209.000000
1758610521000.000000,1752161585.893302,1758736189131.000000
1758643842000.000000,1752161585.900324,1758743209840.000000
1758677164000.000000,1752161586.016194,1758859081865.000000
1758710484000.000000,1752161586.043539,1758886425577.000000
1758810448000.000000,1752161586.055233,1758898120110.000000
1758843770000.000000,1752161586.156511,1758999398557.000000
1758877092000.000000,1752161586.173101,1759015987597.000000
1758977055000.000000,1752161586.311224,1759154110514.000000
1759010377000.000000,1752161586.339151,1759182037406.000000
1759043697000.000000,1752161586.355591,1759198477281.000000
1759110340000.000000,1752161586.371985,1759214871675.000000
1759143662000.000000,1752161586.516443,1759359329807.000000
1759310268000.000000,1752161586.533214,1759376101253.000000
1759343591000.000000,1752161586.663510,1759506397432.000000
1759376914000.000000,1752161586.680337,1759523223896.000000
1759410233000.000000,1752161586.707256,1759550142390.000000
1759476876000.000000,1752161586.892091,1759734978292.000000
1759543519000.000000,1752161586.908985,1759751871699.000000
1759643483000.000000,1752161586.925703,1759768588923.000000
1759676804000.000000,1752161587.045909,1759888796239.000000
1759710127000.000000,1752161587.067987,1759910873688.000000
1759843412000.000000,1752161587.084569,1759927456692.000000
1759876735000.000000,1752161587.229477,1760072364320.000000
1759910056000.000000,1752161587.241597,1760084483626.000000
1760010018000.000000,1752161587.258197,1760101084092.000000
1760043341000.000000,1752161587.364854,1760207741153.000000
1760076662000.000000,1752161587.386673,1760229560252.000000
1760176626000.000000,1752161587.540019,1760382906094.000000
1760209949000.000000,1752161587.556831,1760399718595.000000
1760243271000.000000,1752161587.573599,1760416486096.000000
1760309911000.000000,1752161587.590122,1760433007933.000000
1760376554000.000000,1752161587.752972,1760595858959.000000
1760509841000.000000,1752161587.764571,1760607457400.000000
1760543162000.000000,1752161587.955628,1760798516258.000000
1760576484000.000000,1752161587.972310,1760815196353.000000
1760609806000.000000,1752161587.989447,1760832334944.000000
1760743090000.000000,1752161588.016206,1760859092828.000000
1760809733000.000000,1752161588.189094,1761031982514.000000
1760943019000.000000,1752161588.205956,1761048843163.000000
1760976340000.000000,1752161588.227409,1761070295414.000000
1761009662000.000000,1752161588.340738,1761183625020.000000
1761042984000.000000,1752161588.357201,1761200087228.000000
1761142946000.000000,1752161588.389159,1761232046561.000000
1761176268000.000000,1752161588.549764,1761392651016.000000
1761209590000.000000,1752161588.566679,1761409566720.000000
1761309554000.000000,1752161588.588379,1761431265117.000000
1761342876000.000000,1752161588.604689,1761447574549.000000
1761376198000.000000,1752161588.783437,1761626323696.000000
1761509482000.000000,1752161588.810832,1761653718944.000000
1761576125000.000000,1752161588.827655,1761670542316.000000
1761609448000.000000,1752161588.947305,1761790192674.000000
1761642769000.000000,1752161588.964166,1761807053545.000000
1761776054000.000000,1752161589.148213,1761991100343.000000
1761809376000.000000,1752161589.181002,1762023888464.000000
1761842697000.000000,1752161589.197595,1762040481504.000000
1761975982000.000000,1752161589.341496,1762184382772.000000
1762009304000.000000,1752161589.368532,1762211418765.000000
1762109267000.000000,1752161589.410797,1762253684923.000000
1762142589000.000000,1752161589.431844,1762274730326.000000
1762175911000.000000,1752161589.593880,1762436767267.000000
1762342517000.000000,1752161589.610660,1762453546787.000000
1762375839000.000000,1752161589.638464,1762481351902.000000
1762409161000.000000,1752161589.750318,1762593205022.000000
1762442484000.000000,1752161589.772442,1762615328489.000000
1762575768000.000000,1752161589.847359,1762690246325.000000
1762609090000.000000,1752161589.858792,1762701679342.000000
1762642411000.000000,1752161589.881130,1762724017289.000000
1762675733000.000000,1752161590.040270,1762883163814.000000
1762709054000.000000,1752161590.056771,1762899657948.000000
1762809017000.000000,1752161590.094606,1762937492741.000000
1762842338000.000000,1752161590.121828,1762964714899.000000
1762875661000.000000,1752161590.314006,1763156892987.000000
1763042266000.000000,1752161590.330691,1763173578601.000000
1763075588000.000000,1752161590.347283,1763190169456.000000
1763108910000.000000,1752161590.363905,1763206791625.000000
1763142231000.000000,1752161590.511542,1763354428930.000000
1763275515000.000000,1752161590.523082,1763365968761.000000
1763308838000.000000,1752161590.653069,1763495957425.000000
1763342159000.000000,1752161590.670238,1763513124182.000000
1763375480000.000000,1752161590.697258,1763540145804.000000
1763475446000.000000,1752161590.808801,1763651687761.000000
1763508768000.000000,1752161590.825289,1763668175117.000000
1763608731000.000000,1752161590.842244,1763685130339.000000
1763642054000.000000,1752161590.981744,1763824631168.000000
1763675375000.000000,1752161590.993593,1763836480274.000000
1763808659000.000000,1752161591.125226,1763968113996.000000
1763841982000.000000,1752161591.142037,1763984923941.000000
1763875302000.000000,1752161591.158824,1764001711127.000000
1763941945000.000000,1752161591.303097,1764145984502.000000
1763975269000.000000,1752161591.324807,1764167695474.000000
1764075231000.000000,1752161591.361828,1764204714942.000000
1764108563000.000000,1752161591.504992,1764347879273.000000
1764141874000.000000,1752161591.521854,1764364741125.000000
1764275159000.000000,1752161591.538475,1764381362406.000000
1764341802000.000000,1752161591.708186,1764551073178.000000
1764375125000.000000,1752161591.725897,1764568783671.000000
1764475087000.000000,1752161591.737366,1764580253169.000000
1764508410000.000000,1752161591.824377,1764667264886.000000
1764541731000.000000,1752161591.840985,1764683872296.000000
1764641696000.000000,1752161591.952817,1764795704213.000000
1764675018000.000000,1752161591.969432,1764812318308.000000
1764708338000.000000,1752161591.985929,1764828815090.000000
1764808303000.000000,1752161592.144808,1764987695544.000000
1764841625000.000000,1752161592.172142,1765015029034.000000
1764908265000.000000,1752161592.193707,1765036593451.000000
1764941589000.000000,1752161592.210116,1765053002678.000000
1764974909000.000000,1752161592.374211,1765217098413.000000
1765141516000.000000,1752161592.390807,1765233694676.000000
1765174838000.000000,1752161592.503468,1765346355140.000000
1765208159000.000000,1752161592.525195,1765368081907.000000
1765241481000.000000,1752161592.542022,1765384908278.000000
1765341445000.000000,1752161592.681014,1765523901650.000000
1765374767000.000000,1752161592.697821,1765540707281.000000
1765508051000.000000,1752161592.809737,1765652624826.000000
1765541374000.000000,1752161592.827427,1765670314133.000000
1765574695000.000000,1752161592.849383,1765692270232.000000
1765608016000.000000,1752161592.976834,1765819720754.000000
1765641338000.000000,1752161592.999006,1765841892184.000000
1765774622000.000000,1752161593.025911,1765868797771.000000
1765807944000.000000,1752161593.114984,1765957870430.000000
1765841265000.000000,1752161593.137538,1765980424986.000000
1765941229000.000000,1752161593.294665,1766137552586.000000
1765974551000.000000,1752161593.311786,1766154672973.000000
1766007873000.000000,1752161593.343807,1766186693343.000000
1766107835000.000000,1752161593.461766,1766304653088.000000
1766141158000.000000,1752161593.478590,1766321475848.000000
1766274443000.000000,1752161593.611325,1766454211985.000000
1766307765000.000000,1752161593.628495,1766471380964.000000
1766341087000.000000,1752161593.655395,1766498281477.000000
1766407729000.000000,1752161593.671623,1766514508520.000000
1766441052000.000000,1752161593.852296,1766695183740.000000
1766607657000.000000,1752161593.869056,1766711942372.000000
1766640980000.000000,1752161593.963728,1766806615161.000000
1766674302000.000000,1752161593.985268,1766828156153.000000
1766707624000.000000,1752161594.001802,1766844688638.000000
1766807587000.000000,1752161594.205070,1767047957247.000000
1766840909000.000000,1752161594.242832,1767085718226.000000
1766940871000.000000,1752161594.259164,1767102050880.000000
1766974195000.000000,1752161594.275452,1767118338164.000000
1767007518000.000000,1752161594.292015,1767134901446.000000
1767207444000.000000,1752161594.488035,1767330922626.000000
1767240765000.000000,1752161594.510270,1767353157499.000000
1767274087000.000000,1752161594.521813,1767364699719.000000
1767307409000.000000,1752161594.659373,1767502260086.000000
1767340730000.000000,1752161594.681154,1767524041297.000000
1767440692000.000000,1752161594.713067,1767555953742.000000
1767474015000.000000,1752161594.843067,1767685954850.000000
1767507337000.000000,1752161594.881069,1767723955346.000000
1767640622000.000000,1752161594.903620,1767746506939.000000
1767673944000.000000,1752161595.086164,1767929051400.000000
1767707265000.000000,1752161595.092730,1767935616094.000000
1767807228000.000000,1752161595.109202,1767952088913.000000
1767840551000.000000,1752161595.125940,1767968825786.000000
1767873872000.000000,1752161595.314382,1768157268374.000000
1768040478000.000000,1752161595.331721,1768174608814.000000
1768073800000.000000,1752161595.348292,1768191178502.000000
1768107122000.000000,1752161595.440003,1768282889599.000000
1768140444000.000000,1752161595.472435,1768315321057.000000
1768273728000.000000,1752161595.612207,1768455094532.000000
1768307051000.000000,1752161595.628983,1768471869311.000000
1768340375000.000000,1752161595.650927,1768493813428.000000
1768407015000.000000,1752161595.667689,1768510574819.000000
1768440336000.000000,1752161595.859626,1768702513298.000000
1768573621000.000000,1752161595.882381,1768725267759.000000
1768606944000.000000,1752161595.898771,1768741657190.000000
1768640265000.000000,1752161596.062267,1768905154043.000000
1768673585000.000000,1752161596.079180,1768922066820.000000
1768806871000.000000,1752161596.105789,1768948675521.000000
1768840193000.000000,1752161596.209160,1769052047929.000000
1768873515000.000000,1752161596.242154,1769085040900.000000
1769040121000.000000,1752161596.379959,1769222846894.000000
1769073444000.000000,1752161596.402029,1769244915621.000000
1769106764000.000000,1752161596.428674,1769271560470.000000
1769173405000.000000,1752161596.444918,1769287803884.000000
1769206729000.000000,1752161596.672490,1769515377383.000000
1769373335000.000000,1752161596.689044,1769531930794.000000
1769406657000.000000,1752161596.705800,1769548686684.000000
1769439978000.000000,1752161596.721714,1769564600416.000000
1769473300000.000000,1752161596.910059,1769752946802.000000
1769673228000.000000,1752161596.926522,1769769408306.000000
1769706549000.000000,1752161597.081543,1769924430742.000000
1769739871000.000000,1752161597.103874,1769946761374.000000
1769773193000.000000,1752161597.120322,1769963208915.000000
1769873156000.000000,1752161597.136509,1769979395311.000000
1769906477000.000000,1752161597.316840,1770159728109.000000
1770073085000.000000,1752161597.333764,1770176650350.000000
1770106407000.000000,1752161597.507598,1770350485470.000000
1770139728000.000000,1752161597.524310,1770367197491.000000
1770173050000.000000,1752161597.535987,1770378873283.000000
1770339656000.000000,1752161597.712123,1770555010363.000000
1770372978000.000000,1752161597.739976,1770582863366.000000
1770472941000.000000,1752161597.772044,1770614930513.000000
1770506264000.000000,1752161597.793490,1770636375913.000000
1770539585000.000000,1752161597.941427,1770784314585.000000
1770706192000.000000,1752161597.963369,1770806256573.000000
1770739513000.000000,1752161598.124999,1770967886092.000000
1770772834000.000000,1752161598.141782,1770984668741.000000
1770806156000.000000,1752161598.158621,1771001508797.000000
1770939442000.000000,1752161598.283186,1771126074256.000000
1770972763000.000000,1752161598.305337,1771148223315.000000
1771072727000.000000,1752161598.322009,1771164895280.000000
1771106049000.000000,1752161598.478847,1771321733883.000000
1771139370000.000000,1752161598.505518,1771348405084.000000
1771239334000.000000,1752161598.522510,1771365396953.000000
1771272656000.000000,1752161598.549603,1771392490242.000000
1771339298000.000000,1752161598.733789,1771576676390.000000
1771472583000.000000,1752161598.755448,1771598335029.000000
1771505905000.000000,1752161598.788240,1771631126465.000000
1771539226000.000000,1752161598.884706,1771727593607.000000
1771572547000.000000,1752161598.906348,1771749234283.000000
1771705833000.000000,1752161599.045466,1771888352894.000000
1771739154000.000000,1752161599.072441,1771915326480.000000
1771772476000.000000,1752161599.089109,1771931996834.000000
1771839118000.000000,1752161599.111475,1771954360855.000000
1771905762000.000000,1752161599.277912,1772120800252.000000
1772039048000.000000,1752161599.289771,1772132657765.000000
1772072371000.000000,1752161599.417622,1772260508765.000000
1772105691000.000000,1752161599.439775,1772282661546.000000
1772139013000.000000,1752161599.456420,1772299306327.000000
1772238976000.000000,1752161599.581016,1772423903099.000000
1772272299000.000000,1752161599.597862,1772440748878.000000
1772372262000.000000,1752161599.614404,1772457291567.000000
1772405585000.000000,1752161599.757901,1772600788357.000000
1772438906000.000000,1752161599.774588,1772617474285.000000
1772538869000.000000,1752161599.791324,1772634211602.000000
1772572192000.000000,1752161599.920005,1772762892667.000000
1772605512000.000000,1752161599.941927,1772784814099.000000
1772705475000.000000,1752161599.963886,1772806773087.000000
1772738798000.000000,1752161600.099437,1772942324881.000000
1772772120000.000000,1752161600.121439,1772964326294.000000
1772905404000.000000,1752161600.238809,1773081697415.000000
1772938726000.000000,1752161600.255706,1773098592916.000000
1772972048000.000000,1752161600.272089,1773114976013.000000
1773038690000.000000,1752161600.288376,1773131262834.000000
1773072013000.000000,1752161600.444295,1773287182502.000000
1773205297000.000000,1752161600.466196,1773309082471.000000
1773238620000.000000,1752161600.487791,1773330678055.000000
1773271941000.000000,1752161600.622399,1773465287007.000000
1773305262000.000000,1752161600.638980,1773481866066.000000
1773405226000.000000,1752161600.655575,1773498461680.000000
1773438548000.000000,1752161600.804795,1773647682488.000000
1773471869000.000000,1752161600.821797,1773664684172.000000
1773571832000.000000,1752161600.838515,1773681400933.000000
1773605155000.000000,1752161600.952096,1773794983240.000000
1773638477000.000000,1752161600.979560,1773822448358.000000
1773771760000.000000,1752161601.080281,1773923168811.000000
1773805084000.000000,1752161601.102556,1773945443332.000000
1773838405000.000000,1752161601.114030,1773956916534.000000
1773905046000.000000,1752161601.275764,1774118652385.000000
1773938369000.000000,1752161601.313187,1774156074535.000000
1774038333000.000000,1752161601.334722,1774177608415.000000
1774071655000.000000,1752161601.351048,1774193934643.000000
1774104976000.000000,1752161601.491048,1774333935505.000000
1774271583000.000000,1752161601.518782,1774361669028.000000
1774304905000.000000,1752161601.649613,1774492500220.000000
1774338226000.000000,1752161601.666462,1774509348665.000000
1774371547000.000000,1752161601.682958,1774525845429.000000
1774471510000.000000,1752161601.826248,1774669135147.000000
1774504834000.000000,1752161601.853412,1774696298398.000000
1774604796000.000000,1752161601.870359,1774713246268.000000
1774638118000.000000,1752161602.013830,1774856718206.000000
1774671440000.000000,1752161602.030695,1774873581633.000000
1774771403000.000000,1752161602.047331,1774890217024.000000
1774804724000.000000,1752161602.068869,1774911754757.000000
1774838048000.000000,1752161602.222267,1775065153912.000000
1774971332000.000000,1752161602.233833,1775076719854.000000
1775004653000.000000,1752161602.250928,1775093815463.000000
1775037976000.000000,1752161602.380115,1775223002375.000000
1775071296000.000000,1752161602.407973,1775250859805.000000
1775204581000.000000,1752161602.545404,1775388291784.000000
1775237904000.000000,1752161602.567653,1775410539565.000000
1775271224000.000000,1752161602.594064,1775436950342.000000
1775337866000.000000,1752161602.610354,1775453239959.000000
1775371189000.000000,1752161602.772216,1775615103031.000000
1775537796000.000000,1752161602.789224,1775632111289.000000
1775571118000.000000,1752161602.905052,1775747939445.000000
1775604439000.000000,1752161602.921802,1775764688150.000000
1775637761000.000000,1752161602.938047,1775780933546.000000
1775704403000.000000,1752161602.959535,1775802421852.000000
1775771046000.000000,1752161603.091962,1775934849622.000000
1775904333000.000000,1752161603.227734,1776070621377.000000
1775937653000.000000,1752161603.239533,1776082419649.000000
1775970974000.000000,1752161603.255914,1776098800136.000000
1776004296000.000000,1752161603.272169,1776115055550.000000
1776037617000.000000,1752161603.444247,1776287133688.000000
1776204224000.000000,1752161603.456427,1776299314161.000000
1776237546000.000000,1752161603.483514,1776326401172.000000
1776270867000.000000,1752161603.625451,1776468338681.000000
1776304189000.000000,1752161603.653098,1776495984446.000000
1776404154000.000000,1752161603.691275,1776534161458.000000
1776437475000.000000,1752161603.788777,1776631664516.000000
1776470796000.000000,1752161603.806064,1776648950531.000000
1776604081000.000000,1752161603.901546,1776744433035.000000
1776637403000.000000,1752161603.918149,1776761035538.000000
1776670725000.000000,1752161603.935171,1776778058000.000000
1776737366000.000000,1752161604.078538,1776921425606.000000
1776770689000.000000,1752161604.095504,1776938391124.000000
1776903974000.000000,1752161604.227945,1777070831708.000000
1776937295000.000000,1752161604.250569,1777093456393.000000
1776970617000.000000,1752161604.267232,1777110118062.000000
1777037260000.000000,1752161604.389989,1777232876834.000000
1777070582000.000000,1752161604.401915,1777244801494.000000
1777203866000.000000,1752161604.507571,1777350459398.000000
1777237188000.000000,1752161604.524475,1777367361824.000000
1777270509000.000000,1752161604.541453,1777384340805.000000
1777370476000.000000,1752161604.681755,1777524642571.000000
1777403796000.000000,1752161604.698509,1777541395980.000000
1777503759000.000000,1752161604.839537,1777682424146.000000
1777537080000.000000,1752161604.861109,1777703995730.000000
1777570402000.000000,1752161604.877443,1777720328662.000000
1777637045000.000000,1752161604.894099,1777736986312.000000
1777703687000.000000,1752161605.032649,1777875536225.000000
1777836973000.000000,1752161605.048898,1777891784676.000000
1777870296000.000000,1752161605.185292,1778028179777.000000
1777903618000.000000,1752161605.202184,1778045070851.000000
1777936938000.000000,1752161605.234446,1778077332311.000000
1777970259000.000000,1752161605.250676,1778093562503.000000
1778003580000.000000,1752161605.453151,1778296038916.000000
1778170186000.000000,1752161605.469840,1778312726899.000000
1778203508000.000000,1752161605.497223,1778340109111.000000
1778236829000.000000,1752161605.622043,1778464930919.000000
1778270151000.000000,1752161605.638873,1778481759568.000000
1778436757000.000000,1752161605.750488,1778593375153.000000
1778470081000.000000,1752161605.772849,1778615735877.000000
1778503401000.000000,1752161605.794959,1778637847030.000000
1778570044000.000000,1752161605.984075,1778826961741.000000
1778603367000.000000,1752161606.006105,1778848992005.000000
1778703330000.000000,1752161606.033179,1778876065479.000000
1778736651000.000000,1752161606.147227,1778990113837.000000
1778769974000.000000,1752161606.169587,1779012474376.000000
1778936580000.000000,1752161606.192264,1779035150949.000000
1779003223000.000000,1752161606.303195,1779146081912.000000
1779036544000.000000,1752161606.330911,1779173797879.000000
1779103186000.000000,1752161606.342554,1779185439765.000000
1779136509000.000000,1752161606.449007,1779291894938.000000
1779169830000.000000,1752161606.465962,1779308848901.000000
1779269793000.000000,1752161606.566360,1779409246949.000000
1779303116000.000000,1752161606.594094,1779436980342.000000
1779336438000.000000,1752161606.610438,1779453324237.000000
1779403079000.000000,1752161606.752107,1779594995063.000000
1779436402000.000000,1752161606.773918,1779616804885.000000
1779536365000.000000,1752161606.801023,1779643909693.000000
1779569687000.000000,1752161606.937378,1779780265053.000000
1779603008000.000000,1752161606.953897,1779796784168.000000
1779702972000.000000,1752161606.975834,1779818720156.000000
1779736295000.000000,1752161606.997386,1779840272721.000000
1779769616000.000000,1752161607.154803,1779997690763.000000
1779936221000.000000,1752161607.166232,1780009118521.000000
1779969544000.000000,1752161607.315445,1780158332291.000000
1780002866000.000000,1752161607.331424,1780174310504.000000
1780036186000.000000,1752161607.347835,1780190722139.000000
1780102828000.000000,1752161607.364604,1780207490826.000000
1780169472000.000000,1752161607.479769,1780322655765.000000
1780269435000.000000,1752161607.501679,1780344565827.000000
1780302757000.000000,1752161607.671050,1780513937492.000000
1780336080000.000000,1752161607.693308,1780536195143.000000
1780369400000.000000,1752161607.709635,1780552521760.000000
1780469364000.000000,1752161607.731116,1780574002455.000000
1780502687000.000000,1752161607.852834,1780695720997.000000
1780635971000.000000,1752161607.874485,1780717371913.000000
1780669293000.000000,1752161607.986238,1780829125646.000000
1780702615000.000000,1752161608.002810,1780845696871.000000
1780735937000.000000,1752161608.019846,1780862732796.000000
1780835901000.000000,1752161608.172896,1781015783455.000000
1780869223000.000000,1752161608.194596,1781037483241.000000
1780935863000.000000,1752161608.211324,1781054210354.000000
1780969186000.000000,1752161608.232449,1781075335239.000000
1781002506000.000000,1752161608.427744,1781270631204.000000
1781169113000.000000,1752161608.444229,1781287115893.000000
1781202436000.000000,1752161608.583791,1781426678629.000000
1781235758000.000000,1752161608.600446,1781443333576.000000
1781269079000.000000,1752161608.627125,1781470010702.000000
1781369043000.000000,1752161608.643936,1781486821963.000000
1781402364000.000000,1752161608.828383,1781671270812.000000
1781568970000.000000,1752161608.844929,1781687816742.000000
1781602293000.000000,1752161608.861692,1781704579132.000000
1781635613000.000000,1752161608.997690,1781840577404.000000
1781668936000.000000,1752161609.009498,1781852384084.000000
1781768899000.000000,1752161609.026472,1781869359453.000000
1781802222000.000000,1752161609.131131,1781974018941.000000
1781835543000.000000,1752161609.153265,1781996152463.000000
1781935506000.000000,1752161609.294520,1782137407664.000000
1781968828000.000000,1752161609.310906,1782153793170.000000
1782035471000.000000,1752161609.343163,1782186050093.000000
1782135434000.000000,1752161609.468322,1782311209619.000000
1782168757000.000000,1752161609.484893,1782327779382.000000
1782268720000.000000,1752161609.501479,1782344365089.000000
1782302043000.000000,1752161609.613204,1782456092210.000000
1782335365000.000000,1752161609.630865,1782473752369.000000
1782435329000.000000,1752161609.735981,1782578868760.000000
1782468652000.000000,1752161609.758069,1782600955357.000000
1782501971000.000000,1752161609.774089,1782616975588.000000
1782568613000.000000,1752161609.902452,1782745339546.000000
1782601936000.000000,1752161609.919205,1782762091844.000000
1782701898000.000000,1752161609.935782,1782778668458.000000
1782735221000.000000,1752161610.062969,1782905856446.000000
1782768543000.000000,1752161610.079381,1782922268821.000000
1782868506000.000000,1752161610.095953,1782938839584.000000
1782901828000.000000,1752161610.230285,1783073172372.000000
1782935150000.000000,1752161610.246709,1783089596080.000000
1783035113000.000000,1752161610.263457,1783106344156.000000
1783068434000.000000,1752161610.409520,1783252407050.000000
1783101758000.000000,1752161610.431298,1783274184706.000000
1783201720000.000000,1752161610.453021,1783295908214.000000
1783235041000.000000,1752161610.572016,1783414902727.000000
1783268364000.000000,1752161610.588898,1783431785172.000000
1783368327000.000000,1752161610.610919,1783453806566.000000
1783401649000.000000,1752161610.769183,1783612070229.000000
1783434971000.000000,1752161610.785847,1783628733898.000000
1783534934000.000000,1752161610.802567,1783645454289.000000
1783568256000.000000,1752161610.824051,1783666937448.000000
1783601578000.000000,1752161610.981897,1783824784226.000000
1783768184000.000000,1752161610.998748,1783841634468.000000
1783801506000.000000,1752161611.139366,1783982253304.000000
1783834828000.000000,1752161611.171350,1784014237860.000000
1783868149000.000000,1752161611.203314,1784046200434.000000
1784001434000.000000,1752161611.346346,1784189233951.000000
1784034756000.000000,1752161611.363286,1784206173173.000000
1784134719000.000000,1752161611.395222,1784238108839.000000
1784168041000.000000,1752161611.554680,1784397567806.000000
1784201363000.000000,1752161611.576410,1784419296388.000000
1784301326000.000000,1752161611.597961,1784440847750.000000
1784334648000.000000,1752161611.614426,1784457312328.000000
1784367970000.000000,1752161611.779309,1784622196259.000000
1784534577000.000000,1752161611.795860,1784638747337.000000
1784567897000.000000,1752161611.940183,1784783070452.000000
1784601218000.000000,1752161611.962581,1784805468065.000000
1784634540000.000000,1752161611.979131,1784822018272.000000
1784767825000.000000,1752161612.076589,1784919477386.000000
1784801147000.000000,1752161612.088205,1784931091327.000000
1784901111000.000000,1752161612.229935,1785072822598.000000
1784934433000.000000,1752161612.257152,1785100038959.000000
1784967755000.000000,1752161612.279063,1785121949743.000000
1785001076000.000000,1752161612.300553,1785143439569.000000
1785067720000.000000,1752161612.432252,1785275140197.000000
1785234325000.000000,1752161612.448756,1785291642368.000000
1785267647000.000000,1752161612.614311,1785457198811.000000
1785300969000.000000,1752161612.635965,1785478851486.000000
1785334291000.000000,1752161612.663458,1785506344271.000000
1785400933000.000000,1752161612.679819,1785522705554.000000
1785467576000.000000,1752161612.817378,1785660265792.000000
1785600860000.000000,1752161612.844672,1785687559116.000000
1785634183000.000000,1752161612.962320,1785805207290.000000
1785667504000.000000,1752161612.983881,1785826767503.000000
1785700827000.000000,1752161613.000113,1785842999362.000000
1785767469000.000000,1752161613.016413,1785859299775.000000
1785834111000.000000,1752161613.204572,1786047460292.000000
1785934075000.000000,1752161613.221308,1786064194775.000000
1785967397000.000000,1752161613.243441,1786086327243.000000
1786000719000.000000,1752161613.383723,1786226611268.000000
1786034040000.000000,1752161613.410920,1786253807130.000000
1786167324000.000000,1752161613.427363,1786270249894.000000
1786200646000.000000,1752161613.579062,1786421949195.000000
1786233969000.000000,1752161613.601083,1786443969664.000000
1786333932000.000000,1752161613.617436,1786460322651.000000
1786367254000.000000,1752161613.633765,1786476651268.000000
1786400575000.000000,1752161613.759117,1786602003940.000000
1786567183000.000000,1752161613.907756,1786750642976.000000
1786600504000.000000,1752161613.924266,1786767152554.000000
1786633825000.000000,1752161613.940965,1786783851167.000000
1786667149000.000000,1752161613.957591,1786800476763.000000
1786733788000.000000,1752161614.161347,1787004233551.000000
1786867074000.000000,1752161614.183399,1787026285371.000000
1786900396000.000000,1752161614.205381,1787048268229.000000
1786933717000.000000,1752161614.310859,1787153748245.000000
1786967039000.000000,1752161614.327785,1787170671856.000000
1787133646000.000000,1752161614.455066,1787297953362.000000
1787166967000.000000,1752161614.477102,1787319988774.000000
1787200291000.000000,1752161614.498794,1787341680153.000000
1787266931000.000000,1752161614.650082,1787492971422.000000
1787333574000.000000,1752161614.688674,1787531562838.000000
1787433538000.000000,1752161614.705806,1787548693577.000000
1787466860000.000000,1752161614.866237,1787709123774.000000
1787500182000.000000,1752161614.883244,1787726131069.000000
1787633467000.000000,1752161614.899848,1787742734091.000000
1787666789000.000000,1752161615.098198,1787941085581.000000
1787700109000.000000,1752161615.114965,1787957852601.000000
1787833396000.000000,1752161615.146791,1787989676862.000000
1787866718000.000000,1752161615.168479,1788011366074.000000
1787900039000.000000,1752161615.326072,1788168958818.000000
1788133287000.000000,1752161615.342840,1788185728541.000000
1788166611000.000000,1752161615.473301,1788316188330.000000
1788199933000.000000,1752161615.490000,1788332887369.000000
1788233253000.000000,1752161615.582205,1788425092480.000000
1788266574000.000000,1752161615.599042,1788441928906.000000
1788299896000.000000,1752161615.615897,1788458784203.000000
1788399860000.000000,1752161615.782058,1788624945122.000000
1788433182000.000000,1752161615.793946,1788636832375.000000
1788566468000.000000,1752161615.821231,1788664117088.000000
1788599789000.000000,1752161615.948301,1788791187614.000000
1788633110000.000000,1752161615.965749,1788808635479.000000
1788733074000.000000,1752161615.982157,1788825043484.000000
1788766396000.000000,1752161616.152283,1788995170215.000000
1788799717000.000000,1752161616.168935,1789011821440.000000
1788899681000.000000,1752161616.185244,1789028129965.000000
1788933003000.000000,1752161616.201572,1789044457730.000000
1788966325000.000000,1752161616.370471,1789213357973.000000
1789132930000.000000,1752161616.387316,1789230203307.000000
1789166253000.000000,1752161616.517049,1789359936455.000000
1789199574000.000000,1752161616.533575,1789376461033.000000
1789232896000.000000,1752161616.561508,1789404394850.000000
1789332859000.000000,1752161616.700780,1789543667201.000000
1789366182000.000000,1752161616.717230,1789560116631.000000
1789499465000.000000,1752161616.734034,1789576920484.000000
1789532788000.000000,1752161616.863703,1789706590632.000000
1789566111000.000000,1752161616.880213,1789723099637.000000
1789699395000.000000,1752161616.981758,1789824646469.000000
1789732717000.000000,1752161617.003663,1789846550291.000000
1789766038000.000000,1752161617.131427,1789974314384.000000
1789799360000.000000,1752161617.147986,1789990873776.000000
1789832681000.000000,1752161617.164939,1790007826165.000000
1789932645000.000000,1752161617.181756,1790024642332.000000
1789965967000.000000,1752161617.339240,1790182126892.000000
1790099251000.000000,1752161617.371480,1790214367537.000000
1790132573000.000000,1752161617.509290,1790352177587.000000
1790165895000.000000,1752161617.531092,1790373978761.000000
1790199216000.000000,1752161617.552838,1790395725084.000000
1790299179000.000000,1752161617.579680,1790422566209.000000
1790332502000.000000,1752161617.742985,1790585872396.000000
1790499108000.000000,1752161617.770117,1790613003925.000000
1790532429000.000000,1752161617.905581,1790748468590.000000
1790565751000.000000,1752161617.922022,1790764907780.000000
1790599073000.000000,1752161617.938371,1790781257712.000000
1790732358000.000000,1752161618.050670,1790893558606.000000
1790765680000.000000,1752161618.067745,1790910631697.000000
1790865644000.000000,1752161618.220897,1791063784632.000000
1790898969000.000000,1752161618.237642,1791080528875.000000
1790932288000.000000,1752161618.254043,1791096929621.000000
1790998929000.000000,1752161618.270972,1791113858009.000000
1791065574000.000000,1752161618.463125,1791306012746.000000
1791232179000.000000,1752161618.474891,1791317778778.000000
1791265501000.000000,1752161618.579383,1791422270749.000000
1791298821000.000000,1752161618.595986,1791438872548.000000
1791332145000.000000,1752161618.612215,1791455101981.000000
1791398787000.000000,1752161618.770373,1791613260552.000000
1791432109000.000000,1752161618.782165,1791625052084.000000
1791532072000.000000,1752161618.793834,1791636720136.000000
1791565394000.000000,1752161618.810913,1791653798875.000000
1791598715000.000000,1752161618.963850,1791806737924.000000
1791732000000.000000,1752161618.980524,1791823410519.000000
1791765322000.000000,1752161619.008536,1791851423465.000000
1791798643000.000000,1752161619.132173,1791975060451.000000
1791831965000.000000,1752161619.164602,1792007488039.000000
1791965251000.000000,1752161619.313311,1792156198648.000000
1791998572000.000000,1752161619.340292,1792183179197.000000
1792031893000.000000,1752161619.362848,1792205734660.000000
1792098535000.000000,1752161619.379297,1792222183535.000000
1792165179000.000000,1752161619.601011,1792443898665.000000
1792298463000.000000,1752161619.623825,1792466711626.000000
1792331785000.000000,1752161619.640100,1792482986521.000000
1792365107000.000000,1752161619.656425,1792499311657.000000
1792431750000.000000,1752161619.790862,1792633750591.000000
1792598357000.000000,1752161619.920102,1792762990226.000000
1792631679000.000000,1752161619.932064,1792774950552.000000
1792665000000.000000,1752161619.948514,1792791400261.000000
1792698321000.000000,1752161620.083362,1792926249339.000000
1792731642000.000000,1752161620.095015,1792937901317.000000
1792864928000.000000,1752161620.111402,1792954288711.000000
1792898250000.000000,1752161620.235364,1793078251490.000000
1792931571000.000000,1752161620.252030,1793094917863.000000
1793031534000.000000,1752161620.268769,1793111655439.000000
1793064857000.000000,1752161620.411155,1793254042406.000000
1793098179000.000000,1752161620.433110,1793275997116.000000
1793231463000.000000,1752161620.546334,1793389221612.000000
1793264785000.000000,1752161620.563092,1793405979558.000000
1793298107000.000000,1752161620.579906,1793422792114.000000
1793364748000.000000,1752161620.735533,1793578419729.000000
1793431394000.000000,1752161620.752380,1793595266082.000000
1793498035000.000000,1752161620.779157,1793622044596.000000
1793564677000.000000,1752161620.930166,1793773053645.000000
1793598000000.000000,1752161620.946552,1793789439187.000000
1793697964000.000000,1752161620.963319,1793806206781.000000
1793764606000.000000,1752161621.086898,1793929785768.000000
1793797929000.000000,1752161621.113761,1793956647577.000000
1793897892000.000000,1752161621.248447,1794091334176.000000
1793931215000.000000,1752161621.270114,1794113000518.000000
1793964536000.000000,1752161621.318059,1794160946231.000000
1794031178000.000000,1752161621.334323,1794177209052.000000
1794097822000.000000,1752161621.461390,1794304277319.000000
1794264428000.000000,1752161621.659208,1794502095148.000000
1794297750000.000000,1752161621.675704,1794518591300.000000
1794331071000.000000,1752161621.682308,1794525194902.000000
1794364392000.000000,1752161621.693915,1794536801232.000000
1794497676000.000000,1752161621.866982,1794709868916.000000
1794630961000.000000,1752161621.884049,1794726935674.000000
1794664284000.000000,1752161622.007934,1794850822064.000000
1794697606000.000000,1752161622.035705,1794878591976.000000
1794730927000.000000,1752161622.063282,1794906168371.000000
1794830891000.000000,1752161622.169714,1795012600897.000000
1794864214000.000000,1752161622.186305,1795029191696.000000
1794997499000.000000,1752161622.329902,1795172790022.000000
1795030821000.000000,1752161622.346729,1795189616745.000000
1795064145000.000000,1752161622.373995,1795216881662.000000
1795130784000.000000,1752161622.390037,1795232924096.000000
1795164106000.000000,1752161622.547445,1795390332323.000000
1795297392000.000000,1752161622.558925,1795401811136.000000
1795330713000.000000,1752161622.575143,1795418029662.000000
1795364035000.000000,1752161622.713894,1795556781424.000000
1795397357000.000000,1752161622.735869,1795578755912.000000
1795497320000.000000,1752161622.752308,1795595195120.000000
1795530642000.000000,1752161622.903134,1795746020856.000000
1795563964000.000000,1752161622.925177,1795768064584.000000
1795663928000.000000,1752161622.946977,1795789862832.000000
1795697248000.000000,1752161622.963338,1795806223745.000000
1795730569000.000000,1752161623.114807,1795957694697.000000
1795897177000.000000,1752161623.136692,1795979578481.000000
1795930498000.000000,1752161623.265861,1796108748042.000000
1795963821000.000000,1752161623.288654,1796131540410.000000
1795997142000.000000,1752161623.304912,1796147798657.000000
1796063784000.000000,1752161623.326595,1796169480555.000000
1796097105000.000000,1752161623.472659,1796315546875.000000
1796263711000.000000,1752161623.484370,1796327257426.000000
1796297034000.000000,1752161623.628888,1796471775466.000000
1796330356000.000000,1752161623.645478,1796488366413.000000
1796363677000.000000,1752161623.673056,1796515942771.000000
1796430319000.000000,1752161623.689346,1796532232518.000000
1796463641000.000000,1752161623.898278,1796741165367.000000
1796596926000.000000,1752161623.925307,1796768193434.000000
1796630249000.000000,1752161623.947382,1796790268458.000000
1796696890000.000000,1752161624.079585,1796922472229.000000
1796730212000.000000,1752161624.096319,1796939206361.000000
1796863497000.000000,1752161624.113142,1796956029676.000000
1796896819000.000000,1752161624.263236,1797106124346.000000
1796930142000.000000,1752161624.296421,1797139308019.000000
1797063426000.000000,1752161624.313215,1797156102483.000000
1797096748000.000000,1752161624.468700,1797311587544.000000
1797130070000.000000,1752161624.490472,1797333358478.000000
1797263354000.000000,1752161624.507548,1797350434883.000000
1797296677000.000000,1752161624.610035,1797452922985.000000
1797329998000.000000,1752161624.632078,1797474964471.000000
1797429961000.000000,1752161624.742968,1797585855731.000000
1797463284000.000000,1752161624.760483,1797603369336.000000
1797496605000.000000,1752161624.782638,1797625525099.000000
1797563247000.000000,1752161624.950061,1797792948876.000000
1797596570000.000000,1752161624.966449,1797809335177.000000
1797696532000.000000,1752161624.994269,1797837155626.000000
1797729855000.000000,1752161625.122284,1797965171587.000000
1797796497000.000000,1752161625.144778,1797987665402.000000
1797929782000.000000,1752161625.273069,1798115956971.000000
1797963105000.000000,1752161625.289550,1798132436772.000000
1797996426000.000000,1752161625.305945,1798148832240.000000
1798063068000.000000,1752161625.322299,1798165185023.000000
1798129711000.000000,1752161625.407803,1798250690274.000000
1798262997000.000000,1752161625.560064,1798402951237.000000
1798296319000.000000,1752161625.571598,1798414485030.000000
1798329640000.000000,1752161625.722347,1798565234212.000000
1798362962000.000000,1752161625.738748,1798581635124.000000
1798396282000.000000,1752161625.755122,1798598008685.000000
1798496246000.000000,1752161625.771658,1798614543819.000000
1798562889000.000000,1752161625.946419,1798789306579.000000
1798696175000.000000,1752161625.963125,1798806012025.000000
1798729497000.000000,1752161625.979460,1798822346901.000000
1798762826000.000000,1752161626.087015,1798929902860.000000
1798796141000.000000,1752161626.099186,1798942072833.000000
1798896103000.000000,1752161626.233548,1799076435176.000000
1798929426000.000000,1752161626.260322,1799103208671.000000
1798962747000.000000,1752161626.277180,1799120067135.000000
1799029389000.000000,1752161626.299596,1799142482840.000000
1799096032000.000000,1752161626.409642,1799252529478.000000
1799229317000.000000,1752161626.520433,1799363320035.000000
1799262639000.000000,1752161626.542055,1799384942785.000000
1799295961000.000000,1752161626.559330,1799402216744.000000
1799329282000.000000,1752161626.661178,1799504066630.000000
1799362603000.000000,1752161626.688608,1799531495711.000000
1799495889000.000000,1752161626.799229,1799642115899.000000
1799529211000.000000,1752161626.821188,1799664075146.000000
1799562532000.000000,1752161626.848361,1799691248137.000000
1799595853000.000000,1752161626.967764,1799810651443.000000
1799662496000.000000,1752161626.994863,1799837750102.000000
1799762459000.000000,1752161627.011437,1799854324605.000000
1799795782000.000000,1752161627.162605,1800005492282.000000
1799829104000.000000,1752161627.184219,1800027106162.000000
1799929067000.000000,1752161627.205867,1800048753875.000000
1799962389000.000000,1752161627.361770,1800204657524.000000
1799995710000.000000,1752161627.378761,1800221648116.000000
1800128996000.000000,1752161627.396047,1800238933927.000000
1800162317000.000000,1752161627.514377,1800357263835.000000
1800195639000.000000,1752161627.536103,1800378990047.000000
1800328923000.000000,1752161627.658229,1800501116270.000000
1800362246000.000000,1752161627.690847,1800533734263.000000
1800395568000.000000,1752161627.707370,1800550256860.000000
1800495536000.000000,1752161627.814962,1800657849596.000000
1800528854000.000000,1752161627.826427,1800669313261.000000
1800628816000.000000,1752161627.965701,1800808587833.000000
1800662139000.000000,1752161627.977417,1800820304199.000000
1800695460000.000000,1752161627.994217,1800837104534.000000
1800762103000.000000,1752161628.010820,1800853706370.000000
1800795424000.000000,1752161628.138028,1800980915451.000000
1800928710000.000000,1752161628.165179,1801008066220.000000
1800962032000.000000,1752161628.314884,1801157771449.000000
1800995353000.000000,1752161628.336917,1801179804195.000000
1801028673000.000000,1752161628.363865,1801206750837.000000
1801128637000.000000,1752161628.477539,1801320426124.000000
1801161960000.000000,1752161628.499770,1801342656498.000000
1801295244000.000000,1752161628.659075,1801501961725.000000
1801328566000.000000,1752161628.675551,1801518438507.000000
1801361889000.000000,1752161628.692345,1801535231786.000000
1801428530000.000000,1752161628.708661,1801551546866.000000
1801495172000.000000,1752161628.823836,1801666722768.000000
1801628458000.000000,1752161628.845813,1801688700107.000000
1801661781000.000000,1752161628.976479,1801819366339.000000
1801695103000.000000,1752161628.993095,1801835981879.000000
1801728424000.000000,1752161629.009467,1801852353069.000000
1801761746000.000000,1752161629.107213,1801950100625.000000
1801795065000.000000,1752161629.129707,1801972594199.000000
1801928353000.000000,1752161629.256817,1802099704540.000000
1801961675000.000000,1752161629.278335,1802121221698.000000
1801994995000.000000,1752161629.300380,1802143266222.000000
1802061636000.000000,1752161629.316766,1802159651560.000000
1802094959000.000000,1752161629.447647,1802290534178.000000
1802228248000.000000,1752161629.464455,1802307341642.000000
1802261566000.000000,1752161629.606771,1802449658148.000000
1802294888000.000000,1752161629.638835,1802481723480.000000
1802328209000.000000,1752161629.650555,1802493441883.000000
1802428172000.000000,1752161629.764889,1802607775645.000000
1802461495000.000000,1752161629.787016,1802629903502.000000
1802561458000.000000,1752161629.808568,1802651454882.000000
1802594781000.000000,1752161629.937272,1802780159503.000000
1802628102000.000000,1752161629.948683,1802791570298.000000
1802728065000.000000,1752161629.970464,1802813350417.000000
1802761387000.000000,1752161630.135696,1802978584029.000000
1802794709000.000000,1752161630.157924,1803000810848.000000
1802894672000.000000,1752161630.175355,1803018241972.000000
1802927996000.000000,1752161630.289869,1803132756307.000000
1802961315000.000000,1752161630.306513,1803149399902.000000
1803094602000.000000,1752161630.328679,1803171565591.000000
1803127924000.000000,1752161630.445899,1803288786307.000000
1803161245000.000000,1752161630.468398,1803311284826.000000
1803261208000.000000,1752161630.597813,1803440700403.000000
1803294532000.000000,1752161630.615005,1803457892474.000000
1803327851000.000000,1752161630.621582,1803464468613.000000
1803427814000.000000,1752161630.778934,1803621822007.000000
1803461135000.000000,1752161630.795513,1803638399048.000000
1803561100000.000000,1752161630.817338,1803660224814.000000
1803594422000.000000,1752161630.934175,1803777062126.000000
1803627744000.000000,1752161630.956331,1803799218834.000000
1803761029000.000000,1752161631.134644,1803977531040.000000
1803794351000.000000,1752161631.151538,1803994425300.000000
1803827673000.000000,1752161631.179801,1804022687984.000000
1803960957000.000000,1752161631.334943,1804177830770.000000
1803994278000.000000,1752161631.352060,1804194946176.000000
1804094243000.000000,1752161631.368608,1804211494513.000000
1804127565000.000000,1752161631.385063,1804227949721.000000
1804160885000.000000,1752161631.526006,1804368892962.000000
1804294171000.000000,1752161631.547885,1804390772413.000000
1804327493000.000000,1752161631.644168,1804487055928.000000
1804360814000.000000,1752161631.666283,1804509169710.000000
1804394137000.000000,1752161631.689147,1804532033466.000000
1804460779000.000000,1752161631.866973,1804709860029.000000
1804494102000.000000,1752161631.883462,1804726348626.000000
1804594063000.000000,1752161631.905285,1804748171818.000000
1804627386000.000000,1752161631.921606,1804764493083.000000
1804660706000.000000,1752161632.108192,1804951078856.000000
1804827314000.000000,1752161632.125168,1804968054541.000000
1804860636000.000000,1752161632.146989,1804989875178.000000
1804893958000.000000,1752161632.262537,1805105423984.000000
1804927279000.000000,1752161632.274127,1805117014259.000000
1805060563000.000000,1752161632.296493,1805139379779.000000
1805093885000.000000,1752161632.386208,1805229095210.000000
1805127207000.000000,1752161632.407762,1805250649738.000000
1805227171000.000000,1752161632.518616,1805361503424.000000
1805260492000.000000,1752161632.535446,1805378333962.000000
1805293814000.000000,1752161632.552291,1805395177963.000000
1805360456000.000000,1752161632.663471,1805506358423.000000
1805393778000.000000,1752161632.680216,1805523102388.000000
1805493743000.000000,1752161632.807506,1805650393485.000000
1805527064000.000000,1752161632.823953,1805666839731.000000
1805560386000.000000,1752161632.840463,1805683350735.000000
1805593707000.000000,1752161632.857233,1805700119366.000000
1805660350000.000000,1752161633.041091,1805883979277.000000
1805793635000.000000,1752161633.052716,1805895602792.000000
1805826957000.000000,1752161633.069440,1805912327220.000000
1805860279000.000000,1752161633.193022,1806035909280.000000
1805893600000.000000,1752161633.209859,1806052745688.000000
1805993564000.000000,1752161633.231621,1806074507770.000000
1806026886000.000000,1752161633.360613,1806203500573.000000
1806060207000.000000,1752161633.377288,1806220174261.000000
1806160170000.000000,1752161633.393528,1806236414842.000000
1806193493000.000000,1752161633.526997,1806369884120.000000
1806226815000.000000,1752161633.543537,1806386423327.000000
1806326778000.000000,1752161633.565228,1806408114873.000000
1806360100000.000000,1752161633.683093,1806525980545.000000
1806393422000.000000,1752161633.699696,1806542582492.000000
1806493386000.000000,1752161633.853350,1806696237941.000000
1806526708000.000000,1752161633.875798,1806718684683.000000
1806560029000.000000,1752161633.898709,1806741595976.000000
1806626670000.000000,1752161633.915019,1806757904241.000000
1806693313000.000000,1752161634.072538,1806915425671.000000
1806826598000.000000,1752161634.095230,1806938116744.000000
1806859921000.000000,1752161634.122466,1806965352642.000000
1806893242000.000000,1752161634.245103,1807087990026.000000
1806926564000.000000,1752161634.261670,1807104556048.000000
1807026527000.000000,1752161634.273310,1807116197397.000000
1807059849000.000000,1752161634.367919,1807210806965.000000
1807093171000.000000,1752161634.384618,1807227505800.000000
1807193133000.000000,1752161634.495791,1807338678057.000000
1807226457000.000000,1752161634.518217,1807361104040.000000
1807259777000.000000,1752161634.545272,1807388159977.000000
1807326420000.000000,1752161634.653344,1807496230986.000000
1807359742000.000000,1752161634.675299,1807518187233.000000
1807493026000.000000,1752161634.813034,1807655921135.000000
1807526348000.000000,1752161634.819796,1807662682791.000000
1807559670000.000000,1752161634.836208,1807679095499.000000
1807626312000.000000,1752161634.965809,1807808696037.000000
1807659635000.000000,1752161634.982706,1807825592982.000000
1807759600000.000000,1752161635.004620,1807847506211.000000
1807792921000.000000,1752161635.146998,1807989885012.000000
1807826244000.000000,1752161635.184632,1808027519511.000000
1807926207000.000000,1752161635.206277,1808049163631.000000
1807959527000.000000,1752161635.310446,1808153333050.000000
1807992849000.000000,1752161635.327328,1808170214772.000000
1808126133000.000000,1752161635.467595,1808310482761.000000
1808159456000.000000,1752161635.484226,1808327113449.000000
1808192778000.000000,1752161635.501060,1808343946764.000000
1808292740000.000000,1752161635.628381,1808471267788.000000
1808326063000.000000,1752161635.640239,1808483125893.000000
1808426026000.000000,1752161635.652151,1808495037480.000000
1808459349000.000000,1752161635.829238,1808672125402.000000
1808492670000.000000,1752161635.851518,1808694405219.000000
1808625955000.000000,1752161635.867863,1808710749262.000000
1808659277000.000000,1752161636.012147,1808855034377.000000
1808692598000.000000,1752161636.039595,1808882481533.000000
1808792562000.000000,1752161636.056487,1808899373292.000000
1808825885000.000000,1752161636.216253,1809059140718.000000
1808859205000.000000,1752161636.232994,1809075879757.000000
1808992489000.000000,1752161636.249489,1809092375965.000000
1809025812000.000000,1752161636.385560,1809228447791.000000
1809059134000.000000,1752161636.402329,1809245216793.000000
1809192418000.000000,1752161636.429516,1809272402025.000000
1809225740000.000000,1752161636.542931,1809385818445.000000
1809259062000.000000,1752161636.549391,1809392277048.000000
1809392349000.000000,1752161636.713558,1809556446041.000000
1809425669000.000000,1752161636.730163,1809573049322.000000
1809458991000.000000,1752161636.865022,1809707909216.000000
1809492311000.000000,1752161636.881735,1809724621218.000000
1809525633000.000000,1752161636.898422,1809741308850.000000
1809658918000.000000,1752161636.914620,1809757506172.000000
1809692240000.000000,1752161637.039890,1809882776808.000000
1809825524000.000000,1752161637.072934,1809915821464.000000
1809858847000.000000,1752161637.172765,1810015652221.000000
1809892169000.000000,1752161637.184695,1810027581085.000000
1809925491000.000000,1752161637.196406,1810039292562.000000
1809992131000.000000,1752161637.344067,1810186954348.000000
1810025454000.000000,1752161637.365876,1810208762782.000000
1810125418000.000000,1752161637.403321,1810246207765.000000
1810158739000.000000,1752161637.544718,1810387605409.000000
1810192061000.000000,1752161637.588159,1810431045777.000000
1810325345000.000000,1752161637.604312,1810447198340.000000
1810358667000.000000,1752161637.784460,1810627347417.000000
1810391990000.000000,1752161637.811161,1810654048562.000000
1810525274000.000000,1752161637.832665,1810675551665.000000
1810558596000.000000,1752161637.849267,1810692153890.000000
1810625238000.000000,1752161637.992067,1810834954594.000000
1810791846000.000000,1752161638.008678,1810851565042.000000
1810825168000.000000,1752161638.139128,1810982016256.000000
1810858490000.000000,1752161638.171495,1811014383123.000000
1810891811000.000000,1752161638.198258,1811041144544.000000
1810958454000.000000,1752161638.293355,1811136241607.000000
1810991776000.000000,1752161638.309943,1811152830166.000000
1811125060000.000000,1752161638.430565,1811273452385.000000
1811158383000.000000,1752161638.446962,1811289848779.000000
1811191704000.000000,1752161638.469447,1811312332743.000000
1811225025000.000000,1752161638.480759,1811323645391.000000
1811258346000.000000,1752161638.669978,1811512865804.000000
1811391631000.000000,1752161638.686748,1811529634899.000000
1811424954000.000000,1752161638.708680,1811551566331.000000
1811458275000.000000,1752161638.725024,1811567910225.000000
1811491597000.000000,1752161638.882787,1811725675115.000000
1811658202000.000000,1752161638.899598,1811742484524.000000
1811691524000.000000,1752161639.028658,1811871545178.000000
1811724846000.000000,1752161639.050672,1811893558721.000000
1811758168000.000000,1752161639.067234,1811910120983.000000
1811858132000.000000,1752161639.171548,1812014435271.000000
1811891454000.000000,1752161639.187921,1812030807387.000000
1812024738000.000000,1752161639.334055,1812176942021.000000
1812058061000.000000,1752161639.376578,1812219464732.000000
1812091382000.000000,1752161639.393488,1812236374640.000000
1812191345000.000000,1752161639.522455,1812365342110.000000
1812224668000.000000,1752161639.538975,1812381862355.000000
1812324631000.000000,1752161639.561471,1812404357725.000000
1812357954000.000000,1752161639.743773,1812586660022.000000
1812391274000.000000,1752161639.760293,1812603179193.000000
1812491239000.000000,1752161639.781899,1812624785961.000000
1812524560000.000000,1752161639.808029,1812650914667.000000
1812557881000.000000,1752161640.022711,1812865600256.000000
1812724487000.000000,1752161640.035508,1812878396278.000000
1812757808000.000000,1752161640.052990,1812895876272.000000
1812791131000.000000,1752161640.143459,1812986346659.000000
1812824452000.000000,1752161640.160136,1813003022772.000000
1812957737000.000000,1752161640.282096,1813124984311.000000
1812991060000.000000,1752161640.308911,1813151797658.000000
1813024382000.000000,1752161640.325745,1813168632029.000000
1813124345000.000000,1752161640.497472,1813340358856.000000
1813157670000.000000,1752161640.514150,1813357036933.000000
1813257631000.000000,1752161640.530975,1813373861600.000000
1813324274000.000000,1752161640.708617,1813551504276.000000
1813357596000.000000,1752161640.726580,1813569467229.000000
1813457558000.000000,1752161640.743286,1813586171990.000000
1813490881000.000000,1752161640.872063,1813714951147.000000
1813524202000.000000,1752161640.889063,1813731950128.000000
1813657486000.000000,1752161640.921222,1813764109015.000000
1813690808000.000000,1752161641.067159,1813910046559.000000
1813724131000.000000,1752161641.083579,1813926465397.000000
1813857414000.000000,1752161641.115836,1813958723246.000000
1813890737000.000000,1752161641.281438,1814124325911.000000
1813924059000.000000,1752161641.308197,1814151083517.000000
1814024023000.000000,1752161641.324688,1814167574503.000000
1814057344000.000000,1752161641.341170,1814184055878.000000
1814090665000.000000,1752161641.485817,1814328705342.000000
1814257272000.000000,1752161641.503027,1814345914283.000000
1814290593000.000000,1752161641.592127,1814435014257.000000
1814323915000.000000,1752161641.608700,1814451586779.000000
1814357237000.000000,1752161641.625446,1814468332892.000000
1814423879000.000000,1752161641.774281,1814617168111.000000
1814457202000.000000,1752161641.791124,1814634010704.000000
1814557164000.000000,1752161641.807552,1814650439190.000000
1814590486000.000000,1752161641.947189,1814790076370.000000
1814623808000.000000,1752161641.979770,1814822657216.000000
1814723772000.000000,1752161642.011301,1814854187461.000000
1814757093000.000000,1752161642.184746,1815027633345.000000
1814790416000.000000,1752161642.201832,1815044719102.000000
1814957022000.000000,1752161642.213467,1815056353673.000000
1814990343000.000000,1752161642.342937,1815185824009.000000
1815023665000.000000,1752161642.359377,1815202262939.000000
1815156950000.000000,1752161642.494035,1815336921761.000000
1815190273000.000000,1752161642.510712,1815353599134.000000
1815223593000.000000,1752161642.537308,1815380195279.000000
1815323557000.000000,1752161642.644470,1815487357482.000000
1815356879000.000000,1752161642.656589,1815499475159.000000
1815490164000.000000,1752161642.864876,1815707762793.000000
1815523487000.000000,1752161642.892020,1815734906840.000000
1815556807000.000000,1752161642.913707,1815756593682.000000
1815623449000.000000,1752161642.929954,1815772839614.000000
1815690092000.000000,1752161643.105212,1815948099851.000000
1815856699000.000000,1752161643.121974,1815964861167.000000
1815890021000.000000,1752161643.143273,1815986159976.000000
1815923343000.000000,1752161643.295213,1816138099720.000000
1815956664000.000000,1752161643.312188,1816155074330.000000
1816056628000.000000,1752161643.323798,1816166683957.000000
1816089951000.000000,1752161643.345320,1816188205578.000000
1816123271000.000000,1752161643.484634,1816327521020.000000
1816289878000.000000,1752161643.636003,1816478890696.000000
1816323200000.000000,1752161643.657497,1816500382910.000000
1816356521000.000000,1752161643.679408,1816522295527.000000
1816389842000.000000,1752161643.695959,1816538845790.000000
1816489806000.000000,1752161643.845850,1816688737351.000000
1816623092000.000000,1752161643.867958,1816710844855.000000
1816656413000.000000,1752161643.965237,1816808124637.000000
1816689735000.000000,1752161643.981827,1816824712918.000000
1816723057000.000000,1752161643.998316,1816841202571.000000
1816789699000.000000,1752161644.131042,1816973929708.000000
1816823020000.000000,1752161644.153574,1816996460671.000000
1816922985000.000000,1752161644.175004,1817017890349.000000
1816956306000.000000,1752161644.322443,1817165329933.000000
1816989628000.000000,1752161644.350103,1817192989957.000000
1817122913000.000000,1752161644.366217,1817209104687.000000
1817156235000.000000,1752161644.560024,1817402911148.000000
1817189556000.000000,1752161644.592043,1817434930110.000000
1817322842000.000000,1752161644.608480,1817451366282.000000
1817356164000.000000,1752161644.624813,1817467699121.000000
1817389485000.000000,1752161644.799501,1817642388104.000000
1817556093000.000000,1752161644.816806,1817659693100.000000
1817589413000.000000,1752161644.939266,1817782153264.000000
1817622735000.000000,1752161644.950680,1817793566133.000000
1817656058000.000000,1752161644.967825,1817810711816.000000
1817756021000.000000,1752161645.124366,1817967253274.000000
1817789343000.000000,1752161645.141214,1817984100663.000000
1817889306000.000000,1752161645.157856,1818000743370.000000
1817922628000.000000,1752161645.174264,1818017150319.000000
1817955950000.000000,1752161645.330299,1818173186578.000000
1818089234000.000000,1752161645.347122,1818190008412.000000
1818122557000.000000,1752161645.486769,1818329656277.000000
1818155878000.000000,1752161645.503288,1818346175189.000000
1818189200000.000000,1752161645.520278,1818363165132.000000
1818289162000.000000,1752161645.536800,1818379685859.000000
1818322485000.000000,1752161645.642973,1818485860701.000000
1818455770000.000000,1752161645.803297,1818646184289.000000
1818489093000.000000,1752161645.820076,1818662962272.000000
1818522414000.000000,1752161645.836869,1818679755106.000000
1818555735000.000000,1752161645.853215,1818696101427.000000
1818622377000.000000,1752161646.030279,1818873166460.000000
1818755662000.000000,1752161646.047053,1818889939721.000000
1818788985000.000000,1752161646.069350,1818912237649.000000
1818855627000.000000,1752161646.199317,1819042205276.000000
1818888949000.000000,1752161646.226695,1819069581488.000000
1818988912000.000000,1752161646.243374,1819086261194.000000
1819022235000.000000,1752161646.340613,1819183499736.000000
1819055557000.000000,1752161646.356981,1819199868038.000000
1819188841000.000000,1752161646.527295,1819370182638.000000
1819222163000.000000,1752161646.544133,1819387019657.000000
1819255484000.000000,1752161646.560338,1819403224960.000000
1819355448000.000000,1752161646.706467,1819549354687.000000
1819388770000.000000,1752161646.724029,1819566915570.000000
1819488734000.000000,1752161646.757027,1819599912930.000000
1819522057000.000000,1752161646.869575,1819712462840.000000
1819555378000.000000,1752161646.886595,1819729482672.000000
1819655342000.000000,1752161646.913672,1819756558813.000000
1819688663000.000000,1752161647.098423,1819941309752.000000
1819721985000.000000,1752161647.115077,1819957963865.000000
1819821948000.000000,1752161647.131366,1819974252538.000000
1819855270000.000000,1752161647.147584,1819990470416.000000
1819888592000.000000,1752161647.318290,1820161176901.000000
1820088519000.000000,1752161647.345778,1820188665167.000000
1820121842000.000000,1752161647.367174,1820210061123.000000
1820155163000.000000,1752161647.522829,1820365715348.000000
1820188485000.000000,1752161647.539571,1820382457165.000000
1820321770000.000000,1752161647.576917,1820419803908.000000
1820355092000.000000,1752161647.746668,1820589554736.000000
1820388414000.000000,1752161647.763779,1820606665160.000000
1820488376000.000000,1752161647.785277,1820628163504.000000
1820521698000.000000,1752161647.801925,1820644811173.000000
1820555019000.000000,1752161647.934478,1820777366219.000000
1820721626000.000000,1752161647.956527,1820799414039.000000
1820754949000.000000,1752161648.129643,1820972530741.000000
1820788271000.000000,1752161648.147047,1820989933625.000000
1820821591000.000000,1752161648.163634,1821006520406.000000
1820888233000.000000,1752161648.283624,1821126511242.000000
1820954875000.000000,1752161648.311077,1821153964842.000000
1821088161000.000000,1752161648.332441,1821175327002.000000
1821121483000.000000,1752161648.479320,1821322207259.000000
1821154805000.000000,1752161648.501718,1821344605131.000000
1821254767000.000000,1752161648.518831,1821361718462.000000
1821288090000.000000,1752161648.667363,1821510250536.000000
1821321411000.000000,1752161648.684225,1821527112222.000000
1821421375000.000000,1752161648.700780,1821543666947.000000
1821454698000.000000,1752161648.727827,1821570713459.000000
1821488018000.000000,1752161648.914427,1821757313657.000000
1821654625000.000000,1752161648.931560,1821774447303.000000
1821687948000.000000,1752161648.948557,1821791443562.000000
1821721269000.000000,1752161649.096393,1821939280031.000000
1821754591000.000000,1752161649.108485,1821951372190.000000
1821854553000.000000,1752161649.125144,1821968030267.000000
1821887875000.000000,1752161649.152113,1821994999260.000000
1821921197000.000000,1752161649.368398,1822211286000.000000
1822087803000.000000,1752161649.379744,1822222631314.000000
1822121125000.000000,1752161649.396670,1822239555832.000000
1822154447000.000000,1752161649.512312,1822355199656.000000
1822187769000.000000,1752161649.534247,1822377134681.000000
1822321052000.000000,1752161649.540912,1822383798189.000000
1822354376000.000000,1752161649.660742,1822503628935.000000
1822387698000.000000,1752161649.677664,1822520550546.000000
1822487661000.000000,1752161649.809847,1822652734947.000000
1822520983000.000000,1752161649.826818,1822669704798.000000
1822554305000.000000,1752161649.853911,1822696797735.000000
1822587625000.000000,1752161649.880777,1822723663897.000000
1822620946000.000000,1752161650.038230,1822881117308.000000
1822820873000.000000,1752161650.050347,1822893233559.000000
1822854196000.000000,1752161650.168956,1823011843854.000000
1822887520000.000000,1752161650.212377,1823055264019.000000
1822920841000.000000,1752161650.233673,1823076559216.000000
1822987483000.000000,1752161650.341928,1823184815557.000000
1823020803000.000000,1752161650.359080,1823201966703.000000
1823154088000.000000,1752161650.485527,1823328414809.000000
1823187411000.000000,1752161650.501990,1823344877073.000000
1823220733000.000000,1752161650.528941,1823371827659.000000
1823287376000.000000,1752161650.545716,1823388601753.000000
1823320696000.000000,1752161650.685467,1823528354987.000000
1823487302000.000000,1752161650.771018,1823613905404.000000
1823520624000.000000,1752161650.792800,1823635686763.000000
1823553945000.000000,1752161650.809887,1823652773151.000000
1823587267000.000000,1752161650.942881,1823785768711.000000
1823620588000.000000,1752161650.964813,1823807700050.000000
1823720551000.000000,1752161650.986970,1823829856499.000000
1823753875000.000000,1752161651.089243,1823932130010.000000
1823787197000.000000,1752161651.106193,1823949080102.000000
1823887160000.000000,1752161651.122956,1823965842418.000000
1823920482000.000000,1752161651.296216,1824139103952.000000
1823953803000.000000,1752161651.313066,1824155953156.000000
1824053766000.000000,1752161651.329613,1824172499493.000000
1824087088000.000000,1752161651.423662,1824266549197.000000
1824120410000.000000,1752161651.445789,1824288676719.000000
1824253695000.000000,1752161651.591401,1824434288340.000000
1824287016000.000000,1752161651.618545,1824461431740.000000
1824320337000.000000,1752161651.645739,1824488625046.000000
1824353660000.000000,1752161651.661978,1824504863515.000000
1824420302000.000000,1752161651.749776,1824592663206.000000
1824586909000.000000,1752161651.935791,1824778678966.000000
1824620232000.000000,1752161651.968215,1824811101165.000000
1824653552000.000000,1752161651.989799,1824832685767.000000
1824686873000.000000,1752161652.161591,1825004478982.000000
1824753516000.000000,1752161652.178474,1825021361131.000000
1824886801000.000000,1752161652.194946,1825037832357.000000
1824920124000.000000,1752161652.216493,1825059379275.000000
1824986766000.000000,1752161652.407254,1825250141451.000000
1825120051000.000000,1752161652.423818,1825266704769.000000
1825153374000.000000,1752161652.445802,1825288689534.000000
1825220014000.000000,1752161652.598457,1825441344715.000000
1825253338000.000000,1752161652.610779,1825453666631.000000
1825353301000.000000,1752161652.627338,1825470224283.000000
1825386624000.000000,1752161652.643584,1825486470141.000000
1825419945000.000000,1752161652.886942,1825729829577.000000
1825553230000.000000,1752161652.903673,1825746559375.000000
1825586552000.000000,1752161652.935678,1825778563782.000000
1825653194000.000000,1752161653.048645,1825891532243.000000
1825686517000.000000,1752161653.070455,1825913341769.000000
1825853123000.000000,1752161653.087162,1825930048771.000000
1825886446000.000000,1752161653.264409,1826107296284.000000
1825919767000.000000,1752161653.281428,1826124314820.000000
1826019731000.000000,1752161653.303424,1826146311233.000000
1826086373000.000000,1752161653.407457,1826250344357.000000
1826119696000.000000,1752161653.424108,1826266993711.000000
1826252979000.000000,1752161653.599552,1826442440001.000000
1826286302000.000000,1752161653.616469,1826459355390.000000
1826319623000.000000,1752161653.633197,1826476083114.000000
1826352945000.000000,1752161653.649425,1826492310862.000000
1826419587000.000000,1752161653.786311,1826629198180.000000
1826552872000.000000,1752161653.813318,1826656204599.000000
1826586194000.000000,1752161653.819993,1826662880385.000000
1826619516000.000000,1752161653.973353,1826816239504.000000
1826652837000.000000,1752161653.989911,1826832797044.000000
1826752801000.000000,1752161654.012353,1826855240434.000000
1826786124000.000000,1752161654.157530,1827000417189.000000
1826819445000.000000,1752161654.174835,1827017721889.000000
1826919408000.000000,1752161654.201750,1827044636124.000000
1826952730000.000000,1752161654.218451,1827061337274.000000
1826986051000.000000,1752161654.405004,1827247890214.000000
1827152657000.000000,1752161654.443291,1827286177633.000000
1827185980000.000000,1752161654.559466,1827402353285.000000
1827219302000.000000,1752161654.581654,1827424541122.000000
1827252623000.000000,1752161654.603078,1827445964170.000000
1827352585000.000000,1752161654.619774,1827462660284.000000
1827385909000.000000,1752161654.771641,1827614527880.000000
1827552514000.000000,1752161654.788206,1827631092772.000000
1827585836000.000000,1752161654.895675,1827738562177.000000
1827619159000.000000,1752161654.927465,1827770352604.000000
1827652480000.000000,1752161654.944292,1827787179087.000000
1827752443000.000000,1752161655.085195,1827928082532.000000
1827785766000.000000,1752161655.107371,1827950258036.000000
1827885728000.000000,1752161655.129561,1827972448187.000000
1827919051000.000000,1752161655.268563,1828111450781.000000
1827952373000.000000,1752161655.295307,1828138193703.000000
1828052337000.000000,1752161655.327890,1828170777845.000000
1828085660000.000000,1752161655.445730,1828288617628.000000
1828118980000.000000,1752161655.478679,1828321566026.000000
1828252264000.000000,1752161655.591102,1828433989622.000000
1828285586000.000000,1752161655.612886,1828455772222.000000
1828318908000.000000,1752161655.628984,1828471871137.000000
1828418872000.000000,1752161655.825717,1828668604607.000000
1828452194000.000000,1752161655.848310,1828691197458.000000
1828552157000.000000,1752161655.869883,1828712769005.000000
1828585479000.000000,1752161655.886216,1828729102418.000000
1828618800000.000000,1752161656.084497,1828927384465.000000
1828818728000.000000,1752161656.095969,1828938856111.000000
1828852054000.000000,1752161656.118402,1828961288983.000000
1828885371000.000000,1752161656.242661,1829085548962.000000
1828918693000.000000,1752161656.264433,1829107320396.000000
1829051978000.000000,1752161656.392336,1829235223302.000000
1829085301000.000000,1752161656.409272,1829252158876.000000
1829118623000.000000,1752161656.436253,1829279139481.000000
1829218585000.000000,1752161656.627682,1829470569651.000000
1829251913000.000000,1752161656.649402,1829492288974.000000
1829351870000.000000,1752161656.676323,1829519209690.000000
1829385193000.000000,1752161656.692732,1829535618380.000000
1829418515000.000000,1752161656.848335,1829691222754.000000
1829618442000.000000,1752161656.881525,1829724410909.000000
1829651764000.000000,1752161657.006563,1829849450362.000000
1829685086000.000000,1752161657.034477,1829877364958.000000
1829718407000.000000,1752161657.061611,1829904498227.000000
1829818370000.000000,1752161657.216804,1830059691773.000000
1829851693000.000000,1752161657.245201,1830088088660.000000
1829984978000.000000,1752161657.256434,1830099320345.000000
1830018300000.000000,1752161657.428905,1830271792961.000000
1830051621000.000000,1752161657.462028,1830304914338.000000
1830184905000.000000,1752161657.478059,1830320945754.000000
1830218229000.000000,1752161657.581251,1830424138386.000000
1830251550000.000000,1752161657.598130,1830441016423.000000
1830384834000.000000,1752161657.620280,1830463166316.000000
1830418157000.000000,1752161657.784647,1830627534864.000000
1830451478000.000000,1752161657.801336,1830644223366.000000
1830551442000.000000,1752161657.807687,1830650572951.000000
1830584764000.000000,1752161657.819245,1830662130412.000000
1830618086000.000000,1752161658.028653,1830871540589.000000
1830751370000.000000,1752161658.040528,1830883414213.000000
1830784693000.000000,1752161658.052142,1830895029043.000000
1830818014000.000000,1752161658.187373,1831030260729.000000
1830851335000.000000,1752161658.204147,1831047033823.000000
1830951303000.000000,1752161658.220697,1831063583123.000000
1831017941000.000000,1752161658.387761,1831230648718.000000
1831051263000.000000,1752161658.415011,1831257898042.000000
1831151227000.000000,1752161658.431216,1831274102235.000000
1831217869000.000000,1752161658.571935,1831414822959.000000
1831251192000.000000,1752161658.588321,1831431208261.000000
1831351155000.000000,1752161658.616337,1831459225133.000000
1831384478000.000000,1752161658.734223,1831577111175.000000
1831417800000.000000,1752161658.761226,1831604113595.000000
1831551083000.000000,1752161658.918772,1831761659524.000000
1831584406000.000000,1752161658.940598,1831783483698.000000
1831617727000.000000,1752161658.957232,1831800119052.000000
1831684369000.000000,1752161659.099937,1831942825332.000000
1831717691000.000000,1752161659.116755,1831959640944.000000
1831884297000.000000,1752161659.143800,1831986687288.000000
1831917619000.000000,1752161659.237074,1832079961499.000000
1831950941000.000000,1752161659.253193,1832096079322.000000
1832084226000.000000,1752161659.387223,1832230109983.000000
1832117547000.000000,1752161659.409826,1832252712575.000000
1832150869000.000000,1752161659.436421,1832279307480.000000
1832184190000.000000,1752161659.452654,1832295540505.000000
1832217512000.000000,1752161659.622605,1832465492942.000000
1832384118000.000000,1752161659.639444,1832482330998.000000
1832417440000.000000,1752161659.748721,1832591608125.000000
1832450762000.000000,1752161659.764776,1832607662578.000000
1832484083000.000000,1752161659.781430,1832624317044.000000
1832584047000.000000,1752161659.883260,1832726146855.000000
1832617369000.000000,1752161659.900244,1832743130577.000000
1832750654000.000000,1752161659.983020,1832825907095.000000
1832783977000.000000,1752161660.116588,1832959475668.000000
1832817297000.000000,1752161660.133572,1832976459167.000000
1832850621000.000000,1752161660.150658,1832993544388.000000
1832883941000.000000,1752161660.167134,1833010020744.000000
1832950584000.000000,1752161660.361962,1833204850010.000000
1833117191000.000000,1752161660.389096,1833231982576.000000
1833150514000.000000,1752161660.411738,1833254624538.000000
1833183835000.000000,1752161660.527258,1833370146548.000000
1833217155000.000000,1752161660.544060,1833386946771.000000
1833317118000.000000,1752161660.561053,1833403940530.000000
1833350439000.000000,1752161660.690808,1833533695511.000000
1833383762000.000000,1752161660.707817,1833550704269.000000
1833483726000.000000,1752161660.729426,1833572313353.000000
1833517047000.000000,1752161660.852870,1833695757470.000000
1833550369000.000000,1752161660.869581,1833712467694.000000
1833650332000.000000,1752161660.886131,1833729017494.000000
1833683654000.000000,1752161661.034858,1833877745381.000000
1833716976000.000000,1752161661.051657,1833894543326.000000
1833816939000.000000,1752161661.068193,1833911079756.000000
1833850262000.000000,1752161661.208500,1834051387744.000000
1833883585000.000000,1752161661.220237,1834063123610.000000
1833983545000.000000,1752161661.242576,1834085462871.000000
1834016869000.000000,1752161661.380313,1834223200422.000000
1834050190000.000000,1752161661.397114,1834240015793.000000
1834150154000.000000,1752161661.419144,1834262029780.000000
1834183475000.000000,1752161661.545783,1834388670273.000000
1834216796000.000000,1752161661.562604,1834405491663.000000
1834350083000.000000,1752161661.691580,1834534466855.000000
1834383404000.000000,1752161661.707899,1834550786083.000000
1834416726000.000000,1752161661.729377,1834572264650.000000
1834483369000.000000,1752161661.885945,1834728831829.000000
1834550012000.000000,1752161661.913675,1834756561204.000000
1834649975000.000000,1752161661.935505,1834778391563.000000
1834683297000.000000,1752161661.951829,1834794715421.000000
1834716618000.000000,1752161662.167264,1835010152076.000000
1834883225000.000000,1752161662.194992,1835037878563.000000
1834916548000.000000,1752161662.211465,1835054351234.000000
1834949869000.000000,1752161662.354320,1835197206789.000000
1834983190000.000000,1752161662.361157,1835204043574.000000
1835116474000.000000,1752161662.377926,1835220812131.000000
1835149798000.000000,1752161662.399682,1835242568879.000000
1835183119000.000000,1752161662.551718,1835394605659.000000
1835349724000.000000,1752161662.568151,1835411039183.000000
1835383046000.000000,1752161662.718154,1835561041686.000000
1835416368000.000000,1752161662.734905,1835577790947.000000
1835449689000.000000,1752161662.756730,1835599616584.000000
1835483010000.000000,1752161662.777771,1835620658358.000000
1835549653000.000000,1752161662.892483,1835735370765.000000
1835716261000.000000,1752161663.057412,1835900299177.000000
1835749582000.000000,1752161663.079762,1835922648476.000000
1835782903000.000000,1752161663.121634,1835964520748.000000
1835816224000.000000,1752161663.137892,1835980778496.000000
1835882866000.000000,1752161663.317687,1836160574132.000000
1836049475000.000000,1752161663.334192,1836177078858.000000
1836082796000.000000,1752161663.356437,1836199323380.000000
1836116118000.000000,1752161663.372354,1836215239982.000000
1836149439000.000000,1752161663.561162,1836404049585.000000
1836316047000.000000,1752161663.572764,1836415650471.000000
1836349368000.000000,1752161663.599739,1836442626131.000000
1836382690000.000000,1752161663.737156,1836580043536.000000
1836416013000.000000,1752161663.758508,1836601395159.000000
1836515974000.000000,1752161663.780496,1836623382869.000000
1836549296000.000000,1752161663.916304,1836759191679.000000
1836582618000.000000,1752161663.932989,1836775875903.000000
1836715903000.000000,1752161663.949059,1836791946301.000000
1836749225000.000000,1752161664.096220,1836939108962.000000
1836782547000.000000,1752161664.112596,1836955483078.000000
1836882510000.000000,1752161664.124086,1836966973410.000000
1836915831000.000000,1752161664.300927,1837143815871.000000
1836949152000.000000,1752161664.317747,1837160633761.000000
1837082437000.000000,1752161664.329741,1837172627958.000000
1837115759000.000000,1752161664.510088,1837352974496.000000
1837149081000.000000,1752161664.526672,1837369559073.000000
1837249045000.000000,1752161664.542661,1837385547230.000000
1837282368000.000000,1752161664.564095,1837406980593.000000
1837315688000.000000,1752161664.751966,1837594853002.000000
1837515616000.000000,1752161664.768788,1837611675651.000000
1837548937000.000000,1752161664.785460,1837628346061.000000
1837582259000.000000,1752161664.882089,1837724975738.000000
1837615581000.000000,1752161664.894055,1837736941806.000000
1837748866000.000000,1752161665.007492,1837850379151.000000
1837782188000.000000,1752161665.029609,1837872495526.000000
1837815510000.000000,1752161665.197490,1838040377224.000000
1837848831000.000000,1752161665.219392,1838062278841.000000
1837882153000.000000,1752161665.235743,1838078629439.000000
1837982115000.000000,1752161665.252510,1838095396496.000000
1838015437000.000000,1752161665.427586,1838270473457.000000
1838182045000.000000,1752161665.449805,1838292691627.000000
1838215366000.000000,1752161665.466833,1838309719181.000000
1838248687000.000000,1752161665.567346,1838410233376.000000
1838282010000.000000,1752161665.584473,1838427359522.000000
1838381971000.000000,1752161665.684851,1838527738330.000000
1838415294000.000000,1752161665.701591,1838544477517.000000
1838448616000.000000,1752161665.729055,1838571942876.000000
1838515257000.000000,1752161665.890020,1838732906753.000000
1838548581000.000000,1752161665.912333,1838755219755.000000
1838648543000.000000,1752161665.939272,1838782158786.000000
1838681865000.000000,1752161665.960322,1838803208246.000000
1838715187000.000000,1752161666.113863,1838956750233.000000
1838881793000.000000,1752161666.135320,1838978207318.000000
1838915116000.000000,1752161666.258023,1839100909831.000000
1838948438000.000000,1752161666.274755,1839117641592.000000
1838981759000.000000,1752161666.291596,1839134482741.000000
1839081723000.000000,1752161666.454076,1839296962789.000000
1839115045000.000000,1752161666.470881,1839313767845.000000
1839215008000.000000,1752161666.487765,1839330651679.000000
1839248331000.000000,1752161666.504312,1839347198312.000000
1839281652000.000000,1752161666.657536,1839500423469.000000
1839414935000.000000,1752161666.674190,1839517076361.000000
1839448259000.000000,1752161666.685727,1839528612784.000000
1839481580000.000000,1752161666.828543,1839671431118.000000
1839514901000.000000,1752161666.845792,1839688679133.000000
1839614865000.000000,1752161666.852058,1839694943923.000000
1839648186000.000000,1752161667.072257,1839915144495.000000
1839681508000.000000,1752161667.099736,1839942622854.000000
1839814793000.000000,1752161667.116398,1839959283634.000000
1839848114000.000000,1752161667.238513,1840081400635.000000
1839881436000.000000,1752161667.254942,1840097828417.000000
1840014721000.000000,1752161667.276983,1840119870237.000000
1840048044000.000000,1752161667.394220,1840237106971.000000
1840081365000.000000,1752161667.410785,1840253672067.000000
1840214650000.000000,1752161667.568631,1840411518438.000000
1840247972000.000000,1752161667.580124,1840423011417.000000
1840281293000.000000,1752161667.601837,1840444724055.000000
1840347935000.000000,1752161667.613406,1840456293386.000000
1840414578000.000000,1752161667.766932,1840609819947.000000
1840547864000.000000,1752161667.778551,1840621437814.000000
1840581185000.000000,1752161667.949052,1840791939505.000000
1840614507000.000000,1752161667.971128,1840814015676.000000
1840647828000.000000,1752161667.987450,1840830335849.000000
1840714471000.000000,1752161668.008859,1840851744860.000000
1840781114000.000000,1752161668.168828,1841011715544.000000
1840947721000.000000,1752161668.212279,1841055166042.000000
1840981043000.000000,1752161668.357745,1841200632645.000000
1841014365000.000000,1752161668.379946,1841222833038.000000
1841047686000.000000,1752161668.401417,1841244302678.000000
1841147650000.000000,1752161668.417728,1841260613814.000000
1841180971000.000000,1752161668.539135,1841382022840.000000
1841347578000.000000,1752161668.561498,1841404385397.000000
1841380900000.000000,1752161668.719552,1841562439248.000000
1841414223000.000000,1752161668.736171,1841579058380.000000
1841447542000.000000,1752161668.757786,1841600672704.000000
1841514185000.000000,1752161668.794977,1841637863338.000000
1841547507000.000000,1752161668.970721,1841813608366.000000
1841714114000.000000,1752161669.004086,1841846973463.000000
1841747435000.000000,1752161669.025588,1841868473955.000000
1841780757000.000000,1752161669.117748,1841960635084.000000
1841814080000.000000,1752161669.134631,1841977517381.000000
1841947365000.000000,1752161669.253730,1842096617448.000000
1841980686000.000000,1752161669.270489,1842113375802.000000
1842014007000.000000,1752161669.282225,1842125111334.000000
1842080649000.000000,1752161669.445226,1842288113802.000000
1842113971000.000000,1752161669.461916,1842304803193.000000
1842213934000.000000,1752161669.484270,1842327156195.000000
1842247257000.000000,1752161669.584118,1842427005119.000000
1842280578000.000000,1752161669.606316,1842449203234.000000
1842413864000.000000,1752161669.712748,1842555634926.000000
1842447186000.000000,1752161669.729650,1842572537260.000000
1842480506000.000000,1752161669.751393,1842594279490.000000
1842513827000.000000,1752161669.870424,1842713311410.000000
1842547149000.000000,1752161669.892282,1842735169139.000000
1842680434000.000000,1752161669.920198,1842763084456.000000
1842713757000.000000,1752161670.037179,1842880066082.000000
1842747078000.000000,1752161670.059042,1842901929459.000000
1842847042000.000000,1752161670.091494,1842934381639.000000
1842880364000.000000,1752161670.334067,1843176954620.000000
1842913686000.000000,1752161670.351066,1843193953341.000000
1843046970000.000000,1752161670.368071,1843210958229.000000
1843080290000.000000,1752161670.385513,1843228399095.000000
1843113613000.000000,1752161670.402858,1843245745183.000000
1843346862000.000000,1752161670.596880,1843439767605.000000
1843380183000.000000,1752161670.735609,1843578496164.000000
1843413505000.000000,1752161670.752323,1843595209166.000000
1843446827000.000000,1752161670.769046,1843611932501.000000
1843480149000.000000,1752161670.795938,1843638824310.000000
1843546790000.000000,1752161670.984847,1843827734820.000000
1843713398000.000000,1752161670.996622,1843839508056.000000
1843746720000.000000,1752161671.008108,1843850994535.000000
1843780041000.000000,1752161671.129230,1843972118194.000000
1843813363000.000000,1752161671.140895,1843983781838.000000
1843946648000.000000,1752161671.269520,1844112407071.000000
1843979969000.000000,1752161671.285974,1844128860001.000000
1844013291000.000000,1752161671.302314,1844145200063.000000
1844079933000.000000,1752161671.318531,1844161416810.000000
1844146575000.000000,1752161671.495398,1844338286531.000000
1844279863000.000000,1752161671.523206,1844366093720.000000
1844313184000.000000,1752161671.629410,1844472297822.000000
1844346506000.000000,1752161671.646692,1844489579466.000000
1844379827000.000000,1752161671.663628,1844506514818.000000
1844446469000.000000,1752161671.827953,1844670840884.000000
1844479791000.000000,1752161671.845202,1844688088585.000000
1844613076000.000000,1752161671.861793,1844704680421.000000
1844646397000.000000,1752161672.007487,1844850374245.000000
1844679720000.000000,1752161672.039608,1844882494669.000000
1844779684000.000000,1752161672.060965,1844903852163.000000
1844813005000.000000,1752161672.178246,1845021133322.000000
1844846327000.000000,1752161672.189940,1845032828077.000000
1844979612000.000000,1752161672.196702,1845039587936.000000
1845012934000.000000,1752161672.370401,1845213288151.000000
1845046254000.000000,1752161672.382221,1845225107387.000000
1845146219000.000000,1752161672.394012,1845236899178.000000
1845179541000.000000,1752161672.494871,1845337758203.000000
1845212862000.000000,1752161672.511661,1845354547074.000000
1845312826000.000000,1752161672.633071,1845475958249.000000
1845346147000.000000,1752161672.649662,1845492548067.000000
1845379468000.000000,1752161672.672336,1845515222991.000000
1845479432000.000000,1752161672.858243,1845701130123.000000
1845512754000.000000,1752161672.874977,1845717863254.000000
1845612718000.000000,1752161672.917664,1845760551908.000000
1845646039000.000000,1752161673.023095,1845865982943.000000
1845679361000.000000,1752161673.045564,1845888450666.000000
1845845968000.000000,1752161673.200665,1846043552657.000000
1845879290000.000000,1752161673.217074,1846059960143.000000
1845912611000.000000,1752161673.239142,1846082028815.000000
1845979252000.000000,1752161673.255436,1846098322154.000000
1846045896000.000000,1752161673.427169,1846270056240.000000
1846179182000.000000,1752161673.449176,1846292062283.000000
1846212504000.000000,1752161673.471276,1846314162880.000000
1846245825000.000000,1752161673.639424,1846482310871.000000
1846279148000.000000,1752161673.672188,1846515074512.000000
1846412432000.000000,1752161673.699000,1846541886007.000000
1846445754000.000000,1752161673.836812,1846679700075.000000
1846479076000.000000,1752161673.853578,1846696464836.000000
1846612361000.000000,1752161673.870305,1846713190782.000000
1846645683000.000000,1752161674.039571,1846882458781.000000
1846679003000.000000,1752161674.051458,1846894344201.000000
1846778967000.000000,1752161674.078074,1846920959976.000000
1846812290000.000000,1752161674.216950,1847059837274.000000
1846845611000.000000,1752161674.239135,1847082021389.000000
1847012218000.000000,1752161674.255188,1847098074898.000000
1847045539000.000000,1752161674.416335,1847259221884.000000
1847078861000.000000,1752161674.433184,1847276070200.000000
1847178824000.000000,1752161674.465572,1847308458510.000000
1847212147000.000000,1752161674.482042,1847324928385.000000
1847245469000.000000,1752161674.629031,1847471918604.000000
1847412074000.000000,1752161674.640610,1847483496082.000000
1847445397000.000000,1752161674.761524,1847604411761.000000
1847478718000.000000,1752161674.778301,1847621188022.000000
1847512039000.000000,1752161674.794883,1847637770525.000000
1847545360000.000000,1752161674.928944,1847771830982.000000
1847578682000.000000,1752161674.945745,1847788631576.000000
1847711967000.000000,1752161674.967674,1847810560767.000000
1847745289000.000000,1752161675.106597,1847949484195.000000
1847778612000.000000,1752161675.123463,1847966349936.000000
1847878574000.000000,1752161675.145368,1847988254572.000000
1847911897000.000000,1752161675.258463,1848101351366.000000
1847945219000.000000,1752161675.275130,1848118016368.000000
1848045181000.000000,1752161675.297092,1848139978855.000000
1848078504000.000000,1752161675.436493,1848279380204.000000
1848111825000.000000,1752161675.463712,1848306599825.000000
1848211789000.000000,1752161675.486423,1848329310101.000000
1848245111000.000000,1752161675.646210,1848489097027.000000
1848278432000.000000,1752161675.662772,1848505659086.000000
1848411717000.000000,1752161675.694658,1848537544735.000000
1848445039000.000000,1752161675.711017,1848553903074.000000
1848478360000.000000,1752161675.859631,1848702518276.000000
1848644966000.000000,1752161675.876445,1848719331889.000000
1848678289000.000000,1752161676.046647,1848889533953.000000
1848711610000.000000,1752161676.074340,1848917225809.000000
1848744931000.000000,1752161676.095874,1848938760394.000000
1848811574000.000000,1752161676.122821,1848965708313.000000
1848878216000.000000,1752161676.343973,1849186860079.000000
1849044824000.000000,1752161676.365641,1849208527810.000000
1849078147000.000000,1752161676.392697,1849235582840.000000
1849111467000.000000,1752161676.526999,1849369886591.000000
1849144787000.000000,1752161676.549134,1849392021224.000000
1849311394000.000000,1752161676.565938,1849408825300.000000
1849344717000.000000,1752161676.652985,1849495873312.000000
1849378039000.000000,1752161676.674998,1849517884855.000000
1849478002000.000000,1752161676.802333,1849645220249.000000
1849511324000.000000,1752161676.824137,1849667024497.000000
1849544645000.000000,1752161676.846548,1849689434628.000000
1849644609000.000000,1752161676.992002,1849834889380.000000
1849677931000.000000,1752161677.014002,1849856889367.000000
1849777895000.000000,1752161677.030790,1849873677109.000000
1849811217000.000000,1752161677.164119,1850007007351.000000
1849844538000.000000,1752161677.175598,1850018484831.000000
1849944502000.000000,1752161677.192127,1850035013760.000000
1849977824000.000000,1752161677.287274,1850130161897.000000
1850011145000.000000,1752161677.314722,1850157608238.000000
1850111110000.000000,1752161677.409040,1850251927531.000000
1850144431000.000000,1752161677.425884,1850268770180.000000
1850177751000.000000,1752161677.442725,1850285612106.000000
1850244394000.000000,1752161677.621787,1850464675416.000000
1850277717000.000000,1752161677.638532,1850481418381.000000
1850411002000.000000,1752161677.660454,1850503340887.000000
1850444324000.000000,1752161677.794364,1850637252290.000000
1850477646000.000000,1752161677.805822,1850648708437.000000
1850610930000.000000,1752161677.882616,1850725503050.000000
1850644253000.000000,1752161677.889427,1850732313502.000000
1850677573000.000000,1752161678.015615,1850858501351.000000
1850710894000.000000,1752161678.032513,1850875401037.000000
1850744217000.000000,1752161678.054382,1850897268229.000000
1850810858000.000000,1752161678.070711,1850913597771.000000
1850844181000.000000,1752161678.256444,1851099331812.000000
1851010788000.000000,1752161678.278312,1851121200208.000000
1851044109000.000000,1752161678.294811,1851137698101.000000
1851077430000.000000,1752161678.391356,1851234242909.000000
1851110753000.000000,1752161678.423352,1851266238649.000000
1851244037000.000000,1752161678.561548,1851404435325.000000
1851277359000.000000,1752161678.578370,1851421256437.000000
1851310679000.000000,1752161678.594988,1851437874681.000000
1851377322000.000000,1752161678.692374,1851535260999.000000
1851410644000.000000,1752161678.714316,1851557203098.000000
1851510607000.000000,1752161678.843310,1851686197493.000000
1851543931000.000000,1752161678.859711,1851702598147.000000
1851577252000.000000,1752161678.876721,1851719607183.000000
1851643893000.000000,1752161678.893143,1851736029799.000000
1851677214000.000000,1752161679.054384,1851897271710.000000
1851843821000.000000,1752161679.071207,1851914093304.000000
1851877143000.000000,1752161679.218879,1852061765979.000000
1851910465000.000000,1752161679.246466,1852089353336.000000
1851943785000.000000,1752161679.273208,1852116094832.000000
1852010428000.000000,1752161679.289398,1852132284562.000000
1852043750000.000000,1752161679.398282,1852241168989.000000
1852243679000.000000,1752161679.527731,1852370618825.000000
1852277000000.000000,1752161679.544904,1852387791119.000000
1852310322000.000000,1752161679.556904,1852399791500.000000
1852343644000.000000,1752161679.741815,1852584701827.000000
1852376965000.000000,1752161679.758997,1852601883695.000000
1852476929000.000000,1752161679.775617,1852618503864.000000
1852510250000.000000,1752161679.792267,1852635153552.000000
1852543572000.000000,1752161679.932895,1852775782741.000000
1852710178000.000000,1752161679.954851,1852797738543.000000
1852743500000.000000,1752161680.088841,1852931728427.000000
1852776823000.000000,1752161680.110558,1852953445213.000000
1852810144000.000000,1752161680.138502,1852981388845.000000
1852910107000.000000,1752161680.295789,1853138676573.000000
1852943430000.000000,1752161680.317467,1853160353619.000000
1853043393000.000000,1752161680.333857,1853176742994.000000
1853076714000.000000,1752161680.360286,1853203172938.000000
1853110036000.000000,1752161680.508184,1853351071851.000000
1853276643000.000000,1752161680.524964,1853367851945.000000
1853309964000.000000,1752161680.635556,1853478443059.000000
1853343286000.000000,1752161680.662623,1853505509848.000000
1853376607000.000000,1752161680.679588,1853522475107.000000
1853476571000.000000,1752161680.799592,1853642479295.000000
1853509893000.000000,1752161680.826869,1853669756915.000000
1853609857000.000000,1752161680.843693,1853686579175.000000
1853643179000.000000,1752161681.009597,1853852484763.000000
1853676500000.000000,1752161681.026088,1853868976082.000000
1853809785000.000000,1752161681.042654,1853885540178.000000
1853843108000.000000,1752161681.188622,1854031509481.000000
1853876429000.000000,1752161681.205232,1854048118410.000000
1853976392000.000000,1752161681.226735,1854069621346.000000
1854009715000.000000,1752161681.344261,1854187149059.000000
1854043036000.000000,1752161681.360680,1854203573823.000000
1854142999000.000000,1752161681.377575,1854220461675.000000
1854176321000.000000,1752161681.579431,1854422317834.000000
1854209643000.000000,1752161681.590954,1854433840258.000000
1854309605000.000000,1752161681.612267,1854455153603.000000
1854342929000.000000,1752161681.639114,1854482000506.000000
1854376250000.000000,1752161681.882670,1854725557088.000000
1854576176000.000000,1752161681.909773,1854752659228.000000
1854609499000.000000,1752161681.926062,1854768948345.000000
1854642820000.000000,1752161681.942378,1854785263759.000000
1854709462000.000000,1752161682.101984,1854944871464.000000
1854876072000.000000,1752161682.118849,1854961736816.000000
1854909393000.000000,1752161682.303479,1855146367035.000000
1854942715000.000000,1752161682.319898,1855162784021.000000
1854976035000.000000,1752161682.336140,1855179026157.000000
1855042677000.000000,1752161682.352362,1855195247646.000000
1855109320000.000000,1752161682.368654,1855211540318.000000
1855309248000.000000,1752161682.580770,1855423656544.000000
1855342569000.000000,1752161682.597945,1855440832097.000000
1855375893000.000000,1752161682.699287,1855542174283.000000
1855409213000.000000,1752161682.715758,1855558644251.000000
1855442536000.000000,1752161682.732124,1855575011941.000000
1855542499000.000000,1752161682.876401,1855719288427.000000
1855575821000.000000,1752161682.904327,1855747214078.000000
1855675784000.000000,1752161682.920769,1855763656601.000000
1855709105000.000000,1752161683.050234,1855893120807.000000
1855742428000.000000,1752161683.083292,1855926178834.000000
1855842391000.000000,1752161683.100127,1855943014446.000000
1855875713000.000000,1752161683.222879,1856065766477.000000
1855909035000.000000,1752161683.235070,1856077957283.000000
1856008998000.000000,1752161683.256808,1856099695217.000000
1856042320000.000000,1752161683.371912,1856214799305.000000
1856075642000.000000,1752161683.388397,1856231284365.000000
1856175604000.000000,1752161683.404920,1856247807258.000000
1856208927000.000000,1752161683.528406,1856371293152.000000
1856242249000.000000,1752161683.566903,1856409788810.000000
1856342212000.000000,1752161683.712936,1856555823279.000000
1856375534000.000000,1752161683.729869,1856572756260.000000
1856408855000.000000,1752161683.746399,1856589285764.000000
1856508818000.000000,1752161683.767882,1856610769089.000000
1856542141000.000000,1752161683.934670,1856777557705.000000
1856675426000.000000,1752161683.936141,1856779026839.000000
1856708748000.000000,1752161683.947762,1856790648262.000000
1856742069000.000000,1752161684.053906,1856896793586.000000
1856775391000.000000,1752161684.070718,1856913604402.000000
1856875355000.000000,1752161684.202350,1857045237013.000000
1856908677000.000000,1752161684.223963,1857066850874.000000
1856941998000.000000,1752161684.246393,1857089279912.000000
1857008640000.000000,1752161684.262700,1857105586177.000000
1857041963000.000000,1752161684.418807,1857261694584.000000
1857175247000.000000,1752161684.435876,1857278762731.000000
1857208570000.000000,1752161684.447353,1857290238673.000000
1857241890000.000000,1752161684.630809,1857473696347.000000
1857275212000.000000,1752161684.647774,1857490660495.000000
1857375175000.000000,1752161684.654689,1857497576186.000000
1857408497000.000000,1752161684.671096,1857513982173.000000
1857441818000.000000,1752161684.801081,1857643969003.000000
1857608426000.000000,1752161684.947427,1857790314135.000000
1857641747000.000000,1752161684.964045,1857806931564.000000
1857675070000.000000,1752161684.980444,1857823330051.000000
1857708390000.000000,1752161685.001945,1857844831432.000000
1857741712000.000000,1752161685.185662,1858028548863.000000
1857941639000.000000,1752161685.203155,1858046041375.000000
1857974961000.000000,1752161685.306429,1858149316543.000000
1858008282000.000000,1752161685.322939,1858165825936.000000
1858041604000.000000,1752161685.345436,1858188323714.000000
1858141568000.000000,1752161685.529761,1858372648176.000000
1858174890000.000000,1752161685.546513,1858389400826.000000
1858274853000.000000,1752161685.563392,1858406279586.000000
1858308175000.000000,1752161685.585803,1858428689402.000000
1858341496000.000000,1752161685.735689,1858578576296.000000
1858508106000.000000,1752161685.757845,1858600732522.000000
1858541425000.000000,1752161685.896720,1858739607098.000000
1858574747000.000000,1752161685.913368,1858756253601.000000
1858608069000.000000,1752161685.930580,1858773466691.000000
1858674710000.000000,1752161685.947304,1858790190359.000000
1858741354000.000000,1752161686.083060,1858925948207.000000
1858874638000.000000,1752161686.116373,1858959260286.000000
1858907961000.000000,1752161686.255960,1859098848078.000000
1858941282000.000000,1752161686.272918,1859115803985.000000
1858974603000.000000,1752161686.289701,1859132586708.000000
1859041247000.000000,1752161686.305930,1859148816326.000000
1859074568000.000000,1752161686.513726,1859356612446.000000
1859241174000.000000,1752161686.530502,1859373388651.000000
1859274496000.000000,1752161686.547064,1859389949950.000000
1859307818000.000000,1752161686.692850,1859535737274.000000
1859341140000.000000,1752161686.714775,1859557661039.000000
1859474425000.000000,1752161686.731223,1859574109970.000000
1859507747000.000000,1752161686.823957,1859666844149.000000
1859541068000.000000,1752161686.845940,1859688827043.000000
1859641032000.000000,1752161687.014741,1859857628436.000000
1859674355000.000000,1752161687.041856,1859884742780.000000
1859707675000.000000,1752161687.057799,1859900686178.000000
1859807638000.000000,1752161687.079239,1859922125300.000000
1859840960000.000000,1752161687.239903,1860082790903.000000
1860007567000.000000,1752161687.256617,1860099504682.000000
1860040888000.000000,1752161687.278518,1860121405115.000000
1860074211000.000000,1752161687.376096,1860218984135.000000
1860107533000.000000,1752161687.398224,1860241110695.000000
1860207497000.000000,1752161687.557707,1860400594253.000000
1860240818000.000000,1752161687.574054,1860416940555.000000
1860274140000.000000,1752161687.596525,1860439411371.000000
1860340781000.000000,1752161687.613167,1860456052985.000000
1860407425000.000000,1752161687.849338,1860692225065.000000
1860540709000.000000,1752161687.876828,1860719714424.000000
1860574031000.000000,1752161687.986373,1860829261030.000000
1860607353000.000000,1752161688.003368,1860846254844.000000
1860640676000.000000,1752161688.019957,1860862843070.000000
1860773958000.000000,1752161688.036192,1860879078576.000000
1860807281000.000000,1752161688.199776,1861042663761.000000
1860973887000.000000,1752161688.221855,1861064742618.000000
1861007210000.000000,1752161688.321908,1861164796113.000000
1861040531000.000000,1752161688.333519,1861176405647.000000
1861073853000.000000,1752161688.365826,1861208712644.000000
1861140496000.000000,1752161688.515837,1861358725129.000000
1861173817000.000000,1752161688.532740,1861375626629.000000
1861273781000.000000,1752161688.564808,1861407695332.000000
1861307102000.000000,1752161688.581222,1861424108966.000000
1861340423000.000000,1752161688.750783,1861593670407.000000
1861507031000.000000,1752161688.767591,1861610477575.000000
1861540353000.000000,1752161688.784421,1861627307853.000000
1861573673000.000000,1752161688.934055,1861776942472.000000
1861606996000.000000,1752161688.956271,1861799157845.000000
1861740280000.000000,1752161689.089765,1861932652845.000000
1861773602000.000000,1752161689.106599,1861949485920.000000
1861806924000.000000,1752161689.123109,1861965995868.000000
1861906887000.000000,1752161689.271024,1862113911819.000000
1861940208000.000000,1752161689.287736,1862130622747.000000
1862073493000.000000,1752161689.304551,1862147437896.000000
1862106815000.000000,1752161689.552893,1862395780764.000000
1862140137000.000000,1752161689.569341,1862412227972.000000
1862240101000.000000,1752161689.585551,1862428437442.000000
1862273422000.000000,1752161689.601855,1862444740874.000000
1862340065000.000000,1752161689.618146,1862461032417.000000
1862539993000.000000,1752161689.820264,1862663152000.000000
1862573315000.000000,1752161689.848383,1862691269816.000000
1862606636000.000000,1752161689.943142,1862786029049.000000
1862639958000.000000,1752161689.960234,1862803121214.000000
1862673280000.000000,1752161689.977219,1862820105010.000000
1862773243000.000000,1752161690.120956,1862963844019.000000
1862806567000.000000,1752161690.137925,1862980812112.000000
1862906530000.000000,1752161690.165312,1863008199675.000000
1862939851000.000000,1752161690.305563,1863148450479.000000
1862973173000.000000,1752161690.332984,1863175870523.000000
1863073136000.000000,1752161690.354018,1863196903890.000000
1863106459000.000000,1752161690.381079,1863223966049.000000
1863139780000.000000,1752161690.575308,1863418195303.000000
1863306386000.000000,1752161690.596952,1863439839275.000000
1863339708000.000000,1752161690.624283,1863467169098.000000
1863373029000.000000,1752161690.731542,1863574430041.000000
1863406351000.000000,1752161690.779991,1863622878027.000000
1863539638000.000000,1752161690.893002,1863735889358.000000
1863572960000.000000,1752161690.909649,1863752535435.000000
1863606281000.000000,1752161690.932057,1863774951658.000000
1863706243000.000000,1752161691.046445,1863889332143.000000
1863739565000.000000,1752161691.083676,1863926563554.000000
1863872851000.000000,1752161691.238621,1864081508416.000000
1863906174000.000000,1752161691.255174,1864098061790.000000
1863939494000.000000,1752161691.277003,1864119889408.000000
1864006136000.000000,1752161691.304090,1864146975864.000000
1864072779000.000000,1752161691.416226,1864259113203.000000
1864239387000.000000,1752161691.536656,1864379543035.000000
1864272708000.000000,1752161691.553640,1864396527257.000000
1864306029000.000000,1752161691.570154,1864413041002.000000
1864339351000.000000,1752161691.687713,1864530600399.000000
1864372672000.000000,1752161691.720094,1864562981284.000000
1864505957000.000000,1752161691.842066,1864684953953.000000
1864539280000.000000,1752161691.859149,1864702036544.000000
1864572601000.000000,1752161691.876056,1864718942470.000000
1864639242000.000000,1752161691.892314,1864735201143.000000
1864672565000.000000,1752161692.065670,1864908557231.000000
1864839172000.000000,1752161692.082251,1864925138086.000000
1864872494000.000000,1752161692.173018,1865015905451.000000
1864905814000.000000,1752161692.189436,1865032322308.000000
1864939136000.000000,1752161692.211772,1865054658162.000000
1865005779000.000000,1752161692.344708,1865187595093.000000
1865039100000.000000,1752161692.367145,1865210032909.000000
1865139064000.000000,1752161692.388849,1865231736344.000000
1865172386000.000000,1752161692.560021,1865402908491.000000
1865205708000.000000,1752161692.576531,1865419417884.000000
1865305670000.000000,1752161692.592811,1865435697427.000000
1865338993000.000000,1752161692.759078,1865601965252.000000
1865372315000.000000,1752161692.775348,1865618234980.000000
1865505600000.000000,1752161692.797373,1865640260171.000000
1865538921000.000000,1752161692.813689,1865656575029.000000
1865605565000.000000,1752161693.026568,1865869455876.000000
1865738849000.000000,1752161693.043336,1865886222322.000000
1865772171000.000000,1752161693.060167,1865903053508.000000
1865805493000.000000,1752161693.076430,1865919316607.000000
1865838814000.000000,1752161693.230942,1866073829233.000000
1866005420000.000000,1752161693.247630,1866090516920.000000
1866038742000.000000,1752161693.375075,1866217962961.000000
1866072064000.000000,1752161693.402705,1866245591689.000000
1866105386000.000000,1752161693.424408,1866267294956.000000
1866205349000.000000,1752161693.537406,1866380293306.000000
1866238672000.000000,1752161693.559066,1866401952945.000000
1866338635000.000000,1752161693.590712,1866433599077.000000
1866371956000.000000,1752161693.752574,1866595462205.000000
1866405278000.000000,1752161693.769105,1866611991746.000000
1866505240000.000000,1752161693.800641,1866643526435.000000
1866538563000.000000,1752161693.817313,1866660199771.000000
1866571884000.000000,1752161693.988419,1866831307363.000000
1866738491000.000000,1752161694.010624,1866853511070.000000
1866771814000.000000,1752161694.022052,1866864938161.000000
1866805134000.000000,1752161694.172960,1867015847378.000000
1866838456000.000000,1752161694.190321,1867033208467.000000
1866971741000.000000,1752161694.201766,1867044652465.000000
1867005062000.000000,1752161694.365946,1867208833570.000000
1867038384000.000000,1752161694.377736,1867220622231.000000
1867138349000.000000,1752161694.394329,1867237216012.000000
1867171670000.000000,1752161694.552802,1867395689803.000000
1867204992000.000000,1752161694.580197,1867423084181.000000
1867338277000.000000,1752161694.596625,1867439511667.000000
1867371600000.000000,1752161694.756998,1867599885273.000000
1867404921000.000000,1752161694.778857,1867621743094.000000
1867504883000.000000,1752161694.795119,1867638004860.000000
1867538207000.000000,1752161694.811361,1867654246478.000000
1867571527000.000000,1752161694.915919,1867758806985.000000
1867738133000.000000,1752161694.999475,1867842362458.000000
1867771456000.000000,1752161695.016099,1867858985979.000000
1867804777000.000000,1752161695.115556,1867958443963.000000
1867838099000.000000,1752161695.142468,1867985354734.000000
1867871421000.000000,1752161695.165406,1868008292971.000000
1867938063000.000000,1752161695.292292,1868135179110.000000
1867971384000.000000,1752161695.319337,1868162224344.000000
1868071348000.000000,1752161695.336094,1868178980771.000000
1868104670000.000000,1752161695.460885,1868303771912.000000
1868137993000.000000,1752161695.488260,1868331146994.000000
1868237955000.000000,1752161695.505006,1868347891848.000000
1868271277000.000000,1752161695.654308,1868497195099.000000
1868304599000.000000,1752161695.675800,1868518687128.000000
1868404561000.000000,1752161695.692194,1868535080708.000000
1868437884000.000000,1752161695.708436,1868551322214.000000
1868471206000.000000,1752161695.873700,1868716586438.000000
1868637811000.000000,1752161695.885442,1868728329341.000000
1868671134000.000000,1752161695.996301,1868839187860.000000
1868704456000.000000,1752161696.012643,1868855529588.000000
1868737778000.000000,1752161696.029152,1868872038666.000000
1868837740000.000000,1752161696.220361,1869063247875.000000
1868871063000.000000,1752161696.237079,1869079965599.000000
1868971026000.000000,1752161696.258518,1869101403869.000000
1869004352000.000000,1752161696.274937,1869117823781.000000
1869037670000.000000,1752161696.441437,1869284324326.000000
1869204276000.000000,1752161696.478893,1869321780661.000000
1869237598000.000000,1752161696.495671,1869338558070.000000
1869270920000.000000,1752161696.582412,1869425299623.000000
1869304241000.000000,1752161696.599622,1869442508361.000000
1869404204000.000000,1752161696.752190,1869595077672.000000
1869437527000.000000,1752161696.768967,1869611853840.000000
1869470848000.000000,1752161696.785468,1869628354215.000000
1869570811000.000000,1752161696.920455,1869763342348.000000
1869604134000.000000,1752161696.937170,1869780057165.000000
1869704098000.000000,1752161696.953683,1869796570947.000000
1869737420000.000000,1752161697.124733,1869967620984.000000
1869770741000.000000,1752161697.141544,1869984430892.000000
1869870704000.000000,1752161697.168233,1870011120222.000000
1869904026000.000000,1752161697.195300,1870038186418.000000
1869937348000.000000,1752161697.340137,1870183025010.000000
1870137276000.000000,1752161697.362820,1870205707120.000000
1870170597000.000000,1752161697.473593,1870316480010.000000
1870203919000.000000,1752161697.489989,1870332876274.000000
1870237240000.000000,1752161697.511452,1870354339081.000000
1870303883000.000000,1752161697.650107,1870492995826.000000
1870337205000.000000,1752161697.666983,1870509869845.000000
1870437167000.000000,1752161697.678669,1870521556526.000000
1870470490000.000000,1752161697.838703,1870681589839.000000
1870503812000.000000,1752161697.866000,1870708886236.000000
1870603775000.000000,1752161697.892587,1870735473900.000000
1870637096000.000000,1752161697.997773,1870840660568.000000
1870670418000.000000,1752161698.024757,1870867643969.000000
1870803703000.000000,1752161698.046561,1870889448865.000000
1870837025000.000000,1752161698.202578,1871045465087.000000
1870870348000.000000,1752161698.224605,1871067492555.000000
1870970311000.000000,1752161698.246383,1871089269082.000000
1871003633000.000000,1752161698.262727,1871105612772.000000
1871036954000.000000,1752161698.460230,1871303117549.000000
1871170239000.000000,1752161698.482411,1871325298034.000000
1871203561000.000000,1752161698.504921,1871347808127.000000
1871236882000.000000,1752161698.602366,1871445253130.000000
1871303525000.000000,1752161698.614051,1871456937830.000000
1871436810000.000000,1752161698.776124,1871619010844.000000
1871470134000.000000,1752161698.792715,1871635600829.000000
1871503456000.000000,1752161698.809349,1871652236276.000000
1871536774000.000000,1752161698.821214,1871664101474.000000
1871636739000.000000,1752161698.989026,1871831913562.000000
1871736703000.000000,1752161699.005841,1871848727859.000000
1871770024000.000000,1752161699.022413,1871865300511.000000
1871803345000.000000,1752161699.134103,1871976990040.000000
1871836668000.000000,1752161699.155432,1871998318330.000000
1871936631000.000000,1752161699.172470,1872015356254.000000
1871969953000.000000,1752161699.348818,1872191705702.000000
1872003275000.000000,1752161699.365390,1872208277206.000000
1872103238000.000000,1752161699.387196,1872230082472.000000
1872136561000.000000,1752161699.403621,1872246506811.000000
1872169886000.000000,1752161699.562301,1872405188062.000000
1872336488000.000000,1752161699.578850,1872421736288.000000
1872369811000.000000,1752161699.605910,1872448797318.000000
1872403132000.000000,1752161699.750868,1872593755260.000000
1872436453000.000000,1752161699.768179,1872611066145.000000
1872569737000.000000,1752161699.917678,1872760565617.000000
1872603059000.000000,1752161699.934427,1872777312933.000000
1872636381000.000000,1752161699.950804,1872793691105.000000
1872736344000.000000,1752161700.080850,1872923737713.000000
1872769666000.000000,1752161700.092730,1872935616614.000000
1872869631000.000000,1752161700.114715,1872957602953.000000
1872902952000.000000,1752161700.280561,1873123448301.000000
1872936274000.000000,1752161700.292201,1873135088057.000000
1873036238000.000000,1752161700.319156,1873162042606.000000
1873069559000.000000,1752161700.469843,1873312730640.000000
1873102881000.000000,1752161700.486441,1873329327828.000000
1873236166000.000000,1752161700.507838,1873350724191.000000
1873269487000.000000,1752161700.524068,1873366953920.000000
1873302809000.000000,1752161700.714877,1873557764596.000000
1873469416000.000000,1752161700.731605,1873574491728.000000
1873502737000.000000,1752161700.838847,1873681735986.000000
1873536058000.000000,1752161700.856035,1873698922446.000000
1873569380000.000000,1752161700.872911,1873715798632.000000
1873669344000.000000,1752161701.054794,1873897681470.000000
1873702667000.000000,1752161701.071500,1873914385916.000000
1873802631000.000000,1752161701.083089,1873925975450.000000
1873835953000.000000,1752161701.104873,1873947759513.000000
1873869273000.000000,1752161701.283137,1874126025350.000000
1874035880000.000000,1752161701.300557,1874143443752.000000
1874069201000.000000,1752161701.317401,1874160288012.000000
1874102522000.000000,1752161701.430482,1874273369731.000000
1874135844000.000000,1752161701.452718,1874295605642.000000
1874235809000.000000,1752161701.474379,1874317265114.000000
1874269130000.000000,1752161701.619068,1874461955244.000000
1874302452000.000000,1752161701.636542,1874479429701.000000
1874435736000.000000,1752161701.742248,1874585135290.000000
1874469059000.000000,1752161701.775249,1874618135409.000000
1874502381000.000000,1752161701.791644,1874634530211.000000
1874569023000.000000,1752161701.897890,1874740776756.000000
1874602345000.000000,1752161701.914826,1874757713053.000000
1874702307000.000000,1752161701.936724,1874779609652.000000
1874735631000.000000,1752161702.059914,1874902800790.000000
1874768952000.000000,1752161702.076824,1874919710494.000000
1874902235000.000000,1752161702.230482,1875073369202.000000
1874935557000.000000,1752161702.242206,1875085091568.000000
1874968879000.000000,1752161702.258809,1875101695441.000000
1875002202000.000000,1752161702.280495,1875123381376.000000
1875068844000.000000,1752161702.445243,1875288130660.000000
1875202129000.000000,1752161702.467522,1875310407996.000000
1875235452000.000000,1752161702.483974,1875326861186.000000
1875268773000.000000,1752161702.577518,1875420405394.000000
1875302095000.000000,1752161702.589048,1875431934836.000000
1875402057000.000000,1752161702.758028,1875600914857.000000
1875435380000.000000,1752161702.779670,1875622556903.000000
1875468700000.000000,1752161702.796052,1875638938741.000000
1875535342000.000000,1752161702.975716,1875818603397.000000
1875568664000.000000,1752161702.992308,1875835194345.000000
1875701949000.000000,1752161703.008428,1875851314631.000000
1875735271000.000000,1752161703.035436,1875878322698.000000
1875768593000.000000,1752161703.212514,1876055401750.000000
1875968523000.000000,1752161703.229141,1876072028123.000000
1876001844000.000000,1752161703.245628,1876088514516.000000
1876035164000.000000,1752161703.368466,1876211353472.000000
1876068486000.000000,1752161703.385280,1876228167992.000000
1876168450000.000000,1752161703.402217,1876245103510.000000
1876201772000.000000,1752161703.551362,1876394249837.000000
1876235094000.000000,1752161703.583239,1876426126060.000000
1876335057000.000000,1752161703.600046,1876442933043.000000
1876368379000.000000,1752161703.714249,1876557137066.000000
1876401701000.000000,1752161703.731005,1876573891975.000000
1876534985000.000000,1752161703.826523,1876669410404.000000
1876568308000.000000,1752161703.858600,1876701487348.000000
1876601629000.000000,1752161703.880520,1876723406854.000000
1876668270000.000000,1752161704.045057,1876887944196.000000
1876701595000.000000,1752161704.062341,1876905228285.000000
1876801557000.000000,1752161704.084303,1876927189754.000000
1876834879000.000000,1752161704.189052,1877031940055.000000
1876868200000.000000,1752161704.205820,1877048706649.000000
1877001485000.000000,1752161704.320523,1877163410723.000000
1877034808000.000000,1752161704.347666,1877190552937.000000
1877068129000.000000,1752161704.364534,1877207420641.000000
1877134771000.000000,1752161704.499197,1877342084907.000000
1877168093000.000000,1752161704.526970,1877369856652.000000
1877301378000.000000,1752161704.543588,1877386474877.000000
1877334700000.000000,1752161704.672785,1877515672067.000000
1877368021000.000000,1752161704.689607,1877532494179.000000
1877467985000.000000,1752161704.706257,1877549143682.000000
1877501307000.000000,1752161704.834948,1877677835081.000000
1877534629000.000000,1752161704.851492,1877694379084.000000
1877634592000.000000,1752161704.873289,1877716175536.000000
1877667915000.000000,1752161705.012279,1877855166963.000000
1877701236000.000000,1752161705.034130,1877877016211.000000
1877801199000.000000,1752161705.050632,1877893518511.000000
1877834521000.000000,1752161705.195172,1878038059273.000000
1877867844000.000000,1752161705.201829,1878044715503.000000
1877967806000.000000,1752161705.218536,1878061423654.000000
1878001129000.000000,1752161705.325677,1878168564894.000000
1878034450000.000000,1752161705.337249,1878180135817.000000
1878134413000.000000,1752161705.448985,1878291872939.000000
1878167735000.000000,1752161705.475977,1878318864266.000000
1878201058000.000000,1752161705.498214,1878341100176.000000
1878267699000.000000,1752161705.619097,1878461984559.000000
1878301022000.000000,1752161705.641604,1878484498337.000000
1878400985000.000000,1752161705.658540,1878501426430.000000
1878434306000.000000,1752161705.819079,1878661966626.000000
1878467629000.000000,1752161705.840697,1878683583339.000000
1878567591000.000000,1752161705.862924,1878705810528.000000
1878634234000.000000,1752161705.972054,1878814940915.000000
1878667557000.000000,1752161705.988960,1878831847138.000000
1878767520000.000000,1752161706.000410,1878843296581.000000
1878800842000.000000,1752161706.201806,1879044693374.000000
1878834164000.000000,1752161706.218304,1879061191064.000000
1878934126000.000000,1752161706.234802,1879077688642.000000
1878967449000.000000,1752161706.251376,1879094262478.000000
1879034090000.000000,1752161706.382367,1879225253929.000000
1879200697000.000000,1752161706.570559,1879413446093.000000
1879234020000.000000,1752161706.592639,1879435526709.000000
1879267341000.000000,1752161706.608809,1879451694790.000000
1879300664000.000000,1752161706.635647,1879478533452.000000
1879400626000.000000,1752161706.823239,1879666125937.000000
1879567233000.000000,1752161706.840106,1879682991938.000000
1879600556000.000000,1752161706.867023,1879709909710.000000
1879633877000.000000,1752161706.981105,1879823992808.000000
1879667200000.000000,1752161707.002771,1879845657632.000000
1879800484000.000000,1752161707.114741,1879957628306.000000
1879833806000.000000,1752161707.126515,1879969402412.000000
1879867128000.000000,1752161707.153763,1879996649625.000000
1879933770000.000000,1752161707.298233,1880141120369.000000
1879967092000.000000,1752161707.310147,1880153033511.000000
1880067056000.000000,1752161707.326964,1880169850549.000000
1880100377000.000000,1752161707.444612,1880287499834.000000
1880167019000.000000,1752161707.462225,1880305112198.000000
1880233661000.000000,1752161707.484416,1880327303183.000000
1880266984000.000000,1752161707.608284,1880451171722.000000
1880300306000.000000,1752161707.625337,1880468224998.000000
1880400269000.000000,1752161707.642122,1880485008925.000000
1880433591000.000000,1752161707.778049,1880620937253.000000
1880466913000.000000,1752161707.789745,1880632632360.000000
1880566876000.000000,1752161707.801408,1880644293671.000000
1880600197000.000000,1752161707.911732,1880754619603.000000
1880633520000.000000,1752161707.923427,1880766313969.000000
1880733483000.000000,1752161708.034454,1880877341690.000000
1880766805000.000000,1752161708.051118,1880894004692.000000
1880800126000.000000,1752161708.078219,1880921106462.000000
1880833447000.000000,1752161708.201447,1881044334711.000000
1880900091000.000000,1752161708.223440,1881066327217.000000
1881000055000.000000,1752161708.239427,1881082313004.000000
1881033377000.000000,1752161708.385293,1881228179771.000000
1881066698000.000000,1752161708.396940,1881239826119.000000
1881166662000.000000,1752161708.413548,1881256435196.000000
1881199983000.000000,1752161708.578354,1881421241943.000000
1881233305000.000000,1752161708.595483,1881438369867.000000
1881333269000.000000,1752161708.607301,1881450187769.000000
1881366590000.000000,1752161708.697299,1881540187104.000000
1881399912000.000000,1752161708.719563,1881562449403.000000
1881533197000.000000,1752161708.836587,1881679475102.000000
1881566519000.000000,1752161708.848186,1881691073210.000000
1881599847000.000000,1752161708.865138,1881708025043.000000
1881666483000.000000,1752161709.061004,1881903891225.000000
1881699806000.000000,1752161709.072793,1881915679035.000000
1881799767000.000000,1752161709.100154,1881943041247.000000
1881833090000.000000,1752161709.122184,1881965070455.000000
1881866412000.000000,1752161709.285685,1882128571882.000000
1882066339000.000000,1752161709.297308,1882140193860.000000
1882099663000.000000,1752161709.387440,1882230327602.000000
1882132983000.000000,1752161709.404195,1882247081640.000000
1882166304000.000000,1752161709.511730,1882354617507.000000
1882199625000.000000,1752161709.533219,1882376105943.000000
1882266269000.000000,1752161709.565707,1882408594179.000000
1882366234000.000000,1752161709.732604,1882575491386.000000
1882399555000.000000,1752161709.755149,1882598035349.000000
1882499518000.000000,1752161709.771688,1882614574390.000000
1882532840000.000000,1752161709.907309,1882750196498.000000
1882566161000.000000,1752161709.924447,1882767333774.000000
1882699445000.000000,1752161709.935827,1882778712773.000000
1882732767000.000000,1752161710.093441,1882936328646.000000
1882766090000.000000,1752161710.110204,1882953091018.000000
1882866054000.000000,1752161710.131793,1882974679768.000000
1882899375000.000000,1752161710.241100,1883083987006.000000
1882932697000.000000,1752161710.263040,1883105926938.000000
1883065981000.000000,1752161710.385277,1883228163308.000000
1883099303000.000000,1752161710.412218,1883255105061.000000
1883132624000.000000,1752161710.434109,1883276995253.000000
1883165946000.000000,1752161710.542491,1883385379074.000000
1883232589000.000000,1752161710.549080,1883391966528.000000
1883365874000.000000,1752161710.672646,1883515533755.000000
1883399196000.000000,1752161710.690417,1883533303580.000000
1883432517000.000000,1752161710.792309,1883635196687.000000
1883465838000.000000,1752161710.808748,1883651635099.000000
1883499160000.000000,1752161710.830452,1883673338700.000000
1883632444000.000000,1752161710.982063,1883824950077.000000
1883665767000.000000,1752161710.998800,1883841686597.000000
1883799053000.000000,1752161711.137333,1883980220158.000000
1883832373000.000000,1752161711.159780,1884002666808.000000
1883865696000.000000,1752161711.176025,1884018910907.000000
1883965659000.000000,1752161711.283259,1884126146702.000000
1883998981000.000000,1752161711.310705,1884153591821.000000
1884098944000.000000,1752161711.407248,1884250135092.000000
1884132267000.000000,1752161711.423858,1884266744947.000000
1884165588000.000000,1752161711.445272,1884288159569.000000
1884265553000.000000,1752161711.610519,1884453406960.000000
1884298875000.000000,1752161711.622478,1884465365546.000000
1884398837000.000000,1752161711.639117,1884482002789.000000
1884432160000.000000,1752161711.741378,1884584265059.000000
1884465482000.000000,1752161711.759027,1884601913126.000000
1884565444000.000000,1752161711.890016,1884732903003.000000
1884598767000.000000,1752161711.907185,1884750072537.000000
1884632089000.000000,1752161711.923743,1884766629393.000000
1884698730000.000000,1752161712.077519,1884920407155.000000
1884732053000.000000,1752161712.105157,1884948043402.000000
1884865338000.000000,1752161712.137629,1884980515508.000000
1884898660000.000000,1752161712.268157,1885111044574.000000
1884931981000.000000,1752161712.284775,1885127662373.000000
1885065266000.000000,1752161712.306705,1885149591823.000000
1885098588000.000000,1752161712.435298,1885278185594.000000
1885131910000.000000,1752161712.451886,1885294773523.000000
1885265194000.000000,1752161712.605892,1885448778580.000000
1885298517000.000000,1752161712.622793,1885465679450.000000
1885331838000.000000,1752161712.634299,1885477184911.000000
1885398481000.000000,1752161712.790318,1885633205392.000000
1885431803000.000000,1752161712.807004,1885649890543.000000
1885531767000.000000,1752161712.823745,1885666631489.000000
1885565088000.000000,1752161712.959068,1885801955322.000000
1885598409000.000000,1752161712.975934,1885818820841.000000
1885731694000.000000,1752161712.992766,1885835653528.000000
1885765016000.000000,1752161713.099996,1885942883582.000000
1885798338000.000000,1752161713.121995,1885964881921.000000
1885931623000.000000,1752161713.237478,1886080371376.000000
1885964946000.000000,1752161713.249341,1886092228092.000000
1885998266000.000000,1752161713.271597,1886114484206.000000
1886064908000.000000,1752161713.427367,1886270254172.000000
1886098231000.000000,1752161713.444163,1886287049303.000000
1886198194000.000000,1752161713.461205,1886304091968.000000
1886231516000.000000,1752161713.586817,1886429704601.000000
1886264837000.000000,1752161713.603323,1886446209827.000000
1886364801000.000000,1752161713.619918,1886462804590.000000
1886398123000.000000,1752161713.745718,1886588604776.000000
1886431445000.000000,1752161713.768035,1886610922075.000000
1886564730000.000000,1752161713.894879,1886737766066.000000
1886598053000.000000,1752161713.911467,1886754354032.000000
1886631373000.000000,1752161713.933257,1886776143040.000000
1886731337000.000000,1752161714.068292,1886911179913.000000
1886764659000.000000,1752161714.095631,1886938517477.000000
1886897944000.000000,1752161714.215561,1887058449370.000000
1886931266000.000000,1752161714.232128,1887075014133.000000
1886964587000.000000,1752161714.254359,1887097246025.000000
1887031230000.000000,1752161714.428174,1887271061664.000000
1887064552000.000000,1752161714.439800,1887282686290.000000
1887197837000.000000,1752161714.461946,1887304833406.000000
1887231158000.000000,1752161714.604790,1887447677072.000000
1887264480000.000000,1752161714.621387,1887464274261.000000
1887364443000.000000,1752161714.659720,1887502606346.000000
1887397766000.000000,1752161714.676026,1887518911556.000000
1887431087000.000000,1752161714.883284,1887726171681.000000
1887597694000.000000,1752161714.905164,1887748050502.000000
1887631015000.000000,1752161714.927007,1887769900546.000000
1887664337000.000000,1752161715.113703,1887956590040.000000
1887697659000.000000,1752161715.125410,1887968297129.000000
1887864264000.000000,1752161715.146928,1887989815046.000000
1887897586000.000000,1752161715.174160,1888017046630.000000
1887930908000.000000,1752161715.379927,1888222814121.000000
1888097513000.000000,1752161715.401474,1888244360576.000000
1888130836000.000000,1752161715.518790,1888361676994.000000
1888164158000.000000,1752161715.540563,1888383450594.000000
1888197479000.000000,1752161715.557103,1888399989598.000000
1888364086000.000000,1752161715.719886,1888562773031.000000
1888397408000.000000,1752161715.741656,1888584543483.000000
1888497370000.000000,1752161715.763937,1888606823931.000000
1888530693000.000000,1752161715.859166,1888702052881.000000
1888564016000.000000,1752161715.875860,1888718747402.000000
1888697299000.000000,1752161716.063889,1888906776753.000000
1888730623000.000000,1752161716.080417,1888923303609.000000
1888763944000.000000,1752161716.102847,1888945734240.000000
1888863906000.000000,1752161716.129723,1888972608975.000000
1888897229000.000000,1752161716.266294,1889109181352.000000
1889063834000.000000,1752161716.282892,1889125779355.000000
1889097157000.000000,1752161716.421223,1889264110381.000000
1889130479000.000000,1752161716.437536,1889280421795.000000
1889163800000.000000,1752161716.454168,1889297054242.000000
1889197121000.000000,1752161716.465673,1889308558758.000000
1889263763000.000000,1752161716.626671,1889469557894.000000
1889397048000.000000,1752161716.638314,1889481199965.000000
1889430371000.000000,1752161716.773115,1889616022562.000000
1889463693000.000000,1752161716.794912,1889637798255.000000
1889497015000.000000,1752161716.821908,1889664795063.000000
1889563656000.000000,1752161716.838648,1889681534102.000000
1889630300000.000000,1752161716.998945,1889841833041.000000
1889763585000.000000,1752161717.015997,1889858883948.000000
1889796907000.000000,1752161717.173309,1890016196805.000000
1889830228000.000000,1752161717.200685,1890043571832.000000
1889863550000.000000,1752161717.222402,1890065287988.000000
1889996834000.000000,1752161717.347428,1890190315701.000000
1890030156000.000000,1752161717.374712,1890217599210.000000
1890130121000.000000,1752161717.391721,1890234608339.000000
1890163442000.000000,1752161717.544569,1890387456351.000000
1890196764000.000000,1752161717.556309,1890399195902.000000
1890330049000.000000,1752161717.572477,1890415364539.000000
1890363371000.000000,1752161717.704740,1890547627699.000000
1890396692000.000000,1752161717.727529,1890570416012.000000
1890529976000.000000,1752161717.853192,1890696080144.000000
1890563299000.000000,1752161717.870035,1890712921386.000000
1890596620000.000000,1752161717.882157,1890725044026.000000
1890663262000.000000,1752161718.068223,1890911109618.000000
1890696585000.000000,1752161718.105738,1890948624156.000000
1890796549000.000000,1752161718.122088,1890964974051.000000
1890829870000.000000,1752161718.138394,1890981280538.000000
1890863191000.000000,1752161718.154685,1890997571118.000000
1891096441000.000000,1752161718.325579,1891168466990.000000
1891129763000.000000,1752161718.491540,1891334427837.000000
1891163085000.000000,1752161718.528421,1891371307159.000000
1891196406000.000000,1752161718.555101,1891397987192.000000
1891229726000.000000,1752161718.571390,1891414276773.000000
1891296369000.000000,1752161718.717991,1891560878236.000000
1891496298000.000000,1752161718.745366,1891588252966.000000
1891529620000.000000,1752161718.852127,1891695014210.000000
1891562942000.000000,1752161718.873747,1891716634738.000000
1891596263000.000000,1752161718.890390,1891733276685.000000
1891696226000.000000,1752161719.049969,1891892856724.000000
1891729549000.000000,1752161719.071745,1891914631732.000000
1891829511000.000000,1752161719.088126,1891931012848.000000
1891862834000.000000,1752161719.245303,1892088190096.000000
1891896157000.000000,1752161719.262081,1892104968098.000000
1891996118000.000000,1752161719.278471,1892121357436.000000
1892029441000.000000,1752161719.294853,1892137739756.000000
1892062763000.000000,1752161719.446156,1892289043736.000000
1892229368000.000000,1752161719.457730,1892300615805.000000
1892262691000.000000,1752161719.586642,1892429529731.000000
1892296013000.000000,1752161719.608354,1892451241643.000000
1892329334000.000000,1752161719.630006,1892472892110.000000
1892395976000.000000,1752161719.732182,1892575069213.000000
1892429299000.000000,1752161719.753775,1892596662144.000000
1892562583000.000000,1752161719.870689,1892713577784.000000
1892595905000.000000,1752161719.887284,1892730170506.000000
1892629226000.000000,1752161719.898869,1892741754445.000000
1892695869000.000000,1752161720.022575,1892865462332.000000
1892729190000.000000,1752161720.060951,1892903838335.000000
1892829154000.000000,1752161720.077368,1892920254003.000000
1892862476000.000000,1752161720.150001,1892992888088.000000
1892895798000.000000,1752161720.194312,1893037199772.000000
1892995761000.000000,1752161720.305568,1893148455173.000000
1893029083000.000000,1752161720.328221,1893171107908.000000
1893062404000.000000,1752161720.349817,1893192703820.000000
1893129046000.000000,1752161720.567889,1893410776740.000000
1893162368000.000000,1752161720.584299,1893427185038.000000
1893262331000.000000,1752161720.600569,1893443455986.000000
1893295654000.000000,1752161720.616883,1893459769933.000000
1893362295000.000000,1752161720.633247,1893476133398.000000
1893562225000.000000,1752161720.810848,1893653735742.000000
1893595547000.000000,1752161720.972590,1893815477098.000000
1893628868000.000000,1752161720.989208,1893832094765.000000
1893662190000.000000,1752161721.005715,1893848601914.000000
1893695510000.000000,1752161721.022197,1893865084711.000000
1893828797000.000000,1752161721.187795,1894030682880.000000
1893928760000.000000,1752161721.200271,1894043157495.000000
1893962081000.000000,1752161721.217911,1894060797318.000000
1893995404000.000000,1752161721.411928,1894254815350.000000
1894028725000.000000,1752161721.428645,1894271531774.000000
1894128688000.000000,1752161721.455497,1894298383078.000000
1894195331000.000000,1752161721.602767,1894445654154.000000
1894228653000.000000,1752161721.619915,1894462802519.000000
1894361938000.000000,1752161721.641681,1894484567837.000000
1894395259000.000000,1752161721.658421,1894501306835.000000
1894428580000.000000,1752161721.852708,1894695595531.000000
1894561866000.000000,1752161721.869498,1894712384029.000000
1894595187000.000000,1752161721.891072,1894733958793.000000
1894628509000.000000,1752161722.010875,1894853762348.000000
1894661831000.000000,1752161722.027658,1894870545384.000000
1894828437000.000000,1752161722.187921,1895030808643.000000
1894861759000.000000,1752161722.220154,1895063040912.000000
1894895082000.000000,1752161722.247162,1895090047974.000000
1894961724000.000000,1752161722.268619,1895111505295.000000
1895028365000.000000,1752161722.401992,1895244879844.000000
1895194973000.000000,1752161722.418665,1895261551139.000000
1895228294000.000000,1752161722.537963,1895380850384.000000
1895261617000.000000,1752161722.555658,1895398544762.000000
1895294938000.000000,1752161722.577726,1895420612485.000000
1895361580000.000000,1752161722.717418,1895560305562.000000
1895394902000.000000,1752161722.739319,1895582206972.000000
1895494865000.000000,1752161722.755994,1895598881415.000000
1895528187000.000000,1752161722.897167,1895740054404.000000
1895561509000.000000,1752161722.924294,1895767181002.000000
1895661472000.000000,1752161722.946173,1895789059874.000000
1895694794000.000000,1752161723.103616,1895946504940.000000
1895728115000.000000,1752161723.125749,1895968635977.000000
1895861401000.000000,1752161723.152142,1895995027934.000000
1895894723000.000000,1752161723.168546,1896011432473.000000
1895928045000.000000,1752161723.315221,1896158108332.000000
1896094652000.000000,1752161723.326838,1896169724586.000000
1896127973000.000000,1752161723.470977,1896313864544.000000
1896161295000.000000,1752161723.482941,1896325827832.000000
1896194617000.000000,1752161723.504681,1896347567317.000000
1896261259000.000000,1752161723.521108,1896363994615.000000
1896294581000.000000,1752161723.682458,1896525345752.000000
1896461188000.000000,1752161723.704168,1896547055664.000000
1896494507000.000000,1752161723.805617,1896648504422.000000
1896527830000.000000,1752161723.822176,1896665063255.000000
1896561151000.000000,1752161723.838476,1896681362721.000000
1896627794000.000000,1752161723.935599,1896778487690.000000
1896661115000.000000,1752161723.962708,1896805594917.000000
1896761079000.000000,1752161724.104680,1896947567490.000000
1896794402000.000000,1752161724.126953,1896969840452.000000
1896827724000.000000,1752161724.149028,1896991915248.000000
1896927687000.000000,1752161724.267133,1897110020580.000000
1896961007000.000000,1752161724.283884,1897126770837.000000
1897060972000.000000,1752161724.305087,1897147974272.000000
1897094294000.000000,1752161724.386545,1897229433065.000000
1897127615000.000000,1752161724.408821,1897251707822.000000
1897227579000.000000,1752161724.517788,1897360675283.000000
1897260901000.000000,1752161724.534597,1897377483706.000000
1897294222000.000000,1752161724.635897,1897478784651.000000
1897360865000.000000,1752161724.653150,1897496036626.000000
1897394186000.000000,1752161724.669844,1897512732199.000000
1897460827000.000000,1752161724.728556,1897571443683.000000
1897494150000.000000,1752161724.730050,1897572935353.000000
