Sensor Timestamp (ns), time.time(), time.perf_counter_ns()
2766142302000.000000,1752162593.326915,2766169805018.000000
2766175624000.000000,1752162593.360565,2766203452936.000000
2766208947000.000000,1752162593.395655,2766238543653.000000
2766242267000.000000,1752162593.426906,2766269794096.000000
2766275590000.000000,1752162593.460046,2766302934426.000000
2766308912000.000000,1752162593.493611,2766336499641.000000
2766342233000.000000,1752162593.526477,2766369365381.000000
2766375552000.000000,1752162593.559783,2766402671636.000000
2766408874000.000000,1752162593.593187,2766436074779.000000
2766442195000.000000,1752162593.626405,2766469292849.000000
2766475517000.000000,1752162593.659939,2766502825749.000000
2766508839000.000000,1752162593.695347,2766538234279.000000
2766542159000.000000,1752162593.726533,2766569420259.000000
2766575482000.000000,1752162593.760044,2766602931567.000000
2766608804000.000000,1752162593.793315,2766636202192.000000
2766642126000.000000,1752162593.826854,2766669741778.000000
2766675447000.000000,1752162593.860130,2766703016885.000000
2766708770000.000000,1752162593.893049,2766735936125.000000
2766742089000.000000,1752162593.926423,2766769309490.000000
2766775413000.000000,1752162593.960005,2766802892278.000000
2766808733000.000000,1752162593.993208,2766836095071.000000
2766842054000.000000,1752162594.027237,2766870125022.000000
2766875376000.000000,1752162594.059951,2766902838116.000000
2766908697000.000000,1752162594.093255,2766936141963.000000
2766942020000.000000,1752162594.126365,2766969252812.000000
2766975340000.000000,1752162594.159809,2767002696955.000000
2767008660000.000000,1752162594.192891,2767035777804.000000
2767041983000.000000,1752162594.226277,2767069164002.000000
2767075307000.000000,1752162594.259504,2767102391072.000000
2767108624000.000000,1752162594.293038,2767135924954.000000
2767141947000.000000,1752162594.326183,2767169070618.000000
2767175270000.000000,1752162594.360175,2767203062718.000000
2767208590000.000000,1752162594.393050,2767235937606.000000
2767241912000.000000,1752162594.426400,2767269287286.000000
2767275233000.000000,1752162594.459653,2767302539801.000000
2767308554000.000000,1752162594.492952,2767335838518.000000
2767341877000.000000,1752162594.526292,2767369178902.000000
2767375196000.000000,1752162594.559674,2767402561434.000000
2767408518000.000000,1752162594.592871,2767435757912.000000
2767441841000.000000,1752162594.626209,2767469096351.000000
2767475162000.000000,1752162594.659504,2767502390884.000000
2767508482000.000000,1752162594.692822,2767535709527.000000
2767541804000.000000,1752162594.726224,2767569111651.000000
2767575126000.000000,1752162594.759439,2767602326147.000000
2767608447000.000000,1752162594.792822,2767635709216.000000
2767641770000.000000,1752162594.826303,2767669189339.000000
2767675090000.000000,1752162594.859277,2767702164190.000000
2767708410000.000000,1752162594.892633,2767735519999.000000
2767741733000.000000,1752162594.927958,2767770845419.000000
2767775053000.000000,1752162594.959442,2767802328840.000000
2767808375000.000000,1752162594.992537,2767835424374.000000
2767841697000.000000,1752162595.026020,2767868907035.000000
2767875019000.000000,1752162595.059283,2767902170438.000000
2767908340000.000000,1752162595.092597,2767935483822.000000
2767941662000.000000,1752162595.125925,2767968812688.000000
2767974983000.000000,1752162595.159348,2768002234978.000000
2768008306000.000000,1752162595.192645,2768035532788.000000
2768041627000.000000,1752162595.226849,2768069736552.000000
2768074947000.000000,1752162595.260092,2768102979493.000000
2768108268000.000000,1752162595.292442,2768135329220.000000
2768141589000.000000,1752162595.325751,2768168637400.000000
2768174910000.000000,1752162595.359121,2768202008766.000000
2768208233000.000000,1752162595.392447,2768235334279.000000
2768241556000.000000,1752162595.425792,2768268679496.000000
2768274878000.000000,1752162595.459114,2768302001288.000000
2768308197000.000000,1752162595.492461,2768335347709.000000
2768341518000.000000,1752162595.525768,2768368655204.000000
2768374840000.000000,1752162595.559071,2768401958273.000000
2768408161000.000000,1752162595.592370,2768435257028.000000
2768441484000.000000,1752162595.625633,2768468520228.000000
2768474804000.000000,1752162595.659029,2768501915963.000000
2768508127000.000000,1752162595.692343,2768535230365.000000
2768541447000.000000,1752162595.725701,2768568588120.000000
2768574768000.000000,1752162595.759059,2768601946429.000000
2768608090000.000000,1752162595.792216,2768635103722.000000
2768641410000.000000,1752162595.825543,2768668430625.000000
2768674732000.000000,1752162595.858968,2768701854841.000000
2768708055000.000000,1752162595.892267,2768735154892.000000
2768741375000.000000,1752162595.925609,2768768496165.000000
2768774697000.000000,1752162595.958924,2768801810679.000000
2768808021000.000000,1752162595.992207,2768835093897.000000
2768841340000.000000,1752162596.025567,2768868454188.000000
2768874662000.000000,1752162596.058892,2768901778849.000000
2768907983000.000000,1752162596.092198,2768935085845.000000
2768941304000.000000,1752162596.125549,2768968435784.000000
2768974626000.000000,1752162596.159053,2769001939815.000000
2769007949000.000000,1752162596.192166,2769035053553.000000
2769041269000.000000,1752162596.225528,2769068415584.000000
2769074590000.000000,1752162596.258822,2769101708672.000000
2769107911000.000000,1752162596.292040,2769134927817.000000
2769141231000.000000,1752162596.325370,2769168256812.000000
2769174553000.000000,1752162596.358816,2769201702898.000000
2769207879000.000000,1752162596.392068,2769234955357.000000
2769241197000.000000,1752162596.425411,2769268297630.000000
2769274518000.000000,1752162596.460701,2769303588513.000000
2769307840000.000000,1752162596.492061,2769334948417.000000
2769341161000.000000,1752162596.525295,2769368181672.000000
2769374482000.000000,1752162596.558771,2769401658351.000000
2769407806000.000000,1752162596.592046,2769434933124.000000
2769441126000.000000,1752162596.625369,2769468256379.000000
2769474448000.000000,1752162596.658685,2769501571615.000000
2769507769000.000000,1752162596.691971,2769534857592.000000
2769541091000.000000,1752162596.725320,2769568207772.000000
2769574411000.000000,1752162596.759744,2769602631608.000000
2769607733000.000000,1752162596.791915,2769634802170.000000
2769641055000.000000,1752162596.825275,2769668162480.000000
2769674376000.000000,1752162596.858502,2769701389661.000000
2769707696000.000000,1752162596.892055,2769734941784.000000
2769741018000.000000,1752162596.925231,2769768118576.000000
2769774340000.000000,1752162596.958646,2769801533589.000000
2769807662000.000000,1752162596.991844,2769834731289.000000
2769840983000.000000,1752162597.025228,2769868115025.000000
2769874304000.000000,1752162597.058530,2769901417557.000000
2769907624000.000000,1752162597.141571,2769984458029.000000
2769940945000.000000,1752162597.158156,2770001042879.000000
2769974268000.000000,1752162597.295728,2770138614798.000000
2770007590000.000000,1752162597.323203,2770166090056.000000
2770040910000.000000,1752162597.344167,2770187052566.000000
2770074231000.000000,1752162597.447314,2770290201316.000000
2770107553000.000000,1752162597.458804,2770301690514.000000
2770274160000.000000,1752162597.618072,2770460960027.000000
2770307483000.000000,1752162597.635078,2770477965669.000000
2770340803000.000000,1752162597.651703,2770494589075.000000
2770374123000.000000,1752162597.667984,2770510870391.000000
2770440767000.000000,1752162597.790725,2770633612294.000000
2770574053000.000000,1752162597.834129,2770677016075.000000
2770607375000.000000,1752162597.986945,2770829833062.000000
2770640695000.000000,1752162598.003973,2770846860352.000000
2770674016000.000000,1752162598.025561,2770868446985.000000
2770773979000.000000,1752162598.046964,2770889851378.000000
2770807302000.000000,1752162598.209490,2771052377525.000000
2770973910000.000000,1752162598.226547,2771069433778.000000
2771007230000.000000,1752162598.340021,2771182908682.000000
2771040552000.000000,1752162598.356213,2771199100000.000000
2771073874000.000000,1752162598.389369,2771232256237.000000
2771173838000.000000,1752162598.507935,2771350821978.000000
2771207159000.000000,1752162598.530023,2771372910236.000000
2771340445000.000000,1752162598.653532,2771496420742.000000
2771373767000.000000,1752162598.670376,2771513262774.000000
2771407091000.000000,1752162598.686881,2771529767903.000000
2771473730000.000000,1752162598.856030,2771698918779.000000
2771507053000.000000,1752162598.872642,2771715529018.000000
2771607017000.000000,1752162598.894119,2771737005745.000000
2771640339000.000000,1752162598.915606,2771758494045.000000
2771673658000.000000,1752162599.095430,2771938317813.000000
2771840267000.000000,1752162599.102655,2771945542240.000000
2771873588000.000000,1752162599.211227,2772054115786.000000
2771906910000.000000,1752162599.228293,2772071181650.000000
2771940232000.000000,1752162599.251098,2772093987548.000000
2772040197000.000000,1752162599.414497,2772257384131.000000
2772073520000.000000,1752162599.431039,2772273926037.000000
2772206802000.000000,1752162599.447337,2772290223520.000000
2772240124000.000000,1752162599.620702,2772463589538.000000
2772273446000.000000,1752162599.647892,2772490778984.000000
2772373410000.000000,1752162599.674507,2772517393881.000000
2772406732000.000000,1752162599.695945,2772538830886.000000
2772440053000.000000,1752162599.864889,2772707776338.000000
2772639981000.000000,1752162599.892135,2772735021932.000000
2772673303000.000000,1752162600.012228,2772855115361.000000
2772706625000.000000,1752162600.029401,2772872288242.000000
2772739947000.000000,1752162600.040705,2772883591554.000000
2772806588000.000000,1752162600.057060,2772899946295.000000
2772839911000.000000,1752162600.201012,2773043899353.000000
2772973195000.000000,1752162600.217424,2773060311353.000000
2773006517000.000000,1752162600.244370,2773087256542.000000
2773039839000.000000,1752162600.390657,2773233545336.000000
2773073161000.000000,1752162600.412714,2773255600204.000000
2773173124000.000000,1752162600.424325,2773267212438.000000
2773206447000.000000,1752162600.546082,2773388968610.000000
2773239768000.000000,1752162600.562871,2773405757773.000000
2773373053000.000000,1752162600.664703,2773507590407.000000
2773406380000.000000,1752162600.681309,2773524195997.000000
2773439697000.000000,1752162600.703426,2773546312328.000000
2773506339000.000000,1752162600.893548,2773736435788.000000
2773539661000.000000,1752162600.920926,2773763812955.000000
2773639624000.000000,1752162600.937331,2773780217325.000000
2773672946000.000000,1752162600.953695,2773796581011.000000
2773706268000.000000,1752162601.109462,2773952349115.000000
2773872874000.000000,1752162601.126438,2773969325184.000000
2773906196000.000000,1752162601.148439,2773991325720.000000
2773939517000.000000,1752162601.274883,2774117769603.000000
2773972839000.000000,1752162601.291675,2774134561952.000000
2774072802000.000000,1752162601.318537,2774161424753.000000
2774106124000.000000,1752162601.478044,2774320931079.000000
2774139447000.000000,1752162601.494929,2774337816204.000000
2774272731000.000000,1752162601.511542,2774354429183.000000
2774306054000.000000,1752162601.655368,2774498255983.000000
2774339376000.000000,1752162601.676949,2774519836079.000000
2774439338000.000000,1752162601.693523,2774536409522.000000
2774472661000.000000,1752162601.900195,2774743082184.000000
2774505982000.000000,1752162601.916955,2774759841588.000000
2774605944000.000000,1752162601.933383,2774776268810.000000
2774639267000.000000,1752162601.959776,2774802662635.000000
2774705909000.000000,1752162602.154093,2774996980811.000000
2774872516000.000000,1752162602.170998,2775013886195.000000
2774905839000.000000,1752162602.187242,2775030129086.000000
2774972481000.000000,1752162602.339645,2775182532298.000000
2775005810000.000000,1752162602.356325,2775199212462.000000
2775105767000.000000,1752162602.373226,2775216112513.000000
2775139089000.000000,1752162602.389884,2775232770270.000000
2775172410000.000000,1752162602.578399,2775421286172.000000
2775305695000.000000,1752162602.600468,2775443354837.000000
2775339018000.000000,1752162602.616916,2775459803966.000000
2775405660000.000000,1752162602.751961,2775594849225.000000
2775438981000.000000,1752162602.773887,2775616773947.000000
2775538945000.000000,1752162602.785564,2775628452736.000000
2775572267000.000000,1752162602.947602,2775790489240.000000
2775605589000.000000,1752162602.969984,2775812871402.000000
2775705552000.000000,1752162602.986432,2775829319142.000000
2775738874000.000000,1752162603.012959,2775855846540.000000
2775772196000.000000,1752162603.142697,2775985584260.000000
2775938802000.000000,1752162603.164902,2776007789164.000000
2775972124000.000000,1752162603.308235,2776151122080.000000
2776005445000.000000,1752162603.324584,2776167471766.000000
2776038767000.000000,1752162603.340699,2776183586251.000000
2776138732000.000000,1752162603.426844,2776269730599.000000
2776172053000.000000,1752162603.443407,2776286293394.000000
2776272019000.000000,1752162603.610036,2776452922814.000000
2776305339000.000000,1752162603.652533,2776495421049.000000
2776338661000.000000,1752162603.674024,2776516910257.000000
2776405303000.000000,1752162603.695702,2776538588204.000000
2776438625000.000000,1752162603.898071,2776740958132.000000
2776605232000.000000,1752162603.936045,2776778931932.000000
2776638553000.000000,1752162603.957518,2776800404399.000000
2776671875000.000000,1752162604.074985,2776917872318.000000
2776705196000.000000,1752162604.097114,2776940015686.000000
2776871802000.000000,1752162604.124313,2776967200391.000000
2776905124000.000000,1752162604.317145,2777160032898.000000
2776938445000.000000,1752162604.333888,2777176774339.000000
2777038410000.000000,1752162604.350143,2777193029378.000000
2777071731000.000000,1752162604.361655,2777204541446.000000
2777105052000.000000,1752162604.363183,2777206069282.000000
2777271659000.000000,1752162604.565764,2777408651652.000000
2777304982000.000000,1752162604.598953,2777441839667.000000
2777338302000.000000,1752162604.685432,2777528320142.000000
2777371632000.000000,1752162604.707735,2777550621915.000000
2777404947000.000000,1752162604.709212,2777552098549.000000
2777504910000.000000,1752162604.889823,2777732710956.000000
2777538232000.000000,1752162604.906351,2777749237215.000000
2777638195000.000000,1752162604.928012,2777770899069.000000
2777671517000.000000,1752162604.949495,2777792381203.000000
2777704839000.000000,1752162605.138138,2777981025362.000000
2777904766000.000000,1752162605.144722,2777987609166.000000
2777938089000.000000,1752162605.277631,2778120519077.000000
2777971410000.000000,1752162605.289369,2778132255772.000000
2778004732000.000000,1752162605.305997,2778148884289.000000
2778071373000.000000,1752162605.327490,2778170376200.000000
2778104696000.000000,1752162605.567092,2778409979491.000000
2778237980000.000000,1752162605.600385,2778443271894.000000
2778271304000.000000,1752162605.616748,2778459634450.000000
2778337946000.000000,1752162605.717669,2778560556500.000000
2778371268000.000000,1752162605.745515,2778588401680.000000
2778537874000.000000,1752162605.842170,2778685057570.000000
2778571197000.000000,1752162605.869220,2778712106907.000000
2778604516000.000000,1752162605.890767,2778733654614.000000
2778671160000.000000,1752162606.025474,2778868362099.000000
2778704481000.000000,1752162606.037390,2778880277181.000000
2778804446000.000000,1752162606.059864,2778902751250.000000
2778837767000.000000,1752162606.180207,2779023094732.000000
2778871089000.000000,1752162606.202812,2779045698429.000000
2779004374000.000000,1752162606.320455,2779163342735.000000
2779037695000.000000,1752162606.337448,2779180335211.000000
2779071017000.000000,1752162606.354189,2779197076818.000000
2779137660000.000000,1752162606.524399,2779367287684.000000
2779170981000.000000,1752162606.537255,2779380142146.000000
2779237623000.000000,1752162606.549456,2779392341800.000000
2779304267000.000000,1752162606.616623,2779459510433.000000
2779337589000.000000,1752162606.638527,2779481413692.000000
2779470875000.000000,1752162606.796831,2779639718030.000000
2779504196000.000000,1752162606.813781,2779656667469.000000
2779537518000.000000,1752162606.840480,2779683367069.000000
2779570839000.000000,1752162606.861957,2779704843369.000000
2779604160000.000000,1752162607.043416,2779886303176.000000
2779804088000.000000,1752162607.065727,2779908613746.000000
2779837411000.000000,1752162607.077231,2779920117722.000000
2779870732000.000000,1752162607.198180,2780041067624.000000
2779904054000.000000,1752162607.214243,2780057129998.000000
2780037338000.000000,1752162607.340383,2780183270033.000000
2780070661000.000000,1752162607.361950,2780204837296.000000
2780103982000.000000,1752162607.373494,2780216380864.000000
2780170625000.000000,1752162607.501990,2780344877652.000000
2780203946000.000000,1752162607.518572,2780361459891.000000
2780303910000.000000,1752162607.640647,2780483534597.000000
2780337232000.000000,1752162607.662523,2780505410708.000000
2780370554000.000000,1752162607.679207,2780522094076.000000
2780470517000.000000,1752162607.823321,2780666207965.000000
2780503840000.000000,1752162607.835401,2780678287639.000000
2780603803000.000000,1752162607.846836,2780689723097.000000
2780637124000.000000,1752162607.997022,2780839910166.000000
2780670446000.000000,1752162608.013609,2780856497201.000000
2780770412000.000000,1752162608.040766,2780883652666.000000
2780803732000.000000,1752162608.186596,2781029483872.000000
2780837053000.000000,1752162608.208138,2781051025134.000000
2780937017000.000000,1752162608.229448,2781072334492.000000
2780970338000.000000,1752162608.261195,2781104082077.000000
2781003660000.000000,1752162608.422065,2781264952204.000000
2781203588000.000000,1752162608.438678,2781281564999.000000
2781236910000.000000,1752162608.549258,2781392144895.000000
2781270232000.000000,1752162608.570817,2781413704843.000000
2781303554000.000000,1752162608.587513,2781430400507.000000
2781403518000.000000,1752162608.732463,2781575350091.000000
2781436839000.000000,1752162608.749047,2781591934349.000000
2781503481000.000000,1752162608.770720,2781613607648.000000
2781536803000.000000,1752162608.924287,2781767174052.000000
2781570125000.000000,1752162608.951572,2781794458553.000000
2781703409000.000000,1752162608.973311,2781816197629.000000
2781736732000.000000,1752162609.100131,2781943018268.000000
2781770053000.000000,1752162609.122189,2781965076951.000000
2781903338000.000000,1752162609.144033,2781986919970.000000
2781936661000.000000,1752162609.274870,2782117758365.000000
2781969982000.000000,1752162609.292040,2782134928598.000000
2782069946000.000000,1752162609.329763,2782172651400.000000
2782103267000.000000,1752162609.446672,2782289559307.000000
2782136589000.000000,1752162609.468796,2782311682971.000000
2782236552000.000000,1752162609.501971,2782344858097.000000
2782269874000.000000,1752162609.642058,2782484945639.000000
2782303197000.000000,1752162609.664086,2782506973674.000000
2782436479000.000000,1752162609.680532,2782523420026.000000
2782469804000.000000,1752162609.781532,2782624419334.000000
2782503126000.000000,1752162609.803160,2782646047133.000000
2782603088000.000000,1752162609.931858,2782774745439.000000
2782636410000.000000,1752162609.959343,2782802230419.000000
2782669731000.000000,1752162609.986229,2782829115998.000000
2782736373000.000000,1752162610.002551,2782845437073.000000
2782769695000.000000,1752162610.153359,2782996246876.000000
2782936301000.000000,1752162610.159927,2783002813698.000000
2782969624000.000000,1752162610.275650,2783118537394.000000
2783002946000.000000,1752162610.292282,2783135169596.000000
2783036266000.000000,1752162610.423986,2783266873019.000000
2783069587000.000000,1752162610.445956,2783288842907.000000
2783136231000.000000,1752162610.473031,2783315917965.000000
2783236194000.000000,1752162610.588244,2783431131630.000000
2783269517000.000000,1752162610.605155,2783448041976.000000
2783402801000.000000,1752162610.723405,2783566292073.000000
2783436124000.000000,1752162610.761431,2783604318428.000000
2783469445000.000000,1752162610.778138,2783621025721.000000
2783536088000.000000,1752162610.939415,2783782303177.000000
2783569409000.000000,1752162610.956467,2783799353374.000000
2783702694000.000000,1752162610.978676,2783821562556.000000
2783736016000.000000,1752162611.000080,2783842966691.000000
2783769339000.000000,1752162611.199875,2784042761886.000000
2783902623000.000000,1752162611.227256,2784070142423.000000
2783935945000.000000,1752162611.253643,2784096529822.000000
2783969266000.000000,1752162611.270042,2784112927489.000000
2784002587000.000000,1752162611.403917,2784246803797.000000
2784202516000.000000,1752162611.425758,2784268645075.000000
2784235840000.000000,1752162611.547654,2784390541745.000000
2784269161000.000000,1752162611.570232,2784413118201.000000
2784302481000.000000,1752162611.586751,2784429638312.000000
2784369123000.000000,1752162611.761618,2784604505259.000000
2784402446000.000000,1752162611.778350,2784621236793.000000
2784502408000.000000,1752162611.794801,2784637687645.000000
2784535731000.000000,1752162611.811142,2784654029109.000000
2784569053000.000000,1752162611.948316,2784791203661.000000
2784735660000.000000,1752162611.965165,2784808052083.000000
2784768981000.000000,1752162612.133401,2784976288264.000000
2784802303000.000000,1752162612.155319,2784998207468.000000
2784835625000.000000,1752162612.176976,2785019863433.000000
2784935588000.000000,1752162612.203949,2785046836011.000000
2784968910000.000000,1752162612.366149,2785209036199.000000
2785135516000.000000,1752162612.382764,2785225651845.000000
2785168838000.000000,1752162612.399703,2785242589988.000000
2785202161000.000000,1752162612.566299,2785409187075.000000
2785235482000.000000,1752162612.599059,2785441946724.000000
2785335445000.000000,1752162612.625524,2785468410530.000000
2785368767000.000000,1752162612.718570,2785561457937.000000
2785402089000.000000,1752162612.740719,2785583606138.000000
2785535374000.000000,1752162612.819814,2785662701206.000000
2785568697000.000000,1752162612.836294,2785679181317.000000
2785602017000.000000,1752162612.852870,2785695756685.000000
2785668660000.000000,1752162613.011895,2785854782905.000000
2785701982000.000000,1752162613.039343,2785882229441.000000
2785801945000.000000,1752162613.061455,2785904341495.000000
2785835267000.000000,1752162613.216556,2786059443458.000000
2785868589000.000000,1752162613.228252,2786071139487.000000
2785968553000.000000,1752162613.265461,2786108347276.000000
2786001874000.000000,1752162613.359796,2786202682652.000000
2786035197000.000000,1752162613.386756,2786229643249.000000
2786168481000.000000,1752162613.403325,2786246211748.000000
2786201802000.000000,1752162613.515484,2786358372239.000000
2786235125000.000000,1752162613.538049,2786380935788.000000
2786335087000.000000,1752162613.655662,2786498549631.000000
2786368409000.000000,1752162613.672796,2786515682902.000000
2786401730000.000000,1752162613.689554,2786532440769.000000
2786468373000.000000,1752162613.787993,2786630880492.000000
2786501695000.000000,1752162613.799644,2786642531170.000000
2786601659000.000000,1752162613.943724,2786786611949.000000
2786634981000.000000,1752162613.960444,2786803331316.000000
2786668302000.000000,1752162613.982047,2786824933838.000000
2786734945000.000000,1752162614.008679,2786851565642.000000
2786768267000.000000,1752162614.187819,2787030707231.000000
2786934874000.000000,1752162614.209533,2787052419548.000000
2786968196000.000000,1752162614.232211,2787075098466.000000
2787001516000.000000,1752162614.372569,2787215456782.000000
2787034839000.000000,1752162614.395547,2787238434845.000000
2787134802000.000000,1752162614.423023,2787265910159.000000
2787168123000.000000,1752162614.440282,2787283169410.000000
2787201446000.000000,1752162614.618855,2787461742894.000000
2787368053000.000000,1752162614.640603,2787483490599.000000
2787401374000.000000,1752162614.667628,2787510514288.000000
2787434695000.000000,1752162614.779932,2787622819982.000000
2787468018000.000000,1752162614.796757,2787639643200.000000
2787601302000.000000,1752162614.915344,2787758231533.000000
2787634625000.000000,1752162614.931352,2787774238704.000000
2787667945000.000000,1752162614.947948,2787790834906.000000
2787767910000.000000,1752162615.113523,2787956410041.000000
2787801231000.000000,1752162615.141178,2787984064742.000000
2787867874000.000000,1752162615.173814,2788016700818.000000
2787934515000.000000,1752162615.286679,2788129566469.000000
2787967839000.000000,1752162615.314330,2788157217873.000000
2788101124000.000000,1752162615.426165,2788269052664.000000
2788134445000.000000,1752162615.442638,2788285525368.000000
2788167767000.000000,1752162615.464916,2788307803179.000000
2788267731000.000000,1752162615.627517,2788470404732.000000
2788301053000.000000,1752162615.644449,2788487336746.000000
2788401016000.000000,1752162615.662014,2788504901030.000000
2788434339000.000000,1752162615.813689,2788656576473.000000
2788467659000.000000,1752162615.830499,2788673386691.000000
2788567623000.000000,1752162615.851952,2788694839381.000000
2788600946000.000000,1752162615.982996,2788825884495.000000
2788634267000.000000,1752162616.010241,2788853128385.000000
2788767552000.000000,1752162616.032644,2788875530899.000000
2788800874000.000000,1752162616.203044,2789045931485.000000
2788834195000.000000,1752162616.219807,2789062695018.000000
2788967480000.000000,1752162616.231353,2789074239919.000000
2789000802000.000000,1752162616.352119,2789195006953.000000
2789034123000.000000,1752162616.368716,2789211603174.000000
2789167408000.000000,1752162616.509020,2789351907787.000000
2789200732000.000000,1752162616.525312,2789368198029.000000
2789234052000.000000,1752162616.552262,2789395148885.000000
2789300695000.000000,1752162616.574392,2789417278716.000000
2789367338000.000000,1752162616.682435,2789525321564.000000
2789500622000.000000,1752162616.785670,2789628556776.000000
2789533945000.000000,1752162616.808124,2789651011233.000000
2789567265000.000000,1752162616.819721,2789662608004.000000
2789600587000.000000,1752162616.967452,2789810338950.000000
2789633908000.000000,1752162616.984165,2789827051817.000000
2789733872000.000000,1752162617.000567,2789843453243.000000
2789767194000.000000,1752162617.115426,2789958313189.000000
2789800515000.000000,1752162617.127258,2789970145235.000000
2789900479000.000000,1752162617.154493,2789997380311.000000
2789933801000.000000,1752162617.265807,2790108693737.000000
2789967124000.000000,1752162617.282984,2790125871488.000000
2790067088000.000000,1752162617.299541,2790142428172.000000
2790100410000.000000,1752162617.537832,2790380718847.000000
2790133732000.000000,1752162617.559288,2790402174314.000000
2790233694000.000000,1752162617.575663,2790418550241.000000
2790267016000.000000,1752162617.592207,2790435094036.000000
2790333659000.000000,1752162617.608804,2790451689923.000000
2790533587000.000000,1752162617.787283,2790630170593.000000
2790566910000.000000,1752162617.890121,2790733008012.000000
2790600230000.000000,1752162617.906963,2790749849286.000000
2790633553000.000000,1752162617.923914,2790766800781.000000
2790666874000.000000,1752162617.940688,2790783574647.000000
2790733514000.000000,1752162618.089792,2790932678894.000000
2790866801000.000000,1752162618.112668,2790955555384.000000
2790900123000.000000,1752162618.246339,2791089227027.000000
2790933446000.000000,1752162618.278845,2791121732457.000000
2790966766000.000000,1752162618.295963,2791138849709.000000
2791066730000.000000,1752162618.402984,2791245872141.000000
2791100052000.000000,1752162618.419578,2791262465251.000000
2791233338000.000000,1752162618.515467,2791358355833.000000
2791266660000.000000,1752162618.538073,2791380959919.000000
2791299981000.000000,1752162618.565493,2791408380362.000000
2791333302000.000000,1752162618.670581,2791513468222.000000
2791366624000.000000,1752162618.692866,2791535752755.000000
2791499909000.000000,1752162618.834893,2791677780277.000000
2791533230000.000000,1752162618.846681,2791689568546.000000
2791566551000.000000,1752162618.868732,2791711619656.000000
2791599872000.000000,1752162619.014240,2791857127735.000000
2791633194000.000000,1752162619.036163,2791879050271.000000
2791799800000.000000,1752162619.052632,2791895518864.000000
2791833123000.000000,1752162619.171598,2792014485175.000000
2791866444000.000000,1752162619.193900,2792036787041.000000
2791966409000.000000,1752162619.210030,2792052917951.000000
2791999731000.000000,1752162619.392295,2792235182843.000000
2792033052000.000000,1752162619.419550,2792262436973.000000
2792133015000.000000,1752162619.435823,2792278710438.000000
2792166337000.000000,1752162619.562562,2792405448967.000000
2792199659000.000000,1752162619.579553,2792422440498.000000
2792332945000.000000,1752162619.601617,2792444504218.000000
2792366267000.000000,1752162619.742835,2792585722841.000000
2792399593000.000000,1752162619.759645,2792602531818.000000
2792532873000.000000,1752162619.781362,2792624249098.000000
2792566194000.000000,1752162619.908067,2792750954683.000000
2792599516000.000000,1752162619.929874,2792772761758.000000
2792732800000.000000,1752162620.051058,2792893945380.000000
2792766123000.000000,1752162620.068414,2792911301055.000000
2792799444000.000000,1752162620.079750,2792922636459.000000
2792832765000.000000,1752162620.091423,2792934309785.000000
2792866087000.000000,1752162620.214405,2793057291963.000000
2793032695000.000000,1752162620.335661,2793178548325.000000
2793066017000.000000,1752162620.352182,2793195069546.000000
2793099338000.000000,1752162620.373656,2793216543513.000000
2793132660000.000000,1752162620.395188,2793238073943.000000
2793165981000.000000,1752162620.595797,2793438684611.000000
2793299266000.000000,1752162620.622885,2793465771947.000000
2793332588000.000000,1752162620.639743,2793482629591.000000
2793365910000.000000,1752162620.655669,2793498554837.000000
2793399230000.000000,1752162620.782888,2793625776268.000000
2793599158000.000000,1752162620.896934,2793739821111.000000
2793632480000.000000,1752162620.913847,2793756735328.000000
2793665802000.000000,1752162620.930753,2793773639582.000000
2793699123000.000000,1752162621.080092,2793922979215.000000
2793732445000.000000,1752162621.091567,2793934454784.000000
2793832408000.000000,1752162621.108552,2793951439389.000000
2793865730000.000000,1752162621.249283,2794092170813.000000
2793899051000.000000,1752162621.260932,2794103818954.000000
2794032335000.000000,1752162621.277472,2794120360249.000000
2794065658000.000000,1752162621.396620,2794239507558.000000
2794098980000.000000,1752162621.418546,2794261432929.000000
2794198944000.000000,1752162621.435482,2794278368497.000000
2794232265000.000000,1752162621.606217,2794449105228.000000
2794265587000.000000,1752162621.633788,2794476675541.000000
2794398871000.000000,1752162621.650309,2794493197114.000000
2794432194000.000000,1752162621.780130,2794623017741.000000
2794465515000.000000,1752162621.791786,2794634673252.000000
2794565478000.000000,1752162621.808443,2794651330657.000000
2794598801000.000000,1752162621.940785,2794783672796.000000
2794632123000.000000,1752162621.957824,2794800711512.000000
2794765408000.000000,1752162622.081401,2794924288498.000000
2794798730000.000000,1752162622.098243,2794941130920.000000
2794832051000.000000,1752162622.115304,2794958192358.000000
2794898693000.000000,1752162622.261899,2795104785759.000000
2794932015000.000000,1752162622.299461,2795142347971.000000
2795031978000.000000,1752162622.315821,2795158707231.000000
2795065301000.000000,1752162622.332121,2795175007306.000000
2795098623000.000000,1752162622.503119,2795346006256.000000
2795265229000.000000,1752162622.519860,2795362747160.000000
2795298551000.000000,1752162622.535952,2795378838589.000000
2795331873000.000000,1752162622.660933,2795503819525.000000
2795365193000.000000,1752162622.677545,2795520433226.000000
2795465157000.000000,1752162622.694355,2795537241667.000000
2795498481000.000000,1752162622.855740,2795698628140.000000
2795531803000.000000,1752162622.872435,2795715321508.000000
2795631765000.000000,1752162622.889894,2795732780849.000000
2795665087000.000000,1752162623.053887,2795896774574.000000
2795698408000.000000,1752162623.070338,2795913224852.000000
2795798371000.000000,1752162623.102787,2795945673522.000000
2795831692000.000000,1752162623.213756,2796056643915.000000
2795865015000.000000,1752162623.235697,2796078584285.000000
2796031622000.000000,1752162623.388614,2796231501659.000000
2796064944000.000000,1752162623.405357,2796248243618.000000
2796098267000.000000,1752162623.431843,2796274730165.000000
2796164907000.000000,1752162623.453265,2796296150836.000000
2796198229000.000000,1752162623.616504,2796459391124.000000
2796398157000.000000,1752162623.643709,2796486596700.000000
2796431478000.000000,1752162623.774900,2796617787405.000000
2796464801000.000000,1752162623.792168,2796635054434.000000
2796498122000.000000,1752162623.824191,2796667078442.000000
2796564764000.000000,1752162623.845599,2796688485707.000000
2796598087000.000000,1752162624.036875,2796879761840.000000
2796764693000.000000,1752162624.063721,2796906608512.000000
2796798015000.000000,1752162624.080157,2796923043530.000000
2796831337000.000000,1752162624.096562,2796939448419.000000
2796864658000.000000,1752162624.248476,2797091363211.000000
2797031264000.000000,1752162624.260000,2797102886927.000000
2797064586000.000000,1752162624.427337,2797270224414.000000
2797097909000.000000,1752162624.454720,2797297607044.000000
2797131229000.000000,1752162624.476463,2797319348731.000000
2797231193000.000000,1752162624.493218,2797336103820.000000
2797264515000.000000,1752162624.696588,2797539475534.000000
2797397800000.000000,1752162624.707768,2797550655717.000000
2797431121000.000000,1752162624.730051,2797572938639.000000
2797464442000.000000,1752162624.736792,2797579677829.000000
2797531086000.000000,1752162624.992992,2797835879193.000000
2797664371000.000000,1752162625.015011,2797857897802.000000
2797697695000.000000,1752162625.031588,2797874474079.000000
2797731015000.000000,1752162625.052603,2797895489625.000000
2797797658000.000000,1752162625.207710,2798050598014.000000
2797997586000.000000,1752162625.219275,2798062161193.000000
2798030909000.000000,1752162625.334762,2798177648761.000000
2798064231000.000000,1752162625.366808,2798209695436.000000
2798097551000.000000,1752162625.389430,2798232316466.000000
2798164193000.000000,1752162625.526325,2798369213095.000000
2798197515000.000000,1752162625.548311,2798391198650.000000
2798297479000.000000,1752162625.564897,2798407783093.000000
2798330800000.000000,1752162625.581396,2798424281851.000000
2798364121000.000000,1752162625.725165,2798568052096.000000
2798530728000.000000,1752162625.741764,2798584651594.000000
2798564050000.000000,1752162625.929940,2798772827684.000000
2798597371000.000000,1752162625.946316,2798789202166.000000
2798630692000.000000,1752162625.953011,2798795898376.000000
2798697334000.000000,1752162625.970085,2798812971629.000000
2798763978000.000000,1752162626.132759,2798975646793.000000
2798897263000.000000,1752162626.139301,2798982188023.000000
2798930586000.000000,1752162626.156916,2798999802733.000000
2798963908000.000000,1752162626.295202,2799138089922.000000
2798997230000.000000,1752162626.317059,2799159946978.000000
2799097193000.000000,1752162626.333871,2799176758308.000000
2799130515000.000000,1752162626.482231,2799325119006.000000
2799163837000.000000,1752162626.499059,2799341945131.000000
2799263799000.000000,1752162626.515725,2799358611388.000000
2799297122000.000000,1752162626.638626,2799481514493.000000
2799330446000.000000,1752162626.650481,2799493368743.000000
2799463728000.000000,1752162626.846708,2799689595344.000000
2799497051000.000000,1752162626.873865,2799716751717.000000
2799530372000.000000,1752162626.890714,2799733600879.000000
2799597014000.000000,1752162626.907420,2799750306876.000000
2799663656000.000000,1752162627.071829,2799914717208.000000
2799830264000.000000,1752162627.114466,2799957353812.000000
2799863586000.000000,1752162627.235882,2800078769284.000000
2799896908000.000000,1752162627.258019,2800100905707.000000
2799930229000.000000,1752162627.274811,2800117697018.000000
2800030192000.000000,1752162627.301622,2800144508931.000000
2800063515000.000000,1752162627.478956,2800321844150.000000
2800230122000.000000,1752162627.495620,2800338507296.000000
2800263444000.000000,1752162627.517071,2800359957856.000000
2800296765000.000000,1752162627.621076,2800463963579.000000
2800330087000.000000,1752162627.653842,2800496729061.000000
2800463370000.000000,1752162627.808615,2800651503712.000000
2800496694000.000000,1752162627.835744,2800678631178.000000
2800530013000.000000,1752162627.862689,2800705574997.000000
2800596656000.000000,1752162627.883716,2800726602024.000000
2800629977000.000000,1752162628.048103,2800890991097.000000
2800796585000.000000,1752162628.071705,2800914593339.000000
2800829907000.000000,1752162628.182798,2801025686341.000000
2800863229000.000000,1752162628.194266,2801037151947.000000
2800896550000.000000,1752162628.210641,2801053527837.000000
2800996513000.000000,1752162628.360225,2801203112763.000000
2801029837000.000000,1752162628.393224,2801236110576.000000
2801129798000.000000,1752162628.414757,2801257643265.000000
2801163122000.000000,1752162628.549547,2801392434138.000000
2801196443000.000000,1752162628.566262,2801409148080.000000
2801329728000.000000,1752162628.593500,2801436387136.000000
2801363050000.000000,1752162628.744808,2801587696268.000000
2801396373000.000000,1752162628.761374,2801604260859.000000
2801496336000.000000,1752162628.777819,2801620706062.000000
2801529658000.000000,1752162628.794473,2801637359949.000000
2801562979000.000000,1752162628.953505,2801796392113.000000
2801729585000.000000,1752162628.980290,2801823177841.000000
2801762908000.000000,1752162628.997191,2801840078725.000000
2801796229000.000000,1752162629.137012,2801979900658.000000
2801829552000.000000,1752162629.159437,2802002324227.000000
2801929513000.000000,1752162629.175420,2802018307657.000000
2801962837000.000000,1752162629.297345,2802140232735.000000
2801996157000.000000,1752162629.314285,2802157172785.000000
2802129442000.000000,1752162629.441736,2802284623473.000000
2802162765000.000000,1752162629.464020,2802306907136.000000
2802196086000.000000,1752162629.480705,2802323592078.000000
2802262727000.000000,1752162629.571457,2802414345212.000000
2802296050000.000000,1752162629.615397,2802458285748.000000
2802396015000.000000,1752162629.712199,2802555086340.000000
2802429337000.000000,1752162629.729018,2802571904743.000000
2802462658000.000000,1752162629.745347,2802588234614.000000
2802562622000.000000,1752162629.897641,2802740528013.000000
2802595944000.000000,1752162629.913820,2802756706849.000000
2802662585000.000000,1752162629.935828,2802778714126.000000
2802729228000.000000,1752162630.076173,2802919059961.000000
2802762551000.000000,1752162630.098839,2802941726157.000000
2802862512000.000000,1752162630.237822,2803080709857.000000
2802895836000.000000,1752162630.254264,2803097150765.000000
2802929157000.000000,1752162630.276035,2803118922951.000000
2803062441000.000000,1752162630.450304,2803293191423.000000
2803095763000.000000,1752162630.471961,2803314847926.000000
2803195727000.000000,1752162630.483851,2803326737157.000000
2803229049000.000000,1752162630.505409,2803348295568.000000
2803262370000.000000,1752162630.685964,2803528851291.000000
2803428978000.000000,1752162630.692981,2803535867387.000000
2803462298000.000000,1752162630.704852,2803547738896.000000
2803495621000.000000,1752162630.872464,2803715352528.000000
2803528943000.000000,1752162630.879320,2803722206959.000000
2803628905000.000000,1752162630.891439,2803734325891.000000
2803662229000.000000,1752162630.918618,2803761504930.000000
2803695550000.000000,1752162631.064287,2803907174137.000000
2803862157000.000000,1752162631.075629,2803918517763.000000
2803895478000.000000,1752162631.224240,2804067127459.000000
2803928799000.000000,1752162631.246372,2804089258549.000000
2803962120000.000000,1752162631.268509,2804111396343.000000
2804028762000.000000,1752162631.387654,2804230541597.000000
2804062085000.000000,1752162631.404652,2804247538906.000000
2804195370000.000000,1752162631.526005,2804368892933.000000
2804228691000.000000,1752162631.547369,2804390256476.000000
2804262013000.000000,1752162631.569060,2804411946922.000000
2804361977000.000000,1752162631.678674,2804521561125.000000
2804395299000.000000,1752162631.695811,2804538697525.000000
2804495263000.000000,1752162631.858793,2804701680853.000000
2804528585000.000000,1752162631.875296,2804718182870.000000
2804561906000.000000,1752162631.902455,2804745341817.000000
2804628549000.000000,1752162631.923864,2804766750933.000000
2804695191000.000000,1752162632.122086,2804964973458.000000
2804861798000.000000,1752162632.144074,2804986961735.000000
2804895121000.000000,1752162632.160997,2805003884767.000000
2804928441000.000000,1752162632.279111,2805121998995.000000
2804961763000.000000,1752162632.306113,2805148999887.000000
2805095048000.000000,1752162632.419197,2805262084332.000000
2805128371000.000000,1752162632.441257,2805284143664.000000
2805161692000.000000,1752162632.453093,2805295979692.000000
2805228333000.000000,1752162632.464319,2805307204689.000000
2805261656000.000000,1752162632.603863,2805446750366.000000
2805394941000.000000,1752162632.631153,2805474040404.000000
2805428262000.000000,1752162632.796481,2805639368763.000000
2805461585000.000000,1752162632.813399,2805656286610.000000
2805494907000.000000,1752162632.827914,2805670808333.000000
2805561548000.000000,1752162632.859768,2805702655510.000000
2805628190000.000000,1752162633.052830,2805895716884.000000
2805794798000.000000,1752162633.069266,2805912153365.000000
2805828120000.000000,1752162633.092434,2805935321334.000000
2805861442000.000000,1752162633.233492,2806076379161.000000
2805894763000.000000,1752162633.255763,2806098650195.000000
2805994727000.000000,1752162633.271925,2806114811771.000000
2806028050000.000000,1752162633.293575,2806136461200.000000
2806061371000.000000,1752162633.472433,2806315321163.000000
2806227976000.000000,1752162633.484098,2806326984359.000000
2806261299000.000000,1752162633.505637,2806348524400.000000
2806294620000.000000,1752162633.702478,2806545365995.000000
2806327943000.000000,1752162633.719167,2806562053603.000000
2806427905000.000000,1752162633.735489,2806578375882.000000
2806461227000.000000,1752162633.751828,2806594714679.000000
2806494549000.000000,1752162633.926918,2806769805162.000000
2806694476000.000000,1752162633.943226,2806786113533.000000
2806727799000.000000,1752162633.964791,2806807677426.000000
2806761121000.000000,1752162634.102884,2806945771580.000000
2806794442000.000000,1752162634.125159,2806968046150.000000
2806927726000.000000,1752162634.225363,2807068250707.000000
2806961048000.000000,1752162634.241916,2807084802502.000000
2806994370000.000000,1752162634.258796,2807101682331.000000
2807061012000.000000,1752162634.355080,2807197967539.000000
2807094334000.000000,1752162634.371793,2807214679999.000000
2807194298000.000000,1752162634.532264,2807375151519.000000
2807227621000.000000,1752162634.559056,2807401943025.000000
2807260941000.000000,1752162634.585972,2807428858437.000000
2807294263000.000000,1752162634.602188,2807445074476.000000
2807327584000.000000,1752162634.618517,2807461403699.000000
2807560835000.000000,1752162634.805018,2807647905603.000000
2807594157000.000000,1752162634.965109,2807807996404.000000
2807627478000.000000,1752162634.981865,2807824752012.000000
2807660799000.000000,1752162634.997982,2807840868108.000000
2807694120000.000000,1752162635.024455,2807867340913.000000
2807794084000.000000,1752162635.177303,2808020191028.000000
2807960691000.000000,1752162635.199331,2808042218546.000000
2807994013000.000000,1752162635.301400,2808144287640.000000
2808027335000.000000,1752162635.323901,2808166787670.000000
2808060659000.000000,1752162635.345534,2808188421858.000000
2808127298000.000000,1752162635.509165,2808352052290.000000
2808160620000.000000,1752162635.531574,2808374460396.000000
2808293903000.000000,1752162635.558992,2808401879544.000000
2808327225000.000000,1752162635.719269,2808562156862.000000
2808360548000.000000,1752162635.736231,2808579118560.000000
2808493833000.000000,1752162635.753376,2808596263460.000000
2808527155000.000000,1752162635.770010,2808612897551.000000
2808560477000.000000,1752162635.891165,2808734053321.000000
2808693762000.000000,1752162636.055966,2808898853927.000000
2808727083000.000000,1752162636.077689,2808920576003.000000
2808760405000.000000,1752162636.104721,2808947607913.000000
2808793725000.000000,1752162636.126698,2808969585135.000000
2808927010000.000000,1752162636.291176,2809134062892.000000
2809060296000.000000,1752162636.307856,2809150743408.000000
2809093618000.000000,1752162636.448458,2809291345536.000000
2809126940000.000000,1752162636.465142,2809308028515.000000
2809160261000.000000,1752162636.492185,2809335071574.000000
2809293546000.000000,1752162636.605268,2809448155482.000000
2809326868000.000000,1752162636.638437,2809481324812.000000
2809426832000.000000,1752162636.755394,2809598281236.000000
2809460154000.000000,1752162636.772245,2809615132751.000000
2809493475000.000000,1752162636.789726,2809632613647.000000
2809593439000.000000,1752162636.939257,2809782144537.000000
2809626762000.000000,1752162636.961655,2809804542291.000000
2809726725000.000000,1752162636.978332,2809821219493.000000
2809760048000.000000,1752162637.101349,2809944237059.000000
2809793370000.000000,1752162637.123373,2809966260150.000000
2809893332000.000000,1752162637.139714,2809982601429.000000
2809926655000.000000,1752162637.284333,2810127220276.000000
2809959977000.000000,1752162637.312134,2810155021013.000000
2810059939000.000000,1752162637.328719,2810171605604.000000
2810093261000.000000,1752162637.429827,2810272714392.000000
2810126583000.000000,1752162637.457436,2810300322834.000000
2810259867000.000000,1752162637.593833,2810436719858.000000
2810293189000.000000,1752162637.610671,2810453558205.000000
2810326511000.000000,1752162637.654397,2810497284688.000000
2810426474000.000000,1752162637.774037,2810616924529.000000
2810459797000.000000,1752162637.811735,2810654621943.000000
2810559760000.000000,1752162637.843768,2810686654358.000000
2810593082000.000000,1752162637.948425,2810791312185.000000
2810626405000.000000,1752162637.970773,2810813660607.000000
2810759691000.000000,1752162638.069605,2810912494196.000000
2810793013000.000000,1752162638.086533,2810929420210.000000
2810826333000.000000,1752162638.108195,2810951082360.000000
2810892974000.000000,1752162638.247610,2811090497557.000000
2810926298000.000000,1752162638.264710,2811107597365.000000
2811026265000.000000,1752162638.281825,2811124711080.000000
2811059584000.000000,1752162638.393917,2811236804294.000000
2811092905000.000000,1752162638.416028,2811258915385.000000
2811192867000.000000,1752162638.438396,2811281283472.000000
2811226189000.000000,1752162638.583225,2811426112651.000000
2811259511000.000000,1752162638.604653,2811447540563.000000
2811359474000.000000,1752162638.636525,2811479412277.000000
2811392796000.000000,1752162638.729735,2811572622497.000000
2811426118000.000000,1752162638.746468,2811589354753.000000
2811559404000.000000,1752162638.867628,2811710515709.000000
2811592724000.000000,1752162638.895265,2811738152243.000000
2811626046000.000000,1752162638.917335,2811760222297.000000
2811692688000.000000,1752162639.052727,2811895614701.000000
2811726010000.000000,1752162639.074361,2811917248500.000000
2811825975000.000000,1752162639.102358,2811945244975.000000
2811859297000.000000,1752162639.119163,2811962049971.000000
2811892618000.000000,1752162639.283394,2812126281564.000000
2812025903000.000000,1752162639.295167,2812138053759.000000
2812059225000.000000,1752162639.306463,2812149350293.000000
2812092546000.000000,1752162639.520358,2812363245048.000000
2812125869000.000000,1752162639.536951,2812379837769.000000
2812259154000.000000,1752162639.558697,2812401583381.000000
2812292475000.000000,1752162639.680043,2812522929946.000000
2812325799000.000000,1752162639.707606,2812550493648.000000
2812459081000.000000,1752162639.714242,2812557129396.000000
2812492404000.000000,1752162639.843824,2812686712266.000000
2812525726000.000000,1752162639.856316,2812699204769.000000
2812625689000.000000,1752162639.867818,2812710705522.000000
2812659012000.000000,1752162639.975862,2812818749981.000000
2812692333000.000000,1752162640.003129,2812846017112.000000
2812792296000.000000,1752162640.143571,2812986458428.000000
2812825618000.000000,1752162640.170742,2813013628596.000000
2812858940000.000000,1752162640.197443,2813040330844.000000
2812958903000.000000,1752162640.286840,2813129727307.000000
2812992225000.000000,1752162640.308485,2813151373236.000000
2813125509000.000000,1752162640.506657,2813349544762.000000
2813158832000.000000,1752162640.539661,2813382548038.000000
2813192155000.000000,1752162640.561331,2813404217855.000000
2813258795000.000000,1752162640.582962,2813425848191.000000
2813325438000.000000,1752162640.786800,2813629687974.000000
2813492045000.000000,1752162640.798200,2813641086229.000000
2813525368000.000000,1752162640.814687,2813657574043.000000
2813558690000.000000,1752162640.831091,2813673977710.000000
2813592010000.000000,1752162641.005215,2813848103369.000000
2813791938000.000000,1752162641.032162,2813875049040.000000
2813825260000.000000,1752162641.183159,2814026045767.000000
2813858582000.000000,1752162641.200051,2814042937392.000000
2813891904000.000000,1752162641.211759,2814054645495.000000
2813958545000.000000,1752162641.218175,2814061061671.000000
2814025188000.000000,1752162641.368748,2814211635328.000000
2814158473000.000000,1752162641.390801,2814233688123.000000
2814191795000.000000,1752162641.513757,2814356643894.000000
2814225118000.000000,1752162641.530608,2814373493889.000000
2814258442000.000000,1752162641.547162,2814390048129.000000
2814291760000.000000,1752162641.670642,2814513530468.000000
2814358403000.000000,1752162641.692295,2814535181637.000000
2814458369000.000000,1752162641.708369,2814551256011.000000
2814491689000.000000,1752162641.869515,2814712402950.000000
2814525011000.000000,1752162641.881368,2814724254422.000000
2814658295000.000000,1752162641.908634,2814751520923.000000
2814691617000.000000,1752162642.001179,2814844067003.000000
2814724940000.000000,1752162642.018121,2814861008072.000000
2814824902000.000000,1752162642.162979,2815005866805.000000
2814858223000.000000,1752162642.179654,2815022541192.000000
2814891544000.000000,1752162642.201277,2815044165287.000000
2814958188000.000000,1752162642.218023,2815060910895.000000
2815024830000.000000,1752162642.418841,2815261728431.000000
2815158116000.000000,1752162642.430226,2815273112112.000000
2815191437000.000000,1752162642.447047,2815289934182.000000
2815224759000.000000,1752162642.578290,2815421177924.000000
2815258082000.000000,1752162642.605394,2815448282205.000000
2815358044000.000000,1752162642.622210,2815465097349.000000
2815391366000.000000,1752162642.730138,2815573024994.000000
2815424687000.000000,1752162642.762663,2815605550183.000000
2815524651000.000000,1752162642.779414,2815622301365.000000
2815557974000.000000,1752162642.901404,2815744291053.000000
2815591295000.000000,1752162642.917988,2815760875329.000000
2815691260000.000000,1752162642.934744,2815777631307.000000
2815724582000.000000,1752162643.066540,2815909427618.000000
2815757902000.000000,1752162643.078264,2815921150647.000000
2815857866000.000000,1752162643.089615,2815932501550.000000
2815891188000.000000,1752162643.219947,2816062834746.000000
2815924510000.000000,1752162643.247374,2816090261486.000000
2816024472000.000000,1752162643.268980,2816111866767.000000
2816057794000.000000,1752162643.398080,2816240967290.000000
2816091117000.000000,1752162643.409916,2816252802948.000000
2816191080000.000000,1752162643.421403,2816264289998.000000
2816224402000.000000,1752162643.543123,2816386010189.000000
2816257725000.000000,1752162643.549477,2816392363291.000000
2816357686000.000000,1752162643.676166,2816519053561.000000
2816391010000.000000,1752162643.704165,2816547052443.000000
2816424330000.000000,1752162643.715784,2816558670511.000000
2816490972000.000000,1752162643.861739,2816704626122.000000
2816524295000.000000,1752162643.883739,2816726625769.000000
2816657579000.000000,1752162643.900655,2816743542709.000000
2816690902000.000000,1752162644.032894,2816875781756.000000
2816724223000.000000,1752162644.049855,2816892741695.000000
2816824186000.000000,1752162644.071903,2816914789767.000000
2816857509000.000000,1752162644.215688,2817058574827.000000
2816890830000.000000,1752162644.232429,2817075317120.000000
2816990794000.000000,1752162644.254472,2817097359988.000000
2817024115000.000000,1752162644.357472,2817200359628.000000
2817057437000.000000,1752162644.374298,2817217185347.000000
2817190724000.000000,1752162644.501239,2817344126632.000000
2817224046000.000000,1752162644.529040,2817371927036.000000
2817257367000.000000,1752162644.540829,2817383716212.000000
2817324008000.000000,1752162644.705436,2817548323579.000000
2817357331000.000000,1752162644.721981,2817564868337.000000
2817457293000.000000,1752162644.738636,2817581522297.000000
2817490615000.000000,1752162644.759730,2817602616398.000000
2817523938000.000000,1752162644.928752,2817771640942.000000
2817690543000.000000,1752162644.951900,2817794787707.000000
2817723867000.000000,1752162645.059471,2817902358653.000000
2817757189000.000000,1752162645.076348,2817919235982.000000
2817790511000.000000,1752162645.103409,2817946297355.000000
2817890473000.000000,1752162645.258624,2818101511743.000000
2817923794000.000000,1752162645.280593,2818123480150.000000
2818023758000.000000,1752162645.296641,2818139527468.000000
2818090401000.000000,1752162645.454008,2818296895668.000000
2818123724000.000000,1752162645.476008,2818318895018.000000
2818223685000.000000,1752162645.492749,2818335635867.000000
2818257009000.000000,1752162645.508933,2818351820295.000000
2818290331000.000000,1752162645.655387,2818498275550.000000
2818456937000.000000,1752162645.672006,2818514893641.000000
2818490259000.000000,1752162645.843121,2818686007774.000000
2818523580000.000000,1752162645.864865,2818707751832.000000
2818556901000.000000,1752162645.886320,2818729207706.000000
2818623544000.000000,1752162645.907846,2818750732118.000000
2818656866000.000000,1752162646.045179,2818888066428.000000
2818856793000.000000,1752162646.155930,2818998816915.000000
2818890116000.000000,1752162646.173219,2819016106517.000000
2818923443000.000000,1752162646.195490,2819038376032.000000
2818956759000.000000,1752162646.335352,2819178239113.000000
2818990080000.000000,1752162646.372927,2819215814472.000000
2819123365000.000000,1752162646.394635,2819237521307.000000
2819156687000.000000,1752162646.529218,2819372105479.000000
2819190008000.000000,1752162646.551429,2819394316198.000000
2819323294000.000000,1752162646.567747,2819410634958.000000
2819356616000.000000,1752162646.738541,2819581428632.000000
2819389937000.000000,1752162646.760149,2819603035283.000000
2819489901000.000000,1752162646.776556,2819619441858.000000
2819523222000.000000,1752162646.793361,2819636247687.000000
2819556543000.000000,1752162646.903481,2819746367644.000000
2819723150000.000000,1752162647.067303,2819910190241.000000
2819756474000.000000,1752162647.083910,2819926796665.000000
2819789793000.000000,1752162647.110809,2819953695762.000000
2819823116000.000000,1752162647.126936,2819969822061.000000
2819923080000.000000,1752162647.254375,2820097261287.000000
2820056364000.000000,1752162647.271276,2820114162763.000000
2820089687000.000000,1752162647.425984,2820268870990.000000
2820123008000.000000,1752162647.452721,2820295609255.000000
2820156329000.000000,1752162647.474214,2820317100130.000000
2820222971000.000000,1752162647.490601,2820333487463.000000
2820256293000.000000,1752162647.637421,2820480307881.000000
2820422901000.000000,1752162647.659287,2820502173196.000000
2820456223000.000000,1752162647.794584,2820637471008.000000
2820489544000.000000,1752162647.810896,2820653782602.000000
2820522866000.000000,1752162647.827215,2820670101918.000000
2820589507000.000000,1752162647.854589,2820697476196.000000
2820656151000.000000,1752162648.059472,2820902360061.000000
2820789436000.000000,1752162648.076219,2820919106243.000000
2820822758000.000000,1752162648.088419,2820931305601.000000
2820856079000.000000,1752162648.228536,2821071422697.000000
2820889400000.000000,1752162648.240156,2821083042950.000000
2821022685000.000000,1752162648.267317,2821110204248.000000
2821056007000.000000,1752162648.396421,2821239307827.000000
2821089329000.000000,1752162648.413791,2821256678132.000000
2821189292000.000000,1752162648.430234,2821273120280.000000
2821222614000.000000,1752162648.601585,2821444473356.000000
2821255935000.000000,1752162648.618480,2821461367555.000000
2821389221000.000000,1752162648.634579,2821477466743.000000
2821422543000.000000,1752162648.773181,2821616068578.000000
2821455865000.000000,1752162648.789963,2821632850648.000000
2821555829000.000000,1752162648.817380,2821660267333.000000
2821589150000.000000,1752162648.948471,2821791358132.000000
2821622472000.000000,1752162648.960464,2821803350714.000000
2821722436000.000000,1752162648.976965,2821819851991.000000
2821755758000.000000,1752162649.089597,2821932484700.000000
2821789078000.000000,1752162649.106605,2821949492824.000000
2821889043000.000000,1752162649.128321,2821971207974.000000
2821922365000.000000,1752162649.271521,2822114409058.000000
2821955687000.000000,1752162649.288514,2822131401070.000000
2822055649000.000000,1752162649.326169,2822169055336.000000
2822088972000.000000,1752162649.445414,2822288301126.000000
2822122294000.000000,1752162649.467230,2822310117183.000000
2822255577000.000000,1752162649.577846,2822420732930.000000
2822288900000.000000,1752162649.604614,2822447501918.000000
2822322222000.000000,1752162649.626427,2822469313919.000000
2822422185000.000000,1752162649.825490,2822668377343.000000
2822455507000.000000,1752162649.852123,2822695009406.000000
2822555469000.000000,1752162649.879777,2822722663367.000000
2822588793000.000000,1752162649.896146,2822739032719.000000
2822622114000.000000,1752162650.104229,2822947116959.000000
2822822041000.000000,1752162650.121202,2822964088380.000000
2822855365000.000000,1752162650.138112,2822980998393.000000
2822888685000.000000,1752162650.248189,2823091076406.000000
2822922006000.000000,1752162650.264999,2823107886624.000000
2823055292000.000000,1752162650.397943,2823240830293.000000
2823088614000.000000,1752162650.414670,2823257558198.000000
2823121936000.000000,1752162650.431504,2823274391601.000000
2823221899000.000000,1752162650.568365,2823411252916.000000
2823255221000.000000,1752162650.590159,2823433045806.000000
2823355185000.000000,1752162650.606709,2823449595730.000000
2823388506000.000000,1752162650.716186,2823559073694.000000
2823421828000.000000,1752162650.743740,2823586626729.000000
2823521792000.000000,1752162650.759865,2823602751343.000000
2823555114000.000000,1752162650.893051,2823735938436.000000
2823588435000.000000,1752162650.925757,2823768643659.000000
2823688397000.000000,1752162650.953246,2823796132955.000000
2823721719000.000000,1752162651.094337,2823937223949.000000
2823755042000.000000,1752162651.110990,2823953877076.000000
2823855005000.000000,1752162651.148206,2823991092698.000000
2823888327000.000000,1752162651.304745,2824147632573.000000
2823921648000.000000,1752162651.321476,2824164362607.000000
2824054934000.000000,1752162651.343473,2824186359828.000000
2824088255000.000000,1752162651.509977,2824352865083.000000
2824121577000.000000,1752162651.531279,2824374166700.000000
2824254863000.000000,1752162651.553000,2824395886405.000000
2824288185000.000000,1752162651.574894,2824417780720.000000
2824321505000.000000,1752162651.777580,2824620467663.000000
2824488112000.000000,1752162651.794243,2824637130420.000000
2824521434000.000000,1752162651.816021,2824658907403.000000
2824554756000.000000,1752162651.832677,2824675563938.000000
2824588078000.000000,1752162652.022111,2824864998960.000000
2824754683000.000000,1752162652.065621,2824908508518.000000
2824788007000.000000,1752162652.081919,2824924805445.000000
2824821327000.000000,1752162652.261843,2825104730490.000000
2824854648000.000000,1752162652.288478,2825131364886.000000
2824987933000.000000,1752162652.305080,2825147967662.000000
2825021255000.000000,1752162652.326616,2825169502647.000000
2825121219000.000000,1752162652.513790,2825356678248.000000
2825254504000.000000,1752162652.525400,2825368286297.000000
2825287826000.000000,1752162652.670568,2825513455287.000000
2825321148000.000000,1752162652.697762,2825540650270.000000
2825354469000.000000,1752162652.714214,2825557101010.000000
2825454433000.000000,1752162652.730939,2825573825693.000000
2825521078000.000000,1752162652.894609,2825737496846.000000
2825654362000.000000,1752162652.911223,2825754109622.000000
2825687684000.000000,1752162652.922890,2825765776856.000000
2825721006000.000000,1752162653.040911,2825883798825.000000
2825754328000.000000,1752162653.057420,2825900306676.000000
2825854290000.000000,1752162653.156952,2825999839295.000000
2825887614000.000000,1752162653.174128,2826017014825.000000
2825920934000.000000,1752162653.185830,2826028716724.000000
2825987577000.000000,1752162653.317556,2826160443406.000000
2826020901000.000000,1752162653.334465,2826177352383.000000
2826120861000.000000,1752162653.352194,2826195080166.000000
2826154184000.000000,1752162653.504275,2826347162419.000000
2826187506000.000000,1752162653.520933,2826363819879.000000
2826287468000.000000,1752162653.537354,2826380241768.000000
2826320791000.000000,1752162653.637183,2826480070885.000000
2826354112000.000000,1752162653.658742,2826501628907.000000
2826454075000.000000,1752162653.813186,2826656073469.000000
2826487398000.000000,1752162653.825488,2826668374696.000000
2826520719000.000000,1752162653.852701,2826695588790.000000
2826620682000.000000,1752162653.970680,2826813567815.000000
2826654003000.000000,1752162653.998358,2826841245720.000000
2826787290000.000000,1752162654.141993,2826984880633.000000
2826820612000.000000,1752162654.159106,2827001992607.000000
2826853933000.000000,1752162654.180680,2827023566703.000000
2826920576000.000000,1752162654.196997,2827039883630.000000
2826953898000.000000,1752162654.356090,2827198977904.000000
2827120505000.000000,1752162654.373076,2827215962825.000000
2827153826000.000000,1752162654.399764,2827242650887.000000
2827187148000.000000,1752162654.579693,2827422579987.000000
2827220470000.000000,1752162654.601964,2827444850946.000000
2827320432000.000000,1752162654.618552,2827461438093.000000
2827353755000.000000,1752162654.634771,2827477657947.000000
2827387078000.000000,1752162654.848812,2827691700349.000000
2827553683000.000000,1752162654.875696,2827718582446.000000
2827587004000.000000,1752162654.962258,2827805146883.000000
2827620326000.000000,1752162654.979952,2827822839425.000000
2827653648000.000000,1752162654.997383,2827840270637.000000
2827786933000.000000,1752162655.123500,2827966387691.000000
2827820256000.000000,1752162655.145140,2827988027805.000000
2827953540000.000000,1752162655.290401,2828133287960.000000
2827986862000.000000,1752162655.307376,2828150262973.000000
2828020183000.000000,1752162655.313945,2828156832073.000000
2828086826000.000000,1752162655.341003,2828183890836.000000
2828120147000.000000,1752162655.486020,2828328907012.000000
2828286753000.000000,1752162655.502634,2828345521510.000000
2828320075000.000000,1752162655.614629,2828457516614.000000
2828353396000.000000,1752162655.641876,2828484763153.000000
2828386717000.000000,1752162655.663801,2828506688912.000000
2828453360000.000000,1752162655.798389,2828641276713.000000
2828486682000.000000,1752162655.815215,2828658101931.000000
2828586646000.000000,1752162655.837322,2828680209484.000000
2828619967000.000000,1752162655.948947,2828791834944.000000
2828653290000.000000,1752162655.976180,2828819067001.000000
2828753253000.000000,1752162655.992186,2828835072153.000000
2828786574000.000000,1752162656.130321,2828973208381.000000
2828819896000.000000,1752162656.147399,2828990286060.000000
2828919860000.000000,1752162656.169409,2829012296596.000000
2828953181000.000000,1752162656.294194,2829137081552.000000
2828986503000.000000,1752162656.310893,2829153779827.000000
2829119788000.000000,1752162656.446168,2829289055676.000000
2829153110000.000000,1752162656.462519,2829305406195.000000
2829186432000.000000,1752162656.478904,2829321790881.000000
2829286395000.000000,1752162656.655107,2829497994000.000000
2829319717000.000000,1752162656.666857,2829509744603.000000
2829453003000.000000,1752162656.698780,2829541668057.000000
2829486324000.000000,1752162656.891928,2829734815078.000000
2829519645000.000000,1752162656.919235,2829762122542.000000
2829619609000.000000,1752162656.930988,2829773874441.000000
2829686252000.000000,1752162656.947371,2829790258016.000000
2829719574000.000000,1752162657.098232,2829941119281.000000
2829852860000.000000,1752162657.120260,2829963146984.000000
2829886182000.000000,1752162657.142279,2829985165612.000000
2829919503000.000000,1752162657.286438,2830129325519.000000
2829952826000.000000,1752162657.303060,2830145946443.000000
2830086110000.000000,1752162657.319845,2830162731477.000000
2830119433000.000000,1752162657.453712,2830296599655.000000
2830152755000.000000,1752162657.481036,2830323923285.000000
2830252717000.000000,1752162657.513815,2830356702638.000000
2830286040000.000000,1752162657.651881,2830494768422.000000
2830319361000.000000,1752162657.679925,2830522811749.000000
2830419325000.000000,1752162657.706644,2830549530403.000000
2830452646000.000000,1752162657.847671,2830690558769.000000
2830485967000.000000,1752162657.864237,2830707124952.000000
2830619253000.000000,1752162657.897171,2830740058562.000000
2830652575000.000000,1752162657.918265,2830761151108.000000
2830685896000.000000,1752162658.065110,2830907998006.000000
2830852503000.000000,1752162658.093070,2830935957167.000000
2830885825000.000000,1752162658.195563,2831038449868.000000
2830919148000.000000,1752162658.212406,2831055293456.000000
2830952468000.000000,1752162658.239652,2831082540087.000000
2831052432000.000000,1752162658.420049,2831262935627.000000
2831085755000.000000,1752162658.442029,2831284916200.000000
2831185716000.000000,1752162658.448675,2831291561058.000000
2831219039000.000000,1752162658.465179,2831308065132.000000
2831252360000.000000,1752162658.661344,2831504231882.000000
2831385646000.000000,1752162658.683343,2831526230307.000000
2831418967000.000000,1752162658.711126,2831554012803.000000
2831452289000.000000,1752162658.824576,2831667463818.000000
2831485611000.000000,1752162658.836342,2831679229124.000000
2831618895000.000000,1752162658.847673,2831690559084.000000
2831652217000.000000,1752162659.030022,2831872911437.000000
2831685540000.000000,1752162659.047284,2831890172262.000000
2831785502000.000000,1752162659.069222,2831912108872.000000
2831818828000.000000,1752162659.080895,2831923781846.000000
2831852146000.000000,1752162659.257333,2832100220000.000000
2832018752000.000000,1752162659.274113,2832116999997.000000
2832052074000.000000,1752162659.387465,2832230352587.000000
2832085396000.000000,1752162659.409534,2832252421567.000000
2832118717000.000000,1752162659.426470,2832269357099.000000
2832218680000.000000,1752162659.587781,2832430668110.000000
2832252004000.000000,1752162659.610196,2832453083123.000000
2832385287000.000000,1752162659.627092,2832469979841.000000
2832418609000.000000,1752162659.743978,2832586865655.000000
2832451931000.000000,1752162659.770662,2832613548828.000000
2832551895000.000000,1752162659.787411,2832630297658.000000
2832585216000.000000,1752162659.895057,2832737944992.000000
2832618538000.000000,1752162659.911619,2832754506213.000000
2832718502000.000000,1752162660.055492,2832898379975.000000
2832751823000.000000,1752162660.072374,2832915262452.000000
2832785145000.000000,1752162660.084766,2832927653641.000000
2832851787000.000000,1752162660.107445,2832950333540.000000
2832885108000.000000,1752162660.257159,2833100046558.000000
2833051716000.000000,1752162660.274057,2833116945183.000000
2833085038000.000000,1752162660.389737,2833232624027.000000
2833118359000.000000,1752162660.401798,2833244685387.000000
2833151680000.000000,1752162660.423589,2833266475202.000000
2833185001000.000000,1752162660.600062,2833442948875.000000
2833218324000.000000,1752162660.616801,2833459687557.000000
2833351609000.000000,1752162660.633647,2833476534312.000000
2833384930000.000000,1752162660.650348,2833493234420.000000
2833418253000.000000,1752162660.851854,2833694741653.000000
2833584858000.000000,1752162660.868797,2833711683870.000000
2833618180000.000000,1752162660.895203,2833738089157.000000
2833651502000.000000,1752162660.916651,2833759537458.000000
2833684823000.000000,1752162661.069369,2833912256723.000000
2833851436000.000000,1752162661.091058,2833933944429.000000
2833884751000.000000,1752162661.209728,2834052615854.000000
2833918074000.000000,1752162661.226621,2834069508127.000000
2833951395000.000000,1752162661.259049,2834101935872.000000
2834018036000.000000,1752162661.365272,2834208159054.000000
2834051359000.000000,1752162661.386850,2834229737705.000000
2834184644000.000000,1752162661.467276,2834310164370.000000
2834217966000.000000,1752162661.489708,2834332594421.000000
2834251289000.000000,1752162661.506509,2834349396158.000000
2834284608000.000000,1752162661.638841,2834481727870.000000
2834317930000.000000,1752162661.655793,2834498679420.000000
2834417894000.000000,1752162661.667617,2834510505541.000000
2834484537000.000000,1752162661.830538,2834673425499.000000
2834517860000.000000,1752162661.868545,2834711432447.000000
2834617823000.000000,1752162661.890419,2834733305169.000000
2834651145000.000000,1752162662.029436,2834872323184.000000
2834684467000.000000,1752162662.041418,2834884305026.000000
2834817751000.000000,1752162662.063238,2834906125156.000000
2834851072000.000000,1752162662.141986,2834984873264.000000
2834884394000.000000,1752162662.153355,2834996241908.000000
2834984357000.000000,1752162662.335330,2835178217895.000000
2835017680000.000000,1752162662.352202,2835195088576.000000
2835051001000.000000,1752162662.373890,2835216776818.000000
2835150964000.000000,1752162662.549989,2835392876161.000000
2835184288000.000000,1752162662.572043,2835414930067.000000
2835284250000.000000,1752162662.593473,2835436360035.000000
2835317572000.000000,1752162662.620743,2835463629480.000000
2835350893000.000000,1752162662.798310,2835641197215.000000
2835550821000.000000,1752162662.815101,2835657988137.000000
2835584143000.000000,1752162662.837037,2835679923804.000000
2835617463000.000000,1752162662.962860,2835805747379.000000
2835650785000.000000,1752162662.979455,2835822341729.000000
2835784071000.000000,1752162663.110751,2835953638119.000000
2835817394000.000000,1752162663.127128,2835970016675.000000
2835850715000.000000,1752162663.159289,2836002176885.000000
2835950678000.000000,1752162663.283849,2836126736899.000000
2835984001000.000000,1752162663.295637,2836138523724.000000
2836083964000.000000,1752162663.312681,2836155568755.000000
2836117286000.000000,1752162663.495413,2836338300456.000000
2836150607000.000000,1752162663.506873,2836349760025.000000
2836283892000.000000,1752162663.528992,2836371878911.000000
2836317215000.000000,1752162663.655639,2836498526182.000000
2836350536000.000000,1752162663.672450,2836515336326.000000
2836450499000.000000,1752162663.688841,2836531727752.000000
2836483821000.000000,1752162663.773837,2836616724168.000000
2836517144000.000000,1752162663.785237,2836628122793.000000
2836617107000.000000,1752162663.950198,2836793086119.000000
2836650428000.000000,1752162663.972463,2836815350337.000000
2836683749000.000000,1752162663.989367,2836832253258.000000
2836750392000.000000,1752162664.016236,2836859122152.000000
2836783714000.000000,1752162664.190234,2837033120905.000000
2836950320000.000000,1752162664.207036,2837049922901.000000
2836983642000.000000,1752162664.218590,2837061476747.000000
2837016964000.000000,1752162664.330696,2837173584165.000000
2837050286000.000000,1752162664.347682,2837190568696.000000
2837150248000.000000,1752162664.479362,2837322249286.000000
2837183570000.000000,1752162664.512360,2837355247599.000000
2837216891000.000000,1752162664.528862,2837371749839.000000
2837316855000.000000,1752162664.653306,2837496193446.000000
2837350178000.000000,1752162664.675321,2837518207205.000000
2837450141000.000000,1752162664.697037,2837539924929.000000
2837483463000.000000,1752162664.814737,2837657623956.000000
2837516784000.000000,1752162664.826684,2837669570539.000000
2837616748000.000000,1752162664.843747,2837686633569.000000
2837650071000.000000,1752162664.982392,2837825279718.000000
2837683392000.000000,1752162665.015277,2837858164051.000000
2837783356000.000000,1752162665.031693,2837874579866.000000
2837816679000.000000,1752162665.188286,2838031173314.000000
2837850000000.000000,1752162665.215945,2838058833329.000000
2837949963000.000000,1752162665.233229,2838076116932.000000
2837983285000.000000,1752162665.352242,2838195129132.000000
2838016608000.000000,1752162665.374299,2838217185297.000000
2838149891000.000000,1752162665.395888,2838238775929.000000
2838183213000.000000,1752162665.533217,2838376104906.000000
2838216536000.000000,1752162665.544736,2838387623511.000000
2838316499000.000000,1752162665.566810,2838409697250.000000
2838349821000.000000,1752162665.743164,2838586052220.000000
2838383143000.000000,1752162665.760225,2838603112010.000000
2838483105000.000000,1752162665.776580,2838619466474.000000
2838516427000.000000,1752162665.792879,2838635765308.000000
2838549750000.000000,1752162665.925724,2838768611330.000000
2838716356000.000000,1752162665.942449,2838785335957.000000
2838749678000.000000,1752162666.067180,2838910068228.000000
2838782999000.000000,1752162666.083850,2838926736670.000000
2838816320000.000000,1752162666.100443,2838943330243.000000
2838882963000.000000,1752162666.258501,2839101388842.000000
2838916285000.000000,1752162666.269976,2839112862615.000000
2839016247000.000000,1752162666.292176,2839135063260.000000
2839082891000.000000,1752162666.404432,2839247319787.000000
2839116214000.000000,1752162666.432305,2839275192375.000000
2839216178000.000000,1752162666.559294,2839402181160.000000
2839249500000.000000,1752162666.575985,2839418871843.000000
2839282820000.000000,1752162666.608369,2839451256773.000000
2839349462000.000000,1752162666.619784,2839462670972.000000
2839416105000.000000,1752162666.804653,2839647540652.000000
2839549390000.000000,1752162666.821329,2839664216760.000000
2839582712000.000000,1752162666.843399,2839686286166.000000
2839616034000.000000,1752162666.923982,2839766869737.000000
2839649356000.000000,1752162666.956610,2839799496869.000000
2839749319000.000000,1752162667.077050,2839919937091.000000
2839782641000.000000,1752162667.093574,2839936461220.000000
2839815961000.000000,1752162667.110580,2839953466881.000000
2839915926000.000000,1752162667.230072,2840072960798.000000
2839949248000.000000,1752162667.241496,2840084382515.000000
2840049211000.000000,1752162667.379122,2840222009433.000000
2840082534000.000000,1752162667.401266,2840244153690.000000
2840115854000.000000,1752162667.417763,2840260650023.000000
2840215818000.000000,1752162667.630655,2840473542307.000000
2840249142000.000000,1752162667.652325,2840495211142.000000
2840349105000.000000,1752162667.673845,2840516731665.000000
2840382425000.000000,1752162667.690420,2840533306441.000000
2840415748000.000000,1752162667.826230,2840669117248.000000
2840615676000.000000,1752162667.869673,2840712559863.000000
2840648998000.000000,1752162667.997260,2840840147920.000000
2840682320000.000000,1752162668.019461,2840862347602.000000
2840715641000.000000,1752162668.035959,2840878845916.000000
2840782284000.000000,1752162668.052210,2840895096510.000000
2840815606000.000000,1752162668.225325,2841068214031.000000
2840982211000.000000,1752162668.241815,2841084701679.000000
2841015533000.000000,1752162668.263502,2841106388959.000000
2841048854000.000000,1752162668.437488,2841280375730.000000
2841082176000.000000,1752162668.458734,2841301622126.000000
2841182139000.000000,1752162668.485796,2841328683055.000000
2841215462000.000000,1752162668.502177,2841345063166.000000
2841282105000.000000,1752162668.629884,2841472771130.000000
2841415389000.000000,1752162668.646688,2841489575533.000000
2841448712000.000000,1752162668.801035,2841643923004.000000
2841482034000.000000,1752162668.817617,2841660504206.000000
2841515354000.000000,1752162668.834792,2841677678976.000000
2841615319000.000000,1752162668.983012,2841825899361.000000
2841648641000.000000,1752162669.015202,2841858089108.000000
2841748605000.000000,1752162669.047677,2841890563742.000000
2841781926000.000000,1752162669.074564,2841917449913.000000
2841815246000.000000,1752162669.201941,2842044828010.000000
2842015175000.000000,1752162669.317975,2842160862277.000000
2842048496000.000000,1752162669.335487,2842178374025.000000
2842081819000.000000,1752162669.414023,2842256910709.000000
2842115140000.000000,1752162669.430989,2842273877870.000000
2842148461000.000000,1752162669.447606,2842290493220.000000
2842248424000.000000,1752162669.632790,2842475677471.000000
2842281747000.000000,1752162669.660184,2842503070211.000000
2842381710000.000000,1752162669.676453,2842519338805.000000
2842415031000.000000,1752162669.797525,2842640412614.000000
2842448354000.000000,1752162669.809459,2842652347030.000000
2842581638000.000000,1752162669.836524,2842679410255.000000
2842614961000.000000,1752162669.991066,2842833954205.000000
2842648283000.000000,1752162670.003009,2842845895658.000000
2842748245000.000000,1752162670.019379,2842862265881.000000
2842781567000.000000,1752162670.051348,2842894234205.000000
2842814888000.000000,1752162670.235615,2843078502002.000000
2842981495000.000000,1752162670.263256,2843106142888.000000
2843014817000.000000,1752162670.383213,2843226099911.000000
2843048138000.000000,1752162670.400178,2843243065165.000000
2843081460000.000000,1752162670.406692,2843249578840.000000
2843214745000.000000,1752162670.562246,2843405132909.000000
2843248069000.000000,1752162670.573741,2843416628089.000000
2843348032000.000000,1752162670.590100,2843432987682.000000
2843381353000.000000,1752162670.734028,2843576915758.000000
2843414675000.000000,1752162670.745732,2843588617566.000000
2843514639000.000000,1752162670.767589,2843610476011.000000
2843547961000.000000,1752162670.922607,2843765494345.000000
2843581282000.000000,1752162670.939248,2843782134491.000000
2843714567000.000000,1752162670.955688,2843798574305.000000
2843747888000.000000,1752162671.064640,2843907527885.000000
2843781210000.000000,1752162671.086843,2843929730160.000000
2843881173000.000000,1752162671.165442,2844008330066.000000
2843914497000.000000,1752162671.186918,2844029804552.000000
2843947819000.000000,1752162671.203355,2844046241977.000000
2844014462000.000000,1752162671.346076,2844188963399.000000
2844047781000.000000,1752162671.357911,2844200798039.000000
2844114423000.000000,1752162671.369703,2844212590511.000000
2844147746000.000000,1752162671.544096,2844386983223.000000
2844181067000.000000,1752162671.566082,2844408968593.000000
2844281031000.000000,1752162671.582765,2844425650997.000000
2844314353000.000000,1752162671.599541,2844442427198.000000
2844347674000.000000,1752162671.766992,2844609879721.000000
2844514281000.000000,1752162671.783966,2844626852678.000000
2844547602000.000000,1752162671.801020,2844643907042.000000
2844580925000.000000,1752162671.915416,2844758304122.000000
2844614246000.000000,1752162671.931943,2844774830139.000000
2844714210000.000000,1752162671.948990,2844791876800.000000
2844747531000.000000,1752162672.098665,2844941551818.000000
2844780852000.000000,1752162672.115914,2844958800995.000000
2844914137000.000000,1752162672.266036,2845108923119.000000
2844947459000.000000,1752162672.282447,2845125333416.000000
2844980780000.000000,1752162672.309919,2845152806192.000000
2845047423000.000000,1752162672.326278,2845169164175.000000
2845114065000.000000,1752162672.488485,2845331372417.000000
2845247352000.000000,1752162672.505527,2845348414670.000000
2845280673000.000000,1752162672.608590,2845451477662.000000
2845313994000.000000,1752162672.630417,2845473303236.000000
2845347316000.000000,1752162672.646642,2845489528516.000000
2845413958000.000000,1752162672.662958,2845505845240.000000
2845480602000.000000,1752162672.868612,2845711499282.000000
2845613887000.000000,1752162672.890528,2845733416060.000000
2845647209000.000000,1752162672.907466,2845750353184.000000
2845680530000.000000,1752162673.015022,2845857909482.000000
2845713852000.000000,1752162673.047316,2845890202821.000000
2845847138000.000000,1752162673.181494,2846024381348.000000
2845880460000.000000,1752162673.213763,2846056650020.000000
2845913781000.000000,1752162673.230336,2846073223871.000000
2845980423000.000000,1752162673.252592,2846095478719.000000
2846047066000.000000,1752162673.432194,2846275081007.000000
2846180351000.000000,1752162673.453915,2846296801954.000000
2846213673000.000000,1752162673.559835,2846402722546.000000
2846246995000.000000,1752162673.581701,2846424587601.000000
2846280317000.000000,1752162673.603707,2846446595174.000000
2846413602000.000000,1752162673.767856,2846610743249.000000
2846446924000.000000,1752162673.779779,2846622665425.000000
2846546887000.000000,1752162673.791167,2846634054624.000000
2846580208000.000000,1752162673.921622,2846764508948.000000
2846613531000.000000,1752162673.943623,2846786510355.000000
2846746815000.000000,1752162674.078583,2846921470133.000000
2846780138000.000000,1752162674.095292,2846938178964.000000
2846813459000.000000,1752162674.112438,2846955324901.000000
2846913423000.000000,1752162674.265990,2847108878176.000000
2846946745000.000000,1752162674.287728,2847130615474.000000
2847046707000.000000,1752162674.320176,2847163063033.000000
2847080030000.000000,1752162674.419127,2847262014603.000000
2847113352000.000000,1752162674.435888,2847278775248.000000
2847246636000.000000,1752162674.584573,2847427460221.000000
2847279959000.000000,1752162674.601165,2847444050849.000000
2847313280000.000000,1752162674.617954,2847460840863.000000
2847379923000.000000,1752162674.639951,2847482837881.000000
2847446566000.000000,1752162674.797328,2847640214636.000000
2847546530000.000000,1752162674.819003,2847661889694.000000
2847579851000.000000,1752162674.840881,2847683767564.000000
2847613173000.000000,1752162674.963552,2847806439060.000000
2847646495000.000000,1752162674.985353,2847828240302.000000
2847746458000.000000,1752162675.001974,2847844860892.000000
2847779780000.000000,1752162675.126351,2847969238741.000000
2847813102000.000000,1752162675.144191,2847987078338.000000
2847913064000.000000,1752162675.150765,2847993651234.000000
2847946387000.000000,1752162675.260375,2848103263140.000000
2847979708000.000000,1752162675.304371,2848147259972.000000
2848079672000.000000,1752162675.395438,2848238325455.000000
2848112995000.000000,1752162675.417398,2848260284954.000000
2848146317000.000000,1752162675.434052,2848276939767.000000
2848246279000.000000,1752162675.593509,2848436396834.000000
2848279602000.000000,1752162675.620926,2848463813167.000000
2848379564000.000000,1752162675.632760,2848475647454.000000
2848412887000.000000,1752162675.802002,2848644889626.000000
2848446209000.000000,1752162675.823602,2848666488832.000000
2848546173000.000000,1752162675.850487,2848693373763.000000
2848579494000.000000,1752162675.866810,2848709696061.000000
2848612815000.000000,1752162676.033785,2848876672329.000000
2848812743000.000000,1752162676.050586,2848893473122.000000
2848846066000.000000,1752162676.162828,2849005716057.000000
2848879387000.000000,1752162676.184706,2849027592390.000000
2848912708000.000000,1752162676.196460,2849039346808.000000
2848979351000.000000,1752162676.343509,2849186396945.000000
2849012673000.000000,1752162676.361039,2849203926267.000000
2849112636000.000000,1752162676.367684,2849210571163.000000
2849145958000.000000,1752162676.481057,2849323944772.000000
2849179279000.000000,1752162676.498051,2849340938488.000000
2849279243000.000000,1752162676.509681,2849352567555.000000
2849312565000.000000,1752162676.642556,2849485443429.000000
2849345886000.000000,1752162676.659317,2849502205481.000000
2849445850000.000000,1752162676.686452,2849529339706.000000
2849479173000.000000,1752162676.820018,2849662905721.000000
2849512493000.000000,1752162676.836634,2849679521089.000000
2849645778000.000000,1752162676.989090,2849831977190.000000
2849679101000.000000,1752162677.000830,2849843717016.000000
2849712422000.000000,1752162677.028074,2849870961869.000000
2849779064000.000000,1752162677.181316,2850024203832.000000
2849845708000.000000,1752162677.208552,2850051439037.000000
2849978992000.000000,1752162677.225029,2850067915740.000000
2850012315000.000000,1752162677.345106,2850187993948.000000
2850045636000.000000,1752162677.361633,2850204520225.000000
2850145599000.000000,1752162677.383650,2850226537205.000000
2850178921000.000000,1752162677.527555,2850370443411.000000
2850212243000.000000,1752162677.560766,2850403653167.000000
2850312206000.000000,1752162677.582948,2850425834590.000000
2850345528000.000000,1752162677.712132,2850555018964.000000
2850378851000.000000,1752162677.728624,2850571510667.000000
2850512134000.000000,1752162677.745735,2850588622105.000000
2850545458000.000000,1752162677.943968,2850786854630.000000
2850578779000.000000,1752162677.960806,2850803692311.000000
2850678742000.000000,1752162677.998526,2850841412261.000000
2850712064000.000000,1752162678.014887,2850857772651.000000
2850745385000.000000,1752162678.204554,2851047441726.000000
2850945313000.000000,1752162678.232370,2851075258092.000000
2850978635000.000000,1752162678.394170,2851237056561.000000
2851011957000.000000,1752162678.415821,2851258708212.000000
2851045278000.000000,1752162678.432201,2851275088157.000000
2851145241000.000000,1752162678.448471,2851291357307.000000
2851178565000.000000,1752162678.470261,2851313147530.000000
2851411813000.000000,1752162678.690352,2851533240185.000000
2851445135000.000000,1752162678.712821,2851555708531.000000
2851478455000.000000,1752162678.822683,2851665570324.000000
2851511778000.000000,1752162678.844137,2851687024088.000000
2851545100000.000000,1752162678.871768,2851714655085.000000
2851678385000.000000,1752162679.006919,2851849806065.000000
2851711707000.000000,1752162679.023551,2851866438563.000000
2851811670000.000000,1752162679.040349,2851883236263.000000
2851844993000.000000,1752162679.215183,2852058070674.000000
2851878313000.000000,1752162679.237536,2852080423892.000000
2851978278000.000000,1752162679.264010,2852106897049.000000
2852011599000.000000,1752162679.280329,2852123214995.000000
2852044921000.000000,1752162679.459545,2852302432694.000000
2852211526000.000000,1752162679.481840,2852324727024.000000
2852244848000.000000,1752162679.498407,2852341294096.000000
2852278170000.000000,1752162679.645969,2852488855914.000000
2852311492000.000000,1752162679.667813,2852510700192.000000
2852444777000.000000,1752162679.690281,2852533167779.000000
2852478099000.000000,1752162679.811922,2852654809322.000000
2852511420000.000000,1752162679.828695,2852671582634.000000
2852611383000.000000,1752162679.850527,2852693413079.000000
2852644705000.000000,1752162679.985205,2852828092527.000000
2852678028000.000000,1752162680.001946,2852844833135.000000
2852777991000.000000,1752162680.018319,2852861204913.000000
2852811313000.000000,1752162680.210584,2853053471314.000000
2852844634000.000000,1752162680.227201,2853070088238.000000
2852944598000.000000,1752162680.243460,2853086346702.000000
2852977920000.000000,1752162680.344121,2853187008236.000000
2853011242000.000000,1752162680.361072,2853203959453.000000
2853144525000.000000,1752162680.383076,2853225962637.000000
2853177847000.000000,1752162680.537090,2853379977797.000000
2853211170000.000000,1752162680.553732,2853396619702.000000
2853311133000.000000,1752162680.576103,2853418990956.000000
2853344455000.000000,1752162680.698980,2853541867283.000000
2853377775000.000000,1752162680.710623,2853553509054.000000
2853477739000.000000,1752162680.727175,2853570063868.000000
2853511062000.000000,1752162680.856410,2853699297593.000000
2853544383000.000000,1752162680.878166,2853721052706.000000
2853677668000.000000,1752162681.005582,2853848469746.000000
2853710990000.000000,1752162681.032384,2853875271122.000000
2853744311000.000000,1752162681.048633,2853891519883.000000
2853810953000.000000,1752162681.065194,2853908081086.000000
2853877596000.000000,1752162681.265615,2854108503200.000000
2853977560000.000000,1752162681.277279,2854120165915.000000
2854010882000.000000,1752162681.299624,2854142510614.000000
2854044204000.000000,1752162681.418227,2854261114799.000000
2854077526000.000000,1752162681.434952,2854277839000.000000
2854210812000.000000,1752162681.446586,2854289472141.000000
2854244134000.000000,1752162681.595419,2854438306501.000000
2854277455000.000000,1752162681.612253,2854455140571.000000
2854410740000.000000,1752162681.724222,2854567109287.000000
2854444062000.000000,1752162681.740875,2854583762599.000000
2854477383000.000000,1752162681.762638,2854605525119.000000
2854544025000.000000,1752162681.909246,2854752133669.000000
2854577348000.000000,1752162681.931151,2854774039094.000000
2854677311000.000000,1752162681.943019,2854785905863.000000
2854710633000.000000,1752162682.069994,2854912881963.000000
2854743954000.000000,1752162682.086763,2854929650830.000000
2854877240000.000000,1752162682.226486,2855069374394.000000
2854910562000.000000,1752162682.243469,2855086355425.000000
2854943884000.000000,1752162682.260625,2855103511825.000000
2855043846000.000000,1752162682.387520,2855230407908.000000
2855077169000.000000,1752162682.404435,2855247321755.000000
2855177133000.000000,1752162682.426198,2855269084608.000000
2855210455000.000000,1752162682.574974,2855417861098.000000
2855243776000.000000,1752162682.602655,2855445541910.000000
2855343739000.000000,1752162682.624231,2855467117617.000000
2855377062000.000000,1752162682.755486,2855598372692.000000
2855410383000.000000,1752162682.772027,2855614915487.000000
2855543667000.000000,1752162682.793712,2855636599119.000000
2855576991000.000000,1752162682.936828,2855779715278.000000
2855610312000.000000,1752162682.953582,2855796469497.000000
2855710275000.000000,1752162682.975997,2855818884121.000000
2855743597000.000000,1752162683.096552,2855939438787.000000
2855776918000.000000,1752162683.118395,2855961283009.000000
2855876882000.000000,1752162683.151399,2855994286341.000000
2855910204000.000000,1752162683.167768,2856010654193.000000
2855943526000.000000,1752162683.357183,2856200071512.000000
2856076810000.000000,1752162683.373941,2856216828620.000000
2856143452000.000000,1752162683.395846,2856238732564.000000
2856176775000.000000,1752162683.509841,2856352728167.000000
2856210098000.000000,1752162683.537235,2856380122611.000000
2856310061000.000000,1752162683.548917,2856391804233.000000
2856343383000.000000,1752162683.694274,2856537161406.000000
2856376704000.000000,1752162683.706041,2856548927305.000000
2856476667000.000000,1752162683.722250,2856565137400.000000
2856509989000.000000,1752162683.848459,2856691346064.000000
2856543311000.000000,1752162683.870075,2856712961641.000000
2856643274000.000000,1752162683.891687,2856734574625.000000
2856676596000.000000,1752162684.063473,2856906360271.000000
2856709917000.000000,1752162684.080361,2856923247729.000000
2856809881000.000000,1752162684.112642,2856955528957.000000
2856843203000.000000,1752162684.134452,2856977337976.000000
2856876525000.000000,1752162684.313454,2857156341326.000000
2857043131000.000000,1752162684.341386,2857184272932.000000
2857076452000.000000,1752162684.459835,2857302723211.000000
2857109774000.000000,1752162684.476653,2857319539781.000000
2857143096000.000000,1752162684.492892,2857335779839.000000
2857276381000.000000,1752162684.606278,2857449165577.000000
2857309705000.000000,1752162684.648869,2857491756256.000000
2857409666000.000000,1752162684.676059,2857518945850.000000
2857442989000.000000,1752162684.774366,2857617253297.000000
2857476310000.000000,1752162684.790928,2857633815166.000000
2857576273000.000000,1752162684.812803,2857655690222.000000
2857609596000.000000,1752162684.951277,2857794165669.000000
2857642918000.000000,1752162684.978050,2857820936916.000000
2857742881000.000000,1752162685.005512,2857848399007.000000
2857776203000.000000,1752162685.150776,2857993664422.000000
2857809525000.000000,1752162685.167510,2858010396530.000000
2857909488000.000000,1752162685.189607,2858032494009.000000
2857942810000.000000,1752162685.318337,2858161225703.000000
2857976131000.000000,1752162685.340798,2858183685012.000000
2858109416000.000000,1752162685.357409,2858200295529.000000
2858142738000.000000,1752162685.488132,2858331019832.000000
2858176060000.000000,1752162685.504968,2858347854772.000000
2858276024000.000000,1752162685.527011,2858369897900.000000
2858309346000.000000,1752162685.658599,2858501487083.000000
2858342667000.000000,1752162685.680636,2858523522767.000000
2858475952000.000000,1752162685.814454,2858657341132.000000
2858509275000.000000,1752162685.841524,2858684410690.000000
2858542596000.000000,1752162685.868435,2858711321639.000000
2858609237000.000000,1752162685.889434,2858732320167.000000
2858642560000.000000,1752162686.052402,2858895289550.000000
2858809166000.000000,1752162686.069058,2858911946492.000000
2858842488000.000000,1752162686.185218,2859028105591.000000
2858875809000.000000,1752162686.202114,2859045001124.000000
2858909131000.000000,1752162686.218204,2859061091849.000000
2859009094000.000000,1752162686.333894,2859176781231.000000
2859042416000.000000,1752162686.350688,2859193576079.000000
2859142380000.000000,1752162686.484600,2859327487220.000000
2859175702000.000000,1752162686.511516,2859354402724.000000
2859209023000.000000,1752162686.533659,2859376547092.000000
2859275665000.000000,1752162686.554873,2859397759525.000000
2859342309000.000000,1752162686.721531,2859564419297.000000
2859508915000.000000,1752162686.738676,2859581562808.000000
2859542237000.000000,1752162686.873235,2859716121387.000000
2859575558000.000000,1752162686.889882,2859732768533.000000
2859608880000.000000,1752162686.912116,2859755002011.000000
2859675522000.000000,1752162686.939008,2859781895516.000000
2859708845000.000000,1752162687.071054,2859913941732.000000
2859842130000.000000,1752162687.092904,2859935790917.000000
2859875452000.000000,1752162687.213751,2860056638061.000000
2859908773000.000000,1752162687.230871,2860073758499.000000
2859942095000.000000,1752162687.247021,2860089907872.000000
2860042058000.000000,1752162687.385980,2860228868888.000000
2860075381000.000000,1752162687.413915,2860256802252.000000
2860175343000.000000,1752162687.425459,2860268346154.000000
2860208666000.000000,1752162687.553548,2860396435909.000000
2860241987000.000000,1752162687.570897,2860413784437.000000
2860341950000.000000,1752162687.598235,2860441121604.000000
2860375273000.000000,1752162687.710589,2860553476964.000000
2860408594000.000000,1752162687.727285,2860570171906.000000
2860508558000.000000,1752162687.744005,2860586892273.000000
2860541880000.000000,1752162687.877147,2860720035385.000000
2860575201000.000000,1752162687.888829,2860731716637.000000
2860675165000.000000,1752162687.905588,2860748475504.000000
2860708487000.000000,1752162688.029175,2860872061786.000000
2860741808000.000000,1752162688.045751,2860888638192.000000
2860841771000.000000,1752162688.206555,2861049442116.000000
2860875093000.000000,1752162688.223046,2861065933838.000000
2860908414000.000000,1752162688.251023,2861093910017.000000
2861041700000.000000,1752162688.389398,2861232284835.000000
2861075022000.000000,1752162688.406153,2861249039942.000000
2861174985000.000000,1752162688.432719,2861275606043.000000
2861208308000.000000,1752162688.573626,2861416513335.000000
2861241630000.000000,1752162688.595288,2861438174690.000000
2861341593000.000000,1752162688.617182,2861460068968.000000
2861374915000.000000,1752162688.638283,2861481169457.000000
2861408236000.000000,1752162688.831229,2861674116332.000000
2861541522000.000000,1752162688.847856,2861690743219.000000
2861574842000.000000,1752162688.936609,2861779495893.000000
2861608164000.000000,1752162688.958084,2861800971582.000000
2861674808000.000000,1752162688.979944,2861822830212.000000
2861774771000.000000,1752162689.097910,2861940798089.000000
2861808093000.000000,1752162689.124630,2861967517725.000000
2861941379000.000000,1752162689.260126,2862103013573.000000
2861974701000.000000,1752162689.276756,2862119642719.000000
2862008022000.000000,1752162689.303804,2862146691518.000000
2862041342000.000000,1752162689.319739,2862162625283.000000
2862074664000.000000,1752162689.428446,2862271333476.000000
2862241271000.000000,1752162689.552133,2862395020332.000000
2862274593000.000000,1752162689.568903,2862411790291.000000
2862307914000.000000,1752162689.590584,2862433471090.000000
2862341234000.000000,1752162689.606869,2862449755924.000000
2862374558000.000000,1752162689.804217,2862647104848.000000
2862541163000.000000,1752162689.832247,2862675134471.000000
2862574485000.000000,1752162689.849327,2862692214408.000000
2862607808000.000000,1752162690.036571,2862879458323.000000
2862641129000.000000,1752162690.053082,2862895968285.000000
2862774413000.000000,1752162690.069728,2862912614116.000000
2862807736000.000000,1752162690.096084,2862938970293.000000
2862841056000.000000,1752162690.250448,2863093336653.000000
2863007664000.000000,1752162690.267081,2863109968151.000000
2863040986000.000000,1752162690.294052,2863136939729.000000
2863074306000.000000,1752162690.447636,2863290523763.000000
2863107627000.000000,1752162690.470917,2863313805415.000000
2863207592000.000000,1752162690.488908,2863331795140.000000
2863240914000.000000,1752162690.511101,2863353988082.000000
2863274236000.000000,1752162690.700267,2863543155180.000000
2863440840000.000000,1752162690.717173,2863560060176.000000
2863474163000.000000,1752162690.739289,2863582175618.000000
2863507483000.000000,1752162690.837721,2863680608378.000000
2863540806000.000000,1752162690.854209,2863697096563.000000
2863640770000.000000,1752162690.871072,2863713958632.000000
2863674092000.000000,1752162691.019508,2863862396182.000000
2863707414000.000000,1752162691.046574,2863889461092.000000
2863807377000.000000,1752162691.068547,2863911434388.000000
2863840699000.000000,1752162691.182989,2864025876874.000000
2863874021000.000000,1752162691.205388,2864048275258.000000
2864007306000.000000,1752162691.360462,2864203349185.000000
2864040628000.000000,1752162691.387500,2864230388429.000000
2864073949000.000000,1752162691.409734,2864252621074.000000
2864173912000.000000,1752162691.554205,2864397093367.000000
2864207234000.000000,1752162691.571240,2864414126805.000000
2864340520000.000000,1752162691.598713,2864441599674.000000
2864373842000.000000,1752162691.739820,2864582706835.000000
2864407163000.000000,1752162691.756477,2864599364073.000000
2864507127000.000000,1752162691.783353,2864626240152.000000
2864540449000.000000,1752162691.816041,2864658927524.000000
2864607092000.000000,1752162691.945525,2864788411710.000000
2864740377000.000000,1752162692.024570,2864867457964.000000
2864773698000.000000,1752162692.041471,2864884358570.000000
2864807021000.000000,1752162692.063377,2864906264181.000000
2864840341000.000000,1752162692.187839,2865030727177.000000
2864873663000.000000,1752162692.209452,2865052338680.000000
2864973626000.000000,1752162692.231076,2865073962702.000000
2865040270000.000000,1752162692.436438,2865279325581.000000
2865073591000.000000,1752162692.453079,2865295966060.000000
2865173554000.000000,1752162692.485091,2865327977494.000000
2865206877000.000000,1752162692.506573,2865349459721.000000
2865240198000.000000,1752162692.737893,2865580779947.000000
2865440126000.000000,1752162692.754417,2865597303224.000000
2865473448000.000000,1752162692.770943,2865613829686.000000
2865506769000.000000,1752162692.787162,2865630048373.000000
2865540091000.000000,1752162692.953670,2865796557739.000000
2865706699000.000000,1752162692.970414,2865813300662.000000
2865740019000.000000,1752162692.997348,2865840234777.000000
2865773341000.000000,1752162693.112279,2865955166407.000000
2865806663000.000000,1752162693.128946,2865971833238.000000
2865939948000.000000,1752162693.238459,2866081346405.000000
2865973270000.000000,1752162693.260123,2866103009926.000000
2866006590000.000000,1752162693.276930,2866119815866.000000
2866073232000.000000,1752162693.457941,2866300828029.000000
2866106555000.000000,1752162693.474575,2866317461194.000000
2866206518000.000000,1752162693.490985,2866333871305.000000
2866239840000.000000,1752162693.507225,2866350111066.000000
2866273162000.000000,1752162693.730886,2866573772982.000000
2866439768000.000000,1752162693.758071,2866600957984.000000
2866473090000.000000,1752162693.779673,2866622559283.000000
2866506412000.000000,1752162693.796007,2866638893006.000000
2866539733000.000000,1752162693.925768,2866768655763.000000
2866706339000.000000,1752162693.942256,2866785142503.000000
2866739661000.000000,1752162694.074500,2866917387643.000000
2866772983000.000000,1752162694.091514,2866934400507.000000
2866806304000.000000,1752162694.108063,2866950950136.000000
2866872946000.000000,1752162694.129465,2866972350974.000000
2866906268000.000000,1752162694.301444,2867144331877.000000
2867039553000.000000,1752162694.313290,2867156176997.000000
2867072875000.000000,1752162694.329327,2867172213279.000000
2867106197000.000000,1752162694.469088,2867311976231.000000
2867139518000.000000,1752162694.496250,2867339137030.000000
2867239482000.000000,1752162694.507986,2867350873133.000000
2867272804000.000000,1752162694.529013,2867371899808.000000
2867306126000.000000,1752162694.692470,2867535358038.000000
2867472732000.000000,1752162694.709593,2867552479439.000000
2867506054000.000000,1752162694.876445,2867719332338.000000
2867539375000.000000,1752162694.903754,2867746641209.000000
2867572696000.000000,1752162694.930558,2867773444845.000000
2867672659000.000000,1752162694.941795,2867784682564.000000
2867705981000.000000,1752162695.040922,2867883809354.000000
2867872589000.000000,1752162695.133748,2867976635060.000000
2867905911000.000000,1752162695.150257,2867993144745.000000
2867939232000.000000,1752162695.161881,2868004767460.000000
2867972554000.000000,1752162695.283384,2868126271875.000000
2868005875000.000000,1752162695.305310,2868148196116.000000
2868105839000.000000,1752162695.488670,2868331557551.000000
2868139161000.000000,1752162695.516437,2868359322714.000000
2868172484000.000000,1752162695.532737,2868375624419.000000
2868239124000.000000,1752162695.548982,2868391868736.000000
2868305767000.000000,1752162695.710551,2868553439152.000000
2868472374000.000000,1752162695.727771,2868570657421.000000
2868505696000.000000,1752162695.841537,2868684423878.000000
2868539018000.000000,1752162695.863348,2868706235231.000000
2868572339000.000000,1752162695.895424,2868738311368.000000
2868705624000.000000,1752162696.050370,2868893258148.000000
2868738947000.000000,1752162696.072156,2868915042575.000000
2868838910000.000000,1752162696.104707,2868947593670.000000
2868872232000.000000,1752162696.213830,2869056717415.000000
2868905553000.000000,1752162696.235894,2869078781080.000000
2869038838000.000000,1752162696.374613,2869217500579.000000
2869072161000.000000,1752162696.386509,2869229396107.000000
2869105480000.000000,1752162696.403781,2869246667228.000000
2869172122000.000000,1752162696.420761,2869263647204.000000
2869205445000.000000,1752162696.586280,2869429168061.000000
2869338730000.000000,1752162696.603355,2869446242091.000000
2869372052000.000000,1752162696.726135,2869569022438.000000
2869405374000.000000,1752162696.747893,2869590780106.000000
2869438696000.000000,1752162696.764639,2869607525158.000000
2869538659000.000000,1752162696.925166,2869768052733.000000
2869571982000.000000,1752162696.946667,2869789554367.000000
2869671944000.000000,1752162696.969290,2869812177322.000000
2869705266000.000000,1752162696.985827,2869828714099.000000
2869771909000.000000,1752162697.165909,2870008796216.000000
2869905194000.000000,1752162697.187917,2870030803956.000000
2869938516000.000000,1752162697.220150,2870063036647.000000
2869971838000.000000,1752162697.373682,2870216569200.000000
2870005160000.000000,1752162697.390862,2870233748915.000000
2870138445000.000000,1752162697.407584,2870250470078.000000
2870171767000.000000,1752162697.434720,2870277605951.000000
2870205088000.000000,1752162697.607083,2870449969776.000000
2870371695000.000000,1752162697.623674,2870466560423.000000
2870405016000.000000,1752162697.640244,2870483130866.000000
2870438336000.000000,1752162697.779229,2870622116900.000000
2870471660000.000000,1752162697.801457,2870644343915.000000
2870571622000.000000,1752162697.817800,2870660688360.000000
2870604945000.000000,1752162697.946951,2870789838253.000000
2870638266000.000000,1752162697.963484,2870806371474.000000
2870738230000.000000,1752162697.979944,2870822831159.000000
2870771552000.000000,1752162698.114150,2870957037871.000000
2870804873000.000000,1752162698.135972,2870978858113.000000
2870938158000.000000,1752162698.258720,2871101607478.000000
2870971481000.000000,1752162698.275418,2871118305031.000000
2871004802000.000000,1752162698.291972,2871134859678.000000
2871071443000.000000,1752162698.424777,2871267664534.000000
2871104766000.000000,1752162698.452268,2871295155884.000000
2871238051000.000000,1752162698.550014,2871392901652.000000
2871271373000.000000,1752162698.598440,2871441327586.000000
2871304695000.000000,1752162698.610335,2871453220929.000000
2871371336000.000000,1752162698.703417,2871546305058.000000
2871404659000.000000,1752162698.720188,2871563075129.000000
2871537942000.000000,1752162698.843500,2871686387544.000000
2871571264000.000000,1752162698.855433,2871698319534.000000
2871604585000.000000,1752162698.872045,2871714931051.000000
2871637908000.000000,1752162698.984452,2871827339965.000000
2871671230000.000000,1752162699.006029,2871848916506.000000
2871804514000.000000,1752162699.184771,2872027659044.000000
2871837837000.000000,1752162699.201753,2872044639945.000000
2871871159000.000000,1752162699.234563,2872077449742.000000
2872004443000.000000,1752162699.384854,2872227741606.000000
2872037766000.000000,1752162699.401429,2872244317030.000000
2872171050000.000000,1752162699.418002,2872260890103.000000
2872204373000.000000,1752162699.546247,2872389134783.000000
2872237695000.000000,1752162699.563218,2872406105555.000000
2872337656000.000000,1752162699.589990,2872432877450.000000
2872370978000.000000,1752162699.676744,2872519631514.000000
2872404300000.000000,1752162699.688343,2872531230359.000000
2872504264000.000000,1752162699.818931,2872661818312.000000
2872537587000.000000,1752162699.835511,2872678398199.000000
2872570906000.000000,1752162699.852089,2872694975253.000000
2872604228000.000000,1752162699.948562,2872791450052.000000
2872637550000.000000,1752162699.976271,2872819158419.000000
2872770835000.000000,1752162700.120143,2872963030663.000000
2872804157000.000000,1752162700.142845,2872985731803.000000
2872870799000.000000,1752162700.154747,2872997634052.000000
2872937443000.000000,1752162700.286181,2873129068811.000000
2872970765000.000000,1752162700.288381,2873131267770.000000
2873070727000.000000,1752162700.310069,2873152955847.000000
2873104050000.000000,1752162700.433512,2873276399094.000000
2873170692000.000000,1752162700.450310,2873293197405.000000
2873237334000.000000,1752162700.467142,2873310028956.000000
2873270656000.000000,1752162700.654722,2873497608942.000000
2873303978000.000000,1752162700.682606,2873525493640.000000
2873403942000.000000,1752162700.700150,2873543037629.000000
2873437264000.000000,1752162700.717356,2873560243176.000000
2873470586000.000000,1752162700.943873,2873786759748.000000
2873637191000.000000,1752162700.961097,2873803984203.000000
2873670514000.000000,1752162700.982571,2873825458022.000000
2873703836000.000000,1752162700.998903,2873841790264.000000
2873770479000.000000,1752162701.135670,2873978557802.000000
2873903763000.000000,1752162701.152178,2873995065708.000000
2873937086000.000000,1752162701.174370,2874017257205.000000
2873970407000.000000,1752162701.297462,2874140349345.000000
2874003727000.000000,1752162701.319159,2874162045921.000000
2874103692000.000000,1752162701.480480,2874323367821.000000
2874137014000.000000,1752162701.502978,2874345865167.000000
2874170336000.000000,1752162701.514557,2874357443531.000000
2874270299000.000000,1752162701.531019,2874373904919.000000
2874303621000.000000,1752162701.665935,2874508821865.000000
2874470227000.000000,1752162701.682934,2874525820896.000000
2874503550000.000000,1752162701.824709,2874667596791.000000
2874536870000.000000,1752162701.846334,2874689220646.000000
2874570192000.000000,1752162701.879259,2874722145793.000000
2874603512000.000000,1752162701.895603,2874738489386.000000
2874670157000.000000,1752162702.049467,2874892355010.000000
2874803441000.000000,1752162702.061269,2874904155983.000000
2874836763000.000000,1752162702.088570,2874931457669.000000
2874870085000.000000,1752162702.242775,2875085662178.000000
2874903406000.000000,1752162702.265013,2875107900082.000000
2875003369000.000000,1752162702.281378,2875124265194.000000
2875036691000.000000,1752162702.297722,2875140608343.000000
2875070013000.000000,1752162702.473019,2875315906064.000000
2875236620000.000000,1752162702.495120,2875338006710.000000
2875269941000.000000,1752162702.662255,2875505141810.000000
2875303263000.000000,1752162702.683892,2875526779257.000000
2875336584000.000000,1752162702.700245,2875543132073.000000
2875469869000.000000,1752162702.830745,2875673632267.000000
2875536514000.000000,1752162702.847102,2875689989934.000000
2875669798000.000000,1752162702.995202,2875838089580.000000
2875703121000.000000,1752162703.017150,2875860038357.000000
2875736442000.000000,1752162703.028871,2875871757960.000000
2875803084000.000000,1752162703.146817,2875989705041.000000
2875836404000.000000,1752162703.174606,2876017492796.000000
2875936369000.000000,1752162703.196797,2876039684404.000000
2875969689000.000000,1752162703.363687,2876206575044.000000
2876003011000.000000,1752162703.380175,2876223061784.000000
2876102975000.000000,1752162703.396953,2876239840169.000000
2876136296000.000000,1752162703.418580,2876261466117.000000
2876202939000.000000,1752162703.579152,2876422040191.000000
2876336226000.000000,1752162703.595946,2876438833224.000000
2876369547000.000000,1752162703.705766,2876548653258.000000
2876402868000.000000,1752162703.722275,2876565162683.000000
2876436191000.000000,1752162703.738728,2876581614720.000000
2876536154000.000000,1752162703.828806,2876671693768.000000
2876569476000.000000,1752162703.850272,2876693159939.000000
2876669440000.000000,1752162703.967146,2876810034309.000000
2876702762000.000000,1752162703.983799,2876826686010.000000
2876736084000.000000,1752162704.000126,2876843013141.000000
2876769405000.000000,1752162704.139242,2876982128970.000000
2876802726000.000000,1752162704.156498,2876999385054.000000
2876902691000.000000,1752162704.178232,2877021119389.000000
2876936013000.000000,1752162704.321500,2877164388546.000000
2876969333000.000000,1752162704.338620,2877181507132.000000
2877102619000.000000,1752162704.360714,2877203601537.000000
2877135941000.000000,1752162704.479810,2877322697255.000000
2877169263000.000000,1752162704.491508,2877334394673.000000
2877269224000.000000,1752162704.507876,2877350762988.000000
2877302546000.000000,1752162704.667831,2877510718532.000000
2877335869000.000000,1752162704.684235,2877527122254.000000
2877469153000.000000,1752162704.711689,2877554576328.000000
2877502476000.000000,1752162704.862375,2877705262113.000000
2877535798000.000000,1752162704.884147,2877727034466.000000
2877635759000.000000,1752162704.905762,2877748649117.000000
2877669083000.000000,1752162705.019992,2877862880014.000000
2877702404000.000000,1752162705.042148,2877885035178.000000
2877835690000.000000,1752162705.187988,2878030875087.000000
2877869012000.000000,1752162705.204594,2878047480381.000000
2877902334000.000000,1752162705.221480,2878064367210.000000
2878035618000.000000,1752162705.350534,2878193421715.000000
2878068940000.000000,1752162705.367550,2878210436987.000000
2878168902000.000000,1752162705.506932,2878349819795.000000
2878202225000.000000,1752162705.529340,2878372226808.000000
2878235546000.000000,1752162705.545410,2878388297811.000000
2878335510000.000000,1752162705.709739,2878552627070.000000
2878368833000.000000,1752162705.726480,2878569367844.000000
2878468796000.000000,1752162705.742795,2878585681975.000000
2878535437000.000000,1752162705.906247,2878749133761.000000
2878568761000.000000,1752162705.918160,2878761046640.000000
2878668725000.000000,1752162705.934878,2878777765248.000000
2878702048000.000000,1752162705.961739,2878804625531.000000
2878735367000.000000,1752162706.122505,2878965392529.000000
2878901974000.000000,1752162706.139450,2878982337154.000000
2878935295000.000000,1752162706.296163,2879139049915.000000
2878968618000.000000,1752162706.317883,2879160770065.000000
2879001941000.000000,1752162706.334310,2879177196306.000000
2879101903000.000000,1752162706.350885,2879193771693.000000
2879135224000.000000,1752162706.524501,2879367388191.000000
2879268510000.000000,1752162706.546196,2879389084859.000000
2879301831000.000000,1752162706.563341,2879406227482.000000
2879335152000.000000,1752162706.675886,2879518773265.000000
2879368475000.000000,1752162706.714088,2879556975748.000000
2879501759000.000000,1752162706.864237,2879707124447.000000
2879535080000.000000,1752162706.886022,2879728909540.000000
2879568403000.000000,1752162706.902731,2879745616945.000000
2879701687000.000000,1752162707.048236,2879891124450.000000
2879735011000.000000,1752162707.065289,2879908175777.000000
2879834974000.000000,1752162707.076740,2879919626920.000000
2879868296000.000000,1752162707.238718,2880081604813.000000
2879901617000.000000,1752162707.255083,2880097969758.000000
2880001580000.000000,1752162707.276331,2880119217746.000000
2880034903000.000000,1752162707.293039,2880135925762.000000
2880068225000.000000,1752162707.479712,2880322599145.000000
2880201510000.000000,1752162707.497013,2880339899970.000000
2880234831000.000000,1752162707.578135,2880421022665.000000
2880268153000.000000,1752162707.594804,2880437690311.000000
2880301482000.000000,1752162707.611790,2880454678046.000000
2880401438000.000000,1752162707.745938,2880588825203.000000
2880434760000.000000,1752162707.762516,2880605402887.000000
2880534723000.000000,1752162707.789829,2880632715628.000000
2880568045000.000000,1752162707.953811,2880796698631.000000
2880601367000.000000,1752162707.975451,2880818337559.000000
2880701330000.000000,1752162707.997091,2880839977062.000000
2880734652000.000000,1752162708.018797,2880861683564.000000
2880767973000.000000,1752162708.146296,2880989183251.000000
2880934580000.000000,1752162708.189361,2881032247851.000000
2880967902000.000000,1752162708.302177,2881145064744.000000
2881001224000.000000,1752162708.318841,2881161729093.000000
2881034545000.000000,1752162708.336099,2881178985770.000000
2881134508000.000000,1752162708.519320,2881362207207.000000
2881167831000.000000,1752162708.536089,2881378975611.000000
2881267794000.000000,1752162708.552595,2881395482813.000000
2881334436000.000000,1752162708.633299,2881476186328.000000
2881367760000.000000,1752162708.650150,2881493037083.000000
2881467723000.000000,1752162708.840123,2881683010136.000000
2881501046000.000000,1752162708.862350,2881705237077.000000
2881534369000.000000,1752162708.879025,2881721911334.000000
2881601008000.000000,1752162708.900009,2881742895547.000000
2881667651000.000000,1752162709.089248,2881932135830.000000
2881834258000.000000,1752162709.106025,2881948911901.000000
2881867581000.000000,1752162709.122979,2881965865914.000000
2881900902000.000000,1752162709.261359,2882104246732.000000
2881934223000.000000,1752162709.277958,2882120845027.000000
2882034187000.000000,1752162709.284386,2882127272813.000000
2882067508000.000000,1752162709.449441,2882292328860.000000
2882100829000.000000,1752162709.466202,2882309089246.000000
2882200792000.000000,1752162709.492684,2882335570977.000000
2882234115000.000000,1752162709.509017,2882351902886.000000
2882267437000.000000,1752162709.629933,2882472819547.000000
2882434043000.000000,1752162709.662929,2882505816898.000000
2882467366000.000000,1752162709.796756,2882639643169.000000
2882500687000.000000,1752162709.813234,2882656120372.000000
2882534008000.000000,1752162709.840180,2882683065821.000000
2882600651000.000000,1752162709.856558,2882699445248.000000
2882667294000.000000,1752162710.065818,2882908704920.000000
2882767258000.000000,1752162710.082558,2882925444806.000000
2882800580000.000000,1752162710.109492,2882952379366.000000
2882833900000.000000,1752162710.135834,2882978720543.000000
2882867223000.000000,1752162710.279381,2883122268790.000000
2883067152000.000000,1752162710.418788,2883261674987.000000
2883100472000.000000,1752162710.435571,2883278457483.000000
2883133794000.000000,1752162710.452167,2883295053611.000000
2883167115000.000000,1752162710.630809,2883473695854.000000
2883233757000.000000,1752162710.652649,2883495535113.000000
2883367043000.000000,1752162710.668895,2883511781041.000000
2883400364000.000000,1752162710.685301,2883528188004.000000
2883433686000.000000,1752162710.870002,2883712889908.000000
2883600293000.000000,1752162710.887284,2883730172029.000000
2883633615000.000000,1752162710.914779,2883757666639.000000
2883666936000.000000,1752162710.931574,2883774461616.000000
2883700258000.000000,1752162711.062288,2883905174975.000000
2883866865000.000000,1752162711.078727,2883921614012.000000
2883900185000.000000,1752162711.188041,2884030929051.000000
2883933506000.000000,1752162711.204577,2884047463327.000000
2883966829000.000000,1752162711.295754,2884138641958.000000
2884000150000.000000,1752162711.312369,2884155256808.000000
2884033472000.000000,1752162711.329229,2884172115803.000000
2884133436000.000000,1752162711.462254,2884305141898.000000
2884166758000.000000,1752162711.483932,2884326819418.000000
2884266721000.000000,1752162711.515821,2884358708261.000000
2884300043000.000000,1752162711.628083,2884470969993.000000
2884333365000.000000,1752162711.639758,2884482644837.000000
2884466649000.000000,1752162711.799678,2884642565029.000000
2884499970000.000000,1752162711.831872,2884674759165.000000
2884533292000.000000,1752162711.843896,2884686783377.000000
2884633255000.000000,1752162711.943070,2884785958481.000000
2884666578000.000000,1752162711.955048,2884797935175.000000
2884766541000.000000,1752162712.059179,2884902066192.000000
2884799862000.000000,1752162712.081056,2884923942618.000000
2884833184000.000000,1752162712.218234,2885061121115.000000
2884899827000.000000,1752162712.240058,2885082944986.000000
2884933149000.000000,1752162712.261751,2885104638136.000000
2884999792000.000000,1752162712.277865,2885120751806.000000
2885066435000.000000,1752162712.459359,2885302246964.000000
2885199720000.000000,1752162712.470812,2885313698811.000000
2885233041000.000000,1752162712.482240,2885325126769.000000
2885266362000.000000,1752162712.616750,2885459637923.000000
2885299684000.000000,1752162712.628378,2885471264249.000000
2885432969000.000000,1752162712.780199,2885623086894.000000
2885466291000.000000,1752162712.791895,2885634782534.000000
2885499613000.000000,1752162712.813428,2885656314575.000000
2885532935000.000000,1752162712.829440,2885672326135.000000
2885599577000.000000,1752162713.026529,2885869416949.000000
2885732862000.000000,1752162713.038526,2885881412717.000000
2885766183000.000000,1752162713.060249,2885903136533.000000
2885799506000.000000,1752162713.076930,2885919816086.000000
2885832827000.000000,1752162713.217441,2886060329068.000000
2885999433000.000000,1752162713.255321,2886098208257.000000
2886032755000.000000,1752162713.389490,2886232377211.000000
2886066077000.000000,1752162713.406314,2886249201707.000000
2886099399000.000000,1752162713.418245,2886261132011.000000
2886199361000.000000,1752162713.537008,2886379895140.000000
2886232684000.000000,1752162713.548542,2886391429208.000000
2886332647000.000000,1752162713.565867,2886408753606.000000
2886365970000.000000,1752162713.712924,2886555811780.000000
2886399292000.000000,1752162713.729946,2886572832996.000000
2886499256000.000000,1752162713.746898,2886589785399.000000
2886532577000.000000,1752162713.871006,2886713892972.000000
2886565899000.000000,1752162713.888013,2886730900078.000000
2886665862000.000000,1752162713.904799,2886747685463.000000
2886699184000.000000,1752162714.046631,2886889518968.000000
2886732506000.000000,1752162714.073635,2886916522527.000000
2886832469000.000000,1752162714.090157,2886933044045.000000
2886865791000.000000,1752162714.209304,2887052192373.000000
2886899113000.000000,1752162714.236922,2887079808759.000000
2887032397000.000000,1752162714.380921,2887223808427.000000
2887065720000.000000,1752162714.408034,2887250920875.000000
2887099042000.000000,1752162714.424832,2887267718834.000000
2887165683000.000000,1752162714.441316,2887284203685.000000
2887232327000.000000,1752162714.621589,2887464476819.000000
2887365611000.000000,1752162714.632943,2887475829629.000000
2887398933000.000000,1752162714.649708,2887492595848.000000
2887432255000.000000,1752162714.741626,2887584514323.000000
2887465577000.000000,1752162714.763361,2887606248343.000000
2887565540000.000000,1752162714.895458,2887738345076.000000
2887598862000.000000,1752162714.917668,2887760555981.000000
2887632183000.000000,1752162714.939614,2887782500591.000000
2887698826000.000000,1752162714.960934,2887803820930.000000
2887732148000.000000,1752162715.063734,2887906621202.000000
2887898754000.000000,1752162715.222719,2888065607404.000000
2887932078000.000000,1752162715.244433,2888087319368.000000
2887965397000.000000,1752162715.260805,2888103692424.000000
2887998719000.000000,1752162715.277174,2888120060666.000000
2888032040000.000000,1752162715.407013,2888249900996.000000
2888198647000.000000,1752162715.428950,2888271837051.000000
2888231969000.000000,1752162715.552479,2888395366928.000000
2888265291000.000000,1752162715.569065,2888411951556.000000
2888298612000.000000,1752162715.591204,2888434091664.000000
2888365253000.000000,1752162715.660664,2888503551089.000000
2888398575000.000000,1752162715.688365,2888531252104.000000
2888531861000.000000,1752162715.815977,2888658864605.000000
2888565182000.000000,1752162715.837666,2888680552922.000000
2888598504000.000000,1752162715.967589,2888810476697.000000
2888631826000.000000,1752162715.990362,2888833250910.000000
2888665147000.000000,1752162716.002116,2888845003068.000000
2888798432000.000000,1752162716.150353,2888993241490.000000
2888831755000.000000,1752162716.177519,2889020406529.000000
2888965038000.000000,1752162716.300053,2889142940138.000000
2888998361000.000000,1752162716.322505,2889165391687.000000
2889031683000.000000,1752162716.338836,2889181722318.000000
2889131646000.000000,1752162716.499433,2889342320262.000000
2889164968000.000000,1752162716.527421,2889370307534.000000
2889264932000.000000,1752162716.543741,2889386627239.000000
2889298253000.000000,1752162716.560061,2889402947555.000000
2889331575000.000000,1752162716.736845,2889579732612.000000
2889464861000.000000,1752162716.763947,2889606834708.000000
2889498182000.000000,1752162716.780527,2889623413836.000000
2889531503000.000000,1752162716.870084,2889712970797.000000
2889564825000.000000,1752162716.902909,2889745795686.000000
2889698110000.000000,1752162717.033236,2889876123216.000000
2889731432000.000000,1752162717.050279,2889893166561.000000
2889764754000.000000,1752162717.066875,2889909760874.000000
2889864717000.000000,1752162717.230365,2890073252160.000000
2889898040000.000000,1752162717.247387,2890090274506.000000
2889998001000.000000,1752162717.264383,2890107270129.000000
2890031325000.000000,1752162717.342602,2890185489076.000000
2890064647000.000000,1752162717.375295,2890218182393.000000
2890164608000.000000,1752162717.502994,2890345880671.000000
2890197930000.000000,1752162717.520068,2890362955479.000000
2890231254000.000000,1752162717.546866,2890389752967.000000
2890297895000.000000,1752162717.563559,2890406445427.000000
2890331217000.000000,1752162717.746996,2890589883713.000000
2890497823000.000000,1752162717.773890,2890616777366.000000
2890531145000.000000,1752162717.795798,2890638684570.000000
2890564465000.000000,1752162717.916760,2890759647342.000000
2890597789000.000000,1752162717.943761,2890786648439.000000
2890731073000.000000,1752162718.039067,2890881954657.000000
2890764395000.000000,1752162718.056182,2890899069631.000000
2890797717000.000000,1752162718.072916,2890915803313.000000
2890864359000.000000,1752162718.201823,2891044710190.000000
2890897681000.000000,1752162718.223957,2891066844003.000000
2890997644000.000000,1752162718.245456,2891088343544.000000
2891030967000.000000,1752162718.384403,2891227290875.000000
2891064289000.000000,1752162718.396156,2891239041959.000000
2891164251000.000000,1752162718.412550,2891255437293.000000
2891197574000.000000,1752162718.568586,2891411473265.000000
2891230896000.000000,1752162718.585568,2891428455204.000000
2891330858000.000000,1752162718.597047,2891439933569.000000
2891364180000.000000,1752162718.618881,2891461767810.000000
2891397502000.000000,1752162718.702458,2891545346258.000000
2891530788000.000000,1752162718.802312,2891645199356.000000
2891564109000.000000,1752162718.813910,2891656798164.000000
2891597434000.000000,1752162718.968658,2891811546390.000000
2891630753000.000000,1752162718.995836,2891838723300.000000
2891664074000.000000,1752162719.012048,2891854934561.000000
2891764037000.000000,1752162719.028465,2891871350820.000000
2891797359000.000000,1752162719.168749,2892011636100.000000
2891963965000.000000,1752162719.185674,2892028561373.000000
2891997287000.000000,1752162719.358848,2892201735171.000000
2892030609000.000000,1752162719.380544,2892223430618.000000
2892063931000.000000,1752162719.397007,2892239892710.000000
2892130571000.000000,1752162719.418826,2892261712192.000000
2892163894000.000000,1752162719.440135,2892283021106.000000
2892363822000.000000,1752162719.631412,2892474299665.000000
2892397145000.000000,1752162719.647995,2892490881737.000000
2892430466000.000000,1752162719.780024,2892622911305.000000
2892463787000.000000,1752162719.797513,2892640398886.000000
2892497109000.000000,1752162719.830570,2892673456995.000000
2892597072000.000000,1752162719.980923,2892823810359.000000
2892630394000.000000,1752162719.992249,2892835135410.000000
2892730358000.000000,1752162720.008733,2892851618799.000000
2892763680000.000000,1752162720.030146,2892873032341.000000
2892797004000.000000,1752162720.157202,2893000089292.000000
2892963608000.000000,1752162720.337858,2893180745514.000000
2892996929000.000000,1752162720.364785,2893207672037.000000
2893030251000.000000,1752162720.381149,2893224035742.000000
2893063572000.000000,1752162720.397485,2893240371354.000000
2893130214000.000000,1752162720.413700,2893256586559.000000
2893330142000.000000,1752162720.583902,2893426789740.000000
2893363465000.000000,1752162720.725636,2893568523672.000000
2893396787000.000000,1752162720.742025,2893584911579.000000
2893430107000.000000,1752162720.758343,2893601229006.000000
2893463429000.000000,1752162720.774665,2893617551433.000000
2893596715000.000000,1752162720.962511,2893805398842.000000
2893696678000.000000,1752162720.979296,2893822184005.000000
2893730001000.000000,1752162721.093453,2893936340291.000000
2893763322000.000000,1752162721.105359,2893948245929.000000
2893796643000.000000,1752162721.127619,2893970505944.000000
2893896605000.000000,1752162721.148928,2893991814876.000000
2893929929000.000000,1752162721.330305,2894173192721.000000
2894063214000.000000,1752162721.363112,2894205998592.000000
2894096535000.000000,1752162721.379555,2894222441610.000000
2894129856000.000000,1752162721.503972,2894346860107.000000
2894163179000.000000,1752162721.520782,2894363668547.000000
2894296463000.000000,1752162721.537534,2894380420859.000000
2894329785000.000000,1752162721.665532,2894508419263.000000
2894363106000.000000,1752162721.687634,2894530520539.000000
2894496391000.000000,1752162721.837106,2894679993337.000000
2894529714000.000000,1752162721.859052,2894701939337.000000
2894563035000.000000,1752162721.880532,2894723418045.000000
2894629677000.000000,1752162722.024275,2894867162327.000000
2894662999000.000000,1752162722.040989,2894883876564.000000
2894796284000.000000,1752162722.068414,2894911300471.000000
2894829606000.000000,1752162722.085229,2894928115356.000000
2894862928000.000000,1752162722.236391,2895079278174.000000
2895029534000.000000,1752162722.253602,2895096488796.000000
2895062857000.000000,1752162722.357094,2895199981894.000000
2895096181000.000000,1752162722.373971,2895216858037.000000
2895129498000.000000,1752162722.396432,2895239318624.000000
2895162820000.000000,1752162722.524897,2895367784376.000000
2895196140000.000000,1752162722.552211,2895395097636.000000
2895329425000.000000,1752162722.568696,2895411582098.000000
2895362749000.000000,1752162722.714824,2895557711874.000000
2895396070000.000000,1752162722.721653,2895564539546.000000
2895496033000.000000,1752162722.738330,2895581217747.000000
2895529354000.000000,1752162722.843791,2895686678640.000000
2895562678000.000000,1752162722.855465,2895698352818.000000
2895662640000.000000,1752162722.998934,2895841821084.000000
2895695962000.000000,1752162723.021053,2895863939841.000000
2895729284000.000000,1752162723.037091,2895879977326.000000
2895795927000.000000,1752162723.058611,2895901497145.000000
2895829248000.000000,1752162723.214288,2896057175584.000000
2895995856000.000000,1752162723.236246,2896079132713.000000
2896029177000.000000,1752162723.356492,2896199379381.000000
2896062500000.000000,1752162723.368286,2896211172614.000000
2896095820000.000000,1752162723.395599,2896238486170.000000
2896162462000.000000,1752162723.554613,2896397500260.000000
2896229106000.000000,1752162723.571608,2896414495069.000000
2896329069000.000000,1752162723.593176,2896436063017.000000
2896362391000.000000,1752162723.705417,2896548304748.000000
2896395712000.000000,1752162723.722044,2896564932524.000000
2896528998000.000000,1752162723.852166,2896695053222.000000
2896562320000.000000,1752162723.868827,2896711713164.000000
2896595641000.000000,1752162723.896399,2896739286254.000000
2896695606000.000000,1752162724.030558,2896873446504.000000
2896728928000.000000,1752162724.037493,2896880380452.000000
2896828890000.000000,1752162724.180157,2897023044653.000000
2896862213000.000000,1752162724.196674,2897039560948.000000
2896895534000.000000,1752162724.213350,2897056237223.000000
2896995496000.000000,1752162724.362926,2897205814742.000000
2897028820000.000000,1752162724.380062,2897222949198.000000
2897128783000.000000,1752162724.401671,2897244557905.000000
2897195426000.000000,1752162724.514390,2897357277390.000000
2897228749000.000000,1752162724.536518,2897379404555.000000
2897328711000.000000,1752162724.627180,2897470067616.000000
2897362032000.000000,1752162724.643757,2897486644670.000000
2897395355000.000000,1752162724.661000,2897503887514.000000
2897461996000.000000,1752162724.783136,2897626023515.000000
2897495320000.000000,1752162724.799778,2897642664939.000000
2897595282000.000000,1752162724.904302,2897747189063.000000
2897628605000.000000,1752162724.926501,2897769387431.000000
2897661926000.000000,1752162724.943197,2897786083872.000000
2897728570000.000000,1752162725.063009,2897905896305.000000
2897761890000.000000,1752162725.090125,2897933012974.000000
2897861853000.000000,1752162725.107032,2897949919617.000000
2897895177000.000000,1752162725.232523,2898075410084.000000
2897928496000.000000,1752162725.254963,2898097850171.000000
2898028460000.000000,1752162725.271421,2898114308782.000000
2898061783000.000000,1752162725.438617,2898281505215.000000
2898095103000.000000,1752162725.460785,2898303672175.000000
2898195067000.000000,1752162725.477352,2898320238100.000000
2898228389000.000000,1752162725.493818,2898336705211.000000
2898261711000.000000,1752162725.623941,2898466828797.000000
2898428318000.000000,1752162725.760920,2898603807537.000000
2898461639000.000000,1752162725.783238,2898626125496.000000
2898494962000.000000,1752162725.799584,2898642470960.000000
2898528282000.000000,1752162725.815822,2898658707887.000000
2898561604000.000000,1752162726.021573,2898864460781.000000
2898728210000.000000,1752162726.038182,2898881069483.000000
2898761531000.000000,1752162726.055490,2898898377677.000000
2898794854000.000000,1752162726.179838,2899022725175.000000
2898861495000.000000,1752162726.191588,2899034475241.000000
2898961460000.000000,1752162726.208146,2899051034165.000000
2898994781000.000000,1752162726.375100,2899217989286.000000
2899028103000.000000,1752162726.391557,2899234444026.000000
2899161387000.000000,1752162726.408083,2899250969766.000000
2899194710000.000000,1752162726.568170,2899411057364.000000
2899228032000.000000,1752162726.595845,2899438732083.000000
2899327996000.000000,1752162726.612637,2899455524264.000000
2899361318000.000000,1752162726.716408,2899559294878.000000
2899394640000.000000,1752162726.727895,2899570781465.000000
2899527923000.000000,1752162726.829590,2899672477229.000000
2899561247000.000000,1752162726.841508,2899684394608.000000
2899594567000.000000,1752162726.858193,2899701079958.000000
2899661209000.000000,1752162727.008720,2899851607856.000000
2899694531000.000000,1752162727.025883,2899868770515.000000
2899794495000.000000,1752162727.042797,2899885684566.000000
2899827817000.000000,1752162727.130402,2899973288936.000000
2899861139000.000000,1752162727.152637,2899995523247.000000
2899961102000.000000,1752162727.309099,2900151987697.000000
2899994424000.000000,1752162727.326650,2900169537463.000000
2900027745000.000000,1752162727.338289,2900181175419.000000
2900094388000.000000,1752162727.467689,2900310576273.000000
2900127709000.000000,1752162727.490418,2900333305301.000000
2900260995000.000000,1752162727.507193,2900350080020.000000
2900294316000.000000,1752162727.620034,2900462921449.000000
2900327639000.000000,1752162727.641563,2900484451045.000000
2900460925000.000000,1752162727.797699,2900640586294.000000
2900494245000.000000,1752162727.819158,2900662044206.000000
2900527566000.000000,1752162727.835768,2900678656167.000000
2900594209000.000000,1752162727.852625,2900695512070.000000
2900660853000.000000,1752162727.993442,2900836329437.000000
2900794137000.000000,1752162728.010119,2900853006675.000000
2900827460000.000000,1752162728.179469,2901022356642.000000
2900860781000.000000,1752162728.196581,2901039467894.000000
2900894102000.000000,1752162728.212851,2901055738285.000000
2900927423000.000000,1752162728.229100,2901071985601.000000
2900994065000.000000,1752162728.339825,2901182713107.000000
2901160673000.000000,1752162728.432457,2901275344501.000000
2901193995000.000000,1752162728.449282,2901292169700.000000
2901227316000.000000,1752162728.470862,2901313749463.000000
2901260638000.000000,1752162728.610746,2901453634006.000000
2901293960000.000000,1752162728.627361,2901470247356.000000
2901427245000.000000,1752162728.784686,2901627573148.000000
2901460566000.000000,1752162728.801774,2901644660623.000000
2901493887000.000000,1752162728.818466,2901661353028.000000
2901593852000.000000,1752162728.936488,2901779374664.000000
2901627175000.000000,1752162728.958516,2901801403033.000000
2901760458000.000000,1752162729.073103,2901915991425.000000
2901793781000.000000,1752162729.085034,2901927921064.000000
2901827102000.000000,1752162729.101703,2901944591191.000000
2901893743000.000000,1752162729.219009,2902061896723.000000
2901927066000.000000,1752162729.241046,2902083932888.000000
2902027030000.000000,1752162729.388510,2902231397336.000000
2902060351000.000000,1752162729.404972,2902247858669.000000
2902093673000.000000,1752162729.421634,2902264520796.000000
2902160314000.000000,1752162729.453902,2902296788394.000000
2902226957000.000000,1752162729.574486,2902417373486.000000
2902393564000.000000,1752162729.688054,2902530940759.000000
2902426887000.000000,1752162729.704972,2902547858365.000000
2902460208000.000000,1752162729.721992,2902564878915.000000
2902493529000.000000,1752162729.738440,2902581325988.000000
2902526851000.000000,1752162729.913381,2902756268584.000000
2902660137000.000000,1752162729.930273,2902773160505.000000
2902693458000.000000,1752162730.064959,2902907846379.000000
2902726780000.000000,1752162730.087476,2902930362965.000000
2902760101000.000000,1752162730.103993,2902946880408.000000
2902860064000.000000,1752162730.125487,2902968372876.000000
2902893386000.000000,1752162730.265081,2903107967607.000000
2903059994000.000000,1752162730.302894,2903145781668.000000
2903093315000.000000,1752162730.439462,2903282349134.000000
2903126637000.000000,1752162730.455865,2903298751227.000000
2903159959000.000000,1752162730.472199,2903315085561.000000
2903226599000.000000,1752162730.488956,2903331842706.000000
2903293243000.000000,1752162730.645073,2903487960584.000000
2903426528000.000000,1752162730.661748,2903504634471.000000
2903459850000.000000,1752162730.824139,2903667026360.000000
2903493172000.000000,1752162730.851081,2903693967938.000000
2903526493000.000000,1752162730.883409,2903726295814.000000
2903593135000.000000,1752162730.899672,2903742558538.000000
2903626456000.000000,1752162730.915960,2903758846576.000000
2903859707000.000000,1752162731.129164,2903972052153.000000
2903893028000.000000,1752162731.146382,2903989269090.000000
2903926350000.000000,1752162731.299188,2904142075669.000000
2903959672000.000000,1752162731.315492,2904158378244.000000
2903992994000.000000,1752162731.331836,2904174722763.000000
2904092956000.000000,1752162731.348211,2904191097153.000000
2904159600000.000000,1752162731.476249,2904319136576.000000
2904292884000.000000,1752162731.601819,2904444705579.000000
2904326206000.000000,1752162731.618534,2904461421058.000000
2904359527000.000000,1752162731.634981,2904477868298.000000
2904392848000.000000,1752162731.814507,2904657394550.000000
2904459491000.000000,1752162731.836330,2904679216514.000000
2904559455000.000000,1752162731.852653,2904695539737.000000
2904592776000.000000,1752162731.869031,2904711917812.000000
2904626098000.000000,1752162732.069320,2904912208020.000000
2904792705000.000000,1752162732.086043,2904928929943.000000
2904826027000.000000,1752162732.103382,2904946268804.000000
2904859348000.000000,1752162732.218108,2905060995492.000000
2904892670000.000000,1752162732.234861,2905077748748.000000
2905025954000.000000,1752162732.361705,2905204592905.000000
2905059276000.000000,1752162732.383849,2905226736291.000000
2905092599000.000000,1752162732.400527,2905243414715.000000
2905192562000.000000,1752162732.528859,2905371746801.000000
2905225884000.000000,1752162732.556164,2905399050709.000000
2905359170000.000000,1752162732.683867,2905526754821.000000
2905392492000.000000,1752162732.705714,2905548602340.000000
2905425813000.000000,1752162732.722458,2905565344355.000000
2905525776000.000000,1752162732.869007,2905711895294.000000
2905559099000.000000,1752162732.891064,2905733950903.000000
2905659062000.000000,1752162732.907480,2905750366903.000000
2905692384000.000000,1752162733.099887,2905942774006.000000
2905725706000.000000,1752162733.127440,2905970326819.000000
2905825669000.000000,1752162733.128830,2905971716342.000000
2905858991000.000000,1752162733.150418,2905993304160.000000
2905892312000.000000,1752162733.314451,2906157338218.000000
2906058923000.000000,1752162733.336704,2906179591159.000000
2906092241000.000000,1752162733.455824,2906298710969.000000
2906125562000.000000,1752162733.478235,2906321121667.000000
2906158884000.000000,1752162733.489874,2906332760308.000000
2906292168000.000000,1752162733.638948,2906481835610.000000
2906325490000.000000,1752162733.650604,2906493491455.000000
2906425455000.000000,1752162733.667295,2906510181823.000000
2906458776000.000000,1752162733.837050,2906679938433.000000
2906492098000.000000,1752162733.863938,2906706825586.000000
2906592060000.000000,1752162733.895657,2906738543857.000000
2906625382000.000000,1752162733.922519,2906765405529.000000
2906658704000.000000,1752162734.110436,2906953323437.000000
2906825310000.000000,1752162734.137556,2906980443736.000000
2906858633000.000000,1752162734.154453,2906997339435.000000
2906891954000.000000,1752162734.175540,2907018426776.000000
2906925275000.000000,1752162734.316406,2907159293495.000000
2907091883000.000000,1752162734.333064,2907175951529.000000
2907125205000.000000,1752162734.495628,2907338514972.000000
2907158526000.000000,1752162734.533849,2907376736066.000000
2907191848000.000000,1752162734.555892,2907398779268.000000
2907325133000.000000,1752162734.669736,2907512623354.000000
2907358455000.000000,1752162734.681130,2907524016942.000000
2907491738000.000000,1752162734.763239,2907606125812.000000
2907525065000.000000,1752162734.785860,2907628747379.000000
2907558382000.000000,1752162734.925203,2907768090520.000000
2907591704000.000000,1752162734.941794,2907784681259.000000
2907625026000.000000,1752162734.953600,2907796486103.000000
2907758311000.000000,1752162735.075259,2907918146442.000000
2907791632000.000000,1752162735.102241,2907945129076.000000
2907891596000.000000,1752162735.215366,2908058253631.000000
2907924918000.000000,1752162735.237172,2908080060336.000000
2907958239000.000000,1752162735.258869,2908101755801.000000
2908058204000.000000,1752162735.410675,2908253562353.000000
2908091525000.000000,1752162735.432244,2908275130782.000000
2908191488000.000000,1752162735.454518,2908297405260.000000
2908258131000.000000,1752162735.578222,2908421109968.000000
2908291453000.000000,1752162735.600548,2908443435537.000000
2908391416000.000000,1752162735.728716,2908571603885.000000
2908424738000.000000,1752162735.745469,2908588357030.000000
2908458061000.000000,1752162735.762088,2908604974361.000000
2908558023000.000000,1752162735.953449,2908796336067.000000
2908591347000.000000,1752162735.965064,2908807950727.000000
2908691309000.000000,1752162735.982071,2908824957814.000000
2908757952000.000000,1752162735.998640,2908841526238.000000
2908791275000.000000,1752162736.184050,2909026938672.000000
2908924559000.000000,1752162736.196497,2909039383675.000000
2908957881000.000000,1752162736.218975,2909061862799.000000
2908991203000.000000,1752162736.331668,2909174555322.000000
2909024526000.000000,1752162736.349015,2909191902498.000000
2909157810000.000000,1752162736.453258,2909296145829.000000
2909191132000.000000,1752162736.474791,2909317677758.000000
2909224453000.000000,1752162736.491549,2909334436477.000000
2909291094000.000000,1752162736.619974,2909462861192.000000
2909324417000.000000,1752162736.636732,2909479619189.000000
2909424380000.000000,1752162736.653541,2909496428204.000000
2909457703000.000000,1752162736.760830,2909603716967.000000
2909491024000.000000,1752162736.783300,2909626187035.000000
2909590986000.000000,1752162736.883660,2909726547091.000000
2909624309000.000000,1752162736.900195,2909743081367.000000
2909657630000.000000,1752162736.921786,2909764672500.000000
2909757595000.000000,1752162737.045216,2909888103451.000000
2909790917000.000000,1752162737.061947,2909904833504.000000
2909857558000.000000,1752162737.161332,2910004219458.000000
2909890880000.000000,1752162737.173138,2910016025320.000000
2909924202000.000000,1752162737.189385,2910032270933.000000
2910024167000.000000,1752162737.338582,2910181469956.000000
2910057491000.000000,1752162737.355340,2910198227786.000000
2910157452000.000000,1752162737.483527,2910326414059.000000
2910190774000.000000,1752162737.500258,2910343145352.000000
2910224095000.000000,1752162737.516689,2910359576185.000000
2910324058000.000000,1752162737.649419,2910492306709.000000
2910357381000.000000,1752162737.671288,2910514175450.000000
2910457345000.000000,1752162737.795129,2910638015934.000000
2910490666000.000000,1752162737.811976,2910654863170.000000
2910523988000.000000,1752162737.833190,2910676076918.000000
2910590630000.000000,1752162737.870189,2910713075024.000000
2910623952000.000000,1752162737.991190,2910834077463.000000
2910790558000.000000,1752162738.161759,2911004646510.000000
2910823881000.000000,1752162738.178519,2911021405821.000000
2910857201000.000000,1752162738.195369,2911038257594.000000
2910890522000.000000,1752162738.212019,2911054904814.000000
2910990485000.000000,1752162738.400586,2911243472827.000000
2911123771000.000000,1752162738.417307,2911260193990.000000
2911157094000.000000,1752162738.438938,2911281825512.000000
2911190415000.000000,1752162738.554954,2911397841260.000000
2911257059000.000000,1752162738.576801,2911419688742.000000
2911357022000.000000,1752162738.598803,2911441690334.000000
2911390344000.000000,1752162738.720329,2911563215619.000000
2911423666000.000000,1752162738.737281,2911580168003.000000
2911523631000.000000,1752162738.748884,2911591770663.000000
2911556950000.000000,1752162738.903969,2911746856607.000000
2911590272000.000000,1752162738.926159,2911769045845.000000
2911690235000.000000,1752162738.942646,2911785532826.000000
2911723557000.000000,1752162739.092798,2911935685080.000000
2911756880000.000000,1752162739.120633,2911963519390.000000
2911856842000.000000,1752162739.142591,2911985478260.000000
2911923485000.000000,1752162739.276767,2912119654176.000000
2911956806000.000000,1752162739.298545,2912141432122.000000
2912056770000.000000,1752162739.315309,2912158196100.000000
2912090092000.000000,1752162739.460481,2912303368312.000000
2912123415000.000000,1752162739.487531,2912330418093.000000
2912256700000.000000,1752162739.504118,2912347005573.000000
2912290022000.000000,1752162739.613844,2912456731441.000000
2912323343000.000000,1752162739.630289,2912473175644.000000
2912456629000.000000,1752162739.736265,2912579153346.000000
2912489951000.000000,1752162739.752777,2912595664234.000000
2912523272000.000000,1752162739.785403,2912628289903.000000
2912589915000.000000,1752162739.897923,2912740811465.000000
2912623236000.000000,1752162739.920360,2912763247775.000000
2912723199000.000000,1752162740.041476,2912884363786.000000
2912756522000.000000,1752162740.057829,2912900715102.000000
2912789847000.000000,1752162740.074190,2912917076732.000000
2912889806000.000000,1752162740.198157,2913041043956.000000
2912923129000.000000,1752162740.215222,2913058108505.000000
2913023092000.000000,1752162740.304848,2913147735428.000000
2913056414000.000000,1752162740.326571,2913169457801.000000
2913089735000.000000,1752162740.343182,2913186068984.000000
2913156378000.000000,1752162740.474788,2913317675611.000000
2913189700000.000000,1752162740.496573,2913339458946.000000
2913256341000.000000,1752162740.513272,2913356158202.000000
2913289664000.000000,1752162740.632721,2913475608305.000000
2913322986000.000000,1752162740.644641,2913487527869.000000
2913422949000.000000,1752162740.666669,2913509555794.000000
2913456271000.000000,1752162740.803280,2913646168241.000000
2913489593000.000000,1752162740.825620,2913668507403.000000
2913589556000.000000,1752162740.848045,2913690931861.000000
2913622878000.000000,1752162741.009283,2913852171058.000000
2913656200000.000000,1752162741.025880,2913868766500.000000
2913756163000.000000,1752162741.047658,2913890544983.000000
2913789485000.000000,1752162741.064227,2913907112833.000000
2913822806000.000000,1752162741.232324,2914075210591.000000
2913989414000.000000,1752162741.265441,2914108329199.000000
2914022735000.000000,1752162741.282639,2914125526432.000000
2914056056000.000000,1752162741.421887,2914264774945.000000
2914089379000.000000,1752162741.449170,2914292056760.000000
2914222663000.000000,1752162741.465764,2914308651240.000000
2914255985000.000000,1752162741.603124,2914446011494.000000
2914289306000.000000,1752162741.609969,2914452856795.000000
2914389270000.000000,1752162741.626755,2914469641181.000000
2914422591000.000000,1752162741.791916,2914634803060.000000
2914455913000.000000,1752162741.813576,2914656463599.000000
2914555876000.000000,1752162741.840582,2914683468270.000000
2914589198000.000000,1752162741.856948,2914699835011.000000
2914622519000.000000,1752162741.975737,2914818624602.000000
2914789127000.000000,1752162742.103717,2914946604563.000000
2914822449000.000000,1752162742.120421,2914963308578.000000
2914855769000.000000,1752162742.136851,2914979738023.000000
2914889091000.000000,1752162742.153208,2914996094560.000000
2914922413000.000000,1752162742.323844,2915166731662.000000
2915089020000.000000,1752162742.340495,2915183382882.000000
2915122341000.000000,1752162742.356850,2915199737031.000000
2915155663000.000000,1752162742.499269,2915342156530.000000
2915188985000.000000,1752162742.511160,2915354047539.000000
2915288947000.000000,1752162742.616107,2915458994326.000000
2915322270000.000000,1752162742.649425,2915492312636.000000
2915355592000.000000,1752162742.671332,2915514218784.000000
2915422234000.000000,1752162742.815650,2915658537005.000000
2915455554000.000000,1752162742.848599,2915691487263.000000
2915588840000.000000,1752162742.865714,2915708600682.000000
2915622163000.000000,1752162742.985896,2915828784184.000000
2915655483000.000000,1752162743.018362,2915861248855.000000
2915788768000.000000,1752162743.035074,2915877961389.000000
2915822090000.000000,1752162743.151471,2915994357967.000000
2915855412000.000000,1752162743.173369,2916016256652.000000
2915955375000.000000,1752162743.195235,2916038121375.000000
2915988698000.000000,1752162743.344504,2916187390768.000000
2916022020000.000000,1752162743.361099,2916203986507.000000
2916121982000.000000,1752162743.383233,2916226120430.000000
2916155305000.000000,1752162743.527403,2916370290356.000000
2916188627000.000000,1752162743.544247,2916387134259.000000
2916288590000.000000,1752162743.565915,2916408801261.000000
2916321912000.000000,1752162743.686480,2916529368168.000000
2916355234000.000000,1752162743.698134,2916541021771.000000
2916488518000.000000,1752162743.709990,2916552877355.000000
2916521840000.000000,1752162743.836846,2916679734068.000000
2916555161000.000000,1752162743.853704,2916696590637.000000
2916655125000.000000,1752162744.007520,2916850407391.000000
2916688447000.000000,1752162744.024277,2916867163147.000000
2916721768000.000000,1752162744.046869,2916889755770.000000
2916821732000.000000,1752162744.150462,2916993349348.000000
2916855054000.000000,1752162744.161893,2917004779769.000000
2916955018000.000000,1752162744.183560,2917026446438.000000
2916988339000.000000,1752162744.327317,2917170204146.000000
2917021660000.000000,1752162744.343966,2917186854014.000000
2917088303000.000000,1752162744.360735,2917203621696.000000
2917121625000.000000,1752162744.377106,2917219992437.000000
2917154947000.000000,1752162744.617944,2917460830400.000000
2917288231000.000000,1752162744.634237,2917477123957.000000
2917321553000.000000,1752162744.656150,2917499036772.000000
2917354874000.000000,1752162744.682924,2917525809500.000000
2917388195000.000000,1752162744.862206,2917705094014.000000
2917621445000.000000,1752162744.874814,2917717700757.000000
2917654766000.000000,1752162744.891454,2917734340199.000000
2917688089000.000000,1752162744.997448,2917840334957.000000
2917721410000.000000,1752162745.014560,2917857446950.000000
2917821373000.000000,1752162745.114377,2917957263714.000000
2917854695000.000000,1752162745.131688,2917974576002.000000
2917888016000.000000,1752162745.152886,2917995772953.000000
2917921338000.000000,1752162745.241595,2918084481942.000000
2917987981000.000000,1752162745.263428,2918106316461.000000
2918087946000.000000,1752162745.390629,2918233516522.000000
2918121267000.000000,1752162745.412328,2918255214802.000000
2918154588000.000000,1752162745.429281,2918272168982.000000
2918221230000.000000,1752162745.621859,2918464747083.000000
2918254552000.000000,1752162745.633320,2918476206282.000000
2918354515000.000000,1752162745.649847,2918492733966.000000
2918387837000.000000,1752162745.671635,2918514521430.000000
2918421159000.000000,1752162745.826412,2918669299081.000000
2918587765000.000000,1752162745.848641,2918691528522.000000
2918621087000.000000,1752162745.865342,2918708229038.000000
2918654409000.000000,1752162746.025474,2918868361117.000000
2918687730000.000000,1752162746.053272,2918896159150.000000
2918787693000.000000,1752162746.080048,2918922935045.000000
2918821017000.000000,1752162746.101099,2918943986016.000000
2918854338000.000000,1752162746.250148,2919093034763.000000
2919020945000.000000,1752162746.261760,2919104646867.000000
2919054266000.000000,1752162746.367109,2919209997724.000000
2919087587000.000000,1752162746.394649,2919237536648.000000
2919120908000.000000,1752162746.411849,2919254737011.000000
2919220873000.000000,1752162746.540950,2919383837645.000000
2919254195000.000000,1752162746.557533,2919400418736.000000
2919354158000.000000,1752162746.674392,2919517279161.000000
2919387480000.000000,1752162746.690757,2919533643255.000000
2919420802000.000000,1752162746.707496,2919550383362.000000
2919520765000.000000,1752162746.834286,2919677173576.000000
2919554087000.000000,1752162746.861353,2919704239134.000000
2919654050000.000000,1752162747.021978,2919864865375.000000
2919687373000.000000,1752162747.049882,2919892768407.000000
2919720694000.000000,1752162747.066307,2919909193962.000000
2919787336000.000000,1752162747.082629,2919925516037.000000
2919853978000.000000,1752162747.224826,2920067714224.000000
2920020586000.000000,1752162747.241710,2920084597052.000000
2920053908000.000000,1752162747.369677,2920212564976.000000
2920087231000.000000,1752162747.391482,2920234368125.000000
2920120552000.000000,1752162747.407989,2920250875791.000000
2920153874000.000000,1752162747.434840,2920277726222.000000
2920187194000.000000,1752162747.577775,2920420662735.000000
2920353800000.000000,1752162747.594369,2920437255696.000000
2920387123000.000000,1752162747.724775,2920567661650.000000
2920420443000.000000,1752162747.746706,2920589593132.000000
2920453766000.000000,1752162747.763486,2920606372813.000000
2920520407000.000000,1752162747.779734,2920622620482.000000
2920553729000.000000,1752162748.013247,2920856134649.000000
2920720336000.000000,1752162748.029852,2920872739777.000000
2920753657000.000000,1752162748.045891,2920888776781.000000
2920786980000.000000,1752162748.150753,2920993640753.000000
2920820301000.000000,1752162748.167471,2921010358658.000000
2920953586000.000000,1752162748.190141,2921033028076.000000
2920986908000.000000,1752162748.300789,2921143675990.000000
2921020229000.000000,1752162748.322744,2921165630193.000000
2921120193000.000000,1752162748.457095,2921299982515.000000
2921153515000.000000,1752162748.473890,2921316776937.000000
2921186837000.000000,1752162748.490129,2921333015402.000000
2921253478000.000000,1752162748.512108,2921354994975.000000
2921320122000.000000,1752162748.663309,2921506197256.000000
2921453407000.000000,1752162748.695845,2921538732240.000000
2921486729000.000000,1752162748.796329,2921639216295.000000
2921520050000.000000,1752162748.812744,2921655631591.000000
2921553372000.000000,1752162748.845045,2921687931875.000000
2921620014000.000000,1752162748.959202,2921802088920.000000
2921653337000.000000,1752162748.976189,2921819076766.000000
2921753299000.000000,1752162748.997794,2921840681491.000000
2921786623000.000000,1752162749.104141,2921947027560.000000
2921819945000.000000,1752162749.131698,2921974587151.000000
2921919908000.000000,1752162749.248880,2922091767628.000000
2921953229000.000000,1752162749.276220,2922119106721.000000
2921986551000.000000,1752162749.292849,2922135735516.000000
2922086513000.000000,1752162749.464139,2922307027722.000000
2922119835000.000000,1752162749.470980,2922313867041.000000
2922219798000.000000,1752162749.492609,2922335495729.000000
2922253120000.000000,1752162749.599926,2922442813270.000000
2922286441000.000000,1752162749.621858,2922464744473.000000
2922419727000.000000,1752162749.727757,2922570645065.000000
2922453050000.000000,1752162749.745467,2922588354367.000000
2922486372000.000000,1752162749.762181,2922605067919.000000
2922553012000.000000,1752162749.907005,2922749892376.000000
2922586335000.000000,1752162749.923966,2922766853222.000000
2922686299000.000000,1752162749.940771,2922783658348.000000
2922719621000.000000,1752162750.093671,2922936558518.000000
2922752943000.000000,1752162750.110975,2922953862935.000000
2922852907000.000000,1752162750.132890,2922975776398.000000
2922886228000.000000,1752162750.144499,2922987384966.000000
2922919549000.000000,1752162750.306807,2923149694170.000000
2923052835000.000000,1752162750.313890,2923156777265.000000
2923086156000.000000,1752162750.330220,2923173107914.000000
2923119478000.000000,1752162750.456695,2923299581909.000000
2923152799000.000000,1752162750.484791,2923327677827.000000
2923252763000.000000,1752162750.501334,2923344221622.000000
2923286084000.000000,1752162750.626215,2923469102114.000000
2923319406000.000000,1752162750.654083,2923496971294.000000
2923419369000.000000,1752162750.670868,2923513755383.000000
2923452690000.000000,1752162750.765528,2923608415849.000000
2923486018000.000000,1752162750.782484,2923625371047.000000
2923585976000.000000,1752162750.903100,2923745986767.000000
2923619298000.000000,1752162750.919758,2923762644617.000000
2923652619000.000000,1752162750.936685,2923779571556.000000
2923719261000.000000,1752162751.022153,2923865040170.000000
2923752583000.000000,1752162751.038729,2923881616410.000000
2923852547000.000000,1752162751.209637,2924052525101.000000
2923885869000.000000,1752162751.226547,2924069433967.000000
2923919191000.000000,1752162751.243335,2924086222889.000000
2924019153000.000000,1752162751.387666,2924230552869.000000
2924052476000.000000,1752162751.399794,2924242681320.000000
2924152441000.000000,1752162751.416403,2924259289855.000000
2924185763000.000000,1752162751.432961,2924275847668.000000
2924219083000.000000,1752162751.636713,2924479600119.000000
2924352371000.000000,1752162751.648315,2924491202353.000000
2924385692000.000000,1752162751.772619,2924615506944.000000
2924419012000.000000,1752162751.789153,2924632039239.000000
2924485655000.000000,1752162751.811220,2924654107515.000000
2924585619000.000000,1752162751.992553,2924835440008.000000
2924618939000.000000,1752162752.009445,2924852332170.000000
2924718904000.000000,1752162752.026099,2924868985945.000000
2924785546000.000000,1752162752.042446,2924885333057.000000
2924818868000.000000,1752162752.190572,2925033459999.000000
2924952155000.000000,1752162752.202326,2925045213453.000000
2924985477000.000000,1752162752.321939,2925164826980.000000
2925018798000.000000,1752162752.338589,2925181476126.000000
2925052120000.000000,1752162752.360526,2925203413478.000000
2925152084000.000000,1752162752.537873,2925380760215.000000
2925185405000.000000,1752162752.559912,2925402798473.000000
2925285368000.000000,1752162752.576261,2925419146825.000000
2925318691000.000000,1752162752.592579,2925435464956.000000
2925352010000.000000,1752162752.743460,2925586347388.000000
2925518619000.000000,1752162752.775998,2925618885224.000000
2925551939000.000000,1752162752.893605,2925736492975.000000
2925585261000.000000,1752162752.910354,2925753241602.000000
2925618583000.000000,1752162752.927267,2925770154226.000000
2925718546000.000000,1752162753.053976,2925896862922.000000
2925751869000.000000,1752162753.070676,2925913563308.000000
2925851833000.000000,1752162753.087251,2925930139566.000000
2925885153000.000000,1752162753.262477,2926105364362.000000
2925918476000.000000,1752162753.279299,2926122185858.000000
2926051761000.000000,1752162753.296187,2926139075131.000000
2926085083000.000000,1752162753.443222,2926286109379.000000
2926118405000.000000,1752162753.454874,2926297760872.000000
2926218368000.000000,1752162753.471591,2926314477758.000000
2926251690000.000000,1752162753.671999,2926514886095.000000
2926285011000.000000,1752162753.693773,2926536659467.000000
2926384974000.000000,1752162753.710137,2926553023171.000000
2926418295000.000000,1752162753.829970,2926672858047.000000
2926451617000.000000,1752162753.851699,2926694585919.000000
2926618224000.000000,1752162753.873735,2926716622900.000000
2926651546000.000000,1752162753.996819,2926839706669.000000
2926684867000.000000,1752162754.013452,2926856339167.000000
2926784831000.000000,1752162754.029920,2926872806759.000000
2926818153000.000000,1752162754.174261,2927017147942.000000
2926851474000.000000,1752162754.190777,2927033663275.000000
2926951439000.000000,1752162754.217946,2927060833573.000000
2926984759000.000000,1752162754.348147,2927191033863.000000
2927018082000.000000,1752162754.375330,2927218217587.000000
2927151366000.000000,1752162754.391877,2927234762771.000000
2927184689000.000000,1752162754.563532,2927406419640.000000
2927218010000.000000,1752162754.585341,2927428228234.000000
2927317972000.000000,1752162754.601796,2927444682530.000000
2927351295000.000000,1752162754.623447,2927466333440.000000
2927384618000.000000,1752162754.755095,2927597982845.000000
2927551222000.000000,1752162754.782563,2927625450918.000000
2927584544000.000000,1752162754.927605,2927770492353.000000
2927617867000.000000,1752162754.944056,2927786943094.000000
2927651188000.000000,1752162754.960578,2927803464870.000000
2927717831000.000000,1752162754.976822,2927819709150.000000
2927751152000.000000,1752162755.154736,2927997623770.000000
2927917758000.000000,1752162755.166684,2928009571631.000000
2927951080000.000000,1752162755.339894,2928182781688.000000
2927984403000.000000,1752162755.366756,2928209642730.000000
2928017725000.000000,1752162755.383474,2928226360616.000000
2928117686000.000000,1752162755.405027,2928247914008.000000
2928184330000.000000,1752162755.552207,2928395094015.000000
2928317616000.000000,1752162755.574583,2928417471102.000000
2928350938000.000000,1752162755.694828,2928537715438.000000
2928384259000.000000,1752162755.721662,2928564548869.000000
2928417581000.000000,1752162755.738063,2928580949888.000000
2928484223000.000000,1752162755.754810,2928597696477.000000
2928550866000.000000,1752162755.912757,2928755644800.000000
2928684151000.000000,1752162755.924383,2928767269571.000000
2928717473000.000000,1752162756.042178,2928885065302.000000
2928750795000.000000,1752162756.063305,2928906192995.000000
2928784117000.000000,1752162756.080225,2928923111360.000000
2928884080000.000000,1752162756.230469,2929073358095.000000
2928917409000.000000,1752162756.247566,2929090453421.000000
2929050687000.000000,1752162756.377717,2929220604749.000000
2929084009000.000000,1752162756.399295,2929242181474.000000
2929117329000.000000,1752162756.420774,2929263660164.000000
2929183971000.000000,1752162756.437393,2929280279791.000000
2929250616000.000000,1752162756.618314,2929461202215.000000
2929350578000.000000,1752162756.647003,2929489890794.000000
2929383900000.000000,1752162756.668745,2929511632481.000000
2929450545000.000000,1752162756.783526,2929626413242.000000
2929483868000.000000,1752162756.811180,2929654067035.000000
2929583828000.000000,1752162756.827804,2929670692070.000000
2929617151000.000000,1752162756.962125,2929805011633.000000
2929650473000.000000,1752162756.973580,2929816466943.000000
2929783758000.000000,1752162757.095778,2929938665462.000000
2929817079000.000000,1752162757.112944,2929955831140.000000
2929850400000.000000,1752162757.129750,2929972637839.000000
2929917044000.000000,1752162757.246019,2930088906234.000000
2929950366000.000000,1752162757.262442,2930105329511.000000
2930050329000.000000,1752162757.284348,2930127234641.000000
2930083651000.000000,1752162757.467610,2930310497633.000000
2930116973000.000000,1752162757.489567,2930332453725.000000
2930216935000.000000,1752162757.516444,2930359330860.000000
2930250258000.000000,1752162757.532756,2930375642379.000000
2930283580000.000000,1752162757.732664,2930575551888.000000
2930450186000.000000,1752162757.754607,2930597494369.000000
2930483508000.000000,1752162757.781314,2930624200764.000000
2930516829000.000000,1752162757.918244,2930761131338.000000
2930550150000.000000,1752162757.940234,2930783121855.000000
2930683437000.000000,1752162757.956972,2930799858667.000000
2930750078000.000000,1752162758.098420,2930941307417.000000
2930783400000.000000,1752162758.120658,2930963545339.000000
2930883365000.000000,1752162758.142709,2930985595560.000000
2930916687000.000000,1752162758.288490,2931131376877.000000
2930950008000.000000,1752162758.304965,2931147851654.000000
2931049971000.000000,1752162758.321339,2931164225599.000000
2931083293000.000000,1752162758.338348,2931181235260.000000
2931149936000.000000,1752162758.497801,2931340688531.000000
2931249900000.000000,1752162758.514695,2931357582470.000000
2931283222000.000000,1752162758.531091,2931373978637.000000
2931316543000.000000,1752162758.688466,2931531353725.000000
2931349865000.000000,1752162758.710734,2931553620407.000000
2931483149000.000000,1752162758.722360,2931565246104.000000
2931516472000.000000,1752162758.898397,2931741284688.000000
2931549793000.000000,1752162758.925725,2931768611447.000000
2931649756000.000000,1752162758.947138,2931790025137.000000
2931683078000.000000,1752162758.968828,2931811715325.000000
2931716400000.000000,1752162759.095876,2931938763647.000000
2931883006000.000000,1752162759.107732,2931950618897.000000
2931916328000.000000,1752162759.247600,2932090487514.000000
2931949650000.000000,1752162759.264379,2932107265659.000000
2931982970000.000000,1752162759.281318,2932124204783.000000
2932049612000.000000,1752162759.297766,2932140653913.000000
2932116257000.000000,1752162759.521346,2932364233773.000000
2932249541000.000000,1752162759.549254,2932392141712.000000
2932282863000.000000,1752162759.571061,2932413947491.000000
2932316185000.000000,1752162759.702292,2932545179974.000000
2932349507000.000000,1752162759.714286,2932557172816.000000
2932482792000.000000,1752162759.741438,2932584325077.000000
2932516113000.000000,1752162759.882240,2932725127759.000000
2932549435000.000000,1752162759.898939,2932741827090.000000
2932682718000.000000,1752162759.916116,2932759003286.000000
2932716041000.000000,1752162760.049316,2932892203842.000000
2932749364000.000000,1752162760.061218,2932904104887.000000
2932849327000.000000,1752162760.078492,2932921378842.000000
2932882649000.000000,1752162760.231029,2933073916164.000000
2932915970000.000000,1752162760.253033,2933095920867.000000
2933015935000.000000,1752162760.275005,2933117891496.000000
2933049255000.000000,1752162760.389891,2933232777904.000000
2933082578000.000000,1752162760.406714,2933249601196.000000
2933182540000.000000,1752162760.439364,2933282250680.000000
2933215863000.000000,1752162760.589750,2933432637542.000000
2933249185000.000000,1752162760.606730,2933449616092.000000
2933349147000.000000,1752162760.623107,2933465993130.000000
2933382470000.000000,1752162760.644651,2933487538041.000000
2933415791000.000000,1752162760.779528,2933622416172.000000
2933582396000.000000,1752162760.791278,2933634165349.000000
2933615720000.000000,1752162760.901319,2933744205992.000000
2933649042000.000000,1752162760.918275,2933761162005.000000
2933682362000.000000,1752162760.935249,2933778135833.000000
2933749004000.000000,1752162761.084530,2933927417207.000000
2933782327000.000000,1752162761.101568,2933944455182.000000
2933848967000.000000,1752162761.118180,2933961066143.000000
2933882291000.000000,1752162761.258763,2934101651087.000000
2933915612000.000000,1752162761.275443,2934118330806.000000
2934048897000.000000,1752162761.297197,2934140084141.000000
2934082220000.000000,1752162761.446832,2934289719975.000000
2934115541000.000000,1752162761.468477,2934311363959.000000
2934215504000.000000,1752162761.495547,2934338433777.000000
2934248827000.000000,1752162761.522704,2934365591149.000000
2934282147000.000000,1752162761.677066,2934519954934.000000
2934448754000.000000,1752162761.689229,2934532115496.000000
2934482076000.000000,1752162761.803281,2934646167857.000000
2934515399000.000000,1752162761.820076,2934662962780.000000
2934548719000.000000,1752162761.836612,2934679499408.000000
2934615361000.000000,1752162761.993102,2934835990579.000000
2934648683000.000000,1752162762.015563,2934858449499.000000
2934748646000.000000,1752162762.037241,2934880127279.000000
2934781969000.000000,1752162762.058800,2934901687172.000000
2934815290000.000000,1752162762.280236,2935123123869.000000
2934981897000.000000,1752162762.296866,2935139752478.000000
2935015219000.000000,1752162762.313555,2935156441161.000000
2935048540000.000000,1752162762.330321,2935173207639.000000
2935081862000.000000,1752162762.498116,2935341004473.000000
2935248468000.000000,1752162762.514706,2935357592360.000000
2935281790000.000000,1752162762.531292,2935374179118.000000
2935315112000.000000,1752162762.635768,2935478655817.000000
2935348434000.000000,1752162762.662923,2935505811634.000000
2935448396000.000000,1752162762.768634,2935611521506.000000
2935481719000.000000,1752162762.800574,2935643461237.000000
2935515041000.000000,1752162762.817278,2935660164975.000000
2935615004000.000000,1752162762.963608,2935806495749.000000
2935648326000.000000,1752162762.980407,2935823293912.000000
2935748288000.000000,1752162762.997010,2935839896503.000000
2935781610000.000000,1752162763.130182,2935973069466.000000
2935814932000.000000,1752162763.147095,2935989981720.000000
2935948217000.000000,1752162763.286195,2936129082327.000000
2935981539000.000000,1752162763.308486,2936151372953.000000
2936014864000.000000,1752162763.324699,2936167586603.000000
2936114824000.000000,1752162763.443779,2936286666432.000000
2936148147000.000000,1752162763.465340,2936308227084.000000
2936248110000.000000,1752162763.482262,2936325148301.000000
2936281432000.000000,1752162763.605553,2936448440531.000000
2936314755000.000000,1752162763.627681,2936470568158.000000
2936414716000.000000,1752162763.770236,2936613124304.000000
2936448039000.000000,1752162763.792285,2936635173303.000000
2936481362000.000000,1752162763.809271,2936652157649.000000
2936548004000.000000,1752162763.820641,2936663526367.000000
2936614646000.000000,1752162764.006782,2936849669274.000000
2936747930000.000000,1752162764.029178,2936872065584.000000
2936781252000.000000,1752162764.046126,2936889012931.000000
2936814573000.000000,1752162764.189155,2937032043387.000000
2936847896000.000000,1752162764.206068,2937048955122.000000
2936947860000.000000,1752162764.222730,2937065616268.000000
2936981181000.000000,1752162764.409549,2937252435983.000000
2937014502000.000000,1752162764.431711,2937274597462.000000
2937147789000.000000,1752162764.448107,2937290993370.000000
2937181109000.000000,1752162764.464558,2937307444555.000000
2937214431000.000000,1752162764.602126,2937445013992.000000
2937414358000.000000,1752162764.725486,2937568373314.000000
2937447682000.000000,1752162764.736962,2937579848753.000000
2937481002000.000000,1752162764.758619,2937601505515.000000
2937514323000.000000,1752162764.775340,2937618226845.000000
2937547644000.000000,1752162764.915656,2937758543681.000000
2937714252000.000000,1752162764.932076,2937774963051.000000
2937747574000.000000,1752162765.053337,2937896224709.000000
2937780895000.000000,1752162765.075120,2937918006525.000000
2937814216000.000000,1752162765.097271,2937940158486.000000
2937847537000.000000,1752162765.225395,2938068283741.000000
2937914180000.000000,1752162765.253525,2938096412956.000000
2938047465000.000000,1752162765.360904,2938203791477.000000
2938080788000.000000,1752162765.388957,2938231844285.000000
2938114110000.000000,1752162765.400788,2938243674313.000000
2938180750000.000000,1752162765.528148,2938371036187.000000
2938214074000.000000,1752162765.544801,2938387688518.000000
2938347358000.000000,1752162765.697747,2938540634781.000000
2938380680000.000000,1752162765.714353,2938557239446.000000
2938414002000.000000,1752162765.730957,2938573844592.000000
2938513967000.000000,1752162765.828963,2938671849783.000000
2938547288000.000000,1752162765.846004,2938688889943.000000
2938647250000.000000,1752162766.006425,2938849312649.000000
2938680573000.000000,1752162766.023357,2938866244958.000000
2938713896000.000000,1752162766.039953,2938882839938.000000
2938780536000.000000,1752162766.061577,2938904463719.000000
2938847178000.000000,1752162766.213716,2939056603397.000000
2939013785000.000000,1752162766.235788,2939078674821.000000
2939047108000.000000,1752162766.424434,2939267321425.000000
2939080429000.000000,1752162766.441138,2939284024886.000000
2939113750000.000000,1752162766.463074,2939305960422.000000
2939147071000.000000,1752162766.549328,2939392215621.000000
2939213713000.000000,1752162766.576577,2939419464381.000000
2939380321000.000000,1752162766.730494,2939573380783.000000
2939413643000.000000,1752162766.757486,2939600373027.000000
2939446965000.000000,1752162766.790434,2939633321100.000000
2939513607000.000000,1752162766.812830,2939655717243.000000
2939580250000.000000,1752162767.012510,2939855397550.000000
2939746856000.000000,1752162767.034153,2939877039053.000000
2939780178000.000000,1752162767.050586,2939893472349.000000
2939813500000.000000,1752162767.188443,2940031329969.000000
2939880142000.000000,1752162767.210819,2940053706075.000000
2939980107000.000000,1752162767.227596,2940070482997.000000
2940013428000.000000,1752162767.328352,2940171239975.000000
2940046749000.000000,1752162767.345110,2940187996879.000000
2940146712000.000000,1752162767.480199,2940323086378.000000
2940180035000.000000,1752162767.496489,2940339375472.000000
2940213356000.000000,1752162767.512801,2940355687362.000000
2940279999000.000000,1752162767.529115,2940372016678.000000
2940346642000.000000,1752162767.705431,2940548317982.000000
2940446606000.000000,1752162767.721558,2940564444244.000000
2940479928000.000000,1752162767.891528,2940734416000.000000
2940513248000.000000,1752162767.914156,2940757043623.000000
2940579892000.000000,1752162767.936167,2940779054214.000000
2940713178000.000000,1752162768.076720,2940919607399.000000
2940746501000.000000,1752162768.093467,2940936354247.000000
2940846464000.000000,1752162768.110297,2940953184317.000000
2940879786000.000000,1752162768.208754,2941051640892.000000
2940913106000.000000,1752162768.225403,2941068290316.000000
2941046392000.000000,1752162768.375809,2941218696308.000000
2941079715000.000000,1752162768.392276,2941235163289.000000
2941113034000.000000,1752162768.414680,2941257566321.000000
2941212999000.000000,1752162768.559600,2941402486943.000000
2941246320000.000000,1752162768.576725,2941419613084.000000
2941346285000.000000,1752162768.593303,2941436191564.000000
2941379605000.000000,1752162768.698755,2941541642383.000000
2941412926000.000000,1752162768.726104,2941568992198.000000
2941512890000.000000,1752162768.864818,2941707705346.000000
2941546213000.000000,1752162768.886973,2941729860084.000000
2941579535000.000000,1752162768.903538,2941746425657.000000
2941679498000.000000,1752162769.004492,2941847379614.000000
2941712821000.000000,1752162769.021295,2941864182462.000000
2941812783000.000000,1752162769.133276,2941976162973.000000
2941846104000.000000,1752162769.155013,2941997900327.000000
2941879426000.000000,1752162769.171863,2942014750193.000000
2941979392000.000000,1752162769.312818,2942155705337.000000
2942012712000.000000,1752162769.329382,2942172268743.000000
2942112675000.000000,1752162769.351307,2942194193576.000000
2942145997000.000000,1752162769.511386,2942354274044.000000
2942179320000.000000,1752162769.539281,2942382168427.000000
2942279282000.000000,1752162769.565806,2942408692380.000000
2942312604000.000000,1752162769.658203,2942501091424.000000
2942345926000.000000,1752162769.685767,2942528654145.000000
2942479211000.000000,1752162769.791476,2942634363609.000000
2942512535000.000000,1752162769.813353,2942656239831.000000
2942545855000.000000,1752162769.825038,2942667925250.000000
2942612497000.000000,1752162769.940906,2942783793333.000000
2942645820000.000000,1752162769.957521,2942800408054.000000
2942745783000.000000,1752162769.969193,2942812080805.000000
2942779105000.000000,1752162770.071481,2942914368675.000000
2942812428000.000000,1752162770.098429,2942941316568.000000
2942879068000.000000,1752162770.125834,2942968721253.000000
2942912390000.000000,1752162770.299864,2943142751561.000000
2942945712000.000000,1752162770.316468,2943159354837.000000
2943045674000.000000,1752162770.333151,2943176038038.000000
2943078996000.000000,1752162770.349463,2943192349465.000000
2943112318000.000000,1752162770.533496,2943376382949.000000
2943278926000.000000,1752162770.550466,2943393353147.000000
2943312247000.000000,1752162770.662159,2943505046792.000000
2943345568000.000000,1752162770.688926,2943531813983.000000
2943378890000.000000,1752162770.711409,2943554295774.000000
2943512176000.000000,1752162770.833737,2943676625717.000000
2943545497000.000000,1752162770.845586,2943688472967.000000
2943645461000.000000,1752162770.966353,2943809239946.000000
2943678783000.000000,1752162770.983058,2943825944795.000000
2943712103000.000000,1752162771.010621,2943853507589.000000
2943778746000.000000,1752162771.133516,2943976403268.000000
2943812069000.000000,1752162771.145240,2943988126408.000000
2943945355000.000000,1752162771.250762,2944093649134.000000
2943978676000.000000,1752162771.272727,2944115614892.000000
2944011997000.000000,1752162771.289231,2944132118502.000000
2944078640000.000000,1752162771.406355,2944249241962.000000
2944111960000.000000,1752162771.417909,2944260796011.000000
2944211924000.000000,1752162771.557111,2944399997840.000000
2944245246000.000000,1752162771.573496,2944416382414.000000
2944278569000.000000,1752162771.589812,2944432698915.000000
2944345210000.000000,1752162771.601317,2944444203632.000000
2944411853000.000000,1752162771.731227,2944574114350.000000
2944511817000.000000,1752162771.747994,2944590880884.000000
2944545138000.000000,1752162771.857346,2944700233848.000000
2944578460000.000000,1752162771.879545,2944722431716.000000
2944611781000.000000,1752162771.890877,2944733763786.000000
2944678424000.000000,1752162772.008681,2944851568516.000000
2944711747000.000000,1752162772.025492,2944868379105.000000
2944811709000.000000,1752162772.047914,2944890800507.000000
2944845031000.000000,1752162772.207690,2945050588089.000000
2944878354000.000000,1752162772.229388,2945072275425.000000
2944978316000.000000,1752162772.251625,2945094511514.000000
2945011639000.000000,1752162772.372024,2945214911385.000000
2945044961000.000000,1752162772.383844,2945226729987.000000
2945178245000.000000,1752162772.516121,2945359008552.000000
2945211568000.000000,1752162772.538459,2945381345696.000000
2945244889000.000000,1752162772.555500,2945398386430.000000
2945311530000.000000,1752162772.576864,2945419750565.000000
2945344853000.000000,1752162772.732253,2945575140211.000000
2945511459000.000000,1752162772.748699,2945591585822.000000
2945544781000.000000,1752162772.893878,2945736765626.000000
2945578104000.000000,1752162772.915311,2945758197686.000000
2945611424000.000000,1752162772.942732,2945785619019.000000
2945678066000.000000,1752162772.959029,2945801915465.000000
2945744710000.000000,1752162773.138169,2945981057203.000000
2945877995000.000000,1752162773.176363,2946019250574.000000
2945911317000.000000,1752162773.187974,2946030861049.000000
2945944637000.000000,1752162773.318641,2946161528297.000000
2945977959000.000000,1752162773.335708,2946178595994.000000
2946111243000.000000,1752162773.352123,2946195010809.000000
2946144568000.000000,1752162773.508013,2946350900635.000000
2946177889000.000000,1752162773.524807,2946367694668.000000
2946277851000.000000,1752162773.541648,2946384535293.000000
2946311173000.000000,1752162773.573437,2946416323952.000000
2946344495000.000000,1752162773.751659,2946594546403.000000
2946511101000.000000,1752162773.768630,2946611517064.000000
2946544423000.000000,1752162773.785504,2946628390948.000000
2946577745000.000000,1752162773.898638,2946741524948.000000
2946611066000.000000,1752162773.921318,2946764205311.000000
2946711031000.000000,1752162774.096277,2946939163998.000000
2946744353000.000000,1752162774.112871,2946955758367.000000
2946777674000.000000,1752162774.128984,2946971871722.000000
2946877635000.000000,1752162774.141190,2946984077450.000000
2946944280000.000000,1752162774.311472,2947154360111.000000
2947077565000.000000,1752162774.328137,2947171024312.000000
2947110886000.000000,1752162774.344271,2947187157871.000000
2947144208000.000000,1752162774.479378,2947322264777.000000
2947177531000.000000,1752162774.496700,2947339586565.000000
2947277493000.000000,1752162774.534053,2947376940037.000000
2947310816000.000000,1752162774.661923,2947504810684.000000
2947344138000.000000,1752162774.678860,2947521746327.000000
2947477422000.000000,1752162774.822193,2947665080743.000000
2947510745000.000000,1752162774.838953,2947681839351.000000
2947544066000.000000,1752162774.855361,2947698248221.000000
2947610707000.000000,1752162774.872271,2947715158068.000000
2947677352000.000000,1752162775.055774,2947898661836.000000
2947810635000.000000,1752162775.072361,2947915248501.000000
2947843957000.000000,1752162775.089282,2947932169551.000000
2947877279000.000000,1752162775.247910,2948090797923.000000
2947910602000.000000,1752162775.264856,2948107742732.000000
2948010565000.000000,1752162775.286472,2948129358661.000000
2948043887000.000000,1752162775.308057,2948150943794.000000
2948077208000.000000,1752162775.484709,2948327597038.000000
2948243814000.000000,1752162775.517335,2948360222466.000000
2948277136000.000000,1752162775.615019,2948457906642.000000
2948310457000.000000,1752162775.631792,2948474678842.000000
2948343780000.000000,1752162775.649111,2948491997907.000000
2948443743000.000000,1752162775.797218,2948640105997.000000
2948477064000.000000,1752162775.819165,2948662052700.000000
2948610350000.000000,1752162775.958327,2948801216121.000000
2948643674000.000000,1752162775.980266,2948823152713.000000
2948676993000.000000,1752162776.007686,2948850573268.000000
2948776957000.000000,1752162776.161389,2949004276357.000000
2948810279000.000000,1752162776.183472,2949026359299.000000
2948943564000.000000,1752162776.211303,2949054190128.000000
2948976885000.000000,1752162776.316786,2949159673594.000000
2949010208000.000000,1752162776.338637,2949181525132.000000
2949143492000.000000,1752162776.444208,2949287095246.000000
2949176814000.000000,1752162776.471813,2949314700132.000000
2949210136000.000000,1752162776.483044,2949325929815.000000
2949276778000.000000,1752162776.610700,2949453587019.000000
2949310100000.000000,1752162776.637772,2949480658930.000000
2949410064000.000000,1752162776.649138,2949492024592.000000
2949443386000.000000,1752162776.833336,2949676223130.000000
2949476706000.000000,1752162776.849690,2949692577427.000000
2949609993000.000000,1752162776.877221,2949720108870.000000
2949643314000.000000,1752162776.973615,2949816502299.000000
2949676636000.000000,1752162776.990734,2949833621403.000000
2949809919000.000000,1752162777.114209,2949957096762.000000
2949843242000.000000,1752162777.131090,2949973977053.000000
2949876563000.000000,1752162777.142649,2949985538491.000000
2949943206000.000000,1752162777.287530,2950130417188.000000
2949976528000.000000,1752162777.304283,2950147170166.000000
2950076491000.000000,1752162777.326166,2950169053092.000000
2950109814000.000000,1752162777.420703,2950263591151.000000
2950143134000.000000,1752162777.437458,2950280345574.000000
2950243099000.000000,1752162777.543750,2950386637792.000000
2950276421000.000000,1752162777.560178,2950403064903.000000
2950309742000.000000,1752162777.587586,2950430472643.000000
2950376384000.000000,1752162777.725925,2950568812739.000000
2950409707000.000000,1752162777.742629,2950585516459.000000
2950509669000.000000,1752162777.758979,2950601866144.000000
2950542992000.000000,1752162777.889007,2950731894251.000000
2950576313000.000000,1752162777.910965,2950753851973.000000
2950709598000.000000,1752162778.017832,2950860719277.000000
2950742921000.000000,1752162778.050505,2950893392168.000000
2950776242000.000000,1752162778.067030,2950909916481.000000
2950842884000.000000,1752162778.212448,2951055334876.000000
2950876206000.000000,1752162778.240358,2951083245797.000000
2950976169000.000000,1752162778.256869,2951099755962.000000
2951009490000.000000,1752162778.372817,2951215704471.000000
2951042812000.000000,1752162778.389537,2951232424375.000000
2951176098000.000000,1752162778.411554,2951254440615.000000
2951209420000.000000,1752162778.540931,2951383818061.000000
2951242742000.000000,1752162778.557369,2951400256691.000000
2951342704000.000000,1752162778.573798,2951416684968.000000
2951376027000.000000,1752162778.744399,2951587286182.000000
2951409348000.000000,1752162778.761617,2951604503877.000000
2951509311000.000000,1752162778.778231,2951621117875.000000
2951542633000.000000,1752162778.909071,2951751958659.000000
2951575954000.000000,1752162778.936282,2951779169179.000000
2951709240000.000000,1752162778.952891,2951795778066.000000
2951742562000.000000,1752162779.076202,2951919089611.000000
2951775884000.000000,1752162779.092698,2951935584943.000000
2951909169000.000000,1752162779.264608,2952107495236.000000
2951942491000.000000,1752162779.286479,2952129365051.000000
2951975812000.000000,1752162779.312942,2952155828708.000000
2952009132000.000000,1752162779.329319,2952172206153.000000
2952075775000.000000,1752162779.481785,2952324672384.000000
2952242382000.000000,1752162779.515330,2952358216488.000000
2952275704000.000000,1752162779.616298,2952459185445.000000
2952309025000.000000,1752162779.638515,2952481401442.000000
2952342347000.000000,1752162779.654928,2952497815053.000000
2952442310000.000000,1752162779.773063,2952615950502.000000
2952475631000.000000,1752162779.805048,2952647935418.000000
2952575596000.000000,1752162779.827304,2952670191915.000000
2952608917000.000000,1752162779.961860,2952804748290.000000
2952642239000.000000,1752162779.978592,2952821479805.000000
2952742203000.000000,1752162779.995117,2952838004341.000000
2952775525000.000000,1752162780.162157,2953005044054.000000
2952808847000.000000,1752162780.173783,2953016670121.000000
2952908810000.000000,1752162780.185194,2953028080672.000000
2952942134000.000000,1752162780.207468,2953050354779.000000
2952975454000.000000,1752162780.420063,2953262950714.000000
2953108738000.000000,1752162780.437882,2953280768626.000000
2953142061000.000000,1752162780.459767,2953302653626.000000
2953208702000.000000,1752162780.580489,2953423376457.000000
2953242024000.000000,1752162780.597169,2953440056658.000000
2953375310000.000000,1752162780.624326,2953467213771.000000
2953408632000.000000,1752162780.800469,2953643356854.000000
2953441953000.000000,1752162780.817675,2953660561587.000000
2953541916000.000000,1752162780.844483,2953687369148.000000
2953575238000.000000,1752162780.860806,2953703692001.000000
2953608560000.000000,1752162780.998392,2953841279716.000000
2953775166000.000000,1752162781.015021,2953857907047.000000
2953808488000.000000,1752162781.148136,2953991023233.000000
2953841811000.000000,1752162781.175060,2954017946738.000000
2953875131000.000000,1752162781.201954,2954044841002.000000
2953941773000.000000,1752162781.234365,2954077252247.000000
2954008416000.000000,1752162781.388616,2954231504515.000000
2954175024000.000000,1752162781.395852,2954238738849.000000
2954208345000.000000,1752162781.505076,2954347962778.000000
2954241668000.000000,1752162781.522094,2954364980920.000000
2954274989000.000000,1752162781.533768,2954376654653.000000
2954341630000.000000,1752162781.673874,2954516761157.000000
2954374953000.000000,1752162781.690340,2954533227194.000000
2954474916000.000000,1752162781.706919,2954549806100.000000
2954508238000.000000,1752162781.880964,2954723852371.000000
2954541560000.000000,1752162781.898803,2954741690893.000000
2954641522000.000000,1752162781.922320,2954765208303.000000
2954708168000.000000,1752162782.056955,2954899842807.000000
2954741490000.000000,1752162782.073665,2954916551397.000000
2954841451000.000000,1752162782.090308,2954933195580.000000
2954874775000.000000,1752162782.256495,2955099382671.000000
2954908095000.000000,1752162782.278604,2955121490669.000000
2955008059000.000000,1752162782.305051,2955147937993.000000
2955041381000.000000,1752162782.326528,2955169414868.000000
2955074702000.000000,1752162782.517686,2955360574335.000000
2955274630000.000000,1752162782.524061,2955366947196.000000
2955307952000.000000,1752162782.658983,2955501869809.000000
2955341273000.000000,1752162782.675619,2955518505695.000000
2955374596000.000000,1752162782.697685,2955540572916.000000
2955474558000.000000,1752162782.827460,2955670347025.000000
2955507881000.000000,1752162782.844185,2955687071392.000000
2955607843000.000000,1752162782.855963,2955698850495.000000
2955641166000.000000,1752162782.982476,2955825364600.000000
2955674487000.000000,1752162782.999353,2955842239707.000000
2955807772000.000000,1752162783.121506,2955964394022.000000
2955841094000.000000,1752162783.138804,2955981691588.000000
2955874415000.000000,1752162783.155770,2955998656619.000000
2955941058000.000000,1752162783.299304,2956142191200.000000
2955974381000.000000,1752162783.326785,2956169672384.000000
2956074343000.000000,1752162783.343737,2956186623397.000000
2956107665000.000000,1752162783.473110,2956315997103.000000
2956140986000.000000,1752162783.495429,2956338316098.000000
2956274271000.000000,1752162783.517703,2956360591150.000000
2956307594000.000000,1752162783.650175,2956493062602.000000
2956340914000.000000,1752162783.656767,2956499654368.000000
2956474199000.000000,1752162783.815140,2956658027280.000000
2956507523000.000000,1752162783.827035,2956669921400.000000
2956540842000.000000,1752162783.838836,2956681722502.000000
2956574164000.000000,1752162783.859922,2956702808992.000000
2956607486000.000000,1752162783.881450,2956724336477.000000
2956807413000.000000,1752162784.053182,2956896070160.000000
2956840735000.000000,1752162784.081300,2956924186653.000000
2956874056000.000000,1752162784.191710,2957034596699.000000
2956907379000.000000,1752162784.208319,2957051205382.000000
2956940700000.000000,1752162784.224757,2957067643568.000000
2957007342000.000000,1752162784.358884,2957201772058.000000
2957040664000.000000,1752162784.385963,2957228849932.000000
2957140628000.000000,1752162784.402822,2957245709483.000000
2957173949000.000000,1752162784.568337,2957411224340.000000
2957207271000.000000,1752162784.584720,2957427607174.000000
2957307235000.000000,1752162784.606426,2957449312528.000000
2957340570000.000000,1752162784.628109,2957470996826.000000
2957373878000.000000,1752162784.826201,2957669087964.000000
2957540483000.000000,1752162784.842502,2957685388965.000000
2957573806000.000000,1752162784.864590,2957707477278.000000
2957607128000.000000,1752162784.885989,2957728876469.000000
2957673771000.000000,1752162784.985625,2957828513124.000000
2957807057000.000000,1752162785.102457,2957945344939.000000
2957840379000.000000,1752162785.119345,2957962232026.000000
2957873700000.000000,1752162785.141421,2957984308228.000000
2957907021000.000000,1752162785.239666,2958082552768.000000
2957940342000.000000,1752162785.256038,2958098926213.000000
2958073627000.000000,1752162785.404592,2958247479224.000000
2958106949000.000000,1752162785.421103,2958263989872.000000
2958140270000.000000,1752162785.448981,2958291867329.000000
2958173591000.000000,1752162785.465266,2958308152312.000000
2958240234000.000000,1752162785.633484,2958476371624.000000
2958406841000.000000,1752162785.655163,2958498049663.000000
2958440164000.000000,1752162785.807380,2958650267100.000000
2958473485000.000000,1752162785.824325,2958667212428.000000
2958506807000.000000,1752162785.841364,2958684250422.000000
2958606769000.000000,1752162785.873399,2958716286171.000000
2958640092000.000000,1752162786.008462,2958851349467.000000
2958806698000.000000,1752162786.030399,2958873285744.000000
2958840021000.000000,1752162786.155127,2958998013441.000000
2958873342000.000000,1752162786.176265,2959019151949.000000
2958906670000.000000,1752162786.198065,2959040952209.000000
2959006627000.000000,1752162786.384645,2959227533594.000000
2959039949000.000000,1752162786.396296,2959239182420.000000
2959139913000.000000,1752162786.412813,2959255700419.000000
2959206555000.000000,1752162786.524913,2959367799892.000000
2959239879000.000000,1752162786.541431,2959384317373.000000
2959339840000.000000,1752162786.712714,2959555602246.000000
2959373164000.000000,1752162786.734614,2959577500561.000000
2959406485000.000000,1752162786.751186,2959594072244.000000
2959506448000.000000,1752162786.767411,2959610297580.000000
2959539771000.000000,1752162786.938530,2959781417084.000000
2959706377000.000000,1752162786.949995,2959792881968.000000
2959739699000.000000,1752162787.111754,2959954641511.000000
2959773020000.000000,1752162787.128558,2959971444785.000000
2959806341000.000000,1752162787.139991,2959982877188.000000
2959939626000.000000,1752162787.328924,2960171812289.000000
2959972949000.000000,1752162787.350609,2960193496217.000000
2960072912000.000000,1752162787.367123,2960210010253.000000
2960106234000.000000,1752162787.383497,2960226383457.000000
2960139554000.000000,1752162787.556044,2960398931355.000000
2960306162000.000000,1752162787.562936,2960405822581.000000
2960339483000.000000,1752162787.728299,2960571186940.000000
2960372803000.000000,1752162787.751193,2960594080374.000000
2960406127000.000000,1752162787.767142,2960610028657.000000
2960506089000.000000,1752162787.788612,2960631498365.000000
2960539411000.000000,1752162787.958907,2960801794526.000000
2960706017000.000000,1752162787.975651,2960818537374.000000
2960739340000.000000,1752162787.997758,2960840645483.000000
2960772661000.000000,1752162788.183383,2961026270877.000000
2960805983000.000000,1752162788.210290,2961053177030.000000
2960905947000.000000,1752162788.226918,2961069805028.000000
2960939269000.000000,1752162788.243774,2961086661339.000000
2960972590000.000000,1752162788.407614,2961250500954.000000
2961172518000.000000,1752162788.430154,2961273041410.000000
2961205840000.000000,1752162788.544043,2961386930143.000000
2961239166000.000000,1752162788.566362,2961409248491.000000
2961272483000.000000,1752162788.583036,2961425923988.000000
2961372445000.000000,1752162788.700743,2961543629849.000000
2961405769000.000000,1752162788.717528,2961560415290.000000
2961505731000.000000,1752162788.745286,2961588172472.000000
2961539053000.000000,1752162788.887785,2961730673192.000000
2961572376000.000000,1752162788.899727,2961742613534.000000
2961672340000.000000,1752162788.916270,2961759157681.000000
2961705660000.000000,1752162789.054728,2961897616609.000000
2961738983000.000000,1752162789.097462,2961940349620.000000
2961838945000.000000,1752162789.114010,2961956897341.000000
2961872268000.000000,1752162789.229182,2962072069709.000000
2961905589000.000000,1752162789.240822,2962083708665.000000
2962038874000.000000,1752162789.409832,2962252719728.000000
2962072196000.000000,1752162789.437281,2962280168208.000000
2962105518000.000000,1752162789.459048,2962301934562.000000
2962172160000.000000,1752162789.475395,2962318281599.000000
2962238802000.000000,1752162789.599430,2962442318248.000000
2962405409000.000000,1752162789.752064,2962594951588.000000
2962438731000.000000,1752162789.768443,2962611329348.000000
2962472054000.000000,1752162789.784831,2962627718737.000000
2962505373000.000000,1752162789.801614,2962644500196.000000
2962605338000.000000,1752162789.958894,2962801781341.000000
2962738623000.000000,1752162789.975631,2962818517338.000000
2962771945000.000000,1752162790.103769,2962946656612.000000
2962805267000.000000,1752162790.120269,2962963156592.000000
2962838589000.000000,1752162790.137027,2962979914126.000000
2962905231000.000000,1752162790.153382,2962996268627.000000
2962938553000.000000,1752162790.316041,2963158928958.000000
2963071838000.000000,1752162790.332700,2963175586233.000000
2963105159000.000000,1752162790.365045,2963207931664.000000
2963138481000.000000,1752162790.565097,2963407984541.000000
2963171803000.000000,1752162790.581528,2963424415319.000000
2963271765000.000000,1752162790.598770,2963441657385.000000
2963305088000.000000,1752162790.615474,2963458360845.000000
2963405052000.000000,1752162790.776639,2963619526598.000000
2963538337000.000000,1752162790.799130,2963642016889.000000
2963571659000.000000,1752162790.815331,2963658217650.000000
2963604980000.000000,1752162790.963173,2963806060576.000000
2963638302000.000000,1752162790.985357,2963828244906.000000
2963738265000.000000,1752162791.001990,2963844877552.000000
2963771587000.000000,1752162791.148743,2963991630396.000000
2963804908000.000000,1752162791.166084,2964008970517.000000
2963938193000.000000,1752162791.182590,2964025477960.000000
2963971515000.000000,1752162791.367690,2964210577230.000000
2964004837000.000000,1752162791.400354,2964243241658.000000
2964104800000.000000,1752162791.416711,2964259597881.000000
2964171442000.000000,1752162791.433062,2964275948418.000000
2964204765000.000000,1752162791.595902,2964438789488.000000
2964338050000.000000,1752162791.617975,2964460862672.000000
2964371373000.000000,1752162791.634717,2964477604539.000000
2964404693000.000000,1752162791.775635,2964618522127.000000
2964438016000.000000,1752162791.808486,2964651373109.000000
2964571301000.000000,1752162791.835863,2964678749924.000000
2964604623000.000000,1752162791.970241,2964813127912.000000
2964637945000.000000,1752162791.976841,2964819727882.000000
2964771229000.000000,1752162791.988769,2964831656353.000000
2964804552000.000000,1752162792.138907,2964981795237.000000
2964837874000.000000,1752162792.156461,2964999349800.000000
2964904514000.000000,1752162792.174599,2965017485468.000000
2964937837000.000000,1752162792.311697,2965154584095.000000
2964971158000.000000,1752162792.328538,2965171425331.000000
2965104442000.000000,1752162792.345198,2965188083977.000000
2965137766000.000000,1752162792.553445,2965396332919.000000
2965171087000.000000,1752162792.570011,2965412897177.000000
2965271049000.000000,1752162792.606789,2965449676063.000000
2965304371000.000000,1752162792.623618,2965466504041.000000
2965337692000.000000,1752162792.821784,2965664671789.000000
2965537621000.000000,1752162792.849671,2965692557821.000000
2965570942000.000000,1752162792.861251,2965704137851.000000
2965604264000.000000,1752162793.014146,2965857033503.000000
2965637586000.000000,1752162793.036435,2965879322296.000000
2965770870000.000000,1752162793.058046,2965900932317.000000
2965804192000.000000,1752162793.074583,2965917469686.000000
2965837513000.000000,1752162793.290371,2966133258756.000000
2966004121000.000000,1752162793.307071,2966149957364.000000
2966037442000.000000,1752162793.323801,2966166687917.000000
2966070763000.000000,1752162793.340023,2966182909437.000000
2966104084000.000000,1752162793.529710,2966372597179.000000
2966270691000.000000,1752162793.546823,2966389710172.000000
2966304012000.000000,1752162793.569090,2966411977002.000000
2966337335000.000000,1752162793.709767,2966552653907.000000
2966370656000.000000,1752162793.726601,2966569488033.000000
2966503941000.000000,1752162793.743080,2966585966903.000000
2966537263000.000000,1752162793.919941,2966762829515.000000
2966570585000.000000,1752162793.936635,2966779522327.000000
2966670548000.000000,1752162793.953112,2966795998290.000000
2966703869000.000000,1752162793.969451,2966812337198.000000
2966737191000.000000,1752162794.124350,2966967237274.000000
2966903798000.000000,1752162794.157212,2967000099663.000000
2966937120000.000000,1752162794.291108,2967133995656.000000
2966970441000.000000,1752162794.313054,2967155941563.000000
2967003764000.000000,1752162794.329536,2967172422877.000000
2967103726000.000000,1752162794.441736,2967284623776.000000
2967137049000.000000,1752162794.464046,2967306933438.000000
2967237011000.000000,1752162794.480423,2967323310457.000000
2967270335000.000000,1752162794.635915,2967478801787.000000
2967303657000.000000,1752162794.652608,2967495495858.000000
2967403620000.000000,1752162794.674345,2967517232508.000000
2967470264000.000000,1752162794.803812,2967646698601.000000
2967503585000.000000,1752162794.820347,2967663234211.000000
2967603549000.000000,1752162794.842083,2967684969602.000000
2967636870000.000000,1752162795.003254,2967846141503.000000
2967670192000.000000,1752162795.026009,2967868896439.000000
2967803476000.000000,1752162795.042642,2967885528363.000000
2967836798000.000000,1752162795.235248,2968078135427.000000
2967870120000.000000,1752162795.257389,2968100276332.000000
2967970084000.000000,1752162795.268814,2968111700846.000000
2968003405000.000000,1752162795.290916,2968133802695.000000
2968036726000.000000,1752162795.454123,2968297011372.000000
2968236654000.000000,1752162795.465737,2968308624088.000000
2968269977000.000000,1752162795.618442,2968461329686.000000
2968303299000.000000,1752162795.645303,2968488190655.000000
2968336621000.000000,1752162795.671986,2968514872032.000000
2968403261000.000000,1752162795.688283,2968531169052.000000
2968436584000.000000,1752162795.854958,2968697845805.000000
2968603190000.000000,1752162795.876884,2968719770990.000000
2968636512000.000000,1752162795.899400,2968742287391.000000
2968669833000.000000,1752162796.005990,2968848877550.000000
2968703155000.000000,1752162796.022334,2968865221699.000000
2968836440000.000000,1752162796.172562,2969015450100.000000
2968869761000.000000,1752162796.188995,2969031882322.000000
2968903084000.000000,1752162796.200500,2969043386558.000000
2969003046000.000000,1752162796.391067,2969233954309.000000
2969036370000.000000,1752162796.407851,2969250737639.000000
2969169654000.000000,1752162796.429999,2969272886081.000000
2969202975000.000000,1752162796.562964,2969405850787.000000
2969236297000.000000,1752162796.589674,2969432560238.000000
2969336262000.000000,1752162796.611369,2969454256314.000000
2969402905000.000000,1752162796.776454,2969619341435.000000
2969436226000.000000,1752162796.793073,2969635960452.000000
2969569509000.000000,1752162796.809741,2969652627764.000000
2969602833000.000000,1752162796.976436,2969819323887.000000
2969636155000.000000,1752162796.993358,2969836244715.000000
2969736117000.000000,1752162797.009370,2969852256497.000000
2969769440000.000000,1752162797.025766,2969868652016.000000
2969802762000.000000,1752162797.198398,2970041286431.000000
2969969366000.000000,1752162797.216060,2970058948530.000000
2970002689000.000000,1752162797.362397,2970205283989.000000
2970036012000.000000,1752162797.394641,2970237527588.000000
2970069333000.000000,1752162797.411221,2970254107957.000000
2970202616000.000000,1752162797.522883,2970365770712.000000
2970235939000.000000,1752162797.549944,2970392831327.000000
2970335902000.000000,1752162797.666512,2970509398921.000000
2970369225000.000000,1752162797.683156,2970526043327.000000
2970402546000.000000,1752162797.710610,2970553497104.000000
2970502510000.000000,1752162797.829203,2970672090622.000000
2970535833000.000000,1752162797.850689,2970693576515.000000
2970635795000.000000,1752162797.877781,2970720668814.000000
2970669118000.000000,1752162797.985448,2970828335889.000000
2970702439000.000000,1752162798.012634,2970855520909.000000
2970802402000.000000,1752162798.123832,2970966719095.000000
2970835725000.000000,1752162798.140536,2970983422833.000000
2970869047000.000000,1752162798.157446,2971000333310.000000
2970935689000.000000,1752162798.280772,2971123658799.000000
2970969010000.000000,1752162798.307948,2971150834746.000000
2971068973000.000000,1752162798.324905,2971167791759.000000
2971102296000.000000,1752162798.475227,2971318114381.000000
2971135618000.000000,1752162798.491615,2971334501400.000000
2971235581000.000000,1752162798.507870,2971350756587.000000
2971268902000.000000,1752162798.524278,2971367164921.000000
2971335546000.000000,1752162798.681107,2971523994940.000000
2971435510000.000000,1752162798.702885,2971545773238.000000
2971468831000.000000,1752162798.815666,2971658553556.000000
2971502152000.000000,1752162798.838386,2971681272140.000000
2971535475000.000000,1752162798.855587,2971698475003.000000
2971635438000.000000,1752162798.971900,2971814786915.000000
2971668759000.000000,1752162798.989066,2971831953408.000000
2971768722000.000000,1752162799.010330,2971853217266.000000
2971802044000.000000,1752162799.166289,2972009176220.000000
2971835367000.000000,1752162799.188356,2972031243441.000000
2971935330000.000000,1752162799.210862,2972053747435.000000
2971968651000.000000,1752162799.300646,2972143532320.000000
2972001973000.000000,1752162799.339447,2972182334537.000000
2972135259000.000000,1752162799.484576,2972327463768.000000
2972168581000.000000,1752162799.501453,2972344339875.000000
2972201903000.000000,1752162799.522915,2972365802546.000000
2972301866000.000000,1752162799.660229,2972503117152.000000
2972335188000.000000,1752162799.676818,2972519705225.000000
2972468472000.000000,1752162799.834950,2972677837120.000000
2972501793000.000000,1752162799.851638,2972694526080.000000
2972535117000.000000,1752162799.873748,2972716634115.000000
2972601758000.000000,1752162799.905417,2972748303294.000000
2972668400000.000000,1752162800.128515,2972971403011.000000
2972835008000.000000,1752162800.145288,2972988175656.000000
2972868331000.000000,1752162800.167325,2973010213414.000000
2972901652000.000000,1752162800.183698,2973026584822.000000
2972934971000.000000,1752162800.306674,2973149561277.000000
2973101579000.000000,1752162800.323142,2973166029184.000000
2973134901000.000000,1752162800.471533,2973314420179.000000
2973168223000.000000,1752162800.488125,2973331011844.000000
2973201543000.000000,1752162800.504534,2973347420696.000000
2973301508000.000000,1752162800.638321,2973481208153.000000
2973334830000.000000,1752162800.670717,2973513604324.000000
2973434793000.000000,1752162800.692497,2973535384547.000000
2973468116000.000000,1752162800.852641,2973695528404.000000
2973501437000.000000,1752162800.879584,2973722471149.000000
2973601401000.000000,1752162800.906554,2973749441079.000000
2973634722000.000000,1752162800.918168,2973761054628.000000
2973668044000.000000,1752162801.082003,2973924891039.000000
2973834649000.000000,1752162801.104025,2973946913353.000000
2973867972000.000000,1752162801.250350,2974093236738.000000
2973901292000.000000,1752162801.271791,2974114677947.000000
2973934613000.000000,1752162801.293674,2974136561132.000000
2974034576000.000000,1752162801.320614,2974163500618.000000
2974101220000.000000,1752162801.506122,2974349009717.000000
2974234505000.000000,1752162801.533743,2974376629362.000000
2974267828000.000000,1752162801.555701,2974398587214.000000
2974301148000.000000,1752162801.727570,2974570457210.000000
2974334471000.000000,1752162801.754403,2974597289382.000000
2974467755000.000000,1752162801.775836,2974618723109.000000
2974501077000.000000,1752162801.792149,2974635035240.000000
2974534399000.000000,1752162802.006565,2974849452231.000000
2974701006000.000000,1752162802.028841,2974871727949.000000
2974734326000.000000,1752162802.040448,2974883334202.000000
2974800972000.000000,1752162802.056763,2974899649740.000000
2974834292000.000000,1752162802.208604,2975051491662.000000
2974967577000.000000,1752162802.225516,2975068402472.000000
2975000898000.000000,1752162802.345662,2975188550660.000000
2975034221000.000000,1752162802.363813,2975206700828.000000
2975067542000.000000,1752162802.380851,2975223738488.000000
2975167506000.000000,1752162802.516600,2975359487888.000000
2975200831000.000000,1752162802.543588,2975386474855.000000
2975300790000.000000,1752162802.570680,2975413567562.000000
2975334114000.000000,1752162802.722583,2975565470613.000000
2975367435000.000000,1752162802.739284,2975582171129.000000
2975500719000.000000,1752162802.761622,2975604509976.000000
2975534041000.000000,1752162802.877862,2975720750130.000000
2975567362000.000000,1752162802.895253,2975738140027.000000
2975700647000.000000,1752162803.006714,2975849601674.000000
2975733971000.000000,1752162803.039761,2975882648524.000000
2975767290000.000000,1752162803.061280,2975904167343.000000
2975800612000.000000,1752162803.178266,2976021152822.000000
2975833934000.000000,1752162803.200079,2976042966156.000000
2975967220000.000000,1752162803.217024,2976059911244.000000
2976000541000.000000,1752162803.334528,2976177415033.000000
2976033864000.000000,1752162803.351218,2976194105456.000000
2976167148000.000000,1752162803.496547,2976339434240.000000
2976200470000.000000,1752162803.512913,2976355800222.000000
2976233791000.000000,1752162803.529793,2976372680810.000000
2976267112000.000000,1752162803.546558,2976389444474.000000
2976333755000.000000,1752162803.729967,2976572853668.000000
2976467040000.000000,1752162803.757019,2976599906764.000000
2976500363000.000000,1752162803.773637,2976616523743.000000
2976533682000.000000,1752162803.872165,2976715052410.000000
2976567004000.000000,1752162803.894152,2976737039372.000000
2976700289000.000000,1752162804.073011,2976915898520.000000
2976733613000.000000,1752162804.089450,2976932337353.000000
2976766934000.000000,1752162804.106036,2976948923722.000000
2976833575000.000000,1752162804.122380,2976965266149.000000
2976900218000.000000,1752162804.293149,2977136036731.000000
2977066826000.000000,1752162804.309795,2977152681858.000000
2977100148000.000000,1752162804.475817,2977318704155.000000
2977133468000.000000,1752162804.492263,2977335149951.000000
2977166792000.000000,1752162804.508604,2977351490303.000000
2977233432000.000000,1752162804.535390,2977378277309.000000
2977300074000.000000,1752162804.683227,2977526114902.000000
2977466683000.000000,1752162804.699871,2977542758140.000000
2977500005000.000000,1752162804.834746,2977677633753.000000
2977533326000.000000,1752162804.856709,2977699595419.000000
2977566647000.000000,1752162804.868407,2977711294337.000000
2977633289000.000000,1752162804.884610,2977727496247.000000
2977666611000.000000,1752162805.040257,2977883144260.000000
2977799895000.000000,1752162805.068445,2977911331270.000000
2977833217000.000000,1752162805.175187,2978018074687.000000
2977866538000.000000,1752162805.202230,2978045117265.000000
2977899860000.000000,1752162805.218971,2978061858317.000000
2977999824000.000000,1752162805.325839,2978168726732.000000
2978033146000.000000,1752162805.347414,2978190300773.000000
2978166431000.000000,1752162805.500187,2978343074315.000000
2978199753000.000000,1752162805.517211,2978360098290.000000
2978233074000.000000,1752162805.533980,2978376866176.000000
2978299716000.000000,1752162805.643644,2978486532230.000000
2978333039000.000000,1752162805.660723,2978503609964.000000
2978466324000.000000,1752162805.770327,2978613214851.000000
2978499645000.000000,1752162805.786886,2978629773109.000000
2978532967000.000000,1752162805.937237,2978780124158.000000
2978599609000.000000,1752162805.969416,2978812303850.000000
2978632930000.000000,1752162805.991439,2978834326311.000000
2978699574000.000000,1752162806.017943,2978860829913.000000
2978766217000.000000,1752162806.188997,2979031884288.000000
2978966146000.000000,1752162806.205660,2979048547378.000000
2978999467000.000000,1752162806.343532,2979186419183.000000
2979032788000.000000,1752162806.360086,2979202972774.000000
2979066109000.000000,1752162806.381869,2979224756035.000000
2979132753000.000000,1752162806.414340,2979257227020.000000
2979199396000.000000,1752162806.545263,2979388149950.000000
2979332681000.000000,1752162806.561945,2979404832133.000000
2979366003000.000000,1752162806.712260,2979555147385.000000
2979399325000.000000,1752162806.728633,2979571519738.000000
2979432645000.000000,1752162806.744971,2979587858165.000000
2979499287000.000000,1752162806.766908,2979609795498.000000
2979565933000.000000,1752162806.927139,2979770026742.000000
2979699215000.000000,1752162806.949751,2979792639031.000000
2979732538000.000000,1752162807.068334,2979911221383.000000
2979765859000.000000,1752162807.085070,2979927957250.000000
2979799182000.000000,1752162807.101672,2979944558767.000000
2979899144000.000000,1752162807.283932,2980126819695.000000
2979932468000.000000,1752162807.300710,2980143597025.000000
2980032430000.000000,1752162807.322511,2980165397193.000000
2980065753000.000000,1752162807.343527,2980186413961.000000
2980099074000.000000,1752162807.541487,2980384375082.000000
2980265680000.000000,1752162807.568379,2980411266253.000000
2980299003000.000000,1752162807.666043,2980508929595.000000
2980332324000.000000,1752162807.698492,2980541379562.000000
2980365645000.000000,1752162807.715085,2980557972542.000000
2980498930000.000000,1752162807.881716,2980724604259.000000
2980532253000.000000,1752162807.908602,2980751488227.000000
2980632218000.000000,1752162807.925426,2980768312704.000000
2980665537000.000000,1752162807.946866,2980789751894.000000
2980698857000.000000,1752162808.090257,2980933143994.000000
2980865465000.000000,1752162808.106870,2980949757437.000000
2980898787000.000000,1752162808.234039,2981076926257.000000
2980932108000.000000,1752162808.245878,2981088764822.000000
2980965430000.000000,1752162808.262712,2981105599726.000000
2981065393000.000000,1752162808.412210,2981255098301.000000
2981098716000.000000,1752162808.428944,2981271832057.000000
2981198679000.000000,1752162808.450907,2981293793983.000000
2981232001000.000000,1752162808.639876,2981482762787.000000
2981265323000.000000,1752162808.656457,2981499343915.000000
2981365285000.000000,1752162808.672472,2981515359086.000000
2981431929000.000000,1752162808.688897,2981531783493.000000
2981465250000.000000,1752162808.846425,2981689312950.000000
2981598537000.000000,1752162808.863038,2981705924411.000000
2981631857000.000000,1752162808.879632,2981722518188.000000
2981665179000.000000,1752162809.045020,2981887907602.000000
2981698500000.000000,1752162809.061809,2981904695246.000000
2981798463000.000000,1752162809.093740,2981936626218.000000
2981831786000.000000,1752162809.110039,2981952924960.000000
2981865107000.000000,1752162809.268808,2982111695886.000000
2982031714000.000000,1752162809.285601,2982128488438.000000
2982065036000.000000,1752162809.447012,2982289900004.000000
2982098358000.000000,1752162809.463761,2982306648167.000000
2982131680000.000000,1752162809.480026,2982322912669.000000
2982231643000.000000,1752162809.496262,2982339148874.000000
2982264964000.000000,1752162809.646659,2982489546570.000000
2982431570000.000000,1752162809.673704,2982516591537.000000
2982464893000.000000,1752162809.806198,2982649086396.000000
2982498215000.000000,1752162809.823038,2982665925021.000000
2982531536000.000000,1752162809.849999,2982692886526.000000
2982631499000.000000,1752162809.936801,2982779688793.000000
2982664821000.000000,1752162809.953619,2982796508307.000000
2982764784000.000000,1752162810.095234,2982938122074.000000
2982798108000.000000,1752162810.123008,2982965895940.000000
2982831428000.000000,1752162810.139366,2982982252108.000000
2982898070000.000000,1752162810.155688,2982998574498.000000
2982931392000.000000,1752162810.290224,2983133111317.000000
2983064678000.000000,1752162810.312336,2983155222871.000000
2983098000000.000000,1752162810.457359,2983300246066.000000
2983131321000.000000,1752162810.473802,2983316688825.000000
2983164643000.000000,1752162810.496365,2983339252781.000000
2983231284000.000000,1752162810.517791,2983360678471.000000
2983297926000.000000,1752162810.684615,2983527503074.000000
2983464534000.000000,1752162810.701359,2983544245719.000000
2983497857000.000000,1752162810.855352,2983698239249.000000
2983531178000.000000,1752162810.871300,2983714186124.000000
2983564499000.000000,1752162810.904212,2983747098920.000000
2983631141000.000000,1752162810.920484,2983763370570.000000
2983697783000.000000,1752162811.060300,2983903186744.000000
2983831069000.000000,1752162811.077351,2983920238774.000000
2983864392000.000000,1752162811.253993,2984096879852.000000
2983897713000.000000,1752162811.280813,2984123700432.000000
2983931035000.000000,1752162811.297322,2984140208690.000000
2984030998000.000000,1752162811.329559,2984172445456.000000
2984097641000.000000,1752162811.530176,2984373063309.000000
2984264246000.000000,1752162811.551888,2984394774959.000000
2984297569000.000000,1752162811.573963,2984416850494.000000
2984330890000.000000,1752162811.731372,2984574260082.000000
2984364211000.000000,1752162811.748133,2984591019838.000000
2984497497000.000000,1752162811.764677,2984607563466.000000
2984530818000.000000,1752162811.897821,2984740708411.000000
2984564139000.000000,1752162811.919510,2984762397265.000000
2984664104000.000000,1752162811.946039,2984788927051.000000
2984730747000.000000,1752162812.056774,2984899660928.000000
2984764069000.000000,1752162812.078448,2984921335152.000000
2984897354000.000000,1752162812.211683,2985054570596.000000
2984930677000.000000,1752162812.244074,2985086961990.000000
2984963997000.000000,1752162812.271888,2985114774874.000000
2985030640000.000000,1752162812.430172,2985273059046.000000
2985063963000.000000,1752162812.446996,2985289883468.000000
2985197247000.000000,1752162812.464069,2985306955498.000000
2985230568000.000000,1752162812.576317,2985419204730.000000
2985263890000.000000,1752162812.593140,2985436027003.000000
2985397176000.000000,1752162812.713790,2985556678223.000000
2985430498000.000000,1752162812.725391,2985568278050.000000
2985463818000.000000,1752162812.742139,2985585026510.000000
2985530461000.000000,1752162812.921616,2985764504337.000000
2985563784000.000000,1752162812.933343,2985776230199.000000
2985697067000.000000,1752162813.056504,2985899391579.000000
2985730390000.000000,1752162813.072483,2985915370194.000000
2985763710000.000000,1752162813.094992,2985937878373.000000
2985896997000.000000,1752162813.200381,2986043268008.000000
2985930319000.000000,1752162813.222518,2986065404950.000000
2986030283000.000000,1752162813.385772,2986228659423.000000
2986063605000.000000,1752162813.408199,2986251086528.000000
2986096925000.000000,1752162813.424577,2986267463659.000000
2986130246000.000000,1752162813.440899,2986283786123.000000
2986196889000.000000,1752162813.568298,2986411185496.000000
2986363496000.000000,1752162813.595892,2986438779698.000000
2986396819000.000000,1752162813.733170,2986576056916.000000
2986430140000.000000,1752162813.749756,2986592643210.000000
2986463461000.000000,1752162813.771640,2986614526174.000000
2986530103000.000000,1752162813.787938,2986630825545.000000
2986563425000.000000,1752162813.897588,2986740475766.000000
2986730032000.000000,1752162813.980094,2986822981632.000000
2986763353000.000000,1752162814.002259,2986845146963.000000
2986796675000.000000,1752162814.162308,2987005195561.000000
2986829997000.000000,1752162814.178836,2987021723523.000000
2986863318000.000000,1752162814.195844,2987038730406.000000
2986929959000.000000,1752162814.207255,2987050141457.000000
2986996602000.000000,1752162814.337231,2987180118064.000000
2987163209000.000000,1752162814.478334,2987321222835.000000
2987196532000.000000,1752162814.495166,2987338053257.000000
2987229853000.000000,1752162814.516982,2987359868647.000000
2987263174000.000000,1752162814.533370,2987376256721.000000
2987296496000.000000,1752162814.708877,2987551764755.000000
2987463102000.000000,1752162814.735977,2987578864258.000000
2987496424000.000000,1752162814.752657,2987595544163.000000
2987529745000.000000,1752162814.902776,2987745662843.000000
2987563067000.000000,1752162814.919701,2987762588153.000000
2987696357000.000000,1752162814.936196,2987779082985.000000
2987729674000.000000,1752162815.093589,2987936476370.000000
2987762996000.000000,1752162815.110416,2987953303125.000000
2987896280000.000000,1752162815.132808,2987975695453.000000
2987929603000.000000,1752162815.290009,2988132897284.000000
2987962924000.000000,1752162815.316839,2988159724586.000000
2988062888000.000000,1752162815.338460,2988181347644.000000
2988096210000.000000,1752162815.435982,2988278869117.000000
2988162852000.000000,1752162815.452434,2988295321487.000000
2988262815000.000000,1752162815.547600,2988390488244.000000
2988296139000.000000,1752162815.559193,2988402079312.000000
2988329459000.000000,1752162815.586290,2988429177018.000000
2988362780000.000000,1752162815.698398,2988541285899.000000
2988396104000.000000,1752162815.715370,2988558256893.000000
2988496068000.000000,1752162815.731958,2988574845169.000000
2988529387000.000000,1752162815.863266,2988706154004.000000
2988562709000.000000,1752162815.890713,2988733599818.000000
2988662672000.000000,1752162815.907125,2988750011540.000000
2988695995000.000000,1752162816.077908,2988920795566.000000
2988729316000.000000,1752162816.094735,2988937622155.000000
2988829279000.000000,1752162816.111095,2988953981396.000000
2988862601000.000000,1752162816.127429,2988970314767.000000
2988895922000.000000,1752162816.281988,2989124876329.000000
2989062529000.000000,1752162816.298699,2989141586381.000000
2989095851000.000000,1752162816.437560,2989280447342.000000
2989129173000.000000,1752162816.459102,2989301988457.000000
2989162494000.000000,1752162816.476053,2989318939822.000000
2989262459000.000000,1752162816.642518,2989485404762.000000
2989295780000.000000,1752162816.685580,2989528467474.000000
2989395744000.000000,1752162816.702165,2989545052120.000000
2989462386000.000000,1752162816.822739,2989665627452.000000
2989495709000.000000,1752162816.839641,2989682528595.000000
2989628993000.000000,1752162816.856015,2989698902281.000000
2989662315000.000000,1752162817.044108,2989886994632.000000
2989695636000.000000,1752162817.065843,2989908730263.000000
2989828921000.000000,1752162817.082364,2989925250466.000000
2989862243000.000000,1752162817.206117,2990049004876.000000
2989895564000.000000,1752162817.223487,2990066373830.000000
2989995528000.000000,1752162817.240265,2990083152511.000000
2990028849000.000000,1752162817.383980,2990226867146.000000
2990062172000.000000,1752162817.410700,2990253586634.000000
2990162136000.000000,1752162817.432763,2990275650039.000000
2990195458000.000000,1752162817.563251,2990406137752.000000
2990228779000.000000,1752162817.580540,2990423428188.000000
2990362065000.000000,1752162817.603593,2990446481676.000000
2990395386000.000000,1752162817.754655,2990597542995.000000
2990428709000.000000,1752162817.782312,2990625198900.000000
2990561992000.000000,1752162817.798770,2990641656622.000000
2990595314000.000000,1752162817.941283,2990784171046.000000
2990628636000.000000,1752162817.968693,2990811580471.000000
2990728599000.000000,1752162817.991143,2990834030632.000000
2990761922000.000000,1752162818.131315,2990974202377.000000
2990795244000.000000,1752162818.153825,2990996711352.000000
2990895205000.000000,1752162818.170546,2991013433460.000000
2990928529000.000000,1752162818.177259,2991020145262.000000
2990961850000.000000,1752162818.353960,2991196847469.000000
2991095135000.000000,1752162818.375846,2991218732951.000000
2991128457000.000000,1752162818.483872,2991326759225.000000
2991161779000.000000,1752162818.505794,2991348682225.000000
2991195100000.000000,1752162818.523101,2991365988512.000000
2991328386000.000000,1752162818.671830,2991514717836.000000
2991361708000.000000,1752162818.688614,2991531501203.000000
2991428350000.000000,1752162818.710071,2991552957448.000000
2991461671000.000000,1752162818.731704,2991574591395.000000
2991494993000.000000,1752162818.857028,2991699915697.000000
2991661598000.000000,1752162818.873723,2991716610139.000000
2991694921000.000000,1752162819.018834,2991861721259.000000
2991728244000.000000,1752162819.035890,2991878777845.000000
2991761563000.000000,1752162819.062943,2991905829182.000000
2991828206000.000000,1752162819.179217,2992022104798.000000
2991861528000.000000,1752162819.190766,2992033652644.000000
2991994812000.000000,1752162819.345653,2992188540813.000000
2992028136000.000000,1752162819.377784,2992220670802.000000
2992061456000.000000,1752162819.394411,2992237297929.000000
2992128098000.000000,1752162819.410803,2992253690022.000000
2992194741000.000000,1752162819.579218,2992422105646.000000
2992328027000.000000,1752162819.611771,2992454659760.000000
2992361349000.000000,1752162819.723966,2992566853140.000000
2992394670000.000000,1752162819.751382,2992594269103.000000
2992427992000.000000,1752162819.767647,2992610533679.000000
2992561276000.000000,1752162819.924584,2992767471142.000000
2992594599000.000000,1752162819.936369,2992779256337.000000
2992694562000.000000,1752162819.968979,2992811866154.000000
2992727885000.000000,1752162820.120495,2992963383394.000000
2992761205000.000000,1752162820.137241,2992980127317.000000
2992861169000.000000,1752162820.164004,2993006891194.000000
2992894490000.000000,1752162820.180656,2993023543117.000000
2992927811000.000000,1752162820.370530,2993213417487.000000
2993094419000.000000,1752162820.392596,2993235483281.000000
2993127739000.000000,1752162820.409222,2993252109446.000000
2993161061000.000000,1752162820.511814,2993354701775.000000
2993194383000.000000,1752162820.528496,2993371383050.000000
2993327667000.000000,1752162820.672351,2993515238702.000000
2993360990000.000000,1752162820.688945,2993531831904.000000
2993394311000.000000,1752162820.705786,2993548672547.000000
2993460955000.000000,1752162820.732528,2993575414869.000000
2993494276000.000000,1752162820.868420,2993711308601.000000
2993660881000.000000,1752162820.880412,2993723299442.000000
2993694204000.000000,1752162821.000025,2993842912284.000000
2993727527000.000000,1752162821.012023,2993854909755.000000
2993760848000.000000,1752162821.034174,2993877060678.000000
2993794169000.000000,1752162821.142417,2993985304357.000000
2993827490000.000000,1752162821.169543,2994012429971.000000
2993960775000.000000,1752162821.313530,2994156417621.000000
2993994097000.000000,1752162821.346305,2994189192714.000000
2994027418000.000000,1752162821.368078,2994210964993.000000
2994094061000.000000,1752162821.384446,2994227332901.000000
2994127382000.000000,1752162821.564994,2994407881291.000000
2994327310000.000000,1752162821.592548,2994435434438.000000
2994360632000.000000,1752162821.609099,2994451986362.000000
2994393954000.000000,1752162821.716325,2994559211867.000000
2994427276000.000000,1752162821.733021,2994575906864.000000
2994527239000.000000,1752162821.859016,2994701903548.000000
2994560562000.000000,1752162821.875507,2994718394011.000000
2994593883000.000000,1752162821.902632,2994745519550.000000
2994693845000.000000,1752162822.090542,2994933428995.000000
2994727168000.000000,1752162822.102287,2994945174598.000000
2994827130000.000000,1752162822.118765,2994961651079.000000
2994860453000.000000,1752162822.140368,2994983254101.000000
2994893774000.000000,1752162822.288686,2995131573132.000000
2995060381000.000000,1752162822.310732,2995153618927.000000
2995093703000.000000,1752162822.439590,2995282478342.000000
2995127024000.000000,1752162822.456496,2995299383374.000000
2995160346000.000000,1752162822.473234,2995316121575.000000
2995260309000.000000,1752162822.601415,2995444302015.000000
2995293631000.000000,1752162822.618317,2995461204287.000000
2995393595000.000000,1752162822.624903,2995467789498.000000
2995426918000.000000,1752162822.807544,2995650431867.000000
2995460239000.000000,1752162822.824382,2995667268363.000000
2995560201000.000000,1752162822.840708,2995683595049.000000
2995593524000.000000,1752162822.857026,2995699912439.000000
2995626846000.000000,1752162822.970730,2995813617026.000000
2995793451000.000000,1752162823.093053,2995935940192.000000
2995826774000.000000,1752162823.109556,2995952442506.000000
2995860095000.000000,1752162823.136125,2995979012422.000000
2995893418000.000000,1752162823.153076,2995995963527.000000
2995960058000.000000,1752162823.320009,2996162897815.000000
2996060023000.000000,1752162823.347241,2996190128576.000000
2996093345000.000000,1752162823.373975,2996216862304.000000
2996126666000.000000,1752162823.488520,2996331407586.000000
2996159988000.000000,1752162823.510157,2996353045293.000000
2996293272000.000000,1752162823.648927,2996491814088.000000
2996326595000.000000,1752162823.665778,2996508664417.000000
2996359917000.000000,1752162823.682453,2996525340118.000000
2996459880000.000000,1752162823.779139,2996622026378.000000
2996493202000.000000,1752162823.795930,2996638816819.000000
2996593164000.000000,1752162823.934636,2996777523356.000000
2996626489000.000000,1752162823.946110,2996788996684.000000
2996659809000.000000,1752162823.962461,2996805346999.000000
2996726451000.000000,1752162823.979564,2996822450937.000000
2996793095000.000000,1752162824.149655,2996992541988.000000
2996893059000.000000,1752162824.161693,2997004580496.000000
2996926380000.000000,1752162824.178844,2997021732470.000000
2996959702000.000000,1752162824.312121,2997155008914.000000
2996993024000.000000,1752162824.328830,2997171716540.000000
2997092989000.000000,1752162824.350904,2997193791224.000000
2997126309000.000000,1752162824.458361,2997301249633.000000
2997159631000.000000,1752162824.485357,2997328244989.000000
2997259594000.000000,1752162824.501690,2997344577527.000000
2997292915000.000000,1752162824.631375,2997474263026.000000
2997326238000.000000,1752162824.643121,2997486007870.000000
2997426201000.000000,1752162824.670425,2997513312426.000000
2997459522000.000000,1752162824.840390,2997683277664.000000
2997492843000.000000,1752162824.868214,2997711101067.000000
2997592807000.000000,1752162824.884418,2997727304143.000000
2997626130000.000000,1752162824.900694,2997743581015.000000
2997659451000.000000,1752162824.971421,2997814307871.000000
2997826059000.000000,1752162825.124030,2997966917638.000000
2997859379000.000000,1752162825.150951,2997993837772.000000
2997892700000.000000,1752162825.340741,2998183629216.000000
2997926022000.000000,1752162825.357386,2998200273214.000000
2997959343000.000000,1752162825.384260,2998227146700.000000
2998125950000.000000,1752162825.400632,2998243518312.000000
2998159272000.000000,1752162825.613461,2998456348208.000000
2998325879000.000000,1752162825.630834,2998473720661.000000
2998359200000.000000,1752162825.652646,2998495532755.000000
2998392521000.000000,1752162825.744982,2998587869540.000000
2998425843000.000000,1752162825.771609,2998614496066.000000
2998592451000.000000,1752162825.891339,2998734226092.000000
2998625772000.000000,1752162825.934318,2998777205896.000000
2998659093000.000000,1752162825.963003,2998805890068.000000
2998725735000.000000,1752162826.080253,2998923141082.000000
2998759057000.000000,1752162826.102093,2998944980786.000000
2998892342000.000000,1752162826.212528,2999055415814.000000
2998925665000.000000,1752162826.229353,2999072239828.000000
2998958986000.000000,1752162826.251404,2999094291012.000000
2999025628000.000000,1752162826.387232,2999230119745.000000
2999058951000.000000,1752162826.404055,2999246941815.000000
2999158915000.000000,1752162826.426197,2999269083738.000000
2999192236000.000000,1752162826.448048,2999290934757.000000
2999225561000.000000,1752162826.653435,2999496322469.000000
2999358841000.000000,1752162826.675511,2999518398764.000000
2999392163000.000000,1752162826.697343,2999540229635.000000
2999425483000.000000,1752162826.713988,2999556874336.000000
2999492127000.000000,1752162826.825459,2999668346557.000000
2999658734000.000000,1752162826.954283,2999797170898.000000
2999692056000.000000,1752162826.971080,2999813967542.000000
2999725378000.000000,1752162826.992784,2999835671192.000000
2999758699000.000000,1752162827.100255,2999943142102.000000
2999792020000.000000,1752162827.137884,2999980772257.000000
2999925305000.000000,1752162827.291440,3000134326995.000000
2999958628000.000000,1752162827.307932,3000150819401.000000
2999991949000.000000,1752162827.334884,3000177771128.000000
3000091912000.000000,1752162827.351700,3000194586846.000000
3000125234000.000000,1752162827.500941,3000343828035.000000
3000258520000.000000,1752162827.533651,3000376538278.000000
3000291842000.000000,1752162827.555970,3000398857366.000000
3000325163000.000000,1752162827.677073,3000519960804.000000
3000358485000.000000,1752162827.693571,3000536457229.000000
3000491769000.000000,1752162827.824301,3000667187976.000000
3000525092000.000000,1752162827.861748,3000704634985.000000
3000558415000.000000,1752162827.883387,3000726273654.000000
3000625056000.000000,1752162827.905688,3000748574947.000000
3000691698000.000000,1752162828.099569,3000942456812.000000
3000824983000.000000,1752162828.121338,3000964224869.000000
3000858305000.000000,1752162828.137958,3000980845293.000000
3000891627000.000000,1752162828.279482,3001122370024.000000
3000958270000.000000,1752162828.291216,3001134102720.000000
3001058233000.000000,1752162828.308182,3001151069436.000000
3001091556000.000000,1752162828.403848,3001246735873.000000
3001124878000.000000,1752162828.421066,3001263952124.000000
3001224840000.000000,1752162828.574408,3001417294975.000000
3001258163000.000000,1752162828.590682,3001433567551.000000
3001291485000.000000,1752162828.606977,3001449863663.000000
3001358126000.000000,1752162828.623976,3001466862658.000000
3001424769000.000000,1752162828.834894,3001677781962.000000
3001558055000.000000,1752162828.862879,3001705766122.000000
3001591377000.000000,1752162828.883992,3001726878778.000000
3001624698000.000000,1752162828.994393,3001837280306.000000
3001658020000.000000,1752162829.022139,3001865026117.000000
3001824626000.000000,1752162829.127890,3001970777766.000000
3001857948000.000000,1752162829.155250,3001998137470.000000
3001891268000.000000,1752162829.172114,3002015001651.000000
3001957910000.000000,1752162829.337067,3002179955106.000000
3001991234000.000000,1752162829.358884,3002201770848.000000
3002091196000.000000,1752162829.375366,3002218252681.000000
3002124519000.000000,1752162829.391698,3002234584608.000000
3002157840000.000000,1752162829.551682,3002394569836.000000
3002324447000.000000,1752162829.568149,3002411036558.000000
3002357769000.000000,1752162829.726020,3002568906493.000000
3002391090000.000000,1752162829.742557,3002585444343.000000
3002424412000.000000,1752162829.749255,3002592142479.000000
3002524376000.000000,1752162829.765618,3002608504980.000000
3002557697000.000000,1752162829.914081,3002756968380.000000
3002690983000.000000,1752162829.946672,3002789559494.000000
3002724304000.000000,1752162830.068134,3002911022354.000000
3002757625000.000000,1752162830.085215,3002928102348.000000
3002790947000.000000,1752162830.096874,3002939761211.000000
3002857588000.000000,1752162830.118718,3002961605396.000000
3002890910000.000000,1752162830.294616,3003137503352.000000
3003057516000.000000,1752162830.316787,3003159674035.000000
3003090839000.000000,1752162830.464982,3003307869049.000000
3003124161000.000000,1752162830.486700,3003329586903.000000
3003157482000.000000,1752162830.513438,3003356325502.000000
3003257445000.000000,1752162830.534861,3003377747377.000000
3003290767000.000000,1752162830.703143,3003546030151.000000
3003457374000.000000,1752162830.719987,3003562874239.000000
3003490696000.000000,1752162830.741920,3003584807461.000000
3003524018000.000000,1752162830.896301,3003739188098.000000
3003557339000.000000,1752162830.918543,3003761429817.000000
3003657301000.000000,1752162830.950944,3003793831044.000000
3003690624000.000000,1752162831.045845,3003888732488.000000
3003723947000.000000,1752162831.067467,3003910354213.000000
3003890552000.000000,1752162831.243433,3004086320539.000000
3003923875000.000000,1752162831.259923,3004102809445.000000
3003957196000.000000,1752162831.276631,3004119517146.000000
3004023838000.000000,1752162831.292899,3004135785148.000000
3004057159000.000000,1752162831.445708,3004288595375.000000
3004223767000.000000,1752162831.467862,3004310750743.000000
3004257088000.000000,1752162831.579648,3004422535034.000000
3004290410000.000000,1752162831.601503,3004444390183.000000
3004323731000.000000,1752162831.617846,3004460733183.000000
3004390373000.000000,1752162831.752700,3004595586556.000000
3004457017000.000000,1752162831.764315,3004607202827.000000
3004556981000.000000,1752162831.870321,3004713208658.000000
3004590302000.000000,1752162831.892069,3004734955827.000000
3004623626000.000000,1752162831.908466,3004751353512.000000
3004690266000.000000,1752162832.035320,3004878207243.000000
3004723588000.000000,1752162832.046856,3004889742830.000000
3004856872000.000000,1752162832.159325,3005002212059.000000
3004890195000.000000,1752162832.186868,3005029754928.000000
3004923516000.000000,1752162832.203855,3005046741737.000000
3004956838000.000000,1752162832.321999,3005164887279.000000
3005023480000.000000,1752162832.338703,3005181590572.000000
3005123443000.000000,1752162832.360844,3005203730866.000000
3005156765000.000000,1752162832.498707,3005341594411.000000
3005190088000.000000,1752162832.510350,3005353237534.000000
3005323372000.000000,1752162832.666946,3005509834260.000000
3005356695000.000000,1752162832.684322,3005527208842.000000
3005390016000.000000,1752162832.700995,3005543881340.000000
3005423337000.000000,1752162832.712344,3005555230354.000000
3005489979000.000000,1752162832.881356,3005724244510.000000
3005623266000.000000,1752162832.898834,3005741721832.000000
3005656589000.000000,1752162833.023635,3005866523232.000000
3005689910000.000000,1752162833.040724,3005883611781.000000
3005723231000.000000,1752162833.058326,3005901213769.000000
3005823195000.000000,1752162833.075634,3005918520279.000000
3005856518000.000000,1752162833.192499,3006035386445.000000
3005989801000.000000,1752162833.209211,3006052098053.000000
3006023122000.000000,1752162833.350487,3006193374397.000000
3006056445000.000000,1752162833.372128,3006215014566.000000
3006089765000.000000,1752162833.388986,3006231873099.000000
3006123086000.000000,1752162833.410585,3006253471565.000000
3006189728000.000000,1752162833.542468,3006385355282.000000
3006356335000.000000,1752162833.629451,3006472338048.000000
3006389658000.000000,1752162833.646079,3006488967083.000000
3006422979000.000000,1752162833.770202,3006613089712.000000
3006456300000.000000,1752162833.792041,3006634928398.000000
3006489622000.000000,1752162833.808775,3006651662728.000000
3006556264000.000000,1752162833.824866,3006667753120.000000
3006622907000.000000,1752162833.997275,3006840163241.000000
3006756192000.000000,1752162834.009078,3006851965103.000000
3006789514000.000000,1752162834.030702,3006873588920.000000
3006822835000.000000,1752162834.169148,3007012035608.000000
3006856157000.000000,1752162834.191508,3007034395937.000000
3006989441000.000000,1752162834.327116,3007170003968.000000
3007022763000.000000,1752162834.344015,3007186902556.000000
3007056085000.000000,1752162834.360829,3007203715533.000000
3007156049000.000000,1752162834.532282,3007375169182.000000
3007189370000.000000,1752162834.559339,3007402225908.000000
3007289336000.000000,1752162834.580868,3007423754763.000000
3007322656000.000000,1752162834.597616,3007440503130.000000
3007355978000.000000,1752162834.702793,3007545680359.000000
3007522584000.000000,1752162834.785452,3007628339391.000000
3007555906000.000000,1752162834.818459,3007661345926.000000
3007589227000.000000,1752162834.834949,3007677835555.000000
3007622548000.000000,1752162834.935967,3007778854586.000000
3007655870000.000000,1752162834.952673,3007795560694.000000
3007755833000.000000,1752162835.064119,3007907005896.000000
3007789156000.000000,1752162835.080788,3007923675912.000000
3007822477000.000000,1752162835.097311,3007940199374.000000
3007889120000.000000,1752162835.218109,3008060997593.000000
3007922442000.000000,1752162835.234642,3008077529147.000000
3008022405000.000000,1752162835.246562,3008089449397.000000
3008055727000.000000,1752162835.456128,3008299014992.000000
3008089050000.000000,1752162835.472998,3008315884451.000000
3008189012000.000000,1752162835.494798,3008337685137.000000
3008222334000.000000,1752162835.526760,3008369646683.000000
3008255656000.000000,1752162835.672193,3008515080152.000000
3008455583000.000000,1752162835.695033,3008537919827.000000
3008488906000.000000,1752162835.827281,3008670168615.000000
3008522227000.000000,1752162835.849507,3008692394334.000000
3008555548000.000000,1752162835.866206,3008709092812.000000
3008655512000.000000,1752162836.042581,3008885469152.000000
3008688833000.000000,1752162836.059232,3008902118298.000000
3008822120000.000000,1752162836.075910,3008918796999.000000
3008855442000.000000,1752162836.207234,3009050121666.000000
3008888764000.000000,1752162836.223752,3009066639073.000000
3008988727000.000000,1752162836.240300,3009083187016.000000
3009022048000.000000,1752162836.394063,3009236949956.000000
3009055370000.000000,1752162836.411040,3009253926969.000000
3009155333000.000000,1752162836.427723,3009270609818.000000
3009188655000.000000,1752162836.439426,3009282313847.000000
3009221977000.000000,1752162836.622843,3009465730060.000000
3009355262000.000000,1752162836.639627,3009482514834.000000
3009388583000.000000,1752162836.661445,3009504332094.000000
3009421905000.000000,1752162836.693146,3009536032235.000000
3009455227000.000000,1752162836.791204,3009634090851.000000
3009621833000.000000,1752162836.947969,3009790856298.000000
3009655155000.000000,1752162836.964247,3009807133651.000000
3009688476000.000000,1752162836.980549,3009823435800.000000
3009721798000.000000,1752162836.996841,3009839727894.000000
3009821762000.000000,1752162837.191006,3010033893794.000000
3009921725000.000000,1752162837.208332,3010051219100.000000
3009955048000.000000,1752162837.230165,3010073052415.000000
3009988369000.000000,1752162837.337092,3010179979719.000000
3010021690000.000000,1752162837.348557,3010191444510.000000
3010154975000.000000,1752162837.537958,3010380845533.000000
3010188298000.000000,1752162837.554539,3010397425976.000000
3010221618000.000000,1752162837.566049,3010408935988.000000
3010354903000.000000,1752162837.670818,3010513705351.000000
3010388225000.000000,1752162837.687451,3010530339294.000000
3010488190000.000000,1752162837.892772,3010735659303.000000
3010521511000.000000,1752162837.914532,3010757419785.000000
3010554836000.000000,1752162837.935991,3010778878160.000000
3010621474000.000000,1752162837.957826,3010800713568.000000
3010688117000.000000,1752162838.117905,3010960793703.000000
3010888046000.000000,1752162838.139838,3010982726481.000000
3010921368000.000000,1752162838.237712,3011080600358.000000
3010954692000.000000,1752162838.264639,3011107526418.000000
3010988012000.000000,1752162838.281381,3011124268229.000000
3011087976000.000000,1752162838.429574,3011272462096.000000
3011121297000.000000,1752162838.446766,3011289653366.000000
3011221260000.000000,1752162838.468534,3011311421071.000000
3011254583000.000000,1752162838.601675,3011444562553.000000
3011287904000.000000,1752162838.618449,3011461335661.000000
3011387867000.000000,1752162838.635117,3011478003677.000000
3011421189000.000000,1752162838.726727,3011569614562.000000
3011454511000.000000,1752162838.754046,3011596933618.000000
3011554474000.000000,1752162838.901520,3011744407529.000000
3011587795000.000000,1752162838.923079,3011765965273.000000
3011621116000.000000,1752162838.939777,3011782663844.000000
3011687759000.000000,1752162838.956411,3011799297564.000000
3011754402000.000000,1752162839.149021,3011991908628.000000
3011887687000.000000,1752162839.165817,3012008704217.000000
3011921009000.000000,1752162839.177325,3012020212508.000000
3011954331000.000000,1752162839.289048,3012131935059.000000
3011987652000.000000,1752162839.300464,3012143351054.000000
3012087619000.000000,1752162839.416515,3012259406914.000000
3012120938000.000000,1752162839.418433,3012261320487.000000
3012154259000.000000,1752162839.420208,3012263094636.000000
3012220901000.000000,1752162839.421997,3012264883006.000000
3012254223000.000000,1752162839.442809,3012285695869.000000
