Sensor Timestamp (ns), time.time(), time.perf_counter_ns()
496351965000.000000,1751478636.428193,496379494676.000000
496385288000.000000,1751478636.465079,496416379547.000000
496418611000.000000,1751478636.495163,496446463485.000000
496451931000.000000,1751478636.528330,496479630596.000000
496485254000.000000,1751478636.563433,496514733318.000000
496518573000.000000,1751478636.595036,496546336463.000000
496551895000.000000,1751478636.627753,496579053227.000000
496585216000.000000,1751478636.661205,496612505799.000000
496618537000.000000,1751478636.694328,496645627262.000000
496651859000.000000,1751478636.727657,496678956835.000000
496685180000.000000,1751478636.760928,496712227926.000000
496718502000.000000,1751478636.794468,496745767052.000000
496751824000.000000,1751478636.827787,496779086625.000000
496785147000.000000,1751478636.862736,496814037052.000000
496818468000.000000,1751478636.894422,496845721808.000000
496851789000.000000,1751478636.927788,496879087269.000000
496885111000.000000,1751478636.960913,496912212140.000000
496918431000.000000,1751478636.994344,496945642674.000000
496951755000.000000,1751478637.027595,496978894359.000000
496985077000.000000,1751478637.060927,497012227598.000000
497018395000.000000,1751478637.094197,497045496319.000000
497051719000.000000,1751478637.128604,497079904159.000000
497085041000.000000,1751478637.161222,497112521646.000000
497118360000.000000,1751478637.194558,497145857774.000000
497151684000.000000,1751478637.227551,497178850868.000000
497185005000.000000,1751478637.261029,497212329291.000000
497218326000.000000,1751478637.294295,497245594976.000000
497251647000.000000,1751478637.327385,497278684588.000000
497284967000.000000,1751478637.360823,497312123067.000000
497318289000.000000,1751478637.394036,497345335696.000000
497351611000.000000,1751478637.427562,497378861470.000000
497384933000.000000,1751478637.460910,497412209691.000000
497418255000.000000,1751478637.494155,497445455394.000000
497451575000.000000,1751478637.527441,497478739800.000000
497484898000.000000,1751478637.560779,497512078502.000000
497518219000.000000,1751478637.594127,497545426093.000000
497551542000.000000,1751478637.627351,497578650759.000000
497584863000.000000,1751478637.660782,497612082442.000000
497618183000.000000,1751478637.694062,497645361478.000000
497651504000.000000,1751478637.727320,497678619626.000000
497684824000.000000,1751478637.760731,497712030957.000000
497718148000.000000,1751478637.794655,497745954727.000000
497751469000.000000,1751478637.827473,497778772730.000000
497784791000.000000,1751478637.860888,497812187913.000000
497818112000.000000,1751478637.893992,497845292340.000000
497851433000.000000,1751478637.927429,497878729263.000000
497884755000.000000,1751478637.960654,497911953337.000000
497918079000.000000,1751478637.995247,497946547415.000000
497951398000.000000,1751478638.027264,497978563686.000000
497984721000.000000,1751478638.060795,498012095535.000000
498018040000.000000,1751478638.093944,498045243757.000000
498051362000.000000,1751478638.127237,498078537015.000000
498084683000.000000,1751478638.160538,498111837903.000000
498118006000.000000,1751478638.193868,498145168531.000000
498151329000.000000,1751478638.227158,498178457437.000000
498184649000.000000,1751478638.260554,498211853658.000000
498217970000.000000,1751478638.294567,498245866927.000000
498251291000.000000,1751478638.328172,498279471812.000000
498284612000.000000,1751478638.360324,498311623489.000000
498317935000.000000,1751478638.393759,498345058782.000000
498351256000.000000,1751478638.426972,498378271782.000000
498384575000.000000,1751478638.460349,498411648132.000000
498417898000.000000,1751478638.493727,498445027611.000000
498451218000.000000,1751478638.527023,498478321981.000000
498484540000.000000,1751478638.560217,498511516277.000000
498517860000.000000,1751478638.593764,498545064514.000000
498551183000.000000,1751478638.627045,498578344883.000000
498584505000.000000,1751478638.660372,498611671715.000000
498617826000.000000,1751478638.694100,498645399895.000000
498651146000.000000,1751478638.727174,498678473692.000000
498684469000.000000,1751478638.760470,498711769469.000000
498717789000.000000,1751478638.794029,498745327835.000000
498751111000.000000,1751478638.827129,498778428151.000000
498784435000.000000,1751478638.860468,498811767409.000000
498817755000.000000,1751478638.893912,498845211684.000000
498851076000.000000,1751478638.927271,498878571145.000000
498884397000.000000,1751478638.960381,498911681220.000000
498917718000.000000,1751478638.993725,498945025088.000000
498951039000.000000,1751478639.027446,498978745453.000000
498984362000.000000,1751478639.060361,499011660678.000000
499017684000.000000,1751478639.093525,499044824271.000000
499051005000.000000,1751478639.126827,499078126511.000000
499084325000.000000,1751478639.160111,499111410658.000000
499117648000.000000,1751478639.193510,499144809470.000000
499150970000.000000,1751478639.226789,499178088673.000000
499184289000.000000,1751478639.260161,499211460634.000000
499217612000.000000,1751478639.293455,499244755114.000000
499250933000.000000,1751478639.326814,499278113242.000000
499284255000.000000,1751478639.360066,499311366149.000000
499317576000.000000,1751478639.393425,499344724536.000000
499350897000.000000,1751478639.426722,499378021683.000000
499384218000.000000,1751478639.460021,499411319923.000000
499417541000.000000,1751478639.493386,499444685402.000000
499450862000.000000,1751478639.528309,499479608792.000000
499484184000.000000,1751478639.559972,499511271104.000000
499517505000.000000,1751478639.593317,499544617028.000000
499550825000.000000,1751478639.626630,499577929397.000000
499584147000.000000,1751478639.659983,499611282710.000000
499617471000.000000,1751478639.693250,499644549487.000000
499650789000.000000,1751478639.726631,499677930244.000000
499684113000.000000,1751478639.759924,499711223280.000000
499717434000.000000,1751478639.793165,499744464520.000000
499750754000.000000,1751478639.826813,499778113219.000000
499784077000.000000,1751478639.859791,499811090110.000000
499817397000.000000,1751478639.893253,499844552663.000000
499850720000.000000,1751478639.928523,499879823142.000000
499884041000.000000,1751478639.959874,499911173642.000000
499917363000.000000,1751478639.993295,499944595010.000000
499950685000.000000,1751478640.026589,499977888490.000000
499984004000.000000,1751478640.059998,500011297321.000000
500017327000.000000,1751478640.093176,500044475562.000000
500050649000.000000,1751478640.126519,500077818912.000000
500083971000.000000,1751478640.159769,500111069337.000000
500117289000.000000,1751478640.194332,500145631712.000000
500150612000.000000,1751478640.226501,500177800649.000000
500183934000.000000,1751478640.259748,500211048444.000000
500217255000.000000,1751478640.293027,500244326369.000000
500250576000.000000,1751478640.326477,500277776607.000000
500283898000.000000,1751478640.359722,500311021569.000000
500317219000.000000,1751478640.393034,500344333550.000000
500350542000.000000,1751478640.426439,500377738399.000000
500383863000.000000,1751478640.459868,500411166952.000000
500417184000.000000,1751478640.493028,500444327323.000000
500450506000.000000,1751478640.526449,500477748932.000000
500483828000.000000,1751478640.559649,500510948542.000000
500517148000.000000,1751478640.592996,500544295170.000000
500550470000.000000,1751478640.626343,500577643187.000000
500583791000.000000,1751478640.659616,500610914890.000000
500617112000.000000,1751478640.692899,500644199056.000000
500650435000.000000,1751478640.726368,500677666775.000000
500683756000.000000,1751478640.759572,500710871275.000000
500717077000.000000,1751478640.792909,500744208607.000000
500750398000.000000,1751478640.826265,500777564771.000000
500783721000.000000,1751478640.859796,500811095583.000000
500817041000.000000,1751478640.892959,500844258750.000000
500850364000.000000,1751478640.926261,500877561415.000000
500883685000.000000,1751478640.959518,500910817062.000000
500917007000.000000,1751478640.992986,500944285782.000000
500950328000.000000,1751478641.026177,500977476874.000000
500983649000.000000,1751478641.061339,501012639391.000000
501016973000.000000,1751478641.092871,501044170667.000000
501050293000.000000,1751478641.126184,501077484018.000000
501083614000.000000,1751478641.159502,501110801942.000000
501116937000.000000,1751478641.192911,501144210681.000000
501150257000.000000,1751478641.226162,501177461699.000000
501183579000.000000,1751478641.259488,501210787530.000000
501216900000.000000,1751478641.292751,501244050937.000000
501250223000.000000,1751478641.326067,501277366862.000000
501283542000.000000,1751478641.360814,501312113346.000000
501316863000.000000,1751478641.392770,501344069469.000000
501350185000.000000,1751478641.426039,501377339246.000000
501383507000.000000,1751478641.459314,501410613930.000000
501416831000.000000,1751478641.492746,501444045817.000000
501450150000.000000,1751478641.525996,501477296094.000000
501483471000.000000,1751478641.559311,501510611222.000000
501516792000.000000,1751478641.592627,501543926665.000000
501550113000.000000,1751478641.625978,501577278034.000000
501583435000.000000,1751478641.659331,501610631069.000000
501616758000.000000,1751478641.692641,501643939846.000000
501650079000.000000,1751478641.725907,501677206604.000000
501683400000.000000,1751478641.759197,501710496640.000000
501716720000.000000,1751478641.792497,501743796972.000000
501750043000.000000,1751478641.825855,501777154859.000000
501783363000.000000,1751478641.859218,501810517506.000000
501816685000.000000,1751478641.892483,501843782968.000000
501850007000.000000,1751478641.925893,501877192169.000000
501883329000.000000,1751478641.959187,501910486761.000000
501916649000.000000,1751478641.992601,501943901555.000000
501949971000.000000,1751478642.025805,501977103795.000000
501983293000.000000,1751478642.059421,502010721031.000000
502016615000.000000,1751478642.092456,502043755977.000000
502049937000.000000,1751478642.125779,502077079198.000000
502083261000.000000,1751478642.159087,502110386401.000000
502116579000.000000,1751478642.192858,502144157765.000000
502149902000.000000,1751478642.225753,502177052546.000000
502183223000.000000,1751478642.259080,502210379859.000000
502216544000.000000,1751478642.292395,502243694247.000000
502249863000.000000,1751478642.325748,502277048226.000000
502283185000.000000,1751478642.359039,502310338762.000000
502316508000.000000,1751478642.392367,502343666520.000000
502349831000.000000,1751478642.425697,502376996111.000000
502383151000.000000,1751478642.459049,502410349035.000000
502416472000.000000,1751478642.492646,502443945568.000000
502449792000.000000,1751478642.525743,502477042736.000000
502483115000.000000,1751478642.559066,502510365068.000000
502516436000.000000,1751478642.594384,502545683972.000000
502549756000.000000,1751478642.625697,502576997065.000000
502583079000.000000,1751478642.659049,502610348211.000000
502616400000.000000,1751478642.692692,502643991725.000000
502649720000.000000,1751478642.725724,502677023190.000000
502683042000.000000,1751478642.759064,502710363355.000000
502716365000.000000,1751478642.792344,502743643317.000000
502749687000.000000,1751478642.833343,502784645127.000000
502783009000.000000,1751478642.866891,502818192920.000000
502816330000.000000,1751478642.899132,502850433707.000000
502849650000.000000,1751478642.931647,502882947954.000000
502882972000.000000,1751478642.965174,502916475284.000000
502916293000.000000,1751478642.998495,502949796005.000000
502949616000.000000,1751478643.031682,502982983079.000000
502982938000.000000,1751478643.065151,503016452002.000000
503016257000.000000,1751478643.100800,503052101162.000000
503049577000.000000,1751478643.131593,503082893816.000000
503082902000.000000,1751478643.165552,503116853493.000000
503116221000.000000,1751478643.198395,503149696682.000000
503149545000.000000,1751478643.231894,503183195845.000000
503182866000.000000,1751478643.265044,503216346216.000000
503216187000.000000,1751478643.298161,503249461606.000000
503249509000.000000,1751478643.331564,503282865381.000000
503282830000.000000,1751478643.365021,503316322915.000000
503316150000.000000,1751478643.398427,503349728043.000000
503349474000.000000,1751478643.431702,503383003060.000000
503382795000.000000,1751478643.464960,503416261319.000000
503416115000.000000,1751478643.498468,503449769908.000000
503449439000.000000,1751478643.531461,503482762540.000000
503482759000.000000,1751478643.564844,503516145464.000000
503516079000.000000,1751478643.598244,503549545776.000000
503549402000.000000,1751478643.631568,503582869349.000000
503582722000.000000,1751478643.664963,503616264921.000000
503616045000.000000,1751478643.698815,503650115988.000000
503649364000.000000,1751478643.731739,503683040935.000000
503682687000.000000,1751478643.764919,503716220046.000000
503716010000.000000,1751478643.798161,503749461879.000000
503749331000.000000,1751478643.832404,503783705090.000000
503782651000.000000,1751478643.865483,503816783888.000000
503815972000.000000,1751478643.898880,503850181626.000000
503849294000.000000,1751478643.934880,503886181950.000000
503882617000.000000,1751478643.966404,503917706133.000000
503915937000.000000,1751478643.999227,503950528692.000000
503949258000.000000,1751478644.031510,503982811016.000000
503982580000.000000,1751478644.065089,504016390531.000000
504015908000.000000,1751478644.098545,504049847158.000000
504049221000.000000,1751478644.131932,504083232859.000000
504082542000.000000,1751478644.166008,504117309054.000000
504115864000.000000,1751478644.198880,504150181446.000000
504149185000.000000,1751478644.232400,504183700831.000000
504182508000.000000,1751478644.265795,504217096459.000000
504215828000.000000,1751478644.299229,504250530697.000000
504249150000.000000,1751478644.333468,504284770168.000000
504282472000.000000,1751478644.365909,504317210361.000000
504315794000.000000,1751478644.400483,504351783976.000000
504349115000.000000,1751478644.433078,504384379575.000000
504382438000.000000,1751478644.466918,504418219512.000000
504415758000.000000,1751478644.499940,504451241033.000000
504449080000.000000,1751478644.534060,504485360782.000000
504482399000.000000,1751478644.567389,504518690262.000000
504515721000.000000,1751478644.600068,504551369379.000000
504549044000.000000,1751478644.633864,504585165039.000000
504582364000.000000,1751478644.666733,504618033931.000000
504615686000.000000,1751478644.699936,504651237431.000000
504649008000.000000,1751478644.733157,504684458505.000000
504682331000.000000,1751478644.766501,504717802299.000000
504715652000.000000,1751478644.799910,504751211612.000000
504748972000.000000,1751478644.833593,504784893940.000000
504782293000.000000,1751478644.866773,504818073829.000000
504815615000.000000,1751478644.899682,504850982332.000000
504848938000.000000,1751478644.933765,504885066508.000000
504882259000.000000,1751478644.964964,504916265602.000000
504915588000.000000,1751478644.998383,504949685822.000000
504948902000.000000,1751478645.030687,504981988423.000000
504982223000.000000,1751478645.063917,505015217997.000000
505015545000.000000,1751478645.097266,505048567495.000000
505048867000.000000,1751478645.130486,505081788032.000000
505082188000.000000,1751478645.164537,505115837875.000000
505115509000.000000,1751478645.197314,505148615231.000000
505148831000.000000,1751478645.230624,505181926155.000000
505182151000.000000,1751478645.263925,505215226172.000000
505215474000.000000,1751478645.297154,505248454431.000000
505248795000.000000,1751478645.330458,505281759467.000000
505282116000.000000,1751478645.363821,505315122243.000000
505315438000.000000,1751478645.397063,505348363983.000000
505348759000.000000,1751478645.430394,505381695019.000000
505382081000.000000,1751478645.463736,505415037313.000000
505415402000.000000,1751478645.497020,505448321201.000000
505448723000.000000,1751478645.530385,505481685847.000000
505482046000.000000,1751478645.565133,505516433406.000000
505515366000.000000,1751478645.596958,505548259827.000000
505548688000.000000,1751478645.630380,505581681676.000000
505582009000.000000,1751478645.663804,505615104637.000000
505615332000.000000,1751478645.697049,505648349747.000000
505648652000.000000,1751478645.730386,505681687653.000000
505681974000.000000,1751478645.763609,505714910912.000000
505715295000.000000,1751478645.797071,505748371965.000000
505748616000.000000,1751478645.830351,505781651890.000000
505781938000.000000,1751478645.863642,505814943000.000000
505815260000.000000,1751478645.897017,505848317090.000000
505848581000.000000,1751478645.930325,505881625478.000000
505881903000.000000,1751478645.963610,505914911403.000000
505915224000.000000,1751478645.997048,505948349196.000000
505948545000.000000,1751478646.030324,505981625418.000000
505981867000.000000,1751478646.063703,506015004268.000000
506015189000.000000,1751478646.096855,506048155879.000000
506048509000.000000,1751478646.130485,506081785930.000000
506081831000.000000,1751478646.163525,506114826413.000000
506115152000.000000,1751478646.197157,506148458001.000000
506148473000.000000,1751478646.230534,506181835351.000000
506181796000.000000,1751478646.263864,506215165720.000000
506215116000.000000,1751478646.297222,506248524070.000000
506248439000.000000,1751478646.330508,506281809958.000000
506281760000.000000,1751478646.364199,506315501341.000000
506315081000.000000,1751478646.398360,506349661109.000000
506348402000.000000,1751478646.430160,506381460957.000000
506381724000.000000,1751478646.463750,506415051823.000000
506415046000.000000,1751478646.499646,506450946833.000000
506448365000.000000,1751478646.530125,506481425897.000000
506481688000.000000,1751478646.563656,506514957708.000000
506515010000.000000,1751478646.596954,506548254985.000000
506548331000.000000,1751478646.630313,506581614187.000000
506581652000.000000,1751478646.663661,506614962296.000000
506614974000.000000,1751478646.696934,506648236517.000000
506648296000.000000,1751478646.730273,506681575497.000000
506681617000.000000,1751478646.763535,506714836496.000000
506714938000.000000,1751478646.797098,506748399085.000000
506748259000.000000,1751478646.830220,506781521178.000000
506781582000.000000,1751478646.863579,506814880158.000000
506814902000.000000,1751478646.899542,506850844074.000000
506848223000.000000,1751478646.930219,506881520303.000000
506881546000.000000,1751478646.963482,506914783599.000000
506914867000.000000,1751478646.996925,506948226689.000000
506948188000.000000,1751478647.030115,506981418078.000000
506981510000.000000,1751478647.063399,507014699780.000000
507014833000.000000,1751478647.096737,507048038149.000000
507048152000.000000,1751478647.130112,507081413684.000000
507081474000.000000,1751478647.163398,507114698720.000000
507114797000.000000,1751478647.196695,507147995700.000000
507148116000.000000,1751478647.230314,507181615733.000000
507181439000.000000,1751478647.263449,507214749771.000000
507214760000.000000,1751478647.296750,507248050621.000000
507248082000.000000,1751478647.330021,507281322491.000000
507281403000.000000,1751478647.363328,507314629638.000000
507314724000.000000,1751478647.396642,507347943210.000000
507348060000.000000,1751478647.430343,507381644427.000000
507381367000.000000,1751478647.463492,507414793594.000000
507414690000.000000,1751478647.496906,507448206481.000000
507448011000.000000,1751478647.531586,507482887651.000000
507481332000.000000,1751478647.564270,507515571526.000000
507514653000.000000,1751478647.597729,507549030542.000000
507547975000.000000,1751478647.632663,507583963339.000000
507581295000.000000,1751478647.663548,507614848807.000000
507614618000.000000,1751478647.696804,507648105787.000000
507647940000.000000,1751478647.729896,507681197770.000000
507681261000.000000,1751478647.763316,507714616897.000000
507714582000.000000,1751478647.796607,507747907896.000000
507747904000.000000,1751478647.829942,507781243376.000000
507781225000.000000,1751478647.863415,507814717225.000000
507814547000.000000,1751478647.897011,507848311647.000000
507847868000.000000,1751478647.929909,507881210816.000000
507881190000.000000,1751478647.963344,507914645554.000000
507914511000.000000,1751478647.996905,507948206421.000000
507947833000.000000,1751478648.032304,507983605491.000000
507981154000.000000,1751478648.064833,508016134572.000000
508014476000.000000,1751478648.097871,508049172518.000000
508047797000.000000,1751478648.129954,508081254381.000000
508081129000.000000,1751478648.163549,508114850525.000000
508114439000.000000,1751478648.196990,508148291596.000000
508147761000.000000,1751478648.230741,508182042701.000000
508181082000.000000,1751478648.263740,508215041203.000000
508214405000.000000,1751478648.296499,508247800448.000000
508247726000.000000,1751478648.330000,508281302149.000000
508281046000.000000,1751478648.363379,508314680906.000000
508314368000.000000,1751478648.396691,508347991979.000000
508347690000.000000,1751478648.430994,508382295690.000000
508381013000.000000,1751478648.464739,508416040647.000000
508414333000.000000,1751478648.497463,508448765281.000000
508447655000.000000,1751478648.529846,508481147697.000000
508480975000.000000,1751478648.563045,508514347789.000000
508514297000.000000,1751478648.596491,508547792083.000000
508547618000.000000,1751478648.629889,508581189766.000000
508580940000.000000,1751478648.663250,508614550597.000000
508614261000.000000,1751478648.696358,508647659246.000000
508647582000.000000,1751478648.729898,508681199354.000000
508680904000.000000,1751478648.763837,508715139124.000000
508714225000.000000,1751478648.796455,508747755407.000000
508747545000.000000,1751478648.829983,508781283533.000000
508780867000.000000,1751478648.866024,508817324523.000000
508814189000.000000,1751478648.897300,508848600727.000000
508847511000.000000,1751478648.930808,508882109428.000000
508880833000.000000,1751478648.963769,508915071448.000000
508914154000.000000,1751478648.997312,508948613223.000000
508947501000.000000,1751478649.030854,508982155515.000000
508980799000.000000,1751478649.064109,509015410181.000000
509014118000.000000,1751478649.097489,509048790216.000000
509047441000.000000,1751478649.130954,509082255343.000000
509080762000.000000,1751478649.164750,509116050892.000000
509114083000.000000,1751478649.197786,509149087875.000000
509147405000.000000,1751478649.232203,509183505233.000000
509180726000.000000,1751478649.265697,509216998786.000000
509214049000.000000,1751478649.298923,509250224526.000000
509247368000.000000,1751478649.331651,509282953382.000000
509280691000.000000,1751478649.364785,509316086253.000000
509314012000.000000,1751478649.398252,509349552973.000000
509347334000.000000,1751478649.431538,509382838842.000000
509380656000.000000,1751478649.464779,509416079897.000000
509413977000.000000,1751478649.498121,509449421432.000000
509447298000.000000,1751478649.532365,509483666181.000000
509480619000.000000,1751478649.565669,509516969735.000000
509513941000.000000,1751478649.598981,509550282845.000000
509547262000.000000,1751478649.631418,509582719278.000000
509580584000.000000,1751478649.664565,509615865668.000000
509613906000.000000,1751478649.695652,509646953263.000000
509647228000.000000,1751478649.729038,509680338872.000000
509680547000.000000,1751478649.762341,509713642463.000000
509713869000.000000,1751478649.795594,509746895499.000000
509747192000.000000,1751478649.832632,509783933276.000000
509780511000.000000,1751478649.863324,509814625745.000000
509813834000.000000,1751478649.896595,509847896522.000000
509847156000.000000,1751478649.929874,509881174688.000000
509880476000.000000,1751478649.962229,509913529159.000000
509913798000.000000,1751478649.995845,509947146673.000000
509947121000.000000,1751478650.030828,509982129914.000000
509980441000.000000,1751478650.063473,510014773771.000000
510013763000.000000,1751478650.096996,510048296546.000000
510047084000.000000,1751478650.130202,510081502601.000000
510080405000.000000,1751478650.162378,510113678278.000000
510113726000.000000,1751478650.199639,510150940070.000000
510147047000.000000,1751478650.230800,510182101387.000000
510180369000.000000,1751478650.262927,510214228768.000000
510213692000.000000,1751478650.296250,510247550933.000000
510247013000.000000,1751478650.330172,510281473296.000000
510280333000.000000,1751478650.362080,510313380642.000000
510313656000.000000,1751478650.395490,510346791066.000000
510346978000.000000,1751478650.431285,510382587354.000000
510380298000.000000,1751478650.463322,510414623125.000000
510413620000.000000,1751478650.496597,510447898494.000000
510446941000.000000,1751478650.530432,510481732728.000000
510480262000.000000,1751478650.562285,510513587020.000000
510513584000.000000,1751478650.597665,510548966109.000000
510546906000.000000,1751478650.631490,510582790898.000000
510580229000.000000,1751478650.663015,510614316822.000000
510613549000.000000,1751478650.696362,510647662950.000000
510646870000.000000,1751478650.729745,510681046522.000000
510680191000.000000,1751478650.762908,510714209115.000000
510713513000.000000,1751478650.796216,510747517651.000000
510746835000.000000,1751478650.830852,510782152747.000000
510780155000.000000,1751478650.862167,510813468451.000000
510813479000.000000,1751478650.895654,510846954800.000000
510846799000.000000,1751478650.928639,510879941524.000000
510880121000.000000,1751478650.962128,510913428984.000000
510913442000.000000,1751478650.995629,510946930814.000000
510946764000.000000,1751478651.028363,510979664467.000000
510980084000.000000,1751478651.062004,511013305148.000000
511013405000.000000,1751478651.095182,511046482962.000000
511046729000.000000,1751478651.128549,511079850109.000000
511080047000.000000,1751478651.161894,511113194829.000000
511113371000.000000,1751478651.195663,511146963879.000000
511146692000.000000,1751478651.229535,511180836409.000000
511180017000.000000,1751478651.263096,511214397090.000000
511213334000.000000,1751478651.295856,511247157113.000000
511246657000.000000,1751478651.328862,511280163930.000000
511279978000.000000,1751478651.361994,511313294949.000000
511313299000.000000,1751478651.395265,511346565689.000000
511346622000.000000,1751478651.431291,511382592660.000000
511379940000.000000,1751478651.461800,511413100872.000000
511413262000.000000,1751478651.495215,511446516370.000000
511446585000.000000,1751478651.529022,511480323511.000000
511479906000.000000,1751478651.562791,511514092172.000000
511513228000.000000,1751478651.596034,511547335857.000000
511546549000.000000,1751478651.628739,511580039825.000000
511579870000.000000,1751478651.662318,511613618654.000000
511613190000.000000,1751478651.695199,511646501583.000000
511646514000.000000,1751478651.728652,511679952858.000000
511679835000.000000,1751478651.761894,511713195246.000000
511713156000.000000,1751478651.795102,511746403153.000000
511746477000.000000,1751478651.831959,511783259413.000000
511779799000.000000,1751478651.863012,511814313860.000000
511813122000.000000,1751478651.895994,511847295473.000000
511846443000.000000,1751478651.928879,511880180050.000000
511879763000.000000,1751478651.961881,511913183219.000000
511913086000.000000,1751478651.995187,511946488199.000000
511946411000.000000,1751478652.028298,511979599866.000000
511979728000.000000,1751478652.061917,512013217565.000000
512013049000.000000,1751478652.095171,512046471750.000000
512046372000.000000,1751478652.128779,512080080209.000000
512079693000.000000,1751478652.162557,512113858036.000000
512113013000.000000,1751478652.195815,512147116239.000000
512146335000.000000,1751478652.229389,512180690939.000000
512179657000.000000,1751478652.261683,512212983929.000000
512212979000.000000,1751478652.295193,512246494000.000000
512246299000.000000,1751478652.328638,512279939182.000000
512279623000.000000,1751478652.362575,512313876397.000000
512312942000.000000,1751478652.395800,512347102582.000000
512346265000.000000,1751478652.428746,512380047695.000000
512379587000.000000,1751478652.462018,512413319398.000000
512412908000.000000,1751478652.494860,512446161827.000000
512446231000.000000,1751478652.528143,512479444252.000000
512479551000.000000,1751478652.563296,512514597918.000000
512512871000.000000,1751478652.594792,512546092971.000000
512546194000.000000,1751478652.629015,512580316665.000000
512579514000.000000,1751478652.665123,512616424024.000000
512612834000.000000,1751478652.695780,512647082457.000000
512646157000.000000,1751478652.729261,512680563009.000000
512679480000.000000,1751478652.761603,512712904592.000000
512712800000.000000,1751478652.794849,512746151221.000000
512746122000.000000,1751478652.828073,512779373387.000000
512779444000.000000,1751478652.862366,512813667413.000000
512812763000.000000,1751478652.895017,512846318233.000000
512846088000.000000,1751478652.928573,512879874822.000000
512879408000.000000,1751478652.961886,512913187710.000000
512912730000.000000,1751478652.994864,512946166212.000000
512946051000.000000,1751478653.028105,512979406230.000000
512979373000.000000,1751478653.064131,513015433905.000000
513012692000.000000,1751478653.094716,513046017505.000000
513046016000.000000,1751478653.128058,513079358651.000000
513079337000.000000,1751478653.161460,513112761149.000000
513112658000.000000,1751478653.194917,513146217906.000000
513145979000.000000,1751478653.228450,513179754495.000000
513179303000.000000,1751478653.261616,513212917606.000000
513212622000.000000,1751478653.294827,513246128402.000000
513245944000.000000,1751478653.328189,513279490622.000000
513279265000.000000,1751478653.361550,513312850287.000000
513312586000.000000,1751478653.394929,513346229989.000000
513345908000.000000,1751478653.428377,513379679005.000000
513379229000.000000,1751478653.462380,513413682904.000000
513412551000.000000,1751478653.495663,513446964236.000000
513445872000.000000,1751478653.529094,513480395697.000000
513479193000.000000,1751478653.562483,513513784046.000000
513512514000.000000,1751478653.595112,513546413330.000000
513545835000.000000,1751478653.628406,513579706866.000000
513579156000.000000,1751478653.661952,513613253436.000000
513612478000.000000,1751478653.695393,513646693952.000000
513645799000.000000,1751478653.728637,513679938692.000000
513679121000.000000,1751478653.762127,513713428041.000000
513712443000.000000,1751478653.796413,513747714863.000000
513745764000.000000,1751478653.829032,513780332869.000000
513779085000.000000,1751478653.863104,513814404971.000000
513812408000.000000,1751478653.898489,513849789634.000000
513845730000.000000,1751478653.929926,513881227096.000000
513879051000.000000,1751478653.962745,513914046822.000000
513912372000.000000,1751478653.996271,513947572948.000000
513945695000.000000,1751478654.029623,513980923983.000000
513979015000.000000,1751478654.063401,514014702607.000000
514012337000.000000,1751478654.096535,514047836292.000000
514045658000.000000,1751478654.129788,514081089866.000000
514078979000.000000,1751478654.163042,514114343050.000000
514112301000.000000,1751478654.196463,514147764233.000000
514145623000.000000,1751478654.229882,514181182434.000000
514178944000.000000,1751478654.263968,514215269425.000000
514212265000.000000,1751478654.297795,514249096530.000000
514245586000.000000,1751478654.330608,514281908793.000000
514278908000.000000,1751478654.363016,514314316819.000000
514312229000.000000,1751478654.396616,514347917000.000000
514345550000.000000,1751478654.427434,514378735505.000000
514378873000.000000,1751478654.460849,514412149744.000000
514412195000.000000,1751478654.493927,514445229356.000000
514445516000.000000,1751478654.527338,514478639150.000000
514478838000.000000,1751478654.560522,514511822946.000000
514512158000.000000,1751478654.593886,514545187111.000000
514545479000.000000,1751478654.627325,514578625256.000000
514578803000.000000,1751478654.660637,514611937626.000000
514612124000.000000,1751478654.693934,514645235310.000000
514645445000.000000,1751478654.727168,514678468753.000000
514678767000.000000,1751478654.760483,514711783437.000000
514712087000.000000,1751478654.793836,514745136824.000000
514745409000.000000,1751478654.827255,514778556415.000000
514778732000.000000,1751478654.860703,514812041745.000000
514812053000.000000,1751478654.893884,514845185708.000000
514845373000.000000,1751478654.927216,514878516151.000000
514878695000.000000,1751478654.960440,514911741206.000000
514912017000.000000,1751478654.993838,514945139686.000000
514945338000.000000,1751478655.027160,514978461443.000000
514978661000.000000,1751478655.060408,515011708850.000000
515011981000.000000,1751478655.093760,515045060293.000000
515045302000.000000,1751478655.127570,515078871101.000000
515078623000.000000,1751478655.161360,515112660762.000000
515111945000.000000,1751478655.194725,515146026075.000000
515145266000.000000,1751478655.229863,515181165481.000000
515178587000.000000,1751478655.261715,515213017198.000000
515211909000.000000,1751478655.294774,515246075403.000000
515245231000.000000,1751478655.328112,515279412920.000000
515278552000.000000,1751478655.360363,515311663874.000000
515311875000.000000,1751478655.393558,515344858577.000000
515345196000.000000,1751478655.427021,515378322019.000000
515378518000.000000,1751478655.460437,515411738109.000000
515411840000.000000,1751478655.493624,515444924794.000000
515445160000.000000,1751478655.526972,515478272756.000000
515478481000.000000,1751478655.560410,515511711031.000000
515511804000.000000,1751478655.593800,515545099936.000000
515545126000.000000,1751478655.628400,515579700848.000000
515578445000.000000,1751478655.660333,515611633805.000000
515611769000.000000,1751478655.694074,515645374651.000000
515645088000.000000,1751478655.727103,515678404227.000000
515678409000.000000,1751478655.761459,515712760789.000000
515711731000.000000,1751478655.794495,515745796494.000000
515745053000.000000,1751478655.827870,515779170751.000000
515778375000.000000,1751478655.860434,515811735072.000000
515811695000.000000,1751478655.893953,515845253217.000000
515845015000.000000,1751478655.927400,515878701418.000000
515878337000.000000,1751478655.960278,515911579069.000000
515911658000.000000,1751478655.994094,515945395156.000000
515944980000.000000,1751478656.027189,515978489786.000000
515978301000.000000,1751478656.061194,516012496130.000000
516011624000.000000,1751478656.094542,516045843628.000000
516044944000.000000,1751478656.127878,516079179126.000000
516078267000.000000,1751478656.160272,516111573820.000000
516111588000.000000,1751478656.193817,516145117834.000000
516144910000.000000,1751478656.227102,516178403926.000000
516178231000.000000,1751478656.260389,516211690980.000000
516211553000.000000,1751478656.293608,516244908906.000000
516244874000.000000,1751478656.326855,516278155868.000000
516278196000.000000,1751478656.360143,516311443960.000000
516311518000.000000,1751478656.393647,516344948771.000000
516344838000.000000,1751478656.426792,516378092587.000000
516378160000.000000,1751478656.463047,516414348222.000000
516411482000.000000,1751478656.494136,516445438391.000000
516444803000.000000,1751478656.527750,516479051776.000000
516478125000.000000,1751478656.560053,516511354063.000000
516511448000.000000,1751478656.593627,516544928633.000000
516544767000.000000,1751478656.626704,516578005763.000000
516578089000.000000,1751478656.660111,516611412594.000000
516611411000.000000,1751478656.693343,516644643983.000000
516644731000.000000,1751478656.726823,516678124147.000000
516678052000.000000,1751478656.760886,516712187712.000000
516711373000.000000,1751478656.794456,516745758689.000000
516744695000.000000,1751478656.827702,516779003763.000000
516778018000.000000,1751478656.862286,516813587545.000000
516811338000.000000,1751478656.893333,516844634196.000000
516844662000.000000,1751478656.926651,516877952361.000000
516877983000.000000,1751478656.959990,516911291175.000000
516911305000.000000,1751478656.993351,516944652913.000000
516944626000.000000,1751478657.026616,516977917079.000000
516977947000.000000,1751478657.059993,517011294244.000000
517011268000.000000,1751478657.093536,517044837611.000000
517044589000.000000,1751478657.126653,517077954963.000000
517077911000.000000,1751478657.159990,517111290851.000000
517111233000.000000,1751478657.193310,517144611682.000000
517144554000.000000,1751478657.226549,517177850960.000000
517177875000.000000,1751478657.260392,517211693527.000000
517211205000.000000,1751478657.293291,517244592252.000000
517244519000.000000,1751478657.326495,517277795752.000000
517277840000.000000,1751478657.359852,517311152713.000000
517311163000.000000,1751478657.393534,517344835301.000000
517344482000.000000,1751478657.426499,517377799877.000000
517377804000.000000,1751478657.459942,517411243411.000000
517411126000.000000,1751478657.493268,517444569076.000000
517444447000.000000,1751478657.526642,517477943741.000000
517477769000.000000,1751478657.559989,517511290869.000000
517511091000.000000,1751478657.593683,517544984957.000000
517544410000.000000,1751478657.626806,517578107883.000000
517577733000.000000,1751478657.659930,517611231106.000000
517611055000.000000,1751478657.695764,517647064727.000000
517644374000.000000,1751478657.726423,517677723494.000000
517677698000.000000,1751478657.759562,517710863179.000000
517711019000.000000,1751478657.793230,517744530971.000000
517744340000.000000,1751478657.826542,517777842636.000000
517777662000.000000,1751478657.859692,517810993507.000000
517810983000.000000,1751478657.893254,517844554799.000000
517844305000.000000,1751478657.926742,517878043666.000000
517877627000.000000,1751478657.959722,517911023224.000000
517910947000.000000,1751478657.993201,517944502276.000000
517944269000.000000,1751478658.026487,517977788386.000000
517977590000.000000,1751478658.059929,518011230032.000000
518010911000.000000,1751478658.094825,518046125793.000000
518044232000.000000,1751478658.126415,518077717123.000000
518077555000.000000,1751478658.159868,518111169065.000000
518110876000.000000,1751478658.193412,518144714247.000000
518144198000.000000,1751478658.226326,518177627527.000000
518177519000.000000,1751478658.260139,518211440780.000000
518210841000.000000,1751478658.293063,518244365283.000000
518244161000.000000,1751478658.326600,518277901001.000000
518277483000.000000,1751478658.360173,518311474775.000000
518310804000.000000,1751478658.393842,518345143881.000000
518344125000.000000,1751478658.426986,518378286863.000000
518377446000.000000,1751478658.460656,518411957821.000000
518410768000.000000,1751478658.493787,518445088655.000000
518444094000.000000,1751478658.527139,518478440024.000000
518477411000.000000,1751478658.560576,518511878280.000000
518510733000.000000,1751478658.594583,518545884457.000000
518544055000.000000,1751478658.627532,518578833256.000000
518577375000.000000,1751478658.661517,518612818155.000000
518610698000.000000,1751478658.694203,518645504030.000000
518644020000.000000,1751478658.727755,518679056638.000000
518677341000.000000,1751478658.761170,518712471895.000000
518710664000.000000,1751478658.794689,518745990225.000000
518743984000.000000,1751478658.828194,518779494777.000000
518777304000.000000,1751478658.861734,518813034829.000000
518810626000.000000,1751478658.894852,518846153070.000000
518843948000.000000,1751478658.928899,518880200376.000000
518877269000.000000,1751478658.961390,518912691402.000000
518910590000.000000,1751478658.994833,518946133436.000000
518943912000.000000,1751478659.030753,518982053779.000000
518977233000.000000,1751478659.061558,519012859155.000000
519010555000.000000,1751478659.094758,519046059173.000000
519043876000.000000,1751478659.128051,519079351524.000000
519077198000.000000,1751478659.161371,519112672078.000000
519110520000.000000,1751478659.194572,519145873115.000000
519143841000.000000,1751478659.225772,519177072987.000000
519177165000.000000,1751478659.259179,519210502151.000000
519210486000.000000,1751478659.292329,519243629948.000000
519243808000.000000,1751478659.327375,519278676022.000000
519277127000.000000,1751478659.358925,519310225834.000000
519310449000.000000,1751478659.392203,519343503852.000000
519343772000.000000,1751478659.425562,519376863109.000000
519377092000.000000,1751478659.458949,519410250385.000000
519410415000.000000,1751478659.492174,519443475088.000000
519443736000.000000,1751478659.525641,519476942400.000000
519477059000.000000,1751478659.558843,519510143752.000000
519510378000.000000,1751478659.592149,519543450139.000000
519543700000.000000,1751478659.625481,519576783230.000000
519577021000.000000,1751478659.658997,519610297283.000000
519610344000.000000,1751478659.692286,519643586522.000000
519643665000.000000,1751478659.725559,519676860466.000000
519676987000.000000,1751478659.758587,519709887967.000000
519710307000.000000,1751478659.792026,519743326502.000000
519743628000.000000,1751478659.825389,519776689926.000000
519776950000.000000,1751478659.858705,519810005721.000000
519810272000.000000,1751478659.891982,519843282664.000000
519843593000.000000,1751478659.925342,519876642885.000000
519876914000.000000,1751478659.958644,519909945532.000000
519910236000.000000,1751478659.992217,519943518546.000000
519943559000.000000,1751478660.025278,519976579455.000000
519976878000.000000,1751478660.059854,520011154904.000000
520010200000.000000,1751478660.092062,520043362747.000000
520043522000.000000,1751478660.125276,520076577284.000000
520076843000.000000,1751478660.159028,520110329556.000000
520110164000.000000,1751478660.191820,520143120911.000000
520143485000.000000,1751478660.225121,520176422336.000000
520176807000.000000,1751478660.261074,520212375253.000000
520210127000.000000,1751478660.292018,520243318979.000000
520243450000.000000,1751478660.325313,520276613904.000000
520276773000.000000,1751478660.358898,520310198252.000000
520310093000.000000,1751478660.391876,520343177124.000000
520343415000.000000,1751478660.425415,520376717361.000000
520376737000.000000,1751478660.458931,520410231673.000000
520410057000.000000,1751478660.492010,520443312433.000000
520443379000.000000,1751478660.525388,520476689986.000000
520476700000.000000,1751478660.558701,520510001967.000000
520510021000.000000,1751478660.592108,520543409520.000000
520543342000.000000,1751478660.625397,520576698371.000000
520576665000.000000,1751478660.660445,520611746037.000000
520609983000.000000,1751478660.691781,520643082056.000000
520643307000.000000,1751478660.725534,520676834642.000000
520676629000.000000,1751478660.758758,520710060123.000000
520709950000.000000,1751478660.791991,520743292549.000000
520743272000.000000,1751478660.825266,520776566863.000000
520776594000.000000,1751478660.858825,520810126359.000000
520809914000.000000,1751478660.892145,520843447154.000000
520843235000.000000,1751478660.925309,520876610432.000000
520876557000.000000,1751478660.958549,520909850061.000000
520909879000.000000,1751478660.991805,520943106690.000000
520943202000.000000,1751478661.025315,520976616668.000000
520976523000.000000,1751478661.058513,521009814112.000000
521009844000.000000,1751478661.091862,521043182295.000000
521043166000.000000,1751478661.125102,521076403276.000000
521076486000.000000,1751478661.158471,521109772663.000000
521109808000.000000,1751478661.191851,521143153939.000000
521143130000.000000,1751478661.225095,521176395809.000000
521176451000.000000,1751478661.258845,521210146155.000000
521209771000.000000,1751478661.292266,521243567893.000000
521243090000.000000,1751478661.325312,521276614247.000000
521276415000.000000,1751478661.358608,521309908671.000000
521309736000.000000,1751478661.391787,521343087264.000000
521343059000.000000,1751478661.425116,521376418114.000000
521376380000.000000,1751478661.458368,521409668984.000000
521409702000.000000,1751478661.493584,521444885149.000000
521443019000.000000,1751478661.525001,521476302463.000000
521476343000.000000,1751478661.558337,521509638628.000000
521509665000.000000,1751478661.591633,521542934201.000000
521542987000.000000,1751478661.624998,521576299069.000000
521576306000.000000,1751478661.659218,521610519892.000000
521609629000.000000,1751478661.692456,521643757799.000000
521642951000.000000,1751478661.725814,521677114612.000000
521676271000.000000,1751478661.759409,521710710830.000000
521709592000.000000,1751478661.791514,521742815878.000000
521742915000.000000,1751478661.824852,521776153358.000000
521776236000.000000,1751478661.858196,521809496338.000000
521809558000.000000,1751478661.893293,521844594893.000000
521842878000.000000,1751478661.924887,521876188797.000000
521876199000.000000,1751478661.960652,521911952846.000000
521909525000.000000,1751478661.992681,521943982116.000000
521942845000.000000,1751478662.025769,521977070321.000000
521976165000.000000,1751478662.060405,522011706103.000000
522009485000.000000,1751478662.091855,522043156028.000000
522042808000.000000,1751478662.125259,522076560951.000000
522076129000.000000,1751478662.158159,522109459732.000000
522109453000.000000,1751478662.191458,522142759008.000000
522142774000.000000,1751478662.224757,522176058007.000000
522176095000.000000,1751478662.258226,522209528115.000000
522209416000.000000,1751478662.291795,522243096593.000000
522242738000.000000,1751478662.324825,522276127020.000000
522276060000.000000,1751478662.358112,522309413260.000000
522309382000.000000,1751478662.391521,522342823110.000000
522342703000.000000,1751478662.424863,522376165015.000000
522376024000.000000,1751478662.458726,522410027768.000000
522409344000.000000,1751478662.491937,522443239490.000000
522442666000.000000,1751478662.524940,522476241380.000000
522475987000.000000,1751478662.558498,522509798766.000000
522509308000.000000,1751478662.591734,522543035635.000000
522542630000.000000,1751478662.624914,522576214913.000000
522575953000.000000,1751478662.658339,522609640337.000000
522609273000.000000,1751478662.691412,522642712375.000000
522642594000.000000,1751478662.726405,522677705264.000000
522675916000.000000,1751478662.758018,522709319187.000000
522709239000.000000,1751478662.791401,522742702537.000000
522742559000.000000,1751478662.824887,522776188015.000000
522775880000.000000,1751478662.858218,522809520514.000000
522809202000.000000,1751478662.892334,522843635264.000000
522842523000.000000,1751478662.925787,522877088909.000000
522875843000.000000,1751478662.958922,522910222873.000000
522909166000.000000,1751478662.991484,522942785416.000000
522942488000.000000,1751478663.024650,522975951157.000000
522975809000.000000,1751478663.058162,523009463765.000000
523009130000.000000,1751478663.091690,523042990872.000000
523042451000.000000,1751478663.125264,523076565553.000000
523075772000.000000,1751478663.158498,523109800145.000000
523109093000.000000,1751478663.191902,523143202625.000000
523142415000.000000,1751478663.227846,523179146708.000000
523175735000.000000,1751478663.258850,523210151952.000000
523209059000.000000,1751478663.292411,523243713837.000000
523242380000.000000,1751478663.325720,523277021373.000000
523275701000.000000,1751478663.359024,523310324261.000000
523309024000.000000,1751478663.392555,523343855702.000000
523342345000.000000,1751478663.425953,523377254255.000000
523375666000.000000,1751478663.459475,523410775955.000000
523408988000.000000,1751478663.492828,523444129472.000000
523442309000.000000,1751478663.526307,523477608062.000000
523475630000.000000,1751478663.559781,523511083633.000000
523508952000.000000,1751478663.593218,523544519945.000000
523542273000.000000,1751478663.626516,523577816777.000000
523575595000.000000,1751478663.659747,523611048832.000000
523608918000.000000,1751478663.693095,523644396479.000000
523642238000.000000,1751478663.726591,523677892550.000000
523675560000.000000,1751478663.759681,523710981810.000000
523708881000.000000,1751478663.792975,523744275383.000000
523742202000.000000,1751478663.826385,523777686066.000000
523775524000.000000,1751478663.859543,523810844566.000000
523808845000.000000,1751478663.892920,523844220934.000000
523842166000.000000,1751478663.926315,523877615599.000000
523875488000.000000,1751478663.957428,523908728786.000000
523908812000.000000,1751478663.990677,523941978897.000000
523942133000.000000,1751478664.023933,523975234266.000000
523975453000.000000,1751478664.061472,524012773296.000000
524008773000.000000,1751478664.090533,524041834949.000000
524042097000.000000,1751478664.123787,524075089078.000000
524075418000.000000,1751478664.157088,524108389299.000000
524108739000.000000,1751478664.190468,524141769001.000000
524142061000.000000,1751478664.223814,524175115295.000000
524175383000.000000,1751478664.257058,524208359609.000000
524208704000.000000,1751478664.290428,524241728959.000000
524242026000.000000,1751478664.323821,524275123402.000000
524275347000.000000,1751478664.357104,524308405123.000000
524308668000.000000,1751478664.390383,524341684122.000000
524341990000.000000,1751478664.423786,524375086934.000000
524375311000.000000,1751478664.458080,524409381960.000000
524408632000.000000,1751478664.490342,524441643229.000000
524441955000.000000,1751478664.523698,524474999394.000000
524475276000.000000,1751478664.556932,524508232652.000000
524508597000.000000,1751478664.590373,524541673983.000000
524541918000.000000,1751478664.623618,524574918853.000000
524575240000.000000,1751478664.656972,524608273277.000000
524608561000.000000,1751478664.690318,524641618961.000000
524641883000.000000,1751478664.723586,524674886923.000000
524675204000.000000,1751478664.756902,524708203514.000000
524708526000.000000,1751478664.790227,524741528790.000000
524741848000.000000,1751478664.823507,524774807271.000000
524775169000.000000,1751478664.857005,524808306416.000000
524808491000.000000,1751478664.890266,524841567748.000000
524841813000.000000,1751478664.923503,524874803507.000000
524875134000.000000,1751478664.956811,524908112357.000000
524908454000.000000,1751478664.990166,524941466819.000000
524941776000.000000,1751478665.023487,524974788558.000000
524975097000.000000,1751478665.056817,525008119131.000000
525008419000.000000,1751478665.090130,525041430574.000000
525041741000.000000,1751478665.123663,525074963700.000000
525075062000.000000,1751478665.156779,525108079219.000000
525108383000.000000,1751478665.190354,525141656400.000000
525141705000.000000,1751478665.223632,525174933844.000000
525175026000.000000,1751478665.257093,525208394470.000000
525208348000.000000,1751478665.290341,525241641933.000000
525241669000.000000,1751478665.323730,525275031060.000000
525274991000.000000,1751478665.356890,525308191375.000000
525308312000.000000,1751478665.392697,525343998479.000000
525341632000.000000,1751478665.423350,525374651208.000000
525374954000.000000,1751478665.457019,525408321295.000000
525408277000.000000,1751478665.490223,525441524666.000000
525441600000.000000,1751478665.523503,525474804072.000000
525474920000.000000,1751478665.556848,525508149607.000000
525508240000.000000,1751478665.590168,525541470828.000000
525541562000.000000,1751478665.623622,525574922992.000000
525574884000.000000,1751478665.656993,525608294490.000000
525608205000.000000,1751478665.690267,525641568786.000000
525641526000.000000,1751478665.723639,525674940673.000000
525674848000.000000,1751478665.756788,525708088858.000000
525708169000.000000,1751478665.792551,525743853351.000000
525741490000.000000,1751478665.823437,525774738763.000000
525774814000.000000,1751478665.857023,525808325036.000000
525808133000.000000,1751478665.890232,525841534036.000000
525841455000.000000,1751478665.923409,525874709962.000000
525874776000.000000,1751478665.956675,525907976109.000000
525908097000.000000,1751478665.990143,525941444458.000000
525941419000.000000,1751478666.023476,525974777123.000000
525974741000.000000,1751478666.057490,526008791411.000000
526008061000.000000,1751478666.090046,526041347084.000000
526041385000.000000,1751478666.123310,526074611787.000000
526074707000.000000,1751478666.156596,526107897545.000000
526108037000.000000,1751478666.189951,526141253673.000000
526141349000.000000,1751478666.223215,526174516006.000000
526174672000.000000,1751478666.256585,526207886893.000000
526207993000.000000,1751478666.289876,526241177725.000000
526241314000.000000,1751478666.323625,526274926090.000000
526274634000.000000,1751478666.356520,526307821685.000000
526307956000.000000,1751478666.389906,526341207350.000000
526341277000.000000,1751478666.423588,526374889808.000000
526374599000.000000,1751478666.456845,526408147325.000000
526407920000.000000,1751478666.489916,526441217586.000000
526441241000.000000,1751478666.523712,526475014357.000000
526474561000.000000,1751478666.556508,526507809861.000000
526507885000.000000,1751478666.590069,526541371468.000000
526541206000.000000,1751478666.626136,526577436791.000000
526574524000.000000,1751478666.656775,526608076595.000000
526607848000.000000,1751478666.690788,526642089475.000000
526641170000.000000,1751478666.724100,526675401289.000000
526674490000.000000,1751478666.757469,526708770768.000000
526707812000.000000,1751478666.790008,526741309534.000000
526741134000.000000,1751478666.823182,526774482812.000000
526774457000.000000,1751478666.856762,526808063511.000000
526807777000.000000,1751478666.889819,526841120402.000000
526841098000.000000,1751478666.923708,526875008839.000000
526874419000.000000,1751478666.956464,526907765621.000000
526907740000.000000,1751478666.989922,526941223637.000000
526941062000.000000,1751478667.025732,526977033203.000000
526974384000.000000,1751478667.056520,527007822505.000000
527007705000.000000,1751478667.089898,527041199503.000000
527041025000.000000,1751478667.123183,527074483409.000000
527074348000.000000,1751478667.156464,527107765204.000000
527107669000.000000,1751478667.189741,527141041592.000000
527140990000.000000,1751478667.222995,527174295517.000000
527174312000.000000,1751478667.256409,527207711404.000000
527207634000.000000,1751478667.289674,527240974737.000000
527240954000.000000,1751478667.323214,527274515196.000000
527274277000.000000,1751478667.356439,527307740510.000000
527307598000.000000,1751478667.389732,527341033676.000000
527340919000.000000,1751478667.423033,527374334452.000000
527374242000.000000,1751478667.456409,527407709876.000000
527407561000.000000,1751478667.490909,527442209993.000000
527440883000.000000,1751478667.523866,527475167495.000000
527474206000.000000,1751478667.557260,527508561419.000000
527507527000.000000,1751478667.590492,527541792992.000000
527540848000.000000,1751478667.622965,527574266166.000000
527574169000.000000,1751478667.656366,527607667256.000000
527607490000.000000,1751478667.689620,527640921182.000000
527640812000.000000,1751478667.722855,527674156422.000000
527674133000.000000,1751478667.758194,527709495067.000000
527707455000.000000,1751478667.789643,527740944140.000000
527740777000.000000,1751478667.823003,527774304564.000000
527774098000.000000,1751478667.859107,527810408535.000000
527807418000.000000,1751478667.892092,527843393629.000000
527840740000.000000,1751478667.924322,527875623453.000000
527874062000.000000,1751478667.957879,527909180450.000000
527907383000.000000,1751478667.991590,527942891259.000000
527940704000.000000,1751478668.023698,527974999048.000000
527974026000.000000,1751478668.057328,528008630840.000000
528007348000.000000,1751478668.090734,528042034930.000000
528040681000.000000,1751478668.124014,528075314318.000000
528073991000.000000,1751478668.157457,528108757463.000000
528107313000.000000,1751478668.190934,528142234923.000000
528140635000.000000,1751478668.224304,528175604662.000000
528173956000.000000,1751478668.257886,528209187306.000000
528207277000.000000,1751478668.291260,528242561360.000000
528240599000.000000,1751478668.324840,528276141837.000000
528273920000.000000,1751478668.360388,528311689258.000000
528307241000.000000,1751478668.391364,528342665391.000000
528340563000.000000,1751478668.424607,528375906817.000000
528373884000.000000,1751478668.458140,528409441239.000000
528407207000.000000,1751478668.491340,528442641331.000000
528440527000.000000,1751478668.524595,528475895127.000000
528473849000.000000,1751478668.557953,528509254014.000000
528507172000.000000,1751478668.591148,528542448699.000000
528540492000.000000,1751478668.624404,528575705920.000000
528573813000.000000,1751478668.657834,528609135418.000000
528607134000.000000,1751478668.693146,528644447693.000000
528640456000.000000,1751478668.722927,528674228579.000000
528673777000.000000,1751478668.756543,528707844982.000000
528707101000.000000,1751478668.792621,528743922027.000000
528740420000.000000,1751478668.822072,528773373250.000000
528773741000.000000,1751478668.855481,528806781618.000000
528807063000.000000,1751478668.888910,528840212115.000000
528840385000.000000,1751478668.922225,528873526910.000000
528873706000.000000,1751478668.955487,528906788465.000000
528907029000.000000,1751478668.994140,528945441891.000000
528940349000.000000,1751478669.022947,528974248454.000000
528973671000.000000,1751478669.056313,529007613933.000000
529006992000.000000,1751478669.094690,529045991955.000000
529040315000.000000,1751478669.122077,529073378958.000000
529073635000.000000,1751478669.155300,529106601069.000000
529106957000.000000,1751478669.189260,529140561153.000000
529140279000.000000,1751478669.222971,529174272222.000000
529173600000.000000,1751478669.256345,529207647442.000000
529206922000.000000,1751478669.288925,529240226430.000000
529240243000.000000,1751478669.322000,529273300135.000000
529273564000.000000,1751478669.355351,529306652800.000000
529306887000.000000,1751478669.388536,529339836892.000000
529340207000.000000,1751478669.421882,529373182891.000000
529373528000.000000,1751478669.455171,529406472223.000000
529406851000.000000,1751478669.488800,529440100570.000000
529440171000.000000,1751478669.521834,529473135220.000000
529473493000.000000,1751478669.555177,529506478033.000000
529506816000.000000,1751478669.591647,529542949111.000000
529540136000.000000,1751478669.623078,529574379388.000000
529573457000.000000,1751478669.656517,529607818348.000000
529606780000.000000,1751478669.689157,529640458206.000000
529640099000.000000,1751478669.722117,529673417856.000000
529673422000.000000,1751478669.755193,529706493913.000000
529706744000.000000,1751478669.789035,529740336073.000000
529740065000.000000,1751478669.822774,529774075271.000000
529773386000.000000,1751478669.855936,529807238215.000000
529806708000.000000,1751478669.888857,529840158236.000000
529840028000.000000,1751478669.921758,529873058647.000000
529873350000.000000,1751478669.955302,529906603699.000000
529906672000.000000,1751478669.988655,529939955678.000000
529939994000.000000,1751478670.021924,529973225622.000000
529973316000.000000,1751478670.055455,530006756618.000000
530006636000.000000,1751478670.088633,530039934581.000000
530039958000.000000,1751478670.122064,530073365745.000000
530073279000.000000,1751478670.155254,530106555671.000000
530106601000.000000,1751478670.188636,530139937299.000000
530139923000.000000,1751478670.221865,530173165595.000000
530173244000.000000,1751478670.255132,530206433631.000000
530206566000.000000,1751478670.288491,530239791907.000000
530239887000.000000,1751478670.323443,530274743611.000000
530273207000.000000,1751478670.354980,530306281406.000000
530306531000.000000,1751478670.389049,530340350786.000000
530339851000.000000,1751478670.421833,530373133678.000000
530373171000.000000,1751478670.455217,530406518973.000000
530406495000.000000,1751478670.488488,530439788898.000000
530439816000.000000,1751478670.521740,530473041712.000000
530473136000.000000,1751478670.555044,530506345525.000000
530506459000.000000,1751478670.588413,530539714653.000000
530539780000.000000,1751478670.621689,530572990856.000000
530573102000.000000,1751478670.655022,530606323077.000000
530606424000.000000,1751478670.688440,530639741519.000000
530639745000.000000,1751478670.722309,530673610882.000000
530673065000.000000,1751478670.755012,530706312794.000000
530706387000.000000,1751478670.788308,530739609275.000000
530739708000.000000,1751478670.821664,530772965180.000000
530773029000.000000,1751478670.855015,530806315605.000000
530806353000.000000,1751478670.888377,530839678380.000000
530839674000.000000,1751478670.921588,530872890251.000000
530872995000.000000,1751478670.954916,530906216971.000000
530906316000.000000,1751478670.988312,530939612914.000000
530939638000.000000,1751478671.021527,530972827654.000000
530972958000.000000,1751478671.054861,531006162801.000000
531006280000.000000,1751478671.088238,531039539799.000000
531039603000.000000,1751478671.121553,531072854149.000000
531072923000.000000,1751478671.155038,531106340368.000000
531106245000.000000,1751478671.188174,531139475350.000000
531139566000.000000,1751478671.221440,531172741127.000000
531172887000.000000,1751478671.254882,531206183791.000000
531206210000.000000,1751478671.288186,531239488105.000000
531239531000.000000,1751478671.321466,531272768122.000000
531272858000.000000,1751478671.355109,531306411303.000000
531306174000.000000,1751478671.388251,531339552748.000000
531339493000.000000,1751478671.421552,531372853265.000000
531372815000.000000,1751478671.455860,531407161031.000000
531406138000.000000,1751478671.488333,531439632946.000000
531439458000.000000,1751478671.521828,531473129739.000000
531472780000.000000,1751478671.556615,531507915297.000000
531506103000.000000,1751478671.588080,531539380870.000000
531539424000.000000,1751478671.621615,531572916200.000000
531572745000.000000,1751478671.654835,531606136570.000000
531606067000.000000,1751478671.688240,531639541382.000000
531639389000.000000,1751478671.721583,531672885306.000000
531672710000.000000,1751478671.754650,531705951493.000000
531706031000.000000,1751478671.787987,531739288454.000000
531739354000.000000,1751478671.821376,531772677489.000000
531772673000.000000,1751478671.855199,531806500427.000000
531805996000.000000,1751478671.888103,531839404022.000000
531839316000.000000,1751478671.921281,531872581948.000000
531872638000.000000,1751478671.956262,531907563393.000000
531905959000.000000,1751478671.988097,531939399314.000000
531939282000.000000,1751478672.021401,531972703424.000000
531972605000.000000,1751478672.055302,532006603769.000000
532005925000.000000,1751478672.088313,532039614067.000000
532039246000.000000,1751478672.121586,532072887344.000000
532072566000.000000,1751478672.154766,532106067881.000000
532105887000.000000,1751478672.188263,532139564303.000000
532139210000.000000,1751478672.221746,532173047652.000000
532172532000.000000,1751478672.254811,532206112413.000000
532205853000.000000,1751478672.288082,532239384190.000000
532239177000.000000,1751478672.322259,532273559994.000000
532272507000.000000,1751478672.355962,532307263619.000000
532305817000.000000,1751478672.391536,532342837095.000000
532339139000.000000,1751478672.421374,532372675647.000000
532372460000.000000,1751478672.454676,532405978479.000000
532405782000.000000,1751478672.487937,532439238385.000000
532439103000.000000,1751478672.521260,532472560717.000000
532472424000.000000,1751478672.554676,532505978326.000000
532505745000.000000,1751478672.588272,532539573118.000000
532539067000.000000,1751478672.621519,532572820136.000000
532572388000.000000,1751478672.654974,532606275411.000000
532605709000.000000,1751478672.688336,532639637113.000000
532639031000.000000,1751478672.721884,532673184980.000000
532672352000.000000,1751478672.755342,532706642607.000000
532705675000.000000,1751478672.790258,532741558682.000000
532738994000.000000,1751478672.823136,532774437148.000000
532772317000.000000,1751478672.856451,532807751295.000000
532805639000.000000,1751478672.894566,532845866467.000000
532838959000.000000,1751478672.923435,532874736048.000000
532872281000.000000,1751478672.956686,532907987713.000000
532905602000.000000,1751478672.990309,532941609894.000000
532938925000.000000,1751478673.022867,532974168956.000000
532972246000.000000,1751478673.056232,533007534158.000000
533005568000.000000,1751478673.089834,533041136302.000000
533038889000.000000,1751478673.123109,533074410912.000000
533072210000.000000,1751478673.156197,533107497172.000000
533105532000.000000,1751478673.189690,533140990725.000000
533138856000.000000,1751478673.222996,533174296797.000000
533172175000.000000,1751478673.256271,533207571408.000000
533205502000.000000,1751478673.291399,533242699592.000000
533238817000.000000,1751478673.322963,533274263182.000000
533272139000.000000,1751478673.356112,533307412812.000000
533305461000.000000,1751478673.389417,533340718811.000000
533338783000.000000,1751478673.422710,533374012161.000000
533372103000.000000,1751478673.453768,533405069775.000000
533405425000.000000,1751478673.487148,533438448514.000000
533438747000.000000,1751478673.520559,533471859716.000000
533472069000.000000,1751478673.553812,533505113307.000000
533505389000.000000,1751478673.587099,533538399492.000000
533538712000.000000,1751478673.621388,533572689536.000000
533572034000.000000,1751478673.654767,533606068719.000000
533605354000.000000,1751478673.688072,533639373681.000000
533638676000.000000,1751478673.720344,533671645042.000000
533671997000.000000,1751478673.753717,533705018040.000000
533705319000.000000,1751478673.787106,533738407167.000000
533738639000.000000,1751478673.820368,533771669296.000000
533771961000.000000,1751478673.853698,533804998424.000000
533805283000.000000,1751478673.887096,533838397478.000000
533838605000.000000,1751478673.921195,533872496839.000000
533871938000.000000,1751478673.954593,533905894133.000000
533905249000.000000,1751478673.987809,533939111688.000000
533938569000.000000,1751478674.020678,533971978432.000000
533971890000.000000,1751478674.053840,534005141877.000000
534005211000.000000,1751478674.086967,534038268581.000000
534038552000.000000,1751478674.122221,534073522153.000000
534071854000.000000,1751478674.153539,534104839764.000000
534105176000.000000,1751478674.186808,534138110059.000000
534138498000.000000,1751478674.221084,534172386215.000000
534171819000.000000,1751478674.254417,534205718806.000000
534205140000.000000,1751478674.287710,534239011620.000000
534238461000.000000,1751478674.320295,534271595107.000000
534271782000.000000,1751478674.353640,534304941087.000000
534305103000.000000,1751478674.386914,534338214160.000000
534338426000.000000,1751478674.420559,534371860489.000000
534371747000.000000,1751478674.453717,534405017915.000000
534405070000.000000,1751478674.487294,534438595707.000000
534438391000.000000,1751478674.523419,534474720196.000000
534471712000.000000,1751478674.555025,534506325934.000000
534505035000.000000,1751478674.587802,534539102883.000000
534538356000.000000,1751478674.620133,534571433484.000000
534571678000.000000,1751478674.653669,534604970869.000000
534605000000.000000,1751478674.687017,534638337331.000000
534638320000.000000,1751478674.720330,534671631570.000000
534671642000.000000,1751478674.753432,534704733275.000000
534704964000.000000,1751478674.787084,534738385992.000000
534738285000.000000,1751478674.820257,534771558659.000000
534771607000.000000,1751478674.853466,534804766677.000000
534804929000.000000,1751478674.886905,534838206100.000000
534838249000.000000,1751478674.920174,534871474840.000000
534871572000.000000,1751478674.953480,534904780876.000000
534904894000.000000,1751478674.986933,534938234503.000000
534938213000.000000,1751478675.020230,534971549057.000000
534971535000.000000,1751478675.053519,535004820149.000000
535004855000.000000,1751478675.086823,535038124036.000000
535038178000.000000,1751478675.120265,535071565997.000000
535071499000.000000,1751478675.154421,535105723201.000000
535104819000.000000,1751478675.186999,535138299905.000000
535138143000.000000,1751478675.220282,535171583287.000000
535171463000.000000,1751478675.256462,535207764488.000000
535204782000.000000,1751478675.286934,535238235012.000000
535238106000.000000,1751478675.320164,535271466043.000000
535271428000.000000,1751478675.353392,535304693222.000000
535304750000.000000,1751478675.386853,535338154175.000000
535338070000.000000,1751478675.420204,535371505075.000000
535371392000.000000,1751478675.453438,535404739605.000000
535404713000.000000,1751478675.486696,535437997191.000000
535438037000.000000,1751478675.519975,535471276184.000000
535471358000.000000,1751478675.553337,535504637990.000000
535504678000.000000,1751478675.586739,535538040223.000000
535538000000.000000,1751478675.620003,535571304493.000000
535571320000.000000,1751478675.656102,535607404713.000000
535604639000.000000,1751478675.686915,535638217012.000000
535637963000.000000,1751478675.720241,535671541412.000000
535671285000.000000,1751478675.753296,535704596889.000000
535704606000.000000,1751478675.786568,535737869345.000000
535737927000.000000,1751478675.819930,535771230892.000000
535771249000.000000,1751478675.853227,535804528125.000000
535804572000.000000,1751478675.886813,535838115022.000000
535837891000.000000,1751478675.919968,535871269646.000000
535871215000.000000,1751478675.953515,535904816025.000000
535904534000.000000,1751478675.986532,535937833224.000000
535937857000.000000,1751478676.020052,535971353066.000000
535971178000.000000,1751478676.053694,536004994851.000000
536004497000.000000,1751478676.086492,536037793349.000000
536037821000.000000,1751478676.119877,536071179934.000000
536071143000.000000,1751478676.153207,536104508111.000000
536104464000.000000,1751478676.186480,536137800382.000000
536137786000.000000,1751478676.219798,536171098726.000000
536171106000.000000,1751478676.253078,536204379275.000000
536204427000.000000,1751478676.286903,536238204391.000000
536237748000.000000,1751478676.320257,536271557957.000000
536271068000.000000,1751478676.354097,536305398851.000000
536304390000.000000,1751478676.388242,536339542889.000000
536337713000.000000,1751478676.421096,536372397054.000000
536371034000.000000,1751478676.454322,536405623177.000000
536404356000.000000,1751478676.489935,536441237347.000000
536437675000.000000,1751478676.520061,536471362579.000000
536470999000.000000,1751478676.553133,536504435278.000000
536504320000.000000,1751478676.586582,536537883528.000000
536537643000.000000,1751478676.619904,536571204780.000000
536570963000.000000,1751478676.653356,536604657086.000000
536604286000.000000,1751478676.686599,536637900449.000000
536637607000.000000,1751478676.719867,536671167794.000000
536670928000.000000,1751478676.753308,536704609248.000000
536704249000.000000,1751478676.786492,536737793279.000000
536737571000.000000,1751478676.819870,536771170845.000000
536770893000.000000,1751478676.853374,536804675279.000000
536804213000.000000,1751478676.887330,536838630561.000000
536837533000.000000,1751478676.919655,536870955916.000000
536870857000.000000,1751478676.953055,536904356834.000000
536904177000.000000,1751478676.986405,536937706752.000000
536937499000.000000,1751478677.019654,536970955412.000000
536970821000.000000,1751478677.053137,537004438884.000000
537004143000.000000,1751478677.086333,537037634303.000000
537037470000.000000,1751478677.119893,537071194700.000000
537070783000.000000,1751478677.153219,537104520582.000000
537104104000.000000,1751478677.186828,537138129608.000000
537137426000.000000,1751478677.219578,537170879940.000000
537170747000.000000,1751478677.253187,537204488596.000000
537204070000.000000,1751478677.286234,537237535647.000000
537237391000.000000,1751478677.319674,537270975212.000000
537270712000.000000,1751478677.353329,537304630089.000000
537304035000.000000,1751478677.387675,537338976570.000000
537337354000.000000,1751478677.420051,537371351610.000000
537370675000.000000,1751478677.453402,537404703602.000000
537403996000.000000,1751478677.486898,537438199111.000000
537437318000.000000,1751478677.522271,537473572432.000000
537470641000.000000,1751478677.554672,537505973064.000000
537503962000.000000,1751478677.588366,537539667478.000000
537537283000.000000,1751478677.621876,537573177654.000000
537570609000.000000,1751478677.654215,537605517028.000000
537603926000.000000,1751478677.687576,537638877094.000000
537637248000.000000,1751478677.720966,537672267771.000000
537670569000.000000,1751478677.754518,537705818612.000000
537703891000.000000,1751478677.788075,537739376009.000000
537737212000.000000,1751478677.822016,537773316883.000000
537770533000.000000,1751478677.854707,537806008735.000000
537803854000.000000,1751478677.888225,537839526262.000000
537837176000.000000,1751478677.924054,537875356226.000000
537870497000.000000,1751478677.954741,537906041711.000000
537903819000.000000,1751478677.987949,537939250853.000000
537937145000.000000,1751478678.021319,537972620252.000000
537970462000.000000,1751478678.054903,538006205445.000000
538003784000.000000,1751478678.087923,538039224311.000000
538037104000.000000,1751478678.121157,538072457583.000000
538070425000.000000,1751478678.154401,538105701372.000000
538103747000.000000,1751478678.187726,538139027124.000000
538137070000.000000,1751478678.223559,538174859921.000000
538170391000.000000,1751478678.255474,538206774818.000000
538203712000.000000,1751478678.286359,538237660357.000000
538237033000.000000,1751478678.323911,538275212634.000000
538270354000.000000,1751478678.352119,538303420981.000000
538303677000.000000,1751478678.385652,538336952804.000000
538336998000.000000,1751478678.419029,538370329648.000000
538370320000.000000,1751478678.452275,538403575937.000000
538403641000.000000,1751478678.485447,538436748468.000000
538436962000.000000,1751478678.518761,538470062368.000000
538470284000.000000,1751478678.552099,538503399749.000000
538503604000.000000,1751478678.585452,538536753149.000000
538536926000.000000,1751478678.618790,538570091771.000000
538570247000.000000,1751478678.652069,538603369986.000000
538603568000.000000,1751478678.685392,538636692978.000000
538636890000.000000,1751478678.718712,538670013378.000000
538670211000.000000,1751478678.752214,538703515979.000000
538703533000.000000,1751478678.785360,538736661659.000000
538736856000.000000,1751478678.818583,538769884023.000000
538770180000.000000,1751478678.852021,538803321884.000000
538803498000.000000,1751478678.885175,538836475582.000000
538836819000.000000,1751478678.918544,538869845611.000000
538870141000.000000,1751478678.951820,538903121937.000000
538903462000.000000,1751478678.985132,538936432892.000000
538936784000.000000,1751478679.018624,538969924661.000000
538970106000.000000,1751478679.052198,539003499928.000000
539003425000.000000,1751478679.085175,539036476758.000000
539036747000.000000,1751478679.118540,539069841138.000000
539070069000.000000,1751478679.151780,539103080872.000000
539103390000.000000,1751478679.185203,539136504604.000000
539136711000.000000,1751478679.218505,539169806949.000000
539170032000.000000,1751478679.252023,539203323865.000000
539203355000.000000,1751478679.285131,539236432267.000000
539236676000.000000,1751478679.318574,539269875202.000000
539269996000.000000,1751478679.351966,539303266879.000000
539303320000.000000,1751478679.385132,539336432873.000000
539336642000.000000,1751478679.418508,539369809624.000000
539369962000.000000,1751478679.453081,539404382510.000000
539403283000.000000,1751478679.485204,539436504979.000000
539436605000.000000,1751478679.518736,539470037024.000000
539469927000.000000,1751478679.552054,539503355165.000000
539503247000.000000,1751478679.585323,539536623973.000000
539536569000.000000,1751478679.619056,539570356960.000000
539569890000.000000,1751478679.652864,539604165355.000000
539603211000.000000,1751478679.686394,539637695308.000000
539636531000.000000,1751478679.719548,539670849654.000000
539669854000.000000,1751478679.752450,539703751003.000000
539703176000.000000,1751478679.786011,539737311826.000000
539736497000.000000,1751478679.818889,539770190323.000000
539769818000.000000,1751478679.851936,539803237207.000000
539803140000.000000,1751478679.884890,539836190982.000000
539836461000.000000,1751478679.918996,539870297280.000000
539869782000.000000,1751478679.952753,539904053693.000000
539903104000.000000,1751478679.986084,539937384371.000000
539936426000.000000,1751478680.019022,539970323960.000000
539969746000.000000,1751478680.052143,540003444158.000000
540003068000.000000,1751478680.085237,540036538394.000000
540036388000.000000,1751478680.118725,540070025533.000000
540069709000.000000,1751478680.152208,540103509005.000000
540103031000.000000,1751478680.185157,540136457724.000000
540136353000.000000,1751478680.218583,540169884567.000000
540169674000.000000,1751478680.251729,540203030265.000000
540202996000.000000,1751478680.287107,540238408586.000000
540236317000.000000,1751478680.318286,540269587213.000000
540269647000.000000,1751478680.351581,540302882836.000000
540302961000.000000,1751478680.384955,540336256827.000000
540336282000.000000,1751478680.418298,540369600042.000000
540369603000.000000,1751478680.451650,540402951367.000000
540402926000.000000,1751478680.484846,540436147398.000000
540436247000.000000,1751478680.518191,540469492112.000000
540469571000.000000,1751478680.551496,540502796790.000000
540502891000.000000,1751478680.584800,540536101449.000000
540536211000.000000,1751478680.618142,540569443404.000000
540569533000.000000,1751478680.651414,540602715731.000000
540602855000.000000,1751478680.685966,540637268320.000000
540636175000.000000,1751478680.718192,540669492917.000000
540669497000.000000,1751478680.751431,540702732485.000000
540702818000.000000,1751478680.784662,540735962700.000000
540736139000.000000,1751478680.818084,540769384747.000000
540769461000.000000,1751478680.851473,540802774368.000000
540802783000.000000,1751478680.884785,540836086398.000000
540836102000.000000,1751478680.918151,540869451760.000000
540869424000.000000,1751478680.951424,540902725642.000000
540902745000.000000,1751478680.984669,540935970209.000000
540936066000.000000,1751478681.018168,540969469514.000000
540969389000.000000,1751478681.051433,541002734452.000000
541002710000.000000,1751478681.085008,541036309756.000000
541036033000.000000,1751478681.119053,541070353500.000000
541069355000.000000,1751478681.152010,541103311181.000000
541102675000.000000,1751478681.184753,541136053995.000000
541135997000.000000,1751478681.220593,541171894903.000000
541169318000.000000,1751478681.252344,541203645821.000000
541202641000.000000,1751478681.285692,541236994294.000000
541235961000.000000,1751478681.320454,541271755770.000000
541269283000.000000,1751478681.351307,541302608143.000000
541302604000.000000,1751478681.384664,541335965227.000000
541335926000.000000,1751478681.420834,541372135261.000000
541369247000.000000,1751478681.452205,541403506220.000000
541402569000.000000,1751478681.485724,541437025414.000000
541435891000.000000,1751478681.521411,541472712157.000000
541469211000.000000,1751478681.551377,541502678391.000000
541502532000.000000,1751478681.584832,541536132956.000000
541535854000.000000,1751478681.618375,541569676557.000000
541569175000.000000,1751478681.651659,541602959624.000000
541602497000.000000,1751478681.684938,541636240024.000000
541635818000.000000,1751478681.718278,541669579239.000000
541669139000.000000,1751478681.751304,541702605568.000000
541702460000.000000,1751478681.784605,541735906635.000000
541735781000.000000,1751478681.818113,541769414717.000000
541769104000.000000,1751478681.851220,541802521064.000000
541802425000.000000,1751478681.884956,541836256848.000000
541835746000.000000,1751478681.923120,541874421322.000000
541869067000.000000,1751478681.952926,541904227373.000000
541902389000.000000,1751478681.985531,541936832522.000000
541935710000.000000,1751478682.018999,541970299735.000000
541969032000.000000,1751478682.051525,542002826144.000000
542002353000.000000,1751478682.084943,542036243431.000000
542035675000.000000,1751478682.118418,542069719477.000000
542068995000.000000,1751478682.151824,542103125839.000000
542102318000.000000,1751478682.185104,542136404628.000000
542135639000.000000,1751478682.219196,542170497130.000000
542168960000.000000,1751478682.252813,542204115897.000000
542202285000.000000,1751478682.286741,542238041957.000000
542235604000.000000,1751478682.319940,542271240562.000000
542268963000.000000,1751478682.352323,542303623565.000000
542302246000.000000,1751478682.385773,542337074407.000000
542335568000.000000,1751478682.419338,542370638230.000000
542368889000.000000,1751478682.452853,542404154202.000000
542402212000.000000,1751478682.486462,542437764524.000000
542435532000.000000,1751478682.519457,542470758835.000000
542468853000.000000,1751478682.552911,542504212789.000000
542502175000.000000,1751478682.586485,542537786649.000000
542535496000.000000,1751478682.620036,542571338009.000000
542568816000.000000,1751478682.653076,542604377986.000000
542602145000.000000,1751478682.686263,542637563147.000000
542635460000.000000,1751478682.719757,542671058081.000000
542668782000.000000,1751478682.753817,542705118084.000000
542702107000.000000,1751478682.786336,542737637789.000000
542735424000.000000,1751478682.819784,542771084891.000000
542768745000.000000,1751478682.855899,542807201648.000000
542802067000.000000,1751478682.887071,542838372869.000000
542835388000.000000,1751478682.920348,542871649454.000000
542868711000.000000,1751478682.950613,542901913666.000000
542902031000.000000,1751478682.983716,542935018198.000000
542935354000.000000,1751478683.017140,542968440671.000000
542968675000.000000,1751478683.050503,543001803792.000000
543001998000.000000,1751478683.083744,543035044600.000000
543035317000.000000,1751478683.117056,543068356389.000000
543068640000.000000,1751478683.150467,543101767473.000000
543101960000.000000,1751478683.183785,543135086947.000000
543135283000.000000,1751478683.217292,543168592845.000000
543168603000.000000,1751478683.254098,543205399631.000000
543201924000.000000,1751478683.284674,543235975488.000000
543235247000.000000,1751478683.318072,543269373498.000000
543268567000.000000,1751478683.350324,543301625428.000000
543301889000.000000,1751478683.383612,543334914421.000000
543335211000.000000,1751478683.417304,543368604965.000000
543368531000.000000,1751478683.450697,543402000123.000000
543401854000.000000,1751478683.483846,543435147136.000000
543435175000.000000,1751478683.517017,543468317426.000000
543468497000.000000,1751478683.550238,543501538123.000000
543501818000.000000,1751478683.583620,543534920930.000000
543535140000.000000,1751478683.617017,543568318977.000000
543568461000.000000,1751478683.651194,543602495682.000000
543601782000.000000,1751478683.684431,543635732082.000000
543635104000.000000,1751478683.717895,543669196425.000000
543668425000.000000,1751478683.750245,543701545539.000000
543701746000.000000,1751478683.783535,543734835606.000000
543735068000.000000,1751478683.816840,543768140784.000000
543768389000.000000,1751478683.850211,543801512202.000000
543801710000.000000,1751478683.883626,543834927304.000000
543835032000.000000,1751478683.916870,543868170927.000000
543868353000.000000,1751478683.951169,543902470149.000000
543901675000.000000,1751478683.984408,543935710179.000000
543934997000.000000,1751478684.017927,543969227910.000000
543968317000.000000,1751478684.050475,544001777689.000000
544001640000.000000,1751478684.083791,544035092830.000000
544034959000.000000,1751478684.116820,544068120862.000000
544068279000.000000,1751478684.150332,544101633779.000000
544101601000.000000,1751478684.186676,544137976607.000000
544134921000.000000,1751478684.216837,544168137506.000000
544168244000.000000,1751478684.251455,544202756761.000000
544201567000.000000,1751478684.284512,544235812738.000000
544234887000.000000,1751478684.317695,544268997306.000000
544268209000.000000,1751478684.350290,544301592010.000000
544301530000.000000,1751478684.383524,544334825189.000000
544334851000.000000,1751478684.416986,544368287920.000000
544368172000.000000,1751478684.450437,544401737967.000000
544401494000.000000,1751478684.483570,544434871943.000000
544434815000.000000,1751478684.516847,544468149213.000000
544468137000.000000,1751478684.550207,544501509224.000000
544501457000.000000,1751478684.585641,544536942488.000000
544534779000.000000,1751478684.616620,544567921433.000000
544568102000.000000,1751478684.650157,544601459053.000000
544601423000.000000,1751478684.683527,544634828526.000000
544634746000.000000,1751478684.716765,544668066742.000000
544668066000.000000,1751478684.750151,544701452918.000000
544701388000.000000,1751478684.783459,544734760318.000000
544734710000.000000,1751478684.816655,544767956386.000000
544768031000.000000,1751478684.850211,544801512357.000000
544801353000.000000,1751478684.883478,544834779147.000000
544834674000.000000,1751478684.916682,544867983807.000000
544867995000.000000,1751478684.950032,544901333207.000000
544901316000.000000,1751478684.983277,544934578274.000000
544934639000.000000,1751478685.016607,544967907914.000000
544967960000.000000,1751478685.049966,545001267443.000000
545001281000.000000,1751478685.083243,545034544825.000000
545034603000.000000,1751478685.116614,545067914650.000000
545067924000.000000,1751478685.149927,545101228957.000000
545101246000.000000,1751478685.183226,545134527598.000000
545134568000.000000,1751478685.216970,545168271086.000000
545167889000.000000,1751478685.250215,545201515468.000000
545201210000.000000,1751478685.283311,545234611592.000000
545234532000.000000,1751478685.317273,545268574170.000000
545267852000.000000,1751478685.350940,545302241807.000000
545301174000.000000,1751478685.384124,545335425893.000000
545334494000.000000,1751478685.420361,545371662186.000000
545367815000.000000,1751478685.449926,545401228073.000000
545401140000.000000,1751478685.483089,545434390511.000000
545434460000.000000,1751478685.516452,545467753559.000000
545467782000.000000,1751478685.549738,545501039774.000000
545501104000.000000,1751478685.583037,545534338674.000000
545534425000.000000,1751478685.616359,545567660314.000000
545567747000.000000,1751478685.649818,545601120472.000000
545601068000.000000,1751478685.683188,545634489389.000000
545634389000.000000,1751478685.716534,545667836567.000000
545667710000.000000,1751478685.749880,545701181837.000000
545701032000.000000,1751478685.783049,545734369127.000000
545734354000.000000,1751478685.818656,545769957149.000000
545767672000.000000,1751478685.850337,545801637438.000000
545800995000.000000,1751478685.883443,545834744970.000000
545834317000.000000,1751478685.916393,545867693262.000000
545867640000.000000,1751478685.949944,545901246400.000000
545900960000.000000,1751478685.983173,545934473246.000000
545934282000.000000,1751478686.016470,545967771775.000000
545967604000.000000,1751478686.049799,546001100231.000000
546000926000.000000,1751478686.083032,546034332946.000000
546034246000.000000,1751478686.116688,546067989398.000000
546067567000.000000,1751478686.149791,546101092411.000000
546100889000.000000,1751478686.183402,546134702937.000000
546134211000.000000,1751478686.216426,546167727414.000000
546167532000.000000,1751478686.249822,546201124091.000000
546200853000.000000,1751478686.283074,546234375343.000000
546234175000.000000,1751478686.316256,546267557763.000000
546267498000.000000,1751478686.349766,546301066883.000000
546300817000.000000,1751478686.382967,546334268358.000000
546334140000.000000,1751478686.416694,546367994994.000000
546367459000.000000,1751478686.450548,546401849351.000000
546400781000.000000,1751478686.483270,546434571295.000000
546434101000.000000,1751478686.516388,546467689030.000000
546467424000.000000,1751478686.552466,546503767436.000000
546500744000.000000,1751478686.583872,546535173820.000000
546534066000.000000,1751478686.617124,546568425295.000000
546567388000.000000,1751478686.651515,546602816275.000000
546600711000.000000,1751478686.682830,546634131716.000000
546634032000.000000,1751478686.716045,546667346395.000000
546667352000.000000,1751478686.752153,546703453615.000000
546700672000.000000,1751478686.782881,546734182192.000000
546733995000.000000,1751478686.816062,546767363001.000000
546767316000.000000,1751478686.850661,546801962090.000000
546800637000.000000,1751478686.884051,546835352989.000000
546833959000.000000,1751478686.917476,546868777461.000000
546867281000.000000,1751478686.950513,546901814438.000000
546900604000.000000,1751478686.983486,546934788157.000000
546933923000.000000,1751478687.016897,546968199074.000000
546967245000.000000,1751478687.050348,547001648491.000000
547000566000.000000,1751478687.083710,547035011557.000000
547033888000.000000,1751478687.117300,547068601083.000000
547067209000.000000,1751478687.152545,547103846480.000000
547100530000.000000,1751478687.184999,547136300871.000000
547133852000.000000,1751478687.218340,547169641400.000000
547167172000.000000,1751478687.253382,547204684169.000000
547200494000.000000,1751478687.284420,547235721280.000000
547233816000.000000,1751478687.317912,547269213622.000000
547267137000.000000,1751478687.353045,547304346465.000000
547300459000.000000,1751478687.385494,547336796134.000000
547333780000.000000,1751478687.418897,547370198273.000000
547367103000.000000,1751478687.453022,547404322682.000000
547400422000.000000,1751478687.484589,547435889472.000000
547433746000.000000,1751478687.518149,547469450906.000000
547467065000.000000,1751478687.551651,547502952156.000000
547500387000.000000,1751478687.583437,547534737925.000000
547533712000.000000,1751478687.616865,547568166398.000000
547567031000.000000,1751478687.654401,547605701602.000000
547600353000.000000,1751478687.685923,547637224170.000000
547633674000.000000,1751478687.718764,547670064575.000000
547666995000.000000,1751478687.752800,547704100670.000000
547700316000.000000,1751478687.782398,547733699724.000000
547733638000.000000,1751478687.815683,547766985105.000000
547766960000.000000,1751478687.849003,547800305079.000000
547800281000.000000,1751478687.882530,547833831125.000000
547833602000.000000,1751478687.915402,547866702715.000000
547866924000.000000,1751478687.953593,547904894559.000000
547900245000.000000,1751478687.987198,547938498882.000000
547933568000.000000,1751478688.016525,547967825753.000000
547966888000.000000,1751478688.053125,548004426504.000000
548000210000.000000,1751478688.082077,548033377991.000000
548033531000.000000,1751478688.115318,548066618854.000000
548066852000.000000,1751478688.148530,548099830107.000000
548100173000.000000,1751478688.181895,548133196636.000000
548133495000.000000,1751478688.215264,548166565591.000000
548166817000.000000,1751478688.248574,548199875028.000000
548200138000.000000,1751478688.281915,548233230612.000000
548233459000.000000,1751478688.315331,548266632178.000000
548266782000.000000,1751478688.348598,548299898671.000000
548300104000.000000,1751478688.384225,548335526267.000000
548333423000.000000,1751478688.415173,548366473897.000000
548366746000.000000,1751478688.449026,548400327365.000000
548400068000.000000,1751478688.481793,548433093308.000000
548433388000.000000,1751478688.515231,548466532169.000000
548466710000.000000,1751478688.548455,548499755570.000000
548500031000.000000,1751478688.581737,548533038174.000000
548533351000.000000,1751478688.615128,548566428481.000000
548566674000.000000,1751478688.648425,548599725658.000000
548599997000.000000,1751478688.682019,548633321018.000000
548633316000.000000,1751478688.715166,548666466272.000000
548666638000.000000,1751478688.748395,548699695747.000000
548699959000.000000,1751478688.781636,548732937258.000000
548733280000.000000,1751478688.815002,548766303102.000000
548766602000.000000,1751478688.848640,548799941906.000000
548799924000.000000,1751478688.881655,548832955457.000000
548833244000.000000,1751478688.915255,548866556224.000000
548866566000.000000,1751478688.948600,548899901642.000000
548899887000.000000,1751478688.982035,548933337152.000000
548933209000.000000,1751478689.015612,548966914512.000000
548966532000.000000,1751478689.049443,549000744924.000000
548999852000.000000,1751478689.082842,549034143582.000000
549033173000.000000,1751478689.116162,549067463760.000000
549066495000.000000,1751478689.148879,549100180629.000000
549099818000.000000,1751478689.182029,549133331235.000000
549133138000.000000,1751478689.216064,549167365626.000000
549166459000.000000,1751478689.248580,549199881387.000000
549199782000.000000,1751478689.281740,549233041011.000000
549233102000.000000,1751478689.318149,549269450894.000000
549266421000.000000,1751478689.348791,549300093584.000000
549299745000.000000,1751478689.382781,549334082550.000000
549333066000.000000,1751478689.416081,549367382598.000000
549366387000.000000,1751478689.448778,549400079320.000000
549399710000.000000,1751478689.481681,549432982298.000000
549433031000.000000,1751478689.515026,549466327735.000000
549466353000.000000,1751478689.548860,549500162370.000000
549499674000.000000,1751478689.582681,549533982967.000000
549532994000.000000,1751478689.616045,549567346552.000000
549566317000.000000,1751478689.649027,549600328863.000000
549599637000.000000,1751478689.681599,549632899901.000000
549632961000.000000,1751478689.714942,549666243819.000000
549666282000.000000,1751478689.748356,549699657551.000000
549699602000.000000,1751478689.781837,549733138986.000000
549732924000.000000,1751478689.815124,549766426071.000000
549766245000.000000,1751478689.848153,549799454734.000000
549799567000.000000,1751478689.881537,549832838281.000000
549832888000.000000,1751478689.914862,549866163088.000000
549866210000.000000,1751478689.948196,549899497043.000000
549899531000.000000,1751478689.981534,549932835313.000000
549932854000.000000,1751478690.014920,549966221249.000000
549966175000.000000,1751478690.048272,549999573297.000000
549999496000.000000,1751478690.081484,550032785216.000000
550032816000.000000,1751478690.114777,550066077727.000000
550066139000.000000,1751478690.148190,550099490423.000000
550099461000.000000,1751478690.181510,550132811193.000000
550132782000.000000,1751478690.214730,550166030594.000000
550166103000.000000,1751478690.248852,550200153725.000000
550199423000.000000,1751478690.282625,550233926453.000000
550232744000.000000,1751478690.315825,550267125521.000000
550266066000.000000,1751478690.348950,550300251052.000000
550299387000.000000,1751478690.381554,550332856238.000000
550332710000.000000,1751478690.414644,550365945770.000000
550366032000.000000,1751478690.450732,550402033398.000000
550399352000.000000,1751478690.482839,550434139978.000000
550432672000.000000,1751478690.516172,550467473026.000000
550465994000.000000,1751478690.549037,550500338431.000000
550499316000.000000,1751478690.581655,550532957783.000000
550532638000.000000,1751478690.615033,550566334738.000000
550565959000.000000,1751478690.648476,550599778080.000000
550599280000.000000,1751478690.681509,550632810835.000000
550632603000.000000,1751478690.715367,550666668396.000000
550665922000.000000,1751478690.747932,550699232749.000000
550699246000.000000,1751478690.781417,550732718554.000000
550732567000.000000,1751478690.814779,550766080657.000000
550765888000.000000,1751478690.851484,550802785296.000000
550799209000.000000,1751478690.882410,550833711704.000000
550832530000.000000,1751478690.915452,550866753996.000000
550865851000.000000,1751478690.949076,550900376726.000000
550899173000.000000,1751478690.981152,550932453566.000000
550932494000.000000,1751478691.014470,550965770929.000000
550965816000.000000,1751478691.047754,550999055940.000000
550999137000.000000,1751478691.081163,551032463302.000000
551032459000.000000,1751478691.114689,551065989977.000000
551065780000.000000,1751478691.147773,551099073287.000000
551099102000.000000,1751478691.181145,551132447001.000000
551132422000.000000,1751478691.214478,551165780308.000000
551165744000.000000,1751478691.250688,551201989619.000000
551199068000.000000,1751478691.282205,551233506465.000000
551232387000.000000,1751478691.315475,551266776051.000000
551265713000.000000,1751478691.351012,551302312296.000000
551299030000.000000,1751478691.381609,551332911690.000000
551332351000.000000,1751478691.415353,551366653825.000000
551365671000.000000,1751478691.447933,551399233493.000000
551398994000.000000,1751478691.482154,551433455123.000000
551432315000.000000,1751478691.514473,551465774423.000000
551465637000.000000,1751478691.548051,551499352283.000000
551498958000.000000,1751478691.584021,551535322486.000000
551532278000.000000,1751478691.615011,551566312042.000000
551565601000.000000,1751478691.648771,551600072270.000000
551598924000.000000,1751478691.682387,551633687944.000000
551632244000.000000,1751478691.716183,551667483857.000000
551665564000.000000,1751478691.751831,551703132249.000000
551698885000.000000,1751478691.781998,551733298888.000000
551732208000.000000,1751478691.815333,551766634640.000000
551765529000.000000,1751478691.848839,551800140574.000000
551798858000.000000,1751478691.882221,551833522399.000000
551832174000.000000,1751478691.915672,551866973057.000000
551865495000.000000,1751478691.952235,551903535957.000000
551898814000.000000,1751478691.983259,551934560420.000000
551932142000.000000,1751478692.016778,551968079854.000000
551965458000.000000,1751478692.052756,552004058391.000000
551998780000.000000,1751478692.085140,552036441190.000000
552032100000.000000,1751478692.116204,552067504838.000000
552065424000.000000,1751478692.149453,552100754942.000000
552098743000.000000,1751478692.182873,552134174341.000000
552132064000.000000,1751478692.216109,552167410371.000000
552165386000.000000,1751478692.249858,552201159284.000000
552198707000.000000,1751478692.283811,552235113529.000000
552232037000.000000,1751478692.317095,552268396799.000000
552265351000.000000,1751478692.352640,552303941118.000000
552298673000.000000,1751478692.382674,552333974759.000000
552331993000.000000,1751478692.415881,552367181753.000000
552365315000.000000,1751478692.447312,552398612933.000000
552398637000.000000,1751478692.480772,552432073146.000000
552431958000.000000,1751478692.513785,552465085753.000000
552465280000.000000,1751478692.547155,552498456893.000000
552498601000.000000,1751478692.580404,552531704312.000000
552531924000.000000,1751478692.613749,552565049638.000000
552565245000.000000,1751478692.647042,552598342168.000000
552598574000.000000,1751478692.680348,552631649216.000000
552631889000.000000,1751478692.713786,552665087077.000000
552665209000.000000,1751478692.747137,552698437625.000000
552698530000.000000,1751478692.780232,552731532527.000000
552731851000.000000,1751478692.817389,552768689754.000000
552765172000.000000,1751478692.847193,552798494360.000000
552798494000.000000,1751478692.881655,552832956876.000000
552831814000.000000,1751478692.914626,552865927150.000000
552865136000.000000,1751478692.947848,552899149681.000000
552898458000.000000,1751478692.980246,552931547888.000000
552931781000.000000,1751478693.013542,552964842825.000000
552965102000.000000,1751478693.046836,552998137058.000000
552998424000.000000,1751478693.080173,553031474013.000000
553031745000.000000,1751478693.113459,553064761024.000000
553065065000.000000,1751478693.147084,553098384162.000000
553098387000.000000,1751478693.180160,553131461083.000000
553131708000.000000,1751478693.215254,553166555166.000000
553165030000.000000,1751478693.246839,553198139845.000000
553198353000.000000,1751478693.280135,553231436189.000000
553231673000.000000,1751478693.313605,553264905643.000000
553264993000.000000,1751478693.346773,553298074100.000000
553298317000.000000,1751478693.380166,553331467240.000000
553331637000.000000,1751478693.413494,553364794954.000000
553364958000.000000,1751478693.446811,553398112150.000000
553398281000.000000,1751478693.480140,553431441439.000000
553431602000.000000,1751478693.513444,553464745191.000000
553464923000.000000,1751478693.546671,553497971925.000000
553498244000.000000,1751478693.581177,553532479700.000000
553531565000.000000,1751478693.614255,553565557251.000000
553564886000.000000,1751478693.647754,553599055241.000000
553598210000.000000,1751478693.680037,553631338393.000000
553631530000.000000,1751478693.713470,553664771199.000000
553664852000.000000,1751478693.746775,553698075951.000000
553698173000.000000,1751478693.780145,553731445702.000000
553731494000.000000,1751478693.813496,553764796972.000000
553764815000.000000,1751478693.846813,553798113631.000000
553798137000.000000,1751478693.880834,553832135412.000000
553831458000.000000,1751478693.914359,553865660031.000000
553864779000.000000,1751478693.947341,553898642750.000000
553898101000.000000,1751478693.979873,553931174085.000000
553931423000.000000,1751478694.013411,553964711926.000000
553964744000.000000,1751478694.049106,554000407392.000000
553998065000.000000,1751478694.080816,554032117347.000000
554031386000.000000,1751478694.114273,554065574227.000000
554064708000.000000,1751478694.147694,554098994718.000000
554098029000.000000,1751478694.179975,554131276222.000000
554131351000.000000,1751478694.213335,554164636621.000000
554164674000.000000,1751478694.246571,554197872374.000000
554197994000.000000,1751478694.279886,554231187829.000000
554231316000.000000,1751478694.313195,554264495470.000000
554264636000.000000,1751478694.346514,554297814148.000000
554297957000.000000,1751478694.380782,554332083759.000000
554331278000.000000,1751478694.413947,554365248734.000000
554364602000.000000,1751478694.448364,554399665122.000000
554397924000.000000,1751478694.479840,554431140024.000000
554431244000.000000,1751478694.513386,554464687014.000000
554464564000.000000,1751478694.546741,554498041358.000000
554497887000.000000,1751478694.579837,554531138278.000000
554531209000.000000,1751478694.613316,554564617343.000000
554564530000.000000,1751478694.646551,554597852596.000000
554597850000.000000,1751478694.680782,554632083874.000000
554631172000.000000,1751478694.713942,554665243813.000000
554664493000.000000,1751478694.747223,554698524991.000000
554697814000.000000,1751478694.779697,554730999159.000000
554731136000.000000,1751478694.813086,554764386595.000000
554764458000.000000,1751478694.846732,554798032991.000000
554797780000.000000,1751478694.879994,554831294762.000000
554831101000.000000,1751478694.913188,554864489163.000000
554864421000.000000,1751478694.946578,554897879636.000000
554897743000.000000,1751478694.980906,554932207914.000000
554931066000.000000,1751478695.013975,554965276539.000000
554964386000.000000,1751478695.047549,554998850121.000000
554997708000.000000,1751478695.079722,555031024422.000000
555031030000.000000,1751478695.112964,555064264342.000000
555064350000.000000,1751478695.146378,555097680074.000000
555097670000.000000,1751478695.179813,555131113768.000000
555130993000.000000,1751478695.213268,555164568889.000000
555164315000.000000,1751478695.246607,555197907918.000000
555197636000.000000,1751478695.281774,555233075741.000000
555230957000.000000,1751478695.314356,555265657187.000000
555264278000.000000,1751478695.347731,555299033104.000000
555297601000.000000,1751478695.382603,555333905116.000000
555330922000.000000,1751478695.413116,555364418085.000000
555364243000.000000,1751478695.446255,555397555912.000000
555397565000.000000,1751478695.479557,555430859442.000000
555430887000.000000,1751478695.512894,555464196175.000000
555464207000.000000,1751478695.546107,555497407206.000000
555497529000.000000,1751478695.579531,555530833364.000000
555530852000.000000,1751478695.612972,555564273780.000000
555564172000.000000,1751478695.646409,555597711494.000000
555597494000.000000,1751478695.680834,555632135696.000000
555630815000.000000,1751478695.713107,555664407552.000000
555664136000.000000,1751478695.746455,555697755748.000000
555697457000.000000,1751478695.779535,555730836780.000000
555730779000.000000,1751478695.813029,555764329418.000000
555764100000.000000,1751478695.846399,555797699651.000000
555797425000.000000,1751478695.879817,555831117901.000000
555830744000.000000,1751478695.912936,555864237026.000000
555864064000.000000,1751478695.946338,555897638999.000000
555897386000.000000,1751478695.979584,555930884418.000000
555930707000.000000,1751478696.013008,555964308853.000000
555964028000.000000,1751478696.046514,555997814621.000000
555997349000.000000,1751478696.081043,556032343489.000000
556030672000.000000,1751478696.114338,556065639611.000000
556063993000.000000,1751478696.147182,556098483739.000000
556097314000.000000,1751478696.179589,556130890408.000000
556130635000.000000,1751478696.212878,556164179308.000000
556163957000.000000,1751478696.246119,556197419653.000000
556197278000.000000,1751478696.279459,556230760127.000000
556230599000.000000,1751478696.312929,556264231118.000000
556263921000.000000,1751478696.346327,556297628368.000000
556297241000.000000,1751478696.379966,556331267172.000000
556330563000.000000,1751478696.413689,556364990086.000000
556363884000.000000,1751478696.447042,556398343633.000000
556397205000.000000,1751478696.480390,556431690348.000000
556430527000.000000,1751478696.513945,556465246300.000000
556463873000.000000,1751478696.546786,556498087354.000000
556497170000.000000,1751478696.580253,556531554585.000000
556530492000.000000,1751478696.616154,556567454919.000000
556563813000.000000,1751478696.647099,556598400586.000000
556597136000.000000,1751478696.680545,556631845484.000000
556630457000.000000,1751478696.714109,556665411456.000000
556663778000.000000,1751478696.747412,556698713133.000000
556697100000.000000,1751478696.780888,556732190179.000000
556730421000.000000,1751478696.814346,556765647596.000000
556763743000.000000,1751478696.847804,556799105809.000000
556797065000.000000,1751478696.881119,556832419654.000000
556830386000.000000,1751478696.914455,556865756535.000000
556863707000.000000,1751478696.948007,556899308247.000000
556897028000.000000,1751478696.981135,556932436149.000000
556930350000.000000,1751478697.015173,556966473818.000000
556963671000.000000,1751478697.047709,556999009801.000000
556996993000.000000,1751478697.080989,557032290423.000000
557030314000.000000,1751478697.114289,557065589508.000000
557063637000.000000,1751478697.147515,557098815817.000000
557096956000.000000,1751478697.181089,557132389639.000000
557130279000.000000,1751478697.214507,557165808057.000000
557163600000.000000,1751478697.245603,557196904093.000000
557196922000.000000,1751478697.279078,557230379454.000000
557230242000.000000,1751478697.312341,557263643169.000000
557263565000.000000,1751478697.345339,557296639961.000000
557296887000.000000,1751478697.383126,557334428607.000000
557330207000.000000,1751478697.412958,557364259731.000000
557363529000.000000,1751478697.446205,557397506502.000000
557396850000.000000,1751478697.482461,557433762239.000000
557430170000.000000,1751478697.511997,557463298774.000000
557463494000.000000,1751478697.545205,557496505898.000000
557496814000.000000,1751478697.578555,557529856112.000000
557530135000.000000,1751478697.612018,557563318862.000000
557563457000.000000,1751478697.645452,557596753094.000000
557596779000.000000,1751478697.678563,557629863959.000000
557630100000.000000,1751478697.711906,557663206414.000000
557663422000.000000,1751478697.745152,557696453444.000000
557696743000.000000,1751478697.778452,557729753418.000000
557730064000.000000,1751478697.811835,557763136447.000000
557763387000.000000,1751478697.846593,557797894460.000000
557796707000.000000,1751478697.881900,557833200800.000000
557830029000.000000,1751478697.913046,557864347836.000000
557863352000.000000,1751478697.945949,557897251815.000000
557896672000.000000,1751478697.980775,557932076568.000000
557929993000.000000,1751478698.012209,557963509600.000000
557963314000.000000,1751478698.045423,557996724890.000000
557996636000.000000,1751478698.078429,558029729886.000000
558029958000.000000,1751478698.111837,558063138155.000000
558063280000.000000,1751478698.145106,558096407426.000000
558096600000.000000,1751478698.178376,558129676900.000000
558129921000.000000,1751478698.211669,558162970282.000000
558163243000.000000,1751478698.245550,558196851342.000000
558196563000.000000,1751478698.279090,558230392480.000000
558229887000.000000,1751478698.312611,558263913081.000000
558263207000.000000,1751478698.348386,558299687231.000000
558296528000.000000,1751478698.378493,558329794222.000000
558329849000.000000,1751478698.411583,558362884032.000000
558363172000.000000,1751478698.445326,558396626705.000000
558396497000.000000,1751478698.478355,558429656460.000000
558429815000.000000,1751478698.511866,558463167450.000000
558463137000.000000,1751478698.545085,558496385925.000000
558496457000.000000,1751478698.578259,558529560327.000000
558529779000.000000,1751478698.611797,558563097928.000000
558563101000.000000,1751478698.645064,558596365180.000000
558596423000.000000,1751478698.678154,558629453971.000000
558629744000.000000,1751478698.711683,558662984313.000000
558663065000.000000,1751478698.745131,558696432026.000000
558696386000.000000,1751478698.778479,558729779926.000000
558729707000.000000,1751478698.811632,558762933438.000000
558763028000.000000,1751478698.845085,558796386300.000000
558796351000.000000,1751478698.878927,558830228527.000000
558829672000.000000,1751478698.912572,558863874127.000000
558862993000.000000,1751478698.946037,558897338117.000000
558896314000.000000,1751478698.978603,558929904841.000000
558929635000.000000,1751478699.011661,558962963095.000000
558962957000.000000,1751478699.044971,558996272662.000000
558996279000.000000,1751478699.080847,559032148162.000000
559029601000.000000,1751478699.111544,559062844814.000000
559062921000.000000,1751478699.145058,559096358434.000000
559096242000.000000,1751478699.179027,559130328419.000000
559129564000.000000,1751478699.212672,559163990333.000000
559162885000.000000,1751478699.246068,559197369010.000000
559196207000.000000,1751478699.278743,559230043825.000000
559229528000.000000,1751478699.311530,559262830656.000000
559262849000.000000,1751478699.344847,559296148075.000000
559296170000.000000,1751478699.379591,559330892162.000000
559329492000.000000,1751478699.411693,559362992983.000000
559362815000.000000,1751478699.444886,559396186958.000000
559396136000.000000,1751478699.478760,559430061611.000000
559429458000.000000,1751478699.512562,559463862820.000000
559462778000.000000,1751478699.545766,559497067055.000000
559496099000.000000,1751478699.578528,559529830461.000000
559529420000.000000,1751478699.611392,559562693347.000000
559562743000.000000,1751478699.644996,559596297651.000000
559596064000.000000,1751478699.678207,559629508274.000000
559629385000.000000,1751478699.711506,559662807397.000000
559662706000.000000,1751478699.744842,559696142611.000000
559696028000.000000,1751478699.778224,559729525344.000000
559729349000.000000,1751478699.811377,559762678560.000000
559762672000.000000,1751478699.844617,559795918201.000000
559795994000.000000,1751478699.878363,559829664337.000000
559829315000.000000,1751478699.912157,559863459009.000000
559862635000.000000,1751478699.945580,559896881852.000000
559895957000.000000,1751478699.978434,559929734906.000000
559929283000.000000,1751478700.011548,559962848493.000000
559962602000.000000,1751478700.045009,559996311484.000000
559995922000.000000,1751478700.077915,560029216388.000000
560029243000.000000,1751478700.111333,560062634398.000000
560062565000.000000,1751478700.144444,560095745041.000000
560095887000.000000,1751478700.178265,560129566120.000000
560129208000.000000,1751478700.213232,560164533631.000000
560162530000.000000,1751478700.244545,560195845850.000000
560195851000.000000,1751478700.278084,560229385766.000000
560229172000.000000,1751478700.311300,560262601500.000000
560262493000.000000,1751478700.344540,560295842493.000000
560295815000.000000,1751478700.377836,560329138671.000000
560329136000.000000,1751478700.411503,560362804141.000000
560362459000.000000,1751478700.444767,560396068615.000000
560395779000.000000,1751478700.478677,560429978360.000000
560429099000.000000,1751478700.511351,560462653212.000000
560462419000.000000,1751478700.544791,560496092258.000000
560495743000.000000,1751478700.577847,560529149217.000000
560529065000.000000,1751478700.612074,560563374754.000000
560562385000.000000,1751478700.644529,560595830312.000000
560595706000.000000,1751478700.677790,560629107824.000000
560629027000.000000,1751478700.711145,560662447094.000000
560662349000.000000,1751478700.744470,560695770604.000000
560695671000.000000,1751478700.778059,560729359853.000000
560728993000.000000,1751478700.811176,560762477125.000000
560762313000.000000,1751478700.844537,560795838099.000000
560795634000.000000,1751478700.877891,560829192924.000000
560828956000.000000,1751478700.912122,560863423499.000000
560862277000.000000,1751478700.945402,560896702843.000000
560895599000.000000,1751478700.981323,560932624936.000000
560928921000.000000,1751478701.011284,560962584429.000000
560962242000.000000,1751478701.044397,560995697776.000000
560995563000.000000,1751478701.077922,561029223081.000000
561028885000.000000,1751478701.112073,561063373527.000000
561062206000.000000,1751478701.144816,561096116507.000000
561095527000.000000,1751478701.178495,561129797421.000000
561128848000.000000,1751478701.212332,561163633038.000000
561162169000.000000,1751478701.245193,561196493794.000000
561195497000.000000,1751478701.278604,561229904286.000000
561228813000.000000,1751478701.311972,561263273278.000000
561262134000.000000,1751478701.345394,561296695454.000000
561295484000.000000,1751478701.378947,561330248018.000000
561328778000.000000,1751478701.412218,561363519066.000000
561362099000.000000,1751478701.445754,561397055649.000000
561395421000.000000,1751478701.479613,561430913672.000000
561428742000.000000,1751478701.512492,561463793207.000000
561462064000.000000,1751478701.546776,561498075892.000000
561495385000.000000,1751478701.579537,561530838242.000000
561528708000.000000,1751478701.613040,561564340918.000000
561562028000.000000,1751478701.648885,561600186419.000000
561595348000.000000,1751478701.679633,561630934755.000000
561628671000.000000,1751478701.712843,561664143989.000000
561661993000.000000,1751478701.746315,561697616406.000000
561695314000.000000,1751478701.779619,561730921121.000000
561728635000.000000,1751478701.813617,561764919050.000000
561761957000.000000,1751478701.847012,561798313319.000000
561795278000.000000,1751478701.880112,561831412444.000000
561828600000.000000,1751478701.912611,561863911649.000000
561861921000.000000,1751478701.946005,561897305215.000000
561895243000.000000,1751478701.977101,561928401954.000000
561928564000.000000,1751478702.010638,561961939222.000000
561961885000.000000,1751478702.043824,561995124623.000000
561995208000.000000,1751478702.077175,562028476652.000000
562028528000.000000,1751478702.110555,562061856033.000000
562061849000.000000,1751478702.143788,562095089712.000000
562095173000.000000,1751478702.177083,562128384167.000000
562128493000.000000,1751478702.210446,562161747511.000000
562161813000.000000,1751478702.243700,562195000560.000000
562195136000.000000,1751478702.276895,562228195924.000000
562228457000.000000,1751478702.310314,562261615008.000000
562261779000.000000,1751478702.343543,562294843890.000000
562295100000.000000,1751478702.376930,562328230456.000000
562328420000.000000,1751478702.411129,562362430623.000000
562361742000.000000,1751478702.444817,562396120185.000000
562395063000.000000,1751478702.477987,562429288383.000000
562428384000.000000,1751478702.510182,562461483407.000000
562461708000.000000,1751478702.543319,562494620031.000000
562495030000.000000,1751478702.576775,562528076318.000000
562528350000.000000,1751478702.610121,562561422940.000000
562561672000.000000,1751478702.643493,562594793284.000000
562594994000.000000,1751478702.676864,562628165331.000000
562628313000.000000,1751478702.710224,562661524934.000000
562661636000.000000,1751478702.743595,562694896574.000000
562694958000.000000,1751478702.776757,562728057364.000000
562728278000.000000,1751478702.810278,562761578910.000000
562761601000.000000,1751478702.843579,562794879680.000000
562794922000.000000,1751478702.878160,562829461473.000000
562828241000.000000,1751478702.911011,562862312360.000000
562861564000.000000,1751478702.944350,562895651167.000000
562894886000.000000,1751478702.979661,562930963155.000000
562928206000.000000,1751478703.009992,562961293163.000000
562961528000.000000,1751478703.043322,562994622729.000000
562994850000.000000,1751478703.076648,563027948444.000000
563028172000.000000,1751478703.109902,563061203641.000000
563061492000.000000,1751478703.143427,563094728575.000000
563094815000.000000,1751478703.176953,563128254713.000000
563128135000.000000,1751478703.210284,563161586446.000000
563161457000.000000,1751478703.243649,563194950864.000000
563194777000.000000,1751478703.276886,563228187006.000000
563228099000.000000,1751478703.310855,563262156565.000000
563261420000.000000,1751478703.344051,563295353003.000000
563294742000.000000,1751478703.378945,563330246977.000000
563328064000.000000,1751478703.409776,563361076998.000000
563361386000.000000,1751478703.443300,563394601266.000000
563394708000.000000,1751478703.477058,563428360809.000000
563428032000.000000,1751478703.510251,563461552673.000000
563461350000.000000,1751478703.543505,563494808611.000000
563494672000.000000,1751478703.576901,563528204435.000000
563527993000.000000,1751478703.610172,563561472799.000000
563561315000.000000,1751478703.643423,563594723922.000000
563594637000.000000,1751478703.676759,563628061747.000000
563627958000.000000,1751478703.709927,563661228297.000000
563661279000.000000,1751478703.743207,563694507401.000000
563694600000.000000,1751478703.776535,563727836078.000000
563727922000.000000,1751478703.810150,563761452215.000000
563761243000.000000,1751478703.843311,563794612876.000000
563794565000.000000,1751478703.876846,563828148144.000000
563827887000.000000,1751478703.909838,563861139677.000000
563861208000.000000,1751478703.943212,563894512891.000000
563894529000.000000,1751478703.976629,563927930975.000000
563927850000.000000,1751478704.009842,563961143154.000000
563961172000.000000,1751478704.043381,563994682144.000000
563994493000.000000,1751478704.076674,564027976544.000000
564027815000.000000,1751478704.109828,564061128260.000000
564061136000.000000,1751478704.143103,564094404512.000000
564094458000.000000,1751478704.176362,564127663357.000000
564127779000.000000,1751478704.211412,564162714719.000000
564161098000.000000,1751478704.243051,564194352378.000000
564194422000.000000,1751478704.276387,564227688371.000000
564227743000.000000,1751478704.309731,564261032141.000000
564261065000.000000,1751478704.343015,564294316393.000000
564294386000.000000,1751478704.376353,564327655440.000000
564327706000.000000,1751478704.409648,564360948600.000000
564361030000.000000,1751478704.443196,564394496978.000000
564394351000.000000,1751478704.476684,564427984728.000000
564427673000.000000,1751478704.509866,564461167963.000000
564460993000.000000,1751478704.542976,564494276939.000000
564494314000.000000,1751478704.576281,564527582617.000000
564527636000.000000,1751478704.610369,564561670341.000000
564560956000.000000,1751478704.642930,564594230694.000000
564594279000.000000,1751478704.676241,564627542020.000000
564627601000.000000,1751478704.709652,564660953363.000000
564660921000.000000,1751478704.742854,564694155134.000000
564694242000.000000,1751478704.776498,564727800401.000000
564727564000.000000,1751478704.809742,564761043746.000000
564760886000.000000,1751478704.843082,564794384090.000000
564794208000.000000,1751478704.876287,564827587936.000000
564827530000.000000,1751478704.909640,564860942409.000000
564860850000.000000,1751478704.942806,564894106348.000000
564894172000.000000,1751478704.976144,564927445155.000000
564927494000.000000,1751478705.009514,564960816535.000000
564960815000.000000,1751478705.042686,564993987196.000000
564994136000.000000,1751478705.076139,565027439742.000000
565027459000.000000,1751478705.109519,565060820290.000000
565060779000.000000,1751478705.142855,565094155652.000000
565094100000.000000,1751478705.176177,565127477922.000000
565127421000.000000,1751478705.209550,565160851062.000000
565160744000.000000,1751478705.243132,565194433663.000000
565194064000.000000,1751478705.276289,565227590231.000000
565227384000.000000,1751478705.309662,565260963223.000000
565260707000.000000,1751478705.342923,565294223734.000000
565294028000.000000,1751478705.376360,565327661355.000000
565327349000.000000,1751478705.409473,565360774498.000000
565360672000.000000,1751478705.443579,565394879852.000000
565393991000.000000,1751478705.476210,565427511259.000000
565427314000.000000,1751478705.509412,565460713383.000000
565460635000.000000,1751478705.544409,565495710893.000000
565493955000.000000,1751478705.576057,565527357812.000000
565527278000.000000,1751478705.609498,565560800044.000000
565560601000.000000,1751478705.642892,565594192980.000000
565593921000.000000,1751478705.676888,565628189390.000000
565627241000.000000,1751478705.710518,565661820287.000000
565660562000.000000,1751478705.743764,565695064743.000000
565693884000.000000,1751478705.776995,565728296884.000000
565727206000.000000,1751478705.809440,565760740739.000000
565760529000.000000,1751478705.842999,565794299747.000000
565793856000.000000,1751478705.876326,565827627683.000000
565827176000.000000,1751478705.909894,565861195654.000000
565860491000.000000,1751478705.944357,565895657764.000000
565893812000.000000,1751478705.976606,565927906601.000000
565927134000.000000,1751478706.010175,565961475998.000000
565960460000.000000,1751478706.043865,565995166598.000000
565993777000.000000,1751478706.077077,566028379295.000000
566027099000.000000,1751478706.110561,566061862267.000000
566060420000.000000,1751478706.144050,566095351035.000000
566093742000.000000,1751478706.177398,566128699287.000000
566127063000.000000,1751478706.211080,566162380275.000000
566160385000.000000,1751478706.244465,566195765970.000000
566193708000.000000,1751478706.277830,566229131555.000000
566227027000.000000,1751478706.311338,566262638378.000000
566260347000.000000,1751478706.344532,566295832539.000000
566293671000.000000,1751478706.377959,566329259845.000000
566326989000.000000,1751478706.412653,566363954377.000000
566360311000.000000,1751478706.445675,566396976706.000000
566393632000.000000,1751478706.479130,566430431586.000000
566426954000.000000,1751478706.512637,566463938113.000000
566460276000.000000,1751478706.544357,566495657068.000000
566493599000.000000,1751478706.577804,566529105726.000000
566526919000.000000,1751478706.613272,566564574027.000000
566560240000.000000,1751478706.645177,566596478424.000000
566593561000.000000,1751478706.678653,566629954600.000000
566626883000.000000,1751478706.712405,566663706754.000000
566660207000.000000,1751478706.741930,566693231012.000000
566693529000.000000,1751478706.778023,566729323954.000000
566726847000.000000,1751478706.808785,566760086031.000000
566760171000.000000,1751478706.842252,566793553578.000000
566793493000.000000,1751478706.875453,566826754534.000000
566826815000.000000,1751478706.908755,566860056175.000000
566860135000.000000,1751478706.942119,566893420648.000000
566893458000.000000,1751478706.975263,566926564032.000000
566926779000.000000,1751478707.008579,566959880246.000000
566960099000.000000,1751478707.042138,566993439051.000000
566993421000.000000,1751478707.075376,567026677174.000000
567026743000.000000,1751478707.108613,567059913556.000000
567060064000.000000,1751478707.141845,567093146401.000000
567093386000.000000,1751478707.175960,567127260792.000000
567126707000.000000,1751478707.210875,567162177081.000000
567160032000.000000,1751478707.243011,567194312494.000000
567193349000.000000,1751478707.279108,567230409251.000000
567226669000.000000,1751478707.310147,567261448029.000000
567259991000.000000,1751478707.341760,567293061411.000000
567293315000.000000,1751478707.375134,567326435403.000000
567326635000.000000,1751478707.410997,567362297922.000000
567359956000.000000,1751478707.442784,567394085098.000000
567393278000.000000,1751478707.476151,567427453127.000000
567426600000.000000,1751478707.510642,567461943421.000000
567459920000.000000,1751478707.541733,567493034254.000000
567493243000.000000,1751478707.575063,567526363912.000000
567526565000.000000,1751478707.608331,567559632091.000000
567559885000.000000,1751478707.641941,567593241802.000000
567593207000.000000,1751478707.675133,567626434092.000000
567626528000.000000,1751478707.711405,567662706236.000000
567659847000.000000,1751478707.742603,567693903586.000000
567693171000.000000,1751478707.775800,567727102728.000000
567726491000.000000,1751478707.810523,567761823760.000000
567759813000.000000,1751478707.841635,567792935129.000000
567793135000.000000,1751478707.875131,567826431231.000000
567826456000.000000,1751478707.908875,567860175255.000000
567859776000.000000,1751478707.941548,567892848996.000000
567893100000.000000,1751478707.975055,567926355782.000000
567926421000.000000,1751478708.012590,567963891690.000000
567959741000.000000,1751478708.042520,567993821295.000000
567993063000.000000,1751478708.075967,568027268249.000000
568026386000.000000,1751478708.111153,568062454423.000000
568059707000.000000,1751478708.142520,568093821308.000000
568093027000.000000,1751478708.175776,568127077264.000000
568126349000.000000,1751478708.208646,568159946947.000000
568159670000.000000,1751478708.241648,568192949573.000000
568192991000.000000,1751478708.275023,568226324694.000000
568226313000.000000,1751478708.308576,568259877906.000000
568259635000.000000,1751478708.341858,568293158528.000000
568292955000.000000,1751478708.374949,568326250005.000000
568326276000.000000,1751478708.409684,568360985574.000000
568359598000.000000,1751478708.442631,568393933645.000000
568392920000.000000,1751478708.475950,568427252489.000000
568426242000.000000,1751478708.508614,568459915026.000000
568459564000.000000,1751478708.541573,568492875022.000000
568492885000.000000,1751478708.574854,568526154756.000000
568526206000.000000,1751478708.608773,568560074723.000000
568559528000.000000,1751478708.642452,568593752804.000000
568592847000.000000,1751478708.675742,568627043889.000000
568626170000.000000,1751478708.708517,568659818295.000000
568659491000.000000,1751478708.741531,568692831328.000000
568692813000.000000,1751478708.774771,568726071969.000000
568726133000.000000,1751478708.808522,568759822975.000000
568759455000.000000,1751478708.841898,568793199208.000000
568792776000.000000,1751478708.875061,568826362924.000000
568826097000.000000,1751478708.908298,568859599566.000000
568859418000.000000,1751478708.941519,568892820504.000000
568892741000.000000,1751478708.974813,568926115533.000000
568926062000.000000,1751478709.008856,568960157758.000000
568959384000.000000,1751478709.042483,568993784173.000000
568992706000.000000,1751478709.075575,569026875612.000000
569026027000.000000,1751478709.108396,569059697277.000000
569059348000.000000,1751478709.141467,569092768217.000000
569092670000.000000,1751478709.174608,569125908378.000000
569125991000.000000,1751478709.208427,569159728457.000000
569159313000.000000,1751478709.244641,569195942250.000000
569192633000.000000,1751478709.275454,569226755289.000000
569225957000.000000,1751478709.308335,569259636972.000000
569259277000.000000,1751478709.341234,569292534876.000000
569292598000.000000,1751478709.374531,569325831314.000000
569325919000.000000,1751478709.408309,569359612023.000000
569359242000.000000,1751478709.442161,569393462935.000000
569392561000.000000,1751478709.475604,569426905056.000000
569425884000.000000,1751478709.508627,569459928274.000000
569459206000.000000,1751478709.541367,569492668069.000000
569492526000.000000,1751478709.574510,569525810897.000000
569525848000.000000,1751478709.607860,569559161167.000000
569559169000.000000,1751478709.642920,569594221510.000000
569592491000.000000,1751478709.674475,569625776503.000000
569625813000.000000,1751478709.707794,569659094848.000000
569659135000.000000,1751478709.741091,569692392544.000000
569692456000.000000,1751478709.774448,569725749906.000000
569725778000.000000,1751478709.808877,569760178608.000000
569759098000.000000,1751478709.841971,569793273011.000000
569792420000.000000,1751478709.875381,569826683558.000000
569825741000.000000,1751478709.909187,569860488396.000000
569859062000.000000,1751478709.941101,569892401701.000000
569892383000.000000,1751478709.974287,569925588399.000000
569925705000.000000,1751478710.008116,569959417756.000000
569959025000.000000,1751478710.041419,569992719970.000000
569992348000.000000,1751478710.074768,570026069888.000000
570025669000.000000,1751478710.108076,570059375973.000000
570058991000.000000,1751478710.141171,570092471487.000000
570092312000.000000,1751478710.174527,570125828479.000000
570125634000.000000,1751478710.207769,570159070028.000000
570158954000.000000,1751478710.241015,570192317151.000000
570192277000.000000,1751478710.274376,570225677198.000000
570225598000.000000,1751478710.307732,570259033449.000000
570258919000.000000,1751478710.341090,570292391904.000000
570292240000.000000,1751478710.375077,570326378482.000000
570325562000.000000,1751478710.410404,570361705655.000000
570358884000.000000,1751478710.442182,570393482943.000000
570392206000.000000,1751478710.477698,570428998762.000000
570425526000.000000,1751478710.510346,570461648169.000000
570458848000.000000,1751478710.541322,570492624281.000000
570492169000.000000,1751478710.574486,570525788386.000000
570525491000.000000,1751478710.608010,570559310969.000000
570558814000.000000,1751478710.641360,570592660813.000000
570592133000.000000,1751478710.674923,570626223710.000000
570625455000.000000,1751478710.708240,570659540980.000000
570658776000.000000,1751478710.741650,570692951601.000000
570692097000.000000,1751478710.775170,570726471387.000000
570725419000.000000,1751478710.811712,570763013991.000000
570758740000.000000,1751478710.843064,570794364802.000000
570792073000.000000,1751478710.876457,570827758590.000000
570825383000.000000,1751478710.912169,570863470759.000000
570858705000.000000,1751478710.942454,570893754767.000000
570892026000.000000,1751478710.975821,570927122648.000000
570925348000.000000,1751478711.009487,570960787914.000000
570958670000.000000,1751478711.042927,570994228591.000000
570991990000.000000,1751478711.076849,571028150724.000000
571025312000.000000,1751478711.110115,571061416013.000000
571058632000.000000,1751478711.142977,571094278752.000000
571091957000.000000,1751478711.176081,571127382728.000000
571125279000.000000,1751478711.209497,571160797516.000000
571158599000.000000,1751478711.242968,571194269469.000000
571191920000.000000,1751478711.276389,571227690072.000000
571225240000.000000,1751478711.309474,571260775048.000000
571258562000.000000,1751478711.342798,571294099633.000000
571291883000.000000,1751478711.375909,571327209480.000000
571325207000.000000,1751478711.409235,571360536731.000000
571358528000.000000,1751478711.442544,571393845594.000000
571391849000.000000,1751478711.473681,571424982297.000000
571425170000.000000,1751478711.506985,571458286826.000000
571458492000.000000,1751478711.540257,571491558523.000000
571491815000.000000,1751478711.573693,571524994292.000000
571525135000.000000,1751478711.606838,571558138879.000000
571558458000.000000,1751478711.640415,571591715831.000000
571591778000.000000,1751478711.673688,571624989342.000000
571625099000.000000,1751478711.710543,571661844313.000000
571658418000.000000,1751478711.741200,571692500965.000000
571691741000.000000,1751478711.774462,571725762829.000000
571725064000.000000,1751478711.811928,571763230256.000000
571758384000.000000,1751478711.840162,571791461935.000000
571791707000.000000,1751478711.873524,571824825020.000000
571825027000.000000,1751478711.906815,571858115883.000000
571858350000.000000,1751478711.940109,571891411246.000000
571891672000.000000,1751478711.973423,571924724127.000000
571924993000.000000,1751478712.006829,571958130193.000000
571958313000.000000,1751478712.040239,571991540203.000000
571991635000.000000,1751478712.073519,572024819677.000000
572024957000.000000,1751478712.109165,572060467439.000000
572058276000.000000,1751478712.140906,572092207172.000000
572091600000.000000,1751478712.174271,572125572293.000000
572124920000.000000,1751478712.207629,572158931063.000000
572158241000.000000,1751478712.240042,572191343399.000000
572191564000.000000,1751478712.273348,572224649577.000000
572224884000.000000,1751478712.306615,572257916144.000000
572258206000.000000,1751478712.340013,572291313654.000000
572291529000.000000,1751478712.373513,572324814311.000000
572324849000.000000,1751478712.406603,572357904417.000000
572358171000.000000,1751478712.441154,572392456284.000000
572391492000.000000,1751478712.474570,572425870868.000000
572424813000.000000,1751478712.507775,572459076251.000000
572458135000.000000,1751478712.539912,572491213275.000000
572491456000.000000,1751478712.573161,572524462176.000000
572524777000.000000,1751478712.606803,572558103924.000000
572558099000.000000,1751478712.640110,572591411898.000000
572591420000.000000,1751478712.673440,572624741186.000000
572624742000.000000,1751478712.706872,572658173788.000000
572658064000.000000,1751478712.740097,572691397986.000000
572691385000.000000,1751478712.773654,572724954105.000000
572724705000.000000,1751478712.806839,572758140765.000000
572758027000.000000,1751478712.842089,572793390773.000000
572791348000.000000,1751478712.874173,572825474724.000000
572824669000.000000,1751478712.907369,572858669792.000000
572857991000.000000,1751478712.941781,572893082161.000000
572891314000.000000,1751478712.973060,572924360769.000000
572924634000.000000,1751478713.006648,572957949721.000000
572957956000.000000,1751478713.040887,572992188333.000000
572991277000.000000,1751478713.074260,573025561047.000000
573024598000.000000,1751478713.107522,573058824077.000000
573057920000.000000,1751478713.140028,573091328726.000000
573091242000.000000,1751478713.173374,573124675107.000000
573124563000.000000,1751478713.206615,573157917064.000000
573157885000.000000,1751478713.241366,573192666743.000000
573191206000.000000,1751478713.274203,573225504834.000000
573224526000.000000,1751478713.307610,573258910733.000000
573257849000.000000,1751478713.342496,573293797707.000000
573291169000.000000,1751478713.373031,573324332231.000000
573324491000.000000,1751478713.406463,573357764648.000000
573357815000.000000,1751478713.440053,573391353915.000000
573391134000.000000,1751478713.473285,573424586335.000000
573424456000.000000,1751478713.506638,573457940086.000000
573457777000.000000,1751478713.540647,573491948126.000000
573491099000.000000,1751478713.574194,573525494857.000000
573524419000.000000,1751478713.607250,573558550963.000000
573557741000.000000,1751478713.639945,573591246833.000000
573591063000.000000,1751478713.673073,573624374253.000000
573624383000.000000,1751478713.706410,573657712153.000000
573657706000.000000,1751478713.740650,573691952265.000000
573691026000.000000,1751478713.774012,573725314090.000000
573724347000.000000,1751478713.807230,573758530843.000000
573757669000.000000,1751478713.839645,573790946012.000000
573790991000.000000,1751478713.873443,573824744184.000000
573824311000.000000,1751478713.906368,573857668681.000000
573857634000.000000,1751478713.939715,573891016136.000000
573890956000.000000,1751478713.973504,573924805160.000000
573924275000.000000,1751478714.006555,573957857489.000000
573957598000.000000,1751478714.040775,573992076138.000000
573990920000.000000,1751478714.075563,574026864817.000000
574024242000.000000,1751478714.107174,574058475607.000000
574057562000.000000,1751478714.139530,574090831295.000000
574090884000.000000,1751478714.173145,574124446580.000000
574124204000.000000,1751478714.206340,574157640426.000000
574157525000.000000,1751478714.240470,574191771428.000000
574190847000.000000,1751478714.274317,574225618599.000000
574224169000.000000,1751478714.307285,574258587374.000000
574257491000.000000,1751478714.339691,574290992376.000000
574290812000.000000,1751478714.372862,574324164056.000000
574324133000.000000,1751478714.406226,574357527992.000000
574357454000.000000,1751478714.439741,574391041871.000000
574390778000.000000,1751478714.473425,574424725748.000000
574424097000.000000,1751478714.506169,574457470117.000000
574457420000.000000,1751478714.539419,574490719388.000000
574490744000.000000,1751478714.572751,574524052029.000000
574524062000.000000,1751478714.606053,574557353873.000000
574557384000.000000,1751478714.640483,574591784316.000000
574590705000.000000,1751478714.673701,574625001772.000000
574624027000.000000,1751478714.707021,574658323006.000000
574657350000.000000,1751478714.739449,574690749990.000000
574690670000.000000,1751478714.772657,574723958224.000000
574723991000.000000,1751478714.805965,574757265513.000000
574757312000.000000,1751478714.839406,574790707819.000000
574790634000.000000,1751478714.872818,574824119754.000000
574823955000.000000,1751478714.906466,574857767539.000000
574857277000.000000,1751478714.939348,574890650259.000000
574890598000.000000,1751478714.972688,574923990270.000000
574923919000.000000,1751478715.006156,574957457075.000000
574957241000.000000,1751478715.039372,574990673087.000000
574990562000.000000,1751478715.072624,575023925617.000000
575023883000.000000,1751478715.106028,575057329831.000000
575057205000.000000,1751478715.139452,575090753674.000000
575090526000.000000,1751478715.172646,575123946464.000000
575123847000.000000,1751478715.205993,575157295252.000000
575157170000.000000,1751478715.239648,575190948574.000000
575190491000.000000,1751478715.272658,575223959422.000000
575223811000.000000,1751478715.307764,575259066005.000000
575257133000.000000,1751478715.339587,575290888681.000000
575290455000.000000,1751478715.372976,575324277229.000000
575323776000.000000,1751478715.409025,575360325838.000000
575357096000.000000,1751478715.439714,575391015749.000000
575390418000.000000,1751478715.473140,575424441740.000000
575423740000.000000,1751478715.506806,575458106414.000000
575457062000.000000,1751478715.540066,575491365852.000000
575490383000.000000,1751478715.573479,575524779824.000000
575523705000.000000,1751478715.606910,575558211223.000000
575557035000.000000,1751478715.640508,575591809027.000000
575590349000.000000,1751478715.673824,575625124186.000000
575623669000.000000,1751478715.707343,575658643602.000000
575656991000.000000,1751478715.740757,575692058390.000000
575690312000.000000,1751478715.774175,575725476325.000000
575723632000.000000,1751478715.807734,575759034871.000000
575756953000.000000,1751478715.841050,575792351585.000000
575790274000.000000,1751478715.874603,575825904094.000000
575823598000.000000,1751478715.910647,575861947740.000000
575856917000.000000,1751478715.941291,575892592022.000000
575890240000.000000,1751478715.974413,575925714350.000000
575923561000.000000,1751478716.007791,575959092805.000000
575956884000.000000,1751478716.041147,575992448075.000000
575990205000.000000,1751478716.074311,576025612050.000000
576023526000.000000,1751478716.107517,576058817951.000000
576056847000.000000,1751478716.140795,576092095722.000000
576090168000.000000,1751478716.174112,576125413548.000000
576123491000.000000,1751478716.205135,576156435955.000000
576156814000.000000,1751478716.238536,576189837335.000000
576190133000.000000,1751478716.271987,576223288789.000000
576223454000.000000,1751478716.305143,576256445154.000000
576256777000.000000,1751478716.338442,576289743850.000000
576290097000.000000,1751478716.371772,576323072916.000000
576323419000.000000,1751478716.405117,576356418094.000000
576356742000.000000,1751478716.439226,576390526966.000000
576390062000.000000,1751478716.472620,576423922458.000000
576423383000.000000,1751478716.506113,576457414763.000000
576456706000.000000,1751478716.538651,576489953134.000000
576490025000.000000,1751478716.571930,576523231905.000000
576523347000.000000,1751478716.605084,576556387159.000000
576556669000.000000,1751478716.638603,576589905223.000000
576589990000.000000,1751478716.671902,576623204678.000000
576623311000.000000,1751478716.705539,576656840093.000000
576656634000.000000,1751478716.739723,576691023946.000000
576689958000.000000,1751478716.771713,576723013565.000000
576723278000.000000,1751478716.805104,576756404852.000000
576756598000.000000,1751478716.838538,576789839473.000000
576789920000.000000,1751478716.871715,576823015578.000000
576823241000.000000,1751478716.905017,576856318071.000000
576856562000.000000,1751478716.938388,576889689192.000000
576889883000.000000,1751478716.971650,576922950278.000000
576923206000.000000,1751478717.005089,576956389621.000000
576956527000.000000,1751478717.038775,576990076776.000000
576989848000.000000,1751478717.071776,577023076401.000000
577023169000.000000,1751478717.105086,577056385986.000000
577056491000.000000,1751478717.139344,577090645561.000000
577089812000.000000,1751478717.171623,577122924213.000000
577123134000.000000,1751478717.204879,577156180003.000000
577156455000.000000,1751478717.238789,577190089951.000000
577189776000.000000,1751478717.271522,577222822895.000000
577223098000.000000,1751478717.304923,577256224719.000000
577256420000.000000,1751478717.338252,577289553397.000000
577289741000.000000,1751478717.371521,577322822112.000000
577323064000.000000,1751478717.405126,577356427860.000000
577356383000.000000,1751478717.438735,577390037498.000000
577389706000.000000,1751478717.472485,577423786467.000000
577423026000.000000,1751478717.505877,577457179014.000000
577456348000.000000,1751478717.538901,577490202713.000000
577489669000.000000,1751478717.571664,577522964619.000000
577522990000.000000,1751478717.605037,577556338148.000000
577556311000.000000,1751478717.638727,577590028729.000000
577589633000.000000,1751478717.671755,577623055262.000000
577622955000.000000,1751478717.705033,577656334310.000000
577656276000.000000,1751478717.738811,577690112353.000000
577689598000.000000,1751478717.772800,577724102245.000000
577722919000.000000,1751478717.805670,577756971057.000000
577756240000.000000,1751478717.838806,577790107107.000000
577789561000.000000,1751478717.871572,577822874125.000000
577822883000.000000,1751478717.904898,577856199561.000000
577856204000.000000,1751478717.938776,577890076807.000000
577889526000.000000,1751478717.974445,577925746476.000000
577922847000.000000,1751478718.005641,577956941381.000000
577956169000.000000,1751478718.038948,577990249022.000000
577989490000.000000,1751478718.071808,578023109797.000000
578022810000.000000,1751478718.104915,578056215996.000000
578056133000.000000,1751478718.138193,578089494211.000000
578089455000.000000,1751478718.171510,578122812481.000000
578122776000.000000,1751478718.204816,578156117159.000000
578156097000.000000,1751478718.238198,578189499243.000000
578189418000.000000,1751478718.271431,578222732070.000000
578222741000.000000,1751478718.304855,578256155672.000000
578256062000.000000,1751478718.338655,578289955863.000000
578289384000.000000,1751478718.373885,578325186223.000000
578322704000.000000,1751478718.405677,578356978362.000000
578356026000.000000,1751478718.438850,578390151097.000000
578389347000.000000,1751478718.471735,578423037298.000000
578422668000.000000,1751478718.505127,578456428993.000000
578455991000.000000,1751478718.538280,578489581283.000000
578489311000.000000,1751478718.571637,578522938072.000000
578522631000.000000,1751478718.604841,578556141732.000000
578555954000.000000,1751478718.638016,578589317559.000000
578589275000.000000,1751478718.671422,578622724273.000000
578622598000.000000,1751478718.704690,578655990859.000000
578655921000.000000,1751478718.738171,578689472386.000000
578689241000.000000,1751478718.771253,578722554437.000000
578722563000.000000,1751478718.804543,578755843578.000000
578755884000.000000,1751478718.839838,578791139085.000000
578789206000.000000,1751478718.872197,578823497866.000000
578822527000.000000,1751478718.905613,578856915302.000000
578855848000.000000,1751478718.939485,578890785602.000000
578889169000.000000,1751478718.971263,578922565353.000000
578922489000.000000,1751478719.004922,578956223805.000000
578955812000.000000,1751478719.040524,578991825401.000000
578989134000.000000,1751478719.072166,579023466783.000000
579022455000.000000,1751478719.106372,579057672802.000000
579055777000.000000,1751478719.139095,579090396449.000000
579089097000.000000,1751478719.172204,579123505870.000000
579122418000.000000,1751478719.205612,579156913046.000000
579155740000.000000,1751478719.240997,579192298256.000000
579189061000.000000,1751478719.271190,579222491451.000000
579222385000.000000,1751478719.307063,579258364025.000000
579255704000.000000,1751478719.337699,579289000752.000000
579289028000.000000,1751478719.371205,579322522131.000000
579322348000.000000,1751478719.404408,579355708680.000000
579355670000.000000,1751478719.438159,579389461501.000000
579388990000.000000,1751478719.471249,579422550014.000000
579422314000.000000,1751478719.504679,579455980376.000000
579455635000.000000,1751478719.538225,579489527088.000000
579488954000.000000,1751478719.571313,579522614750.000000
579522276000.000000,1751478719.604630,579555931798.000000
579555598000.000000,1751478719.638001,579589303901.000000
579588920000.000000,1751478719.671284,579622586171.000000
579622241000.000000,1751478719.706328,579657628700.000000
579655562000.000000,1751478719.737903,579689204175.000000
579688884000.000000,1751478719.771419,579722720517.000000
579722205000.000000,1751478719.804351,579755652532.000000
579755527000.000000,1751478719.837972,579789274706.000000
579788847000.000000,1751478719.871178,579822479089.000000
579822170000.000000,1751478719.904413,579855714823.000000
579855492000.000000,1751478719.937783,579889084037.000000
579888814000.000000,1751478719.971276,579922577323.000000
579922133000.000000,1751478720.004399,579955700744.000000
579955455000.000000,1751478720.038332,579989633378.000000
579988776000.000000,1751478720.071316,580022618133.000000
580022101000.000000,1751478720.104538,580055839423.000000
580055419000.000000,1751478720.138164,580089464782.000000
580088740000.000000,1751478720.171551,580122851811.000000
580122061000.000000,1751478720.204973,580156274950.000000
580155383000.000000,1751478720.238304,580189604720.000000
580188705000.000000,1751478720.272362,580223663186.000000
580222048000.000000,1751478720.305180,580256481369.000000
580255347000.000000,1751478720.338891,580290192320.000000
580288668000.000000,1751478720.372309,580323610626.000000
580321990000.000000,1751478720.405337,580356638381.000000
580355313000.000000,1751478720.439333,580390634717.000000
580388634000.000000,1751478720.472508,580423809341.000000
580421955000.000000,1751478720.505926,580457227147.000000
580455276000.000000,1751478720.539986,580491287705.000000
580488598000.000000,1751478720.573463,580524765566.000000
580521919000.000000,1751478720.606778,580558079929.000000
580555240000.000000,1751478720.643966,580595267211.000000
580588562000.000000,1751478720.672523,580623824387.000000
580621883000.000000,1751478720.705998,580657299396.000000
580655205000.000000,1751478720.741857,580693157508.000000
580688526000.000000,1751478720.772570,580723871474.000000
580721847000.000000,1751478720.805936,580757237614.000000
580755168000.000000,1751478720.839695,580790996046.000000
580788491000.000000,1751478720.874060,580825361323.000000
580821811000.000000,1751478720.907375,580858676260.000000
580855133000.000000,1751478720.940157,580891458166.000000
580888453000.000000,1751478720.970263,580921564287.000000
580921777000.000000,1751478721.003531,580954831873.000000
580955099000.000000,1751478721.038483,580989784143.000000
580988419000.000000,1751478721.070135,581021436284.000000
581021741000.000000,1751478721.103432,581054733999.000000
581055063000.000000,1751478721.136828,581088129749.000000
581088384000.000000,1751478721.170147,581121448945.000000
581121706000.000000,1751478721.203392,581154692439.000000
581155028000.000000,1751478721.237012,581188312909.000000
581188348000.000000,1751478721.270140,581221442274.000000
581221670000.000000,1751478721.303438,581254739693.000000
581254992000.000000,1751478721.336846,581288147036.000000
581288313000.000000,1751478721.370211,581321511583.000000
581321635000.000000,1751478721.403361,581354662152.000000
581354956000.000000,1751478721.436806,581388106717.000000
581388277000.000000,1751478721.469994,581421295340.000000
581421599000.000000,1751478721.503265,581454566555.000000
581454921000.000000,1751478721.536618,581487919214.000000
581488241000.000000,1751478721.569941,581521242262.000000
581521563000.000000,1751478721.603271,581554572662.000000
581554885000.000000,1751478721.636650,581587951153.000000
581588205000.000000,1751478721.670089,581621389607.000000
581621526000.000000,1751478721.703352,581654653285.000000
581654848000.000000,1751478721.736604,581687904575.000000
581688169000.000000,1751478721.769894,581721194790.000000
581721491000.000000,1751478721.803284,581754586041.000000
581754815000.000000,1751478721.836580,581787880515.000000
581788133000.000000,1751478721.870570,581821872185.000000
581821454000.000000,1751478721.903182,581854483815.000000
581854777000.000000,1751478721.936540,581887841325.000000
581888097000.000000,1751478721.971867,581923168628.000000
581921419000.000000,1751478722.003257,581954558457.000000
581954741000.000000,1751478722.036576,581987877616.000000
581988062000.000000,1751478722.069868,582021169146.000000
582021383000.000000,1751478722.103162,582054462843.000000
582054705000.000000,1751478722.136386,582087687447.000000
582088031000.000000,1751478722.170048,582121350917.000000
582121349000.000000,1751478722.203175,582154476189.000000
582154670000.000000,1751478722.236646,582187947439.000000
582187990000.000000,1751478722.270914,582222214736.000000
582221311000.000000,1751478722.303974,582255275009.000000
582254633000.000000,1751478722.337378,582288679352.000000
582287954000.000000,1751478722.371917,582323218071.000000
582321276000.000000,1751478722.403047,582354347811.000000
582354598000.000000,1751478722.436908,582388209316.000000
582387919000.000000,1751478722.470037,582421338903.000000
582421241000.000000,1751478722.503173,582454474082.000000
582454563000.000000,1751478722.536557,582487858407.000000
582487885000.000000,1751478722.569844,582521145326.000000
582521206000.000000,1751478722.603188,582554488652.000000
582554527000.000000,1751478722.636523,582587824144.000000
582587847000.000000,1751478722.670129,582621430763.000000
582621168000.000000,1751478722.702994,582654295797.000000
582654491000.000000,1751478722.736524,582687825065.000000
582687812000.000000,1751478722.770818,582722120546.000000
582721136000.000000,1751478722.803839,582755139653.000000
582754454000.000000,1751478722.837639,582788940844.000000
582787776000.000000,1751478722.869813,582821113608.000000
582821097000.000000,1751478722.903144,582854445175.000000
582854419000.000000,1751478722.936415,582887716075.000000
582887741000.000000,1751478722.969712,582921012494.000000
582921063000.000000,1751478723.003117,582954417985.000000
582954383000.000000,1751478723.036435,582987736496.000000
582987705000.000000,1751478723.069696,583020997582.000000
583021026000.000000,1751478723.104263,583055563986.000000
583054347000.000000,1751478723.136342,583087643048.000000
583087671000.000000,1751478723.169686,583120988021.000000
583120989000.000000,1751478723.205589,583156889503.000000
583154311000.000000,1751478723.236554,583187855596.000000
583187633000.000000,1751478723.269961,583221263254.000000
583220952000.000000,1751478723.303024,583254326472.000000
583254276000.000000,1751478723.336332,583287632816.000000
583287597000.000000,1751478723.369794,583321095362.000000
583320922000.000000,1751478723.403088,583354389744.000000
583354240000.000000,1751478723.436190,583387492480.000000
583387569000.000000,1751478723.469576,583420876916.000000
583420883000.000000,1751478723.504086,583455387395.000000
583454204000.000000,1751478723.536301,583487602325.000000
583487527000.000000,1751478723.570936,583522236692.000000
583520847000.000000,1751478723.604199,583555500481.000000
583554168000.000000,1751478723.637235,583588536866.000000
583587491000.000000,1751478723.669685,583620986609.000000
583620811000.000000,1751478723.702843,583654144418.000000
583654133000.000000,1751478723.736166,583687466799.000000
583687455000.000000,1751478723.769692,583720993122.000000
583720776000.000000,1751478723.802752,583754052747.000000
583754098000.000000,1751478723.836509,583787810531.000000
583787417000.000000,1751478723.870628,583821928792.000000
583820741000.000000,1751478723.903679,583854980306.000000
583854062000.000000,1751478723.937131,583888432982.000000
583887384000.000000,1751478723.969398,583920699838.000000
583920704000.000000,1751478724.002778,583954080256.000000
583954025000.000000,1751478724.036286,583987587542.000000
583987348000.000000,1751478724.069450,584020751722.000000
584020669000.000000,1751478724.102843,584054144324.000000
584053991000.000000,1751478724.135998,584087298596.000000
584087312000.000000,1751478724.169250,584120551867.000000
584120633000.000000,1751478724.202852,584154152968.000000
584153954000.000000,1751478724.237290,584188591706.000000
584187276000.000000,1751478724.269454,584220755416.000000
584220596000.000000,1751478724.302744,584254045834.000000
584253919000.000000,1751478724.337613,584288914068.000000
584287239000.000000,1751478724.370289,584321589587.000000
584320561000.000000,1751478724.403500,584354801839.000000
584353883000.000000,1751478724.436874,584388176609.000000
584387205000.000000,1751478724.469325,584420625259.000000
584420526000.000000,1751478724.502485,584453785772.000000
584453849000.000000,1751478724.535980,584487282188.000000
584487169000.000000,1751478724.569175,584520476756.000000
584520488000.000000,1751478724.602611,584553912266.000000
584553811000.000000,1751478724.635897,584587199536.000000
584587133000.000000,1751478724.669808,584621108448.000000
584620454000.000000,1751478724.703106,584654407385.000000
584653776000.000000,1751478724.736554,584687855246.000000
584687096000.000000,1751478724.769692,584720993796.000000
584720418000.000000,1751478724.802426,584753728462.000000
584753741000.000000,1751478724.836154,584787455487.000000
584787063000.000000,1751478724.869376,584820677295.000000
584820383000.000000,1751478724.902918,584854218804.000000
584853704000.000000,1751478724.936311,584887612184.000000
584887024000.000000,1751478724.969730,584921030749.000000
584920345000.000000,1751478725.003546,584954846644.000000
584953667000.000000,1751478725.036749,584988050545.000000
584986989000.000000,1751478725.070240,585021541757.000000
585020311000.000000,1751478725.103629,585054930730.000000
585053632000.000000,1751478725.136853,585088154465.000000
585086954000.000000,1751478725.170420,585121720862.000000
585120274000.000000,1751478725.203905,585155205167.000000
585153623000.000000,1751478725.237538,585188839322.000000
585186919000.000000,1751478725.270727,585222028724.000000
585220240000.000000,1751478725.304293,585255594398.000000
585253563000.000000,1751478725.337732,585289032871.000000
585286883000.000000,1751478725.371153,585322454270.000000
585320203000.000000,1751478725.404425,585355726744.000000
585353525000.000000,1751478725.437808,585389109273.000000
585386854000.000000,1751478725.471270,585422570819.000000
585420168000.000000,1751478725.504640,585455941644.000000
585453489000.000000,1751478725.538015,585489316988.000000
585486810000.000000,1751478725.573390,585524692161.000000
585520132000.000000,1751478725.605230,585556531188.000000
585553452000.000000,1751478725.638539,585589839959.000000
585586775000.000000,1751478725.674367,585625668219.000000
585620096000.000000,1751478725.704049,585655350604.000000
585653419000.000000,1751478725.735198,585686498788.000000
585686741000.000000,1751478725.768502,585719802762.000000
585720062000.000000,1751478725.801673,585752973756.000000
585753385000.000000,1751478725.835092,585786392951.000000
585786707000.000000,1751478725.868501,585819802813.000000
585820027000.000000,1751478725.901776,585853077824.000000
585853349000.000000,1751478725.934997,585886298355.000000
585886670000.000000,1751478725.968426,585919727105.000000
585919991000.000000,1751478726.001866,585953166466.000000
585953313000.000000,1751478726.035225,585986525662.000000
585986635000.000000,1751478726.071070,586022371274.000000
586019954000.000000,1751478726.101574,586052875243.000000
586053277000.000000,1751478726.135270,586086571509.000000
586086599000.000000,1751478726.173927,586125228292.000000
586119916000.000000,1751478726.202566,586153868560.000000
586153240000.000000,1751478726.236017,586187318847.000000
586186563000.000000,1751478726.268471,586219772738.000000
586219884000.000000,1751478726.301607,586252908825.000000
586253206000.000000,1751478726.334898,586286198466.000000
586286528000.000000,1751478726.368246,586319546903.000000
586319849000.000000,1751478726.401481,586352781452.000000
586353170000.000000,1751478726.434885,586386186462.000000
586386492000.000000,1751478726.468067,586419367937.000000
586419812000.000000,1751478726.501537,586452837687.000000
586453134000.000000,1751478726.535305,586486606748.000000
586486456000.000000,1751478726.569143,586520445327.000000
586519778000.000000,1751478726.602485,586553786005.000000
586553098000.000000,1751478726.635828,586587129275.000000
586586420000.000000,1751478726.668668,586619969439.000000
586619741000.000000,1751478726.701449,586652750438.000000
586653063000.000000,1751478726.734701,586686001690.000000
586686383000.000000,1751478726.768554,586719855565.000000
586719706000.000000,1751478726.802270,586753571275.000000
586753027000.000000,1751478726.835811,586787112506.000000
586786348000.000000,1751478726.868552,586819852746.000000
586819669000.000000,1751478726.901787,586853088591.000000
586852991000.000000,1751478726.934621,586885921552.000000
586886312000.000000,1751478726.968344,586919645391.000000
586919633000.000000,1751478727.004283,586955584428.000000
586952953000.000000,1751478727.034737,586986037509.000000
586986277000.000000,1751478727.068169,587019471074.000000
587019599000.000000,1751478727.101444,587052745344.000000
587052919000.000000,1751478727.135125,587086427314.000000
587086240000.000000,1751478727.169062,587120363392.000000
587119563000.000000,1751478727.202225,587153527497.000000
587152883000.000000,1751478727.236213,587187514390.000000
587186205000.000000,1751478727.269012,587220312703.000000
587219527000.000000,1751478727.302517,587253818582.000000
587252846000.000000,1751478727.335774,587287074612.000000
587286169000.000000,1751478727.368375,587319676464.000000
587319491000.000000,1751478727.403847,587355147155.000000
587352809000.000000,1751478727.434633,587385933861.000000
587386135000.000000,1751478727.468059,587419359371.000000
587419455000.000000,1751478727.501417,587452717603.000000
587452777000.000000,1751478727.534735,587486036448.000000
587486098000.000000,1751478727.568447,587519748602.000000
587519421000.000000,1751478727.602355,587553656440.000000
587552741000.000000,1751478727.635891,587587192967.000000
587586062000.000000,1751478727.668600,587619901022.000000
587619383000.000000,1751478727.701407,587652708612.000000
587652705000.000000,1751478727.734661,587685962198.000000
587686027000.000000,1751478727.767901,587719202414.000000
587719349000.000000,1751478727.801348,587752649423.000000
587752669000.000000,1751478727.834778,587786078655.000000
587785990000.000000,1751478727.868065,587819367462.000000
587819312000.000000,1751478727.901867,587853167968.000000
587852632000.000000,1751478727.934617,587885918504.000000
587885955000.000000,1751478727.968158,587919460142.000000
587919277000.000000,1751478728.001180,587952481119.000000
587952598000.000000,1751478728.034842,587986143145.000000
587985919000.000000,1751478728.068516,588019817614.000000
588019239000.000000,1751478728.102000,588053300957.000000
588052561000.000000,1751478728.137465,588088766573.000000
588085881000.000000,1751478728.168402,588119704037.000000
588119205000.000000,1751478728.201139,588152440758.000000
588152526000.000000,1751478728.234607,588185907897.000000
588185848000.000000,1751478728.268025,588219326796.000000
588219168000.000000,1751478728.301314,588252616251.000000
588252490000.000000,1751478728.334646,588285947781.000000
588285813000.000000,1751478728.368445,588319747379.000000
588319134000.000000,1751478728.401947,588353247517.000000
588352453000.000000,1751478728.435581,588386882358.000000
588385776000.000000,1751478728.468352,588419653338.000000
588419096000.000000,1751478728.501087,588452388541.000000
588452419000.000000,1751478728.536463,588487763750.000000
588485739000.000000,1751478728.567653,588518954063.000000
588519062000.000000,1751478728.601125,588552425721.000000
588552383000.000000,1751478728.634357,588585657769.000000
588585705000.000000,1751478728.667541,588618842486.000000
588619026000.000000,1751478728.701241,588652542677.000000
588652348000.000000,1751478728.734340,588685641357.000000
588685670000.000000,1751478728.767921,588719222995.000000
588718989000.000000,1751478728.801109,588752409378.000000
588752311000.000000,1751478728.834590,588785890702.000000
588785632000.000000,1751478728.867989,588819289915.000000
588818953000.000000,1751478728.901553,588852853146.000000
588852275000.000000,1751478728.934305,588885606274.000000
588885598000.000000,1751478728.967659,588918960674.000000
588918920000.000000,1751478729.001045,588952346850.000000
588952240000.000000,1751478729.034315,588985615714.000000
588985563000.000000,1751478729.068014,589019315387.000000
589018882000.000000,1751478729.101445,589052745378.000000
589052204000.000000,1751478729.134826,589086128203.000000
589085526000.000000,1751478729.167758,589119059033.000000
589118846000.000000,1751478729.200996,589152296397.000000
589152168000.000000,1751478729.234526,589185827072.000000
589185489000.000000,1751478729.267984,589219285322.000000
589218809000.000000,1751478729.301104,589252405502.000000
589252132000.000000,1751478729.334587,589285887418.000000
589285454000.000000,1751478729.370263,589321564643.000000
589318773000.000000,1751478729.401151,589352451589.000000
589352096000.000000,1751478729.434467,589385769063.000000
589385419000.000000,1751478729.470148,589421448695.000000
589418737000.000000,1751478729.500968,589452269253.000000
589452061000.000000,1751478729.534411,589485712115.000000
589485383000.000000,1751478729.568058,589519358733.000000
589518703000.000000,1751478729.600954,589552255971.000000
589552027000.000000,1751478729.634509,589585809868.000000
589585347000.000000,1751478729.668133,589619435838.000000
589618666000.000000,1751478729.701724,589653025124.000000
589651989000.000000,1751478729.734958,589686259377.000000
589685310000.000000,1751478729.768336,589719636683.000000
589718632000.000000,1751478729.802178,589753478466.000000
589751952000.000000,1751478729.835441,589786741737.000000
589785275000.000000,1751478729.869750,589821052014.000000
589818597000.000000,1751478729.902122,589853423036.000000
589851919000.000000,1751478729.936237,589887538352.000000
589885239000.000000,1751478729.974577,589925879066.000000
589918560000.000000,1751478730.003490,589954791812.000000
589951881000.000000,1751478730.037531,589988833166.000000
589985202000.000000,1751478730.075871,590027170880.000000
590018524000.000000,1751478730.102850,590054151185.000000
590051845000.000000,1751478730.136679,590087980875.000000
590085166000.000000,1751478730.169371,590120672078.000000
590118489000.000000,1751478730.202765,590154066940.000000
590151812000.000000,1751478730.236069,590187370840.000000
590185131000.000000,1751478730.269733,590221034254.000000
590218451000.000000,1751478730.303026,590254327080.000000
590251775000.000000,1751478730.335943,590287244429.000000
590285096000.000000,1751478730.369255,590320556051.000000
590318418000.000000,1751478730.402446,590353747230.000000
590351739000.000000,1751478730.435834,590387134777.000000
590385063000.000000,1751478730.466812,590418112759.000000
590418384000.000000,1751478730.500087,590451387604.000000
590451705000.000000,1751478730.533562,590484862465.000000
590485027000.000000,1751478730.566789,590518090440.000000
590518348000.000000,1751478730.600272,590551573986.000000
590551670000.000000,1751478730.633381,590584681814.000000
590584991000.000000,1751478730.666772,590618073695.000000
590618313000.000000,1751478730.704514,590655815415.000000
590651630000.000000,1751478730.733612,590684913381.000000
590684955000.000000,1751478730.766908,590718210040.000000
590718277000.000000,1751478730.800087,590751387534.000000
590751598000.000000,1751478730.833451,590784752267.000000
590784921000.000000,1751478730.866662,590817962668.000000
590818240000.000000,1751478730.900005,590851305549.000000
590851562000.000000,1751478730.933235,590884535783.000000
590884883000.000000,1751478730.966476,590917776647.000000
590918205000.000000,1751478730.999989,590951290137.000000
590951528000.000000,1751478731.033182,590984482723.000000
590984849000.000000,1751478731.066468,591017768420.000000
591018170000.000000,1751478731.101228,591052529618.000000
591051489000.000000,1751478731.133294,591084595125.000000
591084812000.000000,1751478731.166396,591117698231.000000
591118134000.000000,1751478731.201147,591152448299.000000
591151454000.000000,1751478731.234587,591185888883.000000
591184776000.000000,1751478731.267513,591218814398.000000
591218097000.000000,1751478731.299770,591251071755.000000
591251419000.000000,1751478731.332994,591284295822.000000
591284740000.000000,1751478731.366391,591317692128.000000
591318063000.000000,1751478731.399828,591351128971.000000
591351384000.000000,1751478731.433187,591384487352.000000
591384705000.000000,1751478731.466604,591417905529.000000
591418026000.000000,1751478731.501051,591452352471.000000
591451346000.000000,1751478731.534407,591485707815.000000
591484668000.000000,1751478731.567523,591518824921.000000
591517990000.000000,1751478731.599653,591550954316.000000
591551311000.000000,1751478731.633395,591584696136.000000
591584634000.000000,1751478731.666256,591617556856.000000
591617955000.000000,1751478731.699839,591651140605.000000
591651274000.000000,1751478731.733216,591684517486.000000
591684597000.000000,1751478731.766523,591717824200.000000
591717919000.000000,1751478731.800876,591752177255.000000
591751240000.000000,1751478731.833933,591785234047.000000
591784561000.000000,1751478731.867382,591818683612.000000
591817882000.000000,1751478731.899558,591850858636.000000
591851204000.000000,1751478731.935048,591886348714.000000
591884524000.000000,1751478731.966298,591917598915.000000
591917849000.000000,1751478731.999949,591951251163.000000
591951169000.000000,1751478732.033240,591984540860.000000
591984490000.000000,1751478732.066733,592018034332.000000
592017812000.000000,1751478732.100861,592052162370.000000
592051133000.000000,1751478732.133919,592085219792.000000
592084453000.000000,1751478732.167408,592118709134.000000
592117776000.000000,1751478732.200017,592151318746.000000
592151098000.000000,1751478732.233178,592184478962.000000
592184418000.000000,1751478732.266406,592217707215.000000
592217741000.000000,1751478732.300833,592252135639.000000
592251061000.000000,1751478732.334242,592285555778.000000
592284382000.000000,1751478732.367260,592318561478.000000
592317704000.000000,1751478732.399395,592350695743.000000
592351027000.000000,1751478732.433007,592384307769.000000
592384347000.000000,1751478732.466468,592417768927.000000
592417668000.000000,1751478732.500505,592451806633.000000
592450989000.000000,1751478732.533808,592485109533.000000
592484310000.000000,1751478732.567512,592518813762.000000
592517633000.000000,1751478732.599907,592551208154.000000
592550955000.000000,1751478732.633229,592584531813.000000
592584276000.000000,1751478732.666446,592617747639.000000
592617596000.000000,1751478732.699754,592651056280.000000
592650918000.000000,1751478732.733198,592684498753.000000
592684239000.000000,1751478732.766374,592717675080.000000
592717562000.000000,1751478732.799601,592750902481.000000
592750882000.000000,1751478732.833079,592784381082.000000
592784203000.000000,1751478732.866196,592817497522.000000
592817526000.000000,1751478732.899381,592850682404.000000
592850847000.000000,1751478732.932840,592884140914.000000
592884168000.000000,1751478732.966169,592917470739.000000
592917490000.000000,1751478732.999451,592950752436.000000
592950812000.000000,1751478733.032817,592984118631.000000
592984132000.000000,1751478733.066479,593017780527.000000
593017454000.000000,1751478733.099598,593050899689.000000
593050776000.000000,1751478733.132931,593084231885.000000
593084096000.000000,1751478733.167175,593118476681.000000
593117417000.000000,1751478733.199534,593150835592.000000
593150740000.000000,1751478733.232908,593184209047.000000
593184060000.000000,1751478733.269180,593220480913.000000
593217379000.000000,1751478733.299376,593250676478.000000
593250704000.000000,1751478733.332800,593284101636.000000
593284027000.000000,1751478733.366078,593317378869.000000
593317346000.000000,1751478733.399693,593350994358.000000
593350668000.000000,1751478733.432612,593383913318.000000
593383990000.000000,1751478733.465914,593417215422.000000
593417311000.000000,1751478733.499185,593450485970.000000
593450634000.000000,1751478733.532670,593483971757.000000
593483953000.000000,1751478733.566965,593518266535.000000
593517275000.000000,1751478733.599450,593550752407.000000
593550597000.000000,1751478733.632966,593584266916.000000
593583918000.000000,1751478733.665792,593617093117.000000
593617240000.000000,1751478733.699710,593651010881.000000
593650561000.000000,1751478733.732595,593683896526.000000
593683884000.000000,1751478733.766535,593717835919.000000
593717203000.000000,1751478733.799251,593750552233.000000
