Sensor Timestamp (ns), time.time(), time.perf_counter_ns()
4383264630000.000000,1752164210.449737,4383292625593.000000
4383297953000.000000,1752164211.814572,4384657461311.000000
4383331273000.000000,1752164211.815680,4384658568300.000000
4383364594000.000000,1752164211.816696,4384659584103.000000
4383397915000.000000,1752164211.817712,4384660598759.000000
4383431238000.000000,1752164211.818537,4384661422713.000000
4384697451000.000000,1752164211.952597,4384795491733.000000
4384730773000.000000,1752164211.968775,4384811666207.000000
4384764095000.000000,1752164211.983962,4384826849359.000000
4384797417000.000000,1752164211.999977,4384842863927.000000
4384830737000.000000,1752164212.016983,4384859869596.000000
4384864063000.000000,1752164212.048376,4384891262980.000000
4384897380000.000000,1752164212.081729,4384924615881.000000
4384930701000.000000,1752164212.115134,4384958021484.000000
4384964026000.000000,1752164212.148398,4384991284719.000000
4384997347000.000000,1752164212.181619,4385024506657.000000
4385030665000.000000,1752164212.214875,4385057762318.000000
4385063986000.000000,1752164212.248256,4385091143125.000000
4385097310000.000000,1752164212.281544,4385124430360.000000
4385130629000.000000,1752164212.314897,4385157784723.000000
4385163952000.000000,1752164212.349248,4385192135779.000000
4385197275000.000000,1752164212.381585,4385224471913.000000
4385230594000.000000,1752164212.414848,4385257735203.000000
4385263916000.000000,1752164212.447997,4385290883827.000000
4385297236000.000000,1752164212.481373,4385324259950.000000
4385330558000.000000,1752164212.514891,4385357777848.000000
4385363881000.000000,1752164212.548022,4385390908492.000000
4385397202000.000000,1752164212.581465,4385424351835.000000
4385430522000.000000,1752164212.614683,4385457570237.000000
4385463843000.000000,1752164212.648059,4385490946433.000000
4385497166000.000000,1752164212.681354,4385524241038.000000
4385530487000.000000,1752164212.714736,4385557623457.000000
4385563808000.000000,1752164212.748210,4385591097189.000000
4385597131000.000000,1752164212.781521,4385624408312.000000
4385630452000.000000,1752164212.814898,4385657785656.000000
4385663773000.000000,1752164212.847987,4385690874560.000000
4385697095000.000000,1752164212.881329,4385724215645.000000
4385730416000.000000,1752164212.914692,4385757578564.000000
4385763739000.000000,1752164212.947984,4385790870631.000000
4385797059000.000000,1752164212.981279,4385824165958.000000
4385830380000.000000,1752164213.014523,4385857409971.000000
4385863700000.000000,1752164213.047799,4385890686298.000000
4385897022000.000000,1752164213.082474,4385925361628.000000
4385930345000.000000,1752164213.114624,4385957511579.000000
4385963669000.000000,1752164213.147798,4385990685055.000000
4385996986000.000000,1752164213.181245,4386024132751.000000
4386030308000.000000,1752164213.214413,4386057300060.000000
4386063628000.000000,1752164213.247824,4386090710571.000000
4386096952000.000000,1752164213.281175,4386124062545.000000
4386130271000.000000,1752164213.315109,4386157996421.000000
4386163596000.000000,1752164213.348552,4386191442931.000000
4386196916000.000000,1752164213.382182,4386225069440.000000
4386230237000.000000,1752164213.414488,4386257375185.000000
4386263560000.000000,1752164213.447765,4386290652178.000000
4386296880000.000000,1752164213.481090,4386323976431.000000
4386330201000.000000,1752164213.514429,4386357316146.000000
4386363522000.000000,1752164213.547758,4386390644787.000000
4386396843000.000000,1752164213.581073,4386423960373.000000
4386430164000.000000,1752164213.614417,4386457304274.000000
4386463487000.000000,1752164213.647829,4386490716562.000000
4386496809000.000000,1752164213.681254,4386524141091.000000
4386530130000.000000,1752164213.714783,4386557670953.000000
4386563451000.000000,1752164213.747687,4386590573599.000000
4386596773000.000000,1752164213.781052,4386623938888.000000
4386630094000.000000,1752164213.814493,4386657379639.000000
4386663416000.000000,1752164213.847970,4386690857408.000000
4386696736000.000000,1752164213.880972,4386723858646.000000
4386730061000.000000,1752164213.914391,4386757278656.000000
4386763383000.000000,1752164213.947998,4386790885128.000000
4386796701000.000000,1752164213.981035,4386823922180.000000
4386830022000.000000,1752164214.014286,4386857174118.000000
4386863344000.000000,1752164214.047495,4386890382113.000000
4386896664000.000000,1752164214.080777,4386923663643.000000
4386929986000.000000,1752164214.114264,4386957151283.000000
4386963308000.000000,1752164214.147473,4386990359759.000000
4386996628000.000000,1752164214.180754,4387023641086.000000
4387029949000.000000,1752164214.243071,4387085958452.000000
4387063270000.000000,1752164214.396769,4387239656742.000000
4387096593000.000000,1752164214.414514,4387257402588.000000
4387129914000.000000,1752164214.437484,4387280372082.000000
4387163235000.000000,1752164214.455149,4387298037484.000000
4387196557000.000000,1752164214.624273,4387467160886.000000
4387396484000.000000,1752164214.641371,4387484258332.000000
4387429807000.000000,1752164214.767775,4387610661472.000000
4387463128000.000000,1752164214.784252,4387627138257.000000
4387496451000.000000,1752164214.801044,4387643930076.000000
4387563090000.000000,1752164214.828871,4387671758055.000000
4387629734000.000000,1752164215.033852,4387876739274.000000
4387763018000.000000,1752164215.050948,4387893835905.000000
4387796343000.000000,1752164215.072631,4387915517487.000000
4387829663000.000000,1752164215.089378,4387932263603.000000
4387862985000.000000,1752164215.213473,4388056360804.000000
4387996270000.000000,1752164215.230036,4388072922219.000000
4388029592000.000000,1752164215.390329,4388233215623.000000
4388062913000.000000,1752164215.422550,4388265436869.000000
4388096234000.000000,1752164215.444039,4388286926304.000000
4388229519000.000000,1752164215.573602,4388416489447.000000
4388262842000.000000,1752164215.585405,4388428291042.000000
4388362805000.000000,1752164215.756043,4388598929780.000000
4388396127000.000000,1752164215.772531,4388615418398.000000
4388429449000.000000,1752164215.794433,4388637319626.000000
4388529413000.000000,1752164215.810848,4388653734597.000000
4388596055000.000000,1752164215.943284,4388786170913.000000
4388729341000.000000,1752164215.965317,4388808205046.000000
4388762665000.000000,1752164216.050761,4388893648034.000000
4388795985000.000000,1752164216.067196,4388910082616.000000
4388829306000.000000,1752164216.084334,4388927221580.000000
4388895950000.000000,1752164216.215856,4389058742646.000000
4388929270000.000000,1752164216.232536,4389075422614.000000
4389029233000.000000,1752164216.365493,4389208380257.000000
4389062556000.000000,1752164216.387595,4389230481575.000000
4389095877000.000000,1752164216.414673,4389257559469.000000
4389195840000.000000,1752164216.527327,4389370213793.000000
4389229163000.000000,1752164216.544024,4389386911743.000000
4389329126000.000000,1752164216.571382,4389414269467.000000
4389362449000.000000,1752164216.732835,4389575722230.000000
4389395770000.000000,1752164216.755066,4389597953453.000000
4389495733000.000000,1752164216.777142,4389620027938.000000
4389529056000.000000,1752164216.793470,4389636357670.000000
4389562377000.000000,1752164216.966961,4389809847617.000000
4389728983000.000000,1752164216.983606,4389826493642.000000
4389762306000.000000,1752164217.128726,4389971612950.000000
4389795627000.000000,1752164217.151445,4389994332169.000000
4389828949000.000000,1752164217.167869,4390010755862.000000
4389928912000.000000,1752164217.194686,4390037572574.000000
4389962235000.000000,1752164217.301403,4390144290203.000000
4390128841000.000000,1752164217.489351,4390332238439.000000
4390162162000.000000,1752164217.505828,4390348715818.000000
4390195484000.000000,1752164217.522962,4390365848763.000000
4390228805000.000000,1752164217.539592,4390382478750.000000
4390328768000.000000,1752164217.747995,4390590881174.000000
4390462053000.000000,1752164217.759667,4390602553937.000000
4390495376000.000000,1752164217.863556,4390706443467.000000
4390528697000.000000,1752164217.880612,4390723499506.000000
4390562019000.000000,1752164217.897643,4390740530564.000000
4390661981000.000000,1752164218.010316,4390853202795.000000
4390695304000.000000,1752164218.027766,4390870652663.000000
4390828590000.000000,1752164218.159063,4391001949935.000000
4390861912000.000000,1752164218.170963,4391013850474.000000
4390895235000.000000,1752164218.172480,4391015367346.000000
4390928555000.000000,1752164218.188903,4391031790892.000000
4390995197000.000000,1752164218.360738,4391203624728.000000
4391095159000.000000,1752164218.398775,4391241661596.000000
4391128482000.000000,1752164218.420686,4391263573342.000000
4391161803000.000000,1752164218.441746,4391284632504.000000
4391195126000.000000,1752164218.599608,4391442494638.000000
4391361731000.000000,1752164218.617107,4391459994728.000000
4391395052000.000000,1752164218.729308,4391572194964.000000
4391428374000.000000,1752164218.746014,4391588900507.000000
4391461697000.000000,1752164218.767640,4391610526978.000000
4391561660000.000000,1752164218.884834,4391727720920.000000
4391594982000.000000,1752164218.901533,4391744420037.000000
4391694945000.000000,1752164219.024313,4391867200160.000000
4391728267000.000000,1752164219.041060,4391883947146.000000
4391761589000.000000,1752164219.062974,4391905861003.000000
4391828232000.000000,1752164219.094926,4391937812733.000000
4391861553000.000000,1752164219.208606,4392051493380.000000
4392028160000.000000,1752164219.318003,4392160889517.000000
4392061482000.000000,1752164219.330099,4392172985980.000000
4392094803000.000000,1752164219.341719,4392184605466.000000
4392128124000.000000,1752164219.456135,4392299022846.000000
4392161446000.000000,1752164219.472258,4392315145116.000000
4392294731000.000000,1752164219.646082,4392488969375.000000
4392328054000.000000,1752164219.657985,4392500871858.000000
4392361376000.000000,1752164219.674516,4392517402699.000000
4392428018000.000000,1752164219.804874,4392647762555.000000
4392461338000.000000,1752164219.826994,4392669880706.000000
4392627946000.000000,1752164219.972442,4392815330159.000000
4392661268000.000000,1752164219.989410,4392832297662.000000
4392694589000.000000,1752164220.011142,4392854028965.000000
4392794554000.000000,1752164220.138858,4392981745220.000000
4392827876000.000000,1752164220.150745,4392993631944.000000
4392961160000.000000,1752164220.266126,4393109012795.000000
4392994483000.000000,1752164220.283169,4393126056482.000000
4393027803000.000000,1752164220.295380,4393138267017.000000
4393094446000.000000,1752164220.444181,4393287068100.000000
4393127768000.000000,1752164220.465868,4393308754941.000000
4393227731000.000000,1752164220.482446,4393325333392.000000
4393261053000.000000,1752164220.585630,4393428517745.000000
4393294373000.000000,1752164220.612387,4393455273827.000000
4393394338000.000000,1752164220.746192,4393589079294.000000
4393427660000.000000,1752164220.773173,4393616060300.000000
4393460985000.000000,1752164220.800134,4393643021251.000000
4393560946000.000000,1752164220.892420,4393735306387.000000
4393594268000.000000,1752164220.914317,4393757204022.000000
4393727553000.000000,1752164221.081767,4393924653294.000000
4393760875000.000000,1752164221.104703,4393947590973.000000
4393794196000.000000,1752164221.116111,4393958997387.000000
4393827517000.000000,1752164221.122584,4393965470188.000000
4393860838000.000000,1752164221.281672,4394124559902.000000
4394027446000.000000,1752164221.298597,4394141485127.000000
4394060767000.000000,1752164221.327344,4394170231021.000000
4394094089000.000000,1752164221.443251,4394286138366.000000
4394127416000.000000,1752164221.465671,4394308557755.000000
4394260695000.000000,1752164221.580992,4394423879162.000000
4394294017000.000000,1752164221.597632,4394440518557.000000
4394327338000.000000,1752164221.630448,4394473334815.000000
4394393981000.000000,1752164221.769512,4394612399503.000000
4394427302000.000000,1752164221.796922,4394639808578.000000
4394560587000.000000,1752164221.818809,4394661695750.000000
4394593909000.000000,1752164221.906883,4394749770562.000000
4394627232000.000000,1752164221.934877,4394777764612.000000
4394727195000.000000,1752164222.056333,4394899220712.000000
4394760518000.000000,1752164222.083919,4394926805545.000000
4394793838000.000000,1752164222.100404,4394943290182.000000
4394860480000.000000,1752164222.236128,4395079015666.000000
4394927124000.000000,1752164222.263119,4395106005728.000000
4395027087000.000000,1752164222.284775,4395127662550.000000
4395060409000.000000,1752164222.412277,4395255164067.000000
4395093731000.000000,1752164222.428949,4395271835572.000000
4395193694000.000000,1752164222.451433,4395294320016.000000
4395227016000.000000,1752164222.588234,4395431121525.000000
4395260338000.000000,1752164222.605092,4395447979528.000000
4395360301000.000000,1752164222.616742,4395459628699.000000
4395393623000.000000,1752164222.741374,4395584261710.000000
4395426944000.000000,1752164222.763123,4395606009642.000000
4395526908000.000000,1752164222.779663,4395622550150.000000
4395560230000.000000,1752164222.929690,4395772577202.000000
4395593552000.000000,1752164222.951691,4395794578872.000000
4395693516000.000000,1752164222.978562,4395821449324.000000
4395726837000.000000,1752164223.005728,4395848614420.000000
4395760158000.000000,1752164223.170158,4396013045595.000000
4395926766000.000000,1752164223.186808,4396029695286.000000
4395960087000.000000,1752164223.203555,4396046442013.000000
4395993408000.000000,1752164223.355104,4396197990493.000000
4396026730000.000000,1752164223.371980,4396214867089.000000
4396126694000.000000,1752164223.398686,4396241572802.000000
4396160015000.000000,1752164223.420362,4396263248698.000000
4396193336000.000000,1752164223.522256,4396365142787.000000
4396359943000.000000,1752164223.643594,4396486481277.000000
4396393266000.000000,1752164223.681108,4396523995188.000000
4396426586000.000000,1752164223.697689,4396540575121.000000
4396459908000.000000,1752164223.806459,4396649346802.000000
4396493230000.000000,1752164223.829108,4396671995558.000000
4396626514000.000000,1752164223.934646,4396777532904.000000
4396659836000.000000,1752164223.956279,4396799165060.000000
4396693158000.000000,1752164223.983631,4396826517784.000000
4396793122000.000000,1752164224.101387,4396944273702.000000
4396826443000.000000,1752164224.118363,4396961249686.000000
4396926407000.000000,1752164224.299629,4397142516328.000000
4396959728000.000000,1752164224.316380,4397159265703.000000
4396993050000.000000,1752164224.332719,4397175605990.000000
4397026371000.000000,1752164224.348954,4397191840167.000000
4397093014000.000000,1752164224.365268,4397208153955.000000
4397292942000.000000,1752164224.583924,4397426811527.000000
4397326264000.000000,1752164224.607170,4397450058203.000000
4397359586000.000000,1752164224.698987,4397541874233.000000
4397392907000.000000,1752164224.721320,4397564208030.000000
4397426229000.000000,1752164224.748628,4397591514977.000000
4397526195000.000000,1752164224.909320,4397752207340.000000
4397559515000.000000,1752164224.936402,4397779288678.000000
4397659477000.000000,1752164224.953307,4397796194089.000000
4397692800000.000000,1752164225.066128,4397909015060.000000
4397759444000.000000,1752164225.083136,4397926023599.000000
4397892727000.000000,1752164225.194505,4398037391734.000000
4397926052000.000000,1752164225.211300,4398054187423.000000
4397959371000.000000,1752164225.228133,4398071019983.000000
4398026012000.000000,1752164225.400647,4398243533978.000000
4398059336000.000000,1752164225.417315,4398260201410.000000
4398159299000.000000,1752164225.428724,4398271610453.000000
4398192621000.000000,1752164225.445170,4398288055962.000000
4398225941000.000000,1752164225.567902,4398410789530.000000
4398359229000.000000,1752164225.579422,4398422308665.000000
4398392550000.000000,1752164225.724088,4398566975219.000000
4398425872000.000000,1752164225.740737,4398583624318.000000
4398459192000.000000,1752164225.757428,4398600314508.000000
4398525833000.000000,1752164225.903075,4398745962811.000000
4398592478000.000000,1752164225.925143,4398768030722.000000
4398692441000.000000,1752164225.952723,4398795610240.000000
4398725763000.000000,1752164226.078475,4398921362183.000000
4398759085000.000000,1752164226.095336,4398938223038.000000
4398892369000.000000,1752164226.229473,4399072360780.000000
4398925693000.000000,1752164226.251338,4399094225785.000000
4398959013000.000000,1752164226.267493,4399110381130.000000
4399058977000.000000,1752164226.424321,4399267208720.000000
4399092299000.000000,1752164226.451666,4399294552851.000000
4399192264000.000000,1752164226.468503,4399311389633.000000
4399225584000.000000,1752164226.485334,4399328220767.000000
4399258906000.000000,1752164226.646980,4399489867194.000000
4399425512000.000000,1752164226.663579,4399506464922.000000
4399458835000.000000,1752164226.765446,4399608332826.000000
4399492156000.000000,1752164226.782065,4399624951906.000000
4399525480000.000000,1752164226.803683,4399646570266.000000
4399625442000.000000,1752164226.977251,4399820139139.000000
4399658763000.000000,1752164226.994464,4399837350954.000000
4399792048000.000000,1752164227.111229,4399954115975.000000
4399825371000.000000,1752164227.137806,4399980693633.000000
4399858692000.000000,1752164227.154648,4399997534859.000000
4399925332000.000000,1752164227.282482,4400125370484.000000
4399958655000.000000,1752164227.299739,4400142625502.000000
4400058618000.000000,1752164227.316490,4400159376229.000000
4400091941000.000000,1752164227.433926,4400276813705.000000
4400125263000.000000,1752164227.455988,4400298874338.000000
4400225225000.000000,1752164227.467622,4400310509232.000000
4400258548000.000000,1752164227.601566,4400444453197.000000
4400291870000.000000,1752164227.618431,4400461318016.000000
4400391834000.000000,1752164227.650753,4400493639927.000000
4400425154000.000000,1752164227.779033,4400621920510.000000
4400458476000.000000,1752164227.795607,4400638493146.000000
4400558440000.000000,1752164227.812309,4400655196077.000000
4400591762000.000000,1752164227.960043,4400802930710.000000
4400625083000.000000,1752164227.982022,4400824909621.000000
4400758368000.000000,1752164228.003703,4400846590758.000000
4400791691000.000000,1752164228.147009,4400989896623.000000
4400825013000.000000,1752164228.168721,4401011609149.000000
4400924976000.000000,1752164228.186151,4401029037739.000000
4400958298000.000000,1752164228.282197,4401125084020.000000
4400991620000.000000,1752164228.314601,4401157488116.000000
4401124904000.000000,1752164228.447455,4401290342797.000000
4401158227000.000000,1752164228.464364,4401307250949.000000
4401191547000.000000,1752164228.480963,4401323848733.000000
4401224869000.000000,1752164228.497636,4401340522350.000000
4401258191000.000000,1752164228.682418,4401525304657.000000
4401458118000.000000,1752164228.699160,4401542046996.000000
4401491440000.000000,1752164228.716037,4401558923925.000000
4401524762000.000000,1752164228.838467,4401681354367.000000
4401558083000.000000,1752164228.860245,4401703131299.000000
4401624726000.000000,1752164228.876853,4401719740157.000000
4401658047000.000000,1752164229.000447,4401843334901.000000
4401691369000.000000,1752164229.022149,4401865035927.000000
4401824653000.000000,1752164229.129391,4401972278069.000000
4401857976000.000000,1752164229.146078,4401988965426.000000
4401891297000.000000,1752164229.157435,4402000321897.000000
4401957940000.000000,1752164229.345795,4402188682888.000000
4401991261000.000000,1752164229.373455,4402216342424.000000
4402124546000.000000,1752164229.400207,4402243094062.000000
4402157869000.000000,1752164229.543471,4402386358297.000000
4402191190000.000000,1752164229.560236,4402403122580.000000
4402324473000.000000,1752164229.582268,4402425155639.000000
4402357797000.000000,1752164229.749859,4402592747243.000000
4402391119000.000000,1752164229.766192,4402609078271.000000
4402491084000.000000,1752164229.782523,4402625409410.000000
4402524404000.000000,1752164229.940649,4402783535875.000000
4402557725000.000000,1752164229.957629,4402800515507.000000
4402691010000.000000,1752164229.973922,4402816808442.000000
4402724332000.000000,1752164229.990343,4402833229655.000000
4402757653000.000000,1752164230.137775,4402980662309.000000
4402924260000.000000,1752164230.144349,4402987236534.000000
4402957581000.000000,1752164230.280759,4403123645862.000000
4402990904000.000000,1752164230.302662,4403145548571.000000
4403024224000.000000,1752164230.325284,4403168171105.000000
4403090866000.000000,1752164230.352089,4403194975280.000000
4403124189000.000000,1752164230.505934,4403348821957.000000
4403290795000.000000,1752164230.517634,4403360520554.000000
4403324118000.000000,1752164230.654989,4403497876853.000000
4403357439000.000000,1752164230.687198,4403530084969.000000
4403390760000.000000,1752164230.698936,4403541822158.000000
4403424082000.000000,1752164230.715226,4403558112482.000000
4403490724000.000000,1752164230.861278,4403704165188.000000
4403624012000.000000,1752164230.883670,4403726556410.000000
4403657332000.000000,1752164230.978066,4403820953302.000000
4403690653000.000000,1752164231.010976,4403853863022.000000
4403723975000.000000,1752164231.027644,4403870530472.000000
4403823938000.000000,1752164231.204389,4404047276773.000000
4403857260000.000000,1752164231.226126,4404069013391.000000
4403957224000.000000,1752164231.247640,4404090526567.000000
4403990545000.000000,1752164231.363908,4404206794742.000000
4404023867000.000000,1752164231.391084,4404233971190.000000
4404157151000.000000,1752164231.418535,4404261422413.000000
4404190474000.000000,1752164231.597276,4404440162415.000000
4404223795000.000000,1752164231.609215,4404452102842.000000
4404323759000.000000,1752164231.630919,4404473805201.000000
4404357080000.000000,1752164231.647344,4404490230043.000000
4404390401000.000000,1752164231.808255,4404651143126.000000
4404557009000.000000,1752164231.825110,4404667997278.000000
4404590331000.000000,1752164231.841806,4404684693543.000000
4404623652000.000000,1752164231.947453,4404790340128.000000
4404656974000.000000,1752164231.969772,4404812658388.000000
4404723615000.000000,1752164231.991595,4404834481319.000000
4404756937000.000000,1752164232.104837,4404947725378.000000
4404790260000.000000,1752164232.121708,4404964594938.000000
4404923544000.000000,1752164232.279917,4405122804753.000000
4404956865000.000000,1752164232.307694,4405150580788.000000
4404990187000.000000,1752164232.323923,4405166809317.000000
4405056829000.000000,1752164232.350712,4405193599121.000000
4405090151000.000000,1752164232.554368,4405397255503.000000
4405256759000.000000,1752164232.570991,4405413878047.000000
4405323401000.000000,1752164232.603518,4405446404345.000000
4405356722000.000000,1752164232.701660,4405544546751.000000
4405390044000.000000,1752164232.729236,4405572123732.000000
4405523329000.000000,1752164232.826455,4405669342667.000000
4405556651000.000000,1752164232.843061,4405685947637.000000
4405589973000.000000,1752164232.864584,4405707472164.000000
4405656615000.000000,1752164232.985344,4405828230698.000000
4405689937000.000000,1752164233.001941,4405844828797.000000
4405789900000.000000,1752164233.018670,4405861557302.000000
4405823223000.000000,1752164233.141379,4405984266982.000000
4405856545000.000000,1752164233.168608,4406011494892.000000
4405956506000.000000,1752164233.339627,4406182513644.000000
4405989829000.000000,1752164233.351588,4406194474627.000000
4406023151000.000000,1752164233.368338,4406211224650.000000
4406123113000.000000,1752164233.384607,4406227493197.000000
4406156436000.000000,1752164233.556580,4406399467050.000000
4406323042000.000000,1752164233.573233,4406416121260.000000
4406356370000.000000,1752164233.675692,4406518579250.000000
4406389686000.000000,1752164233.707875,4406550762088.000000
4406423008000.000000,1752164233.729663,4406572549521.000000
4406489649000.000000,1752164233.880408,4406723295287.000000
4406522972000.000000,1752164233.891960,4406734845903.000000
4406656256000.000000,1752164233.903589,4406746477019.000000
4406689578000.000000,1752164234.079953,4406922840547.000000
4406722899000.000000,1752164234.096696,4406939581885.000000
4406822863000.000000,1752164234.129144,4406972030221.000000
4406856185000.000000,1752164234.150545,4406993431917.000000
4406889507000.000000,1752164234.298394,4407141282474.000000
4407056113000.000000,1752164234.309944,4407152830979.000000
4407089436000.000000,1752164234.427428,4407270314807.000000
4407122757000.000000,1752164234.444145,4407287031998.000000
4407156078000.000000,1752164234.460859,4407303744725.000000
4407256041000.000000,1752164234.604848,4407447735860.000000
4407289365000.000000,1752164234.621879,4407464766214.000000
4407389328000.000000,1752164234.648823,4407491710072.000000
4407422650000.000000,1752164234.756631,4407599518949.000000
4407455971000.000000,1752164234.774424,4407617311017.000000
4407555936000.000000,1752164234.786838,4407629725198.000000
4407589258000.000000,1752164234.946618,4407789505830.000000
4407622579000.000000,1752164234.968230,4407811117209.000000
4407722541000.000000,1752164234.979990,4407822877175.000000
4407789186000.000000,1752164235.112247,4407955133659.000000
4407822507000.000000,1752164235.128937,4407971823479.000000
4407922469000.000000,1752164235.247387,4408090273649.000000
4407955793000.000000,1752164235.269163,4408112050359.000000
4407989113000.000000,1752164235.285949,4408128835734.000000
4408089076000.000000,1752164235.435758,4408278644751.000000
4408122399000.000000,1752164235.452483,4408295370201.000000
4408222362000.000000,1752164235.469464,4408312351833.000000
4408255685000.000000,1752164235.605240,4408448127853.000000
4408289006000.000000,1752164235.621898,4408464784877.000000
4408388969000.000000,1752164235.638419,4408481305922.000000
4408422292000.000000,1752164235.732566,4408575453723.000000
4408455614000.000000,1752164235.760501,4408603387441.000000
4408555577000.000000,1752164235.871527,4408714413839.000000
4408588899000.000000,1752164235.899051,4408741939005.000000
4408622219000.000000,1752164235.926621,4408769508338.000000
4408688862000.000000,1752164236.038579,4408881466374.000000
4408722185000.000000,1752164236.055335,4408898222009.000000
4408855468000.000000,1752164236.189814,4409032701172.000000
4408888791000.000000,1752164236.206440,4409049327105.000000
4408922112000.000000,1752164236.222932,4409065818279.000000
4408988754000.000000,1752164236.239194,4409082080456.000000
4409022078000.000000,1752164236.410603,4409253489648.000000
4409188683000.000000,1752164236.427258,4409270145524.000000
4409222005000.000000,1752164236.540338,4409383225733.000000
4409255326000.000000,1752164236.562088,4409404974629.000000
4409288649000.000000,1752164236.578717,4409421604005.000000
4409355290000.000000,1752164236.737475,4409580362630.000000
4409388613000.000000,1752164236.754264,4409597151097.000000
4409521898000.000000,1752164236.771110,4409613997972.000000
4409555220000.000000,1752164236.933525,4409776413057.000000
4409588541000.000000,1752164236.950348,4409793235209.000000
4409688504000.000000,1752164236.966939,4409809826401.000000
4409755146000.000000,1752164237.096012,4409938899067.000000
4409788470000.000000,1752164237.112768,4409955655461.000000
4409888432000.000000,1752164237.133927,4409976814308.000000
4409921754000.000000,1752164237.274909,4410117796086.000000
4409955076000.000000,1752164237.301816,4410144702889.000000
4410055040000.000000,1752164237.318576,4410161462542.000000
4410088361000.000000,1752164237.485422,4410328309432.000000
4410121683000.000000,1752164237.507172,4410350058679.000000
4410221646000.000000,1752164237.518870,4410361756831.000000
4410288288000.000000,1752164237.535455,4410378342467.000000
4410321611000.000000,1752164237.737750,4410580637420.000000
4410454896000.000000,1752164237.764620,4410607506723.000000
4410488216000.000000,1752164237.786120,4410629006122.000000
4410521539000.000000,1752164237.807566,4410650452668.000000
4410554860000.000000,1752164237.897093,4410739980038.000000
4410721466000.000000,1752164238.064958,4410907844546.000000
4410754789000.000000,1752164238.081617,4410924503515.000000
4410788111000.000000,1752164238.098343,4410941230928.000000
4410821431000.000000,1752164238.109980,4410952866691.000000
4410921394000.000000,1752164238.234926,4411077812624.000000
4411021360000.000000,1752164238.252246,4411095133438.000000
4411054682000.000000,1752164238.397042,4411239929750.000000
4411088005000.000000,1752164238.414093,4411256979548.000000
4411121324000.000000,1752164238.430624,4411273511222.000000
4411187967000.000000,1752164238.447358,4411290245283.000000
4411221288000.000000,1752164238.615878,4411458765339.000000
4411354575000.000000,1752164238.632594,4411475481474.000000
4411387895000.000000,1752164238.750564,4411593451427.000000
4411421218000.000000,1752164238.777900,4411620786984.000000
4411454538000.000000,1752164238.794349,4411637235363.000000
4411554501000.000000,1752164238.810595,4411653481892.000000
4411587825000.000000,1752164239.042816,4411885703800.000000
4411721109000.000000,1752164239.064736,4411907622582.000000
4411754432000.000000,1752164239.081263,4411924149368.000000
4411787752000.000000,1752164239.204534,4412047420967.000000
4411854394000.000000,1752164239.216217,4412059104156.000000
4411987681000.000000,1752164239.232661,4412075548645.000000
4412021003000.000000,1752164239.368908,4412211795198.000000
4412054324000.000000,1752164239.396142,4412239028830.000000
4412154286000.000000,1752164239.407719,4412250605280.000000
4412220930000.000000,1752164239.528920,4412371807161.000000
4412254253000.000000,1752164239.545503,4412388389723.000000
4412320893000.000000,1752164239.562048,4412404935989.000000
4412354216000.000000,1752164239.661180,4412504066737.000000
4412387538000.000000,1752164239.673002,4412515888702.000000
4412487500000.000000,1752164239.874462,4412717350793.000000
4412520823000.000000,1752164239.892052,4412734939363.000000
4412554145000.000000,1752164239.914387,4412757273938.000000
4412654107000.000000,1752164239.930703,4412773589725.000000
4412720751000.000000,1752164240.128763,4412971650168.000000
4412854036000.000000,1752164240.161159,4413004046097.000000
4412887359000.000000,1752164240.178129,4413021015803.000000
4412920681000.000000,1752164240.334705,4413177591840.000000
4412954001000.000000,1752164240.356467,4413199354050.000000
4413087287000.000000,1752164240.377945,4413220832282.000000
4413120609000.000000,1752164240.399904,4413242790194.000000
4413153930000.000000,1752164240.579578,4413422465019.000000
4413320536000.000000,1752164240.596399,4413439286375.000000
4413353859000.000000,1752164240.618898,4413461785874.000000
4413387180000.000000,1752164240.741938,4413584826253.000000
4413420500000.000000,1752164240.763839,4413606727166.000000
4413553785000.000000,1752164240.903998,4413746885806.000000
4413587108000.000000,1752164240.915718,4413758604828.000000
4413620429000.000000,1752164240.937599,4413780486018.000000
4413720393000.000000,1752164241.114507,4413957393688.000000
4413753715000.000000,1752164241.131339,4413974225414.000000
4413853678000.000000,1752164241.158129,4414001016607.000000
4413886999000.000000,1752164241.185022,4414027908781.000000
4413920321000.000000,1752164241.306688,4414149574897.000000
4414120249000.000000,1752164241.471269,4414314156663.000000
4414153573000.000000,1752164241.487701,4414330587820.000000
4414186893000.000000,1752164241.504352,4414347239326.000000
4414220215000.000000,1752164241.521163,4414364049589.000000
4414320178000.000000,1752164241.667388,4414510274849.000000
4414453463000.000000,1752164241.684323,4414527210074.000000
4414486786000.000000,1752164241.828998,4414671884739.000000
4414520108000.000000,1752164241.845790,4414688677836.000000
4414553429000.000000,1752164241.883657,4414726543040.000000
4414620070000.000000,1752164241.904729,4414747616628.000000
4414653393000.000000,1752164242.036356,4414879243544.000000
4414820000000.000000,1752164242.053320,4414896206880.000000
4414853321000.000000,1752164242.186911,4415029798220.000000
4414886643000.000000,1752164242.203378,4415046265765.000000
4414919964000.000000,1752164242.225804,4415068690783.000000
4415019929000.000000,1752164242.408269,4415251156041.000000
4415053250000.000000,1752164242.429940,4415272826993.000000
4415153214000.000000,1752164242.451535,4415294421372.000000
4415186535000.000000,1752164242.472789,4415315675180.000000
4415253178000.000000,1752164242.624546,4415467433251.000000
4415386464000.000000,1752164242.646682,4415489569272.000000
4415419785000.000000,1752164242.738646,4415581532893.000000
4415453106000.000000,1752164242.754851,4415597737108.000000
4415486428000.000000,1752164242.771681,4415614568334.000000
4415586392000.000000,1752164242.931225,4415774112895.000000
4415619715000.000000,1752164242.948150,4415791037786.000000
4415686355000.000000,1752164242.986103,4415828989193.000000
4415752998000.000000,1752164243.076613,4415919500126.000000
4415786322000.000000,1752164243.098840,4415941729868.000000
4415919606000.000000,1752164243.271838,4416114725525.000000
4415952927000.000000,1752164243.288652,4416131538418.000000
4415986251000.000000,1752164243.311001,4416153888992.000000
4416086213000.000000,1752164243.458098,4416300984576.000000
4416119535000.000000,1752164243.475082,4416317969226.000000
4416219499000.000000,1752164243.496658,4416339544457.000000
4416252821000.000000,1752164243.608087,4416450974387.000000
4416286142000.000000,1752164243.624828,4416467714559.000000
4416419427000.000000,1752164243.773705,4416616591790.000000
4416452749000.000000,1752164243.790482,4416633368573.000000
4416486070000.000000,1752164243.812810,4416655696888.000000
4416586034000.000000,1752164243.987617,4416830504395.000000
4416619355000.000000,1752164244.004305,4416847192679.000000
4416719318000.000000,1752164244.031205,4416874091685.000000
4416752642000.000000,1752164244.047921,4416890808357.000000
4416819284000.000000,1752164244.262063,4417104950793.000000
4416985890000.000000,1752164244.278579,4417121466412.000000
4417019213000.000000,1752164244.300225,4417143112197.000000
4417052533000.000000,1752164244.415225,4417258112238.000000
4417085855000.000000,1752164244.431902,4417274789262.000000
4417219140000.000000,1752164244.443592,4417286478932.000000
4417252463000.000000,1752164244.608249,4417451136679.000000
4417285784000.000000,1752164244.624778,4417467664816.000000
4417352424000.000000,1752164244.646754,4417489640023.000000
4417385747000.000000,1752164244.734093,4417576980046.000000
4417419068000.000000,1752164244.761274,4417604161550.000000
4417552353000.000000,1752164244.885599,4417728486268.000000
4417585676000.000000,1752164244.919613,4417762500772.000000
4417618997000.000000,1752164244.936946,4417779834141.000000
4417718961000.000000,1752164245.056079,4417898965951.000000
4417752284000.000000,1752164245.072919,4417915806418.000000
4417852246000.000000,1752164245.095100,4417937988050.000000
4417885569000.000000,1752164245.271804,4418114691130.000000
4417918891000.000000,1752164245.298865,4418141752561.000000
4418052174000.000000,1752164245.315730,4418158618138.000000
4418085497000.000000,1752164245.460398,4418303286526.000000
4418118818000.000000,1752164245.482631,4418325517194.000000
4418218781000.000000,1752164245.504331,4418347217108.000000
4418252104000.000000,1752164245.525822,4418368708618.000000
4418285426000.000000,1752164245.695987,4418538875120.000000
4418452031000.000000,1752164245.723142,4418566029328.000000
4418485354000.000000,1752164245.842366,4418685253026.000000
4418518675000.000000,1752164245.859110,4418701996809.000000
4418551998000.000000,1752164245.875566,4418718453057.000000
4418651960000.000000,1752164245.892333,4418735219321.000000
4418685282000.000000,1752164246.069551,4418912438321.000000
4418818567000.000000,1752164246.081651,4418924537339.000000
4418851889000.000000,1752164246.097986,4418940873552.000000
4418885211000.000000,1752164246.221942,4419064829978.000000
4418918534000.000000,1752164246.239452,4419082338511.000000
4419018496000.000000,1752164246.256112,4419098999091.000000
4419051818000.000000,1752164246.393939,4419236826349.000000
4419085140000.000000,1752164246.410674,4419253560983.000000
4419185103000.000000,1752164246.427128,4419270015695.000000
4419218425000.000000,1752164246.544336,4419387223971.000000
4419251746000.000000,1752164246.566588,4419409474991.000000
4419351709000.000000,1752164246.673892,4419516779725.000000
4419385031000.000000,1752164246.695669,4419538555768.000000
4419418353000.000000,1752164246.712468,4419555354883.000000
4419518318000.000000,1752164246.867328,4419710215032.000000
4419551639000.000000,1752164246.889261,4419732147518.000000
4419651601000.000000,1752164246.911585,4419754471870.000000
4419684923000.000000,1752164247.017952,4419860839207.000000
4419718246000.000000,1752164247.040569,4419883455908.000000
4419851530000.000000,1752164247.169079,4420011966469.000000
4419884852000.000000,1752164247.181332,4420024218985.000000
4419918173000.000000,1752164247.214367,4420057253871.000000
4419984821000.000000,1752164247.329366,4420172254022.000000
4420018138000.000000,1752164247.356389,4420199275953.000000
4420151423000.000000,1752164247.468235,4420311122675.000000
4420184745000.000000,1752164247.495390,4420338276827.000000
4420218068000.000000,1752164247.512746,4420355632604.000000
4420284708000.000000,1752164247.576652,4420419538564.000000
4420318030000.000000,1752164247.593091,4420435977813.000000
4420417994000.000000,1752164247.719417,4420562303250.000000
4420451316000.000000,1752164247.740946,4420583832462.000000
4420484638000.000000,1752164247.752376,4420595262839.000000
4420517959000.000000,1752164247.774134,4420617021290.000000
4420551279000.000000,1752164247.909566,4420752453148.000000
4420717886000.000000,1752164247.983132,4420826019337.000000
4420751208000.000000,1752164248.000041,4420842927340.000000
4420784529000.000000,1752164248.016897,4420859784011.000000
4420817852000.000000,1752164248.146034,4420988920695.000000
4420851173000.000000,1752164248.172720,4421015607001.000000
4420984458000.000000,1752164248.346762,4421189649831.000000
4421017779000.000000,1752164248.363021,4421205907786.000000
4421051101000.000000,1752164248.389861,4421232748163.000000
4421084422000.000000,1752164248.411379,4421254265376.000000
4421151064000.000000,1752164248.566800,4421409687611.000000
4421350993000.000000,1752164248.593914,4421436801504.000000
4421384316000.000000,1752164248.722504,4421565391343.000000
4421417637000.000000,1752164248.745070,4421587956433.000000
4421450958000.000000,1752164248.761977,4421604863325.000000
4421517601000.000000,1752164248.773307,4421616192518.000000
4421550923000.000000,1752164248.894949,4421737836079.000000
4421684208000.000000,1752164248.911824,4421754710972.000000
4421717528000.000000,1752164249.040810,4421883697028.000000
4421750851000.000000,1752164249.062809,4421905696273.000000
4421784175000.000000,1752164249.079155,4421922041745.000000
4421817493000.000000,1752164249.095475,4421938361347.000000
4421850814000.000000,1752164249.252103,4422094990032.000000
4422050743000.000000,1752164249.284593,4422127479663.000000
4422084065000.000000,1752164249.413023,4422255910744.000000
4422117386000.000000,1752164249.429448,4422272335623.000000
4422150707000.000000,1752164249.446249,4422289136646.000000
4422217349000.000000,1752164249.592156,4422435043668.000000
4422250672000.000000,1752164249.609132,4422452019245.000000
4422383956000.000000,1752164249.636201,4422479089379.000000
4422417279000.000000,1752164249.784538,4422627425283.000000
4422450601000.000000,1752164249.812124,4422655011504.000000
4422550563000.000000,1752164249.828227,4422671113350.000000
4422583886000.000000,1752164249.974619,4422817506644.000000
4422617207000.000000,1752164249.996385,4422839272540.000000
4422750491000.000000,1752164250.018978,4422861864778.000000
4422783815000.000000,1752164250.110757,4422953644364.000000
4422817134000.000000,1752164250.139093,4422981980263.000000
4422950421000.000000,1752164250.346359,4423189246477.000000
4422983743000.000000,1752164250.362878,4423205765114.000000
4423017064000.000000,1752164250.385194,4423228081096.000000
4423150348000.000000,1752164250.396513,4423239399900.000000
4423183671000.000000,1752164250.561445,4423404333940.000000
4423316956000.000000,1752164250.573175,4423416062036.000000
4423350278000.000000,1752164250.687066,4423529952828.000000
4423383598000.000000,1752164250.709763,4423552650343.000000
4423416922000.000000,1752164250.725984,4423568871076.000000
4423516884000.000000,1752164250.873369,4423716256379.000000
4423550206000.000000,1752164250.889972,4423732858848.000000
4423650168000.000000,1752164250.911959,4423754846000.000000
4423683491000.000000,1752164251.014067,4423856954439.000000
4423716813000.000000,1752164251.047070,4423889956528.000000
4423850097000.000000,1752164251.171364,4424014252246.000000
4423883420000.000000,1752164251.188122,4424031008750.000000
4423916741000.000000,1752164251.205079,4424047965623.000000
4423983383000.000000,1752164251.329802,4424172690189.000000
4424016705000.000000,1752164251.346665,4424189553100.000000
4424149990000.000000,1752164251.492504,4424335391697.000000
4424183312000.000000,1752164251.525111,4424367998790.000000
4424216634000.000000,1752164251.536568,4424379454352.000000
4424316597000.000000,1752164251.675652,4424518539689.000000
4424349918000.000000,1752164251.698152,4424541039354.000000
4424449882000.000000,1752164251.709869,4424552755635.000000
4424483205000.000000,1752164251.816613,4424659499820.000000
4424516526000.000000,1752164251.833372,4424676258658.000000
4424649811000.000000,1752164251.960047,4424802934609.000000
4424683137000.000000,1752164251.976944,4424819831075.000000
4424716454000.000000,1752164251.993711,4424836598543.000000
4424783098000.000000,1752164252.160427,4425003314564.000000
4424816420000.000000,1752164252.182343,4425025229180.000000
4424916386000.000000,1752164252.198722,4425041607763.000000
4424949705000.000000,1752164252.215144,4425058030364.000000
4424983026000.000000,1752164252.383506,4425226393940.000000
4425149631000.000000,1752164252.494810,4425337697409.000000
4425182954000.000000,1752164252.517324,4425360211500.000000
4425216276000.000000,1752164252.533785,4425376671453.000000
4425249597000.000000,1752164252.560530,4425403417035.000000
4425316240000.000000,1752164252.725783,4425568670442.000000
4425516167000.000000,1752164252.742794,4425585681703.000000
4425549490000.000000,1752164252.862490,4425705377971.000000
4425582812000.000000,1752164252.879270,4425722157253.000000
4425616132000.000000,1752164252.895684,4425738570095.000000
4425649454000.000000,1752164253.030121,4425873008907.000000
4425682774000.000000,1752164253.052490,4425895376259.000000
4425816060000.000000,1752164253.080424,4425923311292.000000
4425849381000.000000,1752164253.199379,4426042266178.000000
4425882704000.000000,1752164253.216105,4426058990942.000000
4426015989000.000000,1752164253.344116,4426187002898.000000
4426049312000.000000,1752164253.360730,4426203616256.000000
4426082632000.000000,1752164253.393056,4426235943612.000000
4426149274000.000000,1752164253.415308,4426258195113.000000
4426215918000.000000,1752164253.586212,4426429099070.000000
4426349202000.000000,1752164253.597867,4426440754852.000000
4426382524000.000000,1752164253.727380,4426570266181.000000
4426415846000.000000,1752164253.759403,4426602290373.000000
4426449168000.000000,1752164253.771090,4426613977043.000000
4426515809000.000000,1752164253.782510,4426625396680.000000
4426582452000.000000,1752164253.932386,4426775272993.000000
4426715737000.000000,1752164253.949077,4426791964146.000000
4426749061000.000000,1752164254.078673,4426921560400.000000
4426782382000.000000,1752164254.116573,4426959460658.000000
4426815703000.000000,1752164254.133313,4426976199626.000000
4426915666000.000000,1752164254.252034,4427094920904.000000
4426948989000.000000,1752164254.273972,4427116858650.000000
4427048952000.000000,1752164254.296118,4427139005448.000000
4427082274000.000000,1752164254.471780,4427314667298.000000
4427115595000.000000,1752164254.499497,4427342384593.000000
4427215558000.000000,1752164254.526719,4427369605189.000000
4427248881000.000000,1752164254.547753,4427390639147.000000
4427282202000.000000,1752164254.714901,4427557788737.000000
4427482129000.000000,1752164254.736682,4427579568836.000000
4427515451000.000000,1752164254.753483,4427596369248.000000
4427548774000.000000,1752164254.945330,4427788217498.000000
4427582094000.000000,1752164254.967173,4427810059726.000000
4427682058000.000000,1752164254.983467,4427826353106.000000
4427715380000.000000,1752164254.999701,4427842587580.000000
4427748702000.000000,1752164255.189286,4428032172576.000000
4427915308000.000000,1752164255.201005,4428043891413.000000
4427948630000.000000,1752164255.217922,4428060809546.000000
4427981951000.000000,1752164255.359950,4428202837443.000000
4428015272000.000000,1752164255.386766,4428229653469.000000
4428115237000.000000,1752164255.413743,4428256629994.000000
4428148558000.000000,1752164255.440157,4428283043376.000000
4428181880000.000000,1752164255.566731,4428409617736.000000
4428381808000.000000,1752164255.645390,4428488276760.000000
4428415130000.000000,1752164255.662024,4428504910970.000000
4428448451000.000000,1752164255.684104,4428526990528.000000
4428481772000.000000,1752164255.818072,4428660959179.000000
4428515095000.000000,1752164255.834887,4428677774628.000000
4428615056000.000000,1752164255.851538,4428694424282.000000
4428648379000.000000,1752164255.985827,4428828714466.000000
4428681701000.000000,1752164256.013290,4428856176967.000000
4428781664000.000000,1752164256.029871,4428872758918.000000
4428814986000.000000,1752164256.228901,4429071789683.000000
4428848308000.000000,1752164256.251311,4429094197424.000000
4428948272000.000000,1752164256.267538,4429110423953.000000
4428981593000.000000,1752164256.283812,4429126697796.000000
4429048235000.000000,1752164256.397541,4429240427887.000000
4429214842000.000000,1752164256.556548,4429399435398.000000
4429248163000.000000,1752164256.578276,4429421162979.000000
4429281484000.000000,1752164256.605289,4429448175577.000000
4429314806000.000000,1752164256.719702,4429562588457.000000
4429381449000.000000,1752164256.736494,4429579380850.000000
4429548056000.000000,1752164256.931987,4429774874413.000000
4429581377000.000000,1752164256.959772,4429802660058.000000
4429614698000.000000,1752164256.971522,4429814408691.000000
4429747984000.000000,1752164257.098568,4429941456786.000000
4429781307000.000000,1752164257.115457,4429958343475.000000
4429881269000.000000,1752164257.137645,4429980532181.000000
4429914591000.000000,1752164257.277886,4430120773356.000000
4429947913000.000000,1752164257.294638,4430137525954.000000
4430047876000.000000,1752164257.311524,4430154410939.000000
4430081197000.000000,1752164257.322907,4430165793539.000000
4430114519000.000000,1752164257.483883,4430326770343.000000
4430281126000.000000,1752164257.506363,4430349249268.000000
4430314449000.000000,1752164257.656710,4430499597279.000000
4430347770000.000000,1752164257.678525,4430521411452.000000
4430381091000.000000,1752164257.705646,4430548533030.000000
4430447734000.000000,1752164257.727388,4430570274870.000000
4430514376000.000000,1752164257.960248,4430803136216.000000
4430647661000.000000,1752164257.988034,4430830920695.000000
4430680983000.000000,1752164258.004932,4430847818383.000000
4430747626000.000000,1752164258.021519,4430864404964.000000
4430780948000.000000,1752164258.131193,4430974080173.000000
4430947554000.000000,1752164258.197985,4431040871972.000000
4430980878000.000000,1752164258.219866,4431062753570.000000
4431014198000.000000,1752164258.325768,4431168654727.000000
4431047521000.000000,1752164258.342367,4431185253566.000000
4431080842000.000000,1752164258.364006,4431206893722.000000
4431180804000.000000,1752164258.491963,4431334850475.000000
4431214127000.000000,1752164258.514685,4431357571471.000000
4431314090000.000000,1752164258.627244,4431470130426.000000
4431347413000.000000,1752164258.644080,4431486966819.000000
4431380734000.000000,1752164258.665597,4431508484106.000000
4431480697000.000000,1752164258.813400,4431656287497.000000
4431514019000.000000,1752164258.825181,4431668068259.000000
4431580661000.000000,1752164258.841893,4431684780005.000000
4431613983000.000000,1752164259.019141,4431862028412.000000
4431647303000.000000,1752164259.041317,4431884204248.000000
4431780588000.000000,1752164259.062813,4431905699498.000000
4431813911000.000000,1752164259.079266,4431922151784.000000
4431847233000.000000,1752164259.267010,4432109897244.000000
4432013839000.000000,1752164259.268524,4432111409913.000000
4432047161000.000000,1752164259.356579,4432199466780.000000
4432080483000.000000,1752164259.373358,4432216245730.000000
4432113806000.000000,1752164259.384618,4432227503479.000000
4432180446000.000000,1752164259.500150,4432343037124.000000
4432213770000.000000,1752164259.511585,4432354472112.000000
4432313732000.000000,1752164259.656045,4432498932631.000000
4432347054000.000000,1752164259.678066,4432520953228.000000
4432380375000.000000,1752164259.694672,4432537559012.000000
4432480338000.000000,1752164259.825316,4432668202791.000000
4432513661000.000000,1752164259.842529,4432685415513.000000
4432613625000.000000,1752164259.858929,4432701815985.000000
4432646946000.000000,1752164259.977254,4432820141452.000000
4432680268000.000000,1752164260.005230,4432848117114.000000
4432780233000.000000,1752164260.031695,4432874582366.000000
4432813553000.000000,1752164260.160480,4433003368758.000000
4432846875000.000000,1752164260.183892,4433026780376.000000
4432980161000.000000,1752164260.314166,4433157053659.000000
4433013484000.000000,1752164260.330818,4433173704906.000000
4433046804000.000000,1752164260.347356,4433190241913.000000
4433113445000.000000,1752164260.368437,4433211323983.000000
4433146768000.000000,1752164260.532454,4433375340643.000000
4433313372000.000000,1752164260.549186,4433392072760.000000
4433346695000.000000,1752164260.693986,4433536873238.000000
4433380018000.000000,1752164260.710258,4433553143415.000000
4433413340000.000000,1752164260.727018,4433569904698.000000
4433479981000.000000,1752164260.748906,4433591792147.000000
4433546624000.000000,1752164260.946472,4433789358799.000000
4433679909000.000000,1752164260.963277,4433806164451.000000
4433713230000.000000,1752164260.975023,4433817909751.000000
4433746552000.000000,1752164261.042163,4433885050435.000000
4433779874000.000000,1752164261.058803,4433901689867.000000
4433913158000.000000,1752164261.219498,4434062385453.000000
4433946480000.000000,1752164261.231232,4434074119382.000000
4433979801000.000000,1752164261.342318,4434185205927.000000
4434013122000.000000,1752164261.376312,4434219199672.000000
4434046444000.000000,1752164261.393830,4434236719002.000000
4434179730000.000000,1752164261.544885,4434387773525.000000
4434213053000.000000,1752164261.568800,4434411688027.000000
4434346342000.000000,1752164261.586113,4434429001340.000000
4434379660000.000000,1752164261.730191,4434573077975.000000
4434412981000.000000,1752164261.746815,4434589702796.000000
4434512943000.000000,1752164261.768749,4434611634819.000000
4434546265000.000000,1752164261.892058,4434734946029.000000
4434579587000.000000,1752164261.903482,4434746369258.000000
4434712871000.000000,1752164262.026311,4434869198399.000000
4434746194000.000000,1752164262.043421,4434886307881.000000
4434779514000.000000,1752164262.059809,4434902695835.000000
4434846157000.000000,1752164262.191994,4435034881505.000000
4434879479000.000000,1752164262.208691,4435051578195.000000
4434979443000.000000,1752164262.224763,4435067650022.000000
4435012764000.000000,1752164262.327797,4435170684469.000000
4435046086000.000000,1752164262.339801,4435182688062.000000
4435146050000.000000,1752164262.450630,4435293519239.000000
4435179372000.000000,1752164262.462422,4435305309853.000000
4435212694000.000000,1752164262.474765,4435317652850.000000
4435279341000.000000,1752164262.620217,4435463106044.000000
4435312658000.000000,1752164262.637538,4435480425043.000000
4435412623000.000000,1752164262.654814,4435497702690.000000
4435445947000.000000,1752164262.805208,4435648095849.000000
4435479266000.000000,1752164262.811673,4435654559317.000000
4435612551000.000000,1752164262.938944,4435781831947.000000
4435645871000.000000,1752164262.955970,4435798857708.000000
4435679194000.000000,1752164262.973112,4435815998764.000000
4435712513000.000000,1752164262.989467,4435832353885.000000
4435745835000.000000,1752164263.085668,4435928554701.000000
4435912441000.000000,1752164263.199217,4436042104053.000000
4435945764000.000000,1752164263.216349,4436059235924.000000
4435979083000.000000,1752164263.237934,4436080820507.000000
4436012407000.000000,1752164263.389343,4436232230525.000000
4436079050000.000000,1752164263.410986,4436253872755.000000
4436179014000.000000,1752164263.433312,4436276199293.000000
4436212335000.000000,1752164263.563766,4436406654278.000000
4436245657000.000000,1752164263.585567,4436428453450.000000
4436345620000.000000,1752164263.602168,4436445055327.000000
4436378942000.000000,1752164263.705760,4436548648083.000000
4436412264000.000000,1752164263.732643,4436575530812.000000
4436545549000.000000,1752164263.863433,4436706320441.000000
4436578870000.000000,1752164263.885484,4436728369797.000000
4436612191000.000000,1752164263.907230,4436750116803.000000
4436678833000.000000,1752164263.994512,4436837399771.000000
4436712156000.000000,1752164264.021429,4436864317111.000000
4436812119000.000000,1752164264.118083,4436960970756.000000
4436845441000.000000,1752164264.134583,4436977469912.000000
4436878762000.000000,1752164264.155973,4436998861515.000000
4436978727000.000000,1752164264.262753,4437105640125.000000
4437012048000.000000,1752164264.279493,4437122380500.000000
4437078690000.000000,1752164264.400655,4437243542326.000000
4437112014000.000000,1752164264.417261,4437260147332.000000
4437145334000.000000,1752164264.433842,4437276729284.000000
4437211976000.000000,1752164264.562248,4437405136254.000000
4437245298000.000000,1752164264.578966,4437421853388.000000
4437345261000.000000,1752164264.606766,4437449653071.000000
4437378584000.000000,1752164264.755341,4437598227953.000000
4437411906000.000000,1752164264.767220,4437610107307.000000
4437545190000.000000,1752164264.778746,4437621632479.000000
4437578511000.000000,1752164264.918931,4437761818007.000000
4437611834000.000000,1752164264.945765,4437788651755.000000
4437711796000.000000,1752164264.962303,4437805191022.000000
4437745119000.000000,1752164265.068633,4437911519489.000000
4437778442000.000000,1752164265.095702,4437938589531.000000
4437878404000.000000,1752164265.112560,4437955447183.000000
4437911727000.000000,1752164265.262844,4438105731880.000000
4437945047000.000000,1752164265.280257,4438123145137.000000
4438045013000.000000,1752164265.297456,4438140342507.000000
4438078336000.000000,1752164265.483493,4438326379875.000000
4438111657000.000000,1752164265.510286,4438353173365.000000
4438211619000.000000,1752164265.527105,4438369991406.000000
4438244939000.000000,1752164265.548681,4438391567155.000000
4438311582000.000000,1752164265.687844,4438530730676.000000
4438478189000.000000,1752164265.715076,4438557963402.000000
4438511512000.000000,1752164265.839683,4438682570690.000000
4438544832000.000000,1752164265.856256,4438699143104.000000
4438578153000.000000,1752164265.873351,4438716237143.000000
4438644795000.000000,1752164265.889674,4438732561800.000000
4438711440000.000000,1752164266.094752,4438937639112.000000
4438811403000.000000,1752164266.111350,4438954236692.000000
4438844724000.000000,1752164266.133105,4438975991643.000000
4438878045000.000000,1752164266.280864,4439123752090.000000
4438944689000.000000,1752164266.297524,4439140411318.000000
4439077972000.000000,1752164266.314285,4439157171990.000000
4439111295000.000000,1752164266.453198,4439296086531.000000
4439144617000.000000,1752164266.469935,4439312822425.000000
4439244581000.000000,1752164266.486180,4439329067343.000000
4439277902000.000000,1752164266.591898,4439434785316.000000
4439311225000.000000,1752164266.608660,4439451546099.000000
4439411188000.000000,1752164266.747787,4439590674676.000000
4439444510000.000000,1752164266.775436,4439618322600.000000
4439477830000.000000,1752164266.791893,4439634780053.000000
4439577795000.000000,1752164266.900826,4439743713177.000000
4439611116000.000000,1752164266.917569,4439760455904.000000
4439711079000.000000,1752164267.020342,4439863229094.000000
4439744403000.000000,1752164267.036896,4439879782212.000000
4439777723000.000000,1752164267.074777,4439917664823.000000
4439877688000.000000,1752164267.285583,4440128469369.000000
4439911009000.000000,1752164267.302168,4440145055487.000000
4440010973000.000000,1752164267.323758,4440166645125.000000
4440044297000.000000,1752164267.345706,4440188591500.000000
4440077616000.000000,1752164267.515559,4440358445746.000000
4440277543000.000000,1752164267.543069,4440385956116.000000
4440310867000.000000,1752164267.564893,4440407779419.000000
4440344188000.000000,1752164267.671889,4440514776804.000000
4440377508000.000000,1752164267.694318,4440537205618.000000
4440477472000.000000,1752164267.784566,4440627452610.000000
4440510794000.000000,1752164267.801283,4440644171208.000000
4440544118000.000000,1752164267.823382,4440666268488.000000
4440610758000.000000,1752164267.928023,4440770910473.000000
4440644081000.000000,1752164267.945025,4440787911605.000000
4440744043000.000000,1752164268.073396,4440916283075.000000
4440777367000.000000,1752164268.090117,4440933002988.000000
4440810687000.000000,1752164268.116963,4440959850088.000000
4440877330000.000000,1752164268.138690,4440981576687.000000
4440943973000.000000,1752164268.327620,4441170508247.000000
4441077257000.000000,1752164268.339851,4441182738800.000000
4441110579000.000000,1752164268.356433,4441199319844.000000
4441143900000.000000,1752164268.454535,4441297423677.000000
4441177223000.000000,1752164268.471336,4441314224126.000000
4441277186000.000000,1752164268.601498,4441444385391.000000
4441310508000.000000,1752164268.623837,4441466724095.000000
4441343830000.000000,1752164268.640363,4441483249307.000000
4441377150000.000000,1752164268.757012,4441599901495.000000
4441443793000.000000,1752164268.773626,4441616512632.000000
4441543757000.000000,1752164268.790135,4441633022713.000000
4441577080000.000000,1752164268.929042,4441771929570.000000
4441610402000.000000,1752164268.945531,4441788417392.000000
4441743686000.000000,1752164269.091402,4441934289156.000000
4441777008000.000000,1752164269.108164,4441951051938.000000
4441810329000.000000,1752164269.125064,4441967951571.000000
4441910291000.000000,1752164269.261245,4442104132661.000000
4441943616000.000000,1752164269.282980,4442125867038.000000
4442043578000.000000,1752164269.315959,4442158845869.000000
4442076900000.000000,1752164269.416345,4442259231362.000000
4442110222000.000000,1752164269.449497,4442292384061.000000
4442243506000.000000,1752164269.571096,4442413983012.000000
4442276828000.000000,1752164269.609422,4442452309229.000000
4442310149000.000000,1752164269.625834,4442468720071.000000
4442376791000.000000,1752164269.647506,4442490393189.000000
4442410112000.000000,1752164269.761046,4442603933319.000000
4442576722000.000000,1752164269.921712,4442764599312.000000
4442610044000.000000,1752164269.949674,4442792560548.000000
4442643363000.000000,1752164269.971734,4442814620940.000000
4442676684000.000000,1752164269.987676,4442830563065.000000
4442743327000.000000,1752164270.140801,4442983688417.000000
4442943256000.000000,1752164270.157464,4443000350386.000000
4442976579000.000000,1752164270.313329,4443156216690.000000
4443009900000.000000,1752164270.336042,4443178929575.000000
4443043220000.000000,1752164270.363396,4443206283966.000000
4443143186000.000000,1752164270.486291,4443329178162.000000
4443176508000.000000,1752164270.508910,4443351796270.000000
4443276469000.000000,1752164270.525381,4443368267408.000000
4443309792000.000000,1752164270.636022,4443478908902.000000
4443343113000.000000,1752164270.663755,4443506642844.000000
4443443077000.000000,1752164270.754529,4443597416812.000000
4443476398000.000000,1752164270.766078,4443608964761.000000
4443509720000.000000,1752164270.782990,4443625877505.000000
4443576363000.000000,1752164270.941569,4443784456002.000000
4443609684000.000000,1752164270.964265,4443807151536.000000
4443709646000.000000,1752164270.985597,4443828483751.000000
4443742970000.000000,1752164271.126320,4443969207421.000000
4443776291000.000000,1752164271.158493,4444001379223.000000
4443909576000.000000,1752164271.180623,4444023510096.000000
4443942898000.000000,1752164271.313412,4444156298815.000000
4443976220000.000000,1752164271.330040,4444172927470.000000
4444109504000.000000,1752164271.341708,4444184594399.000000
4444142827000.000000,1752164271.494998,4444337885805.000000
4444176149000.000000,1752164271.511752,4444354638829.000000
4444276112000.000000,1752164271.544368,4444387255552.000000
4444309434000.000000,1752164271.641806,4444484693929.000000
4444342755000.000000,1752164271.653944,4444496835928.000000
4444476041000.000000,1752164271.800263,4444643149668.000000
4444509362000.000000,1752164271.822137,4444665024599.000000
4444542683000.000000,1752164271.834594,4444677481243.000000
4444576005000.000000,1752164271.856146,4444699033159.000000
4444642646000.000000,1752164271.987179,4444830066545.000000
4444775932000.000000,1752164272.004200,4444847086880.000000
4444809255000.000000,1752164272.141870,4444984756806.000000
4444842575000.000000,1752164272.158652,4445001538885.000000
4444875897000.000000,1752164272.175116,4445018003374.000000
4444942541000.000000,1752164272.191654,4445034541141.000000
4444975861000.000000,1752164272.381721,4445224608114.000000
4445142468000.000000,1752164272.398527,4445241413766.000000
4445175789000.000000,1752164272.420257,4445263143606.000000
4445209111000.000000,1752164272.554281,4445397168460.000000
4445242433000.000000,1752164272.576042,4445418928633.000000
4445342397000.000000,1752164272.597991,4445440878230.000000
4445375718000.000000,1752164272.694208,4445537095232.000000
4445409040000.000000,1752164272.711005,4445553891551.000000
4445509003000.000000,1752164272.877111,4445719999319.000000
4445542325000.000000,1752164272.904339,4445747226341.000000
4445575646000.000000,1752164272.920657,4445763543776.000000
4445675610000.000000,1752164272.936582,4445779468549.000000
4445708932000.000000,1752164273.105533,4445948421249.000000
4445875538000.000000,1752164273.122725,4445965611972.000000
4445908860000.000000,1752164273.139618,4445982505216.000000
4445942182000.000000,1752164273.276978,4446119865034.000000
4445975503000.000000,1752164273.299533,4446142420365.000000
4446042144000.000000,1752164273.318662,4446161549437.000000
4446075466000.000000,1752164273.412623,4446255510296.000000
4446108787000.000000,1752164273.440161,4446283048889.000000
4446242074000.000000,1752164273.563989,4446406875963.000000
4446275395000.000000,1752164273.586220,4446429107705.000000
4446308716000.000000,1752164273.608248,4446451135005.000000
4446375359000.000000,1752164273.766737,4446609624096.000000
4446408681000.000000,1752164273.783753,4446626640987.000000
4446541965000.000000,1752164273.806099,4446648986765.000000
4446575287000.000000,1752164273.973303,4446816190058.000000
4446608609000.000000,1752164274.000472,4446843358469.000000
4446708573000.000000,1752164274.016733,4446859619683.000000
4446741894000.000000,1752164274.033087,4446875972692.000000
4446775215000.000000,1752164274.175853,4447018740434.000000
4446975144000.000000,1752164274.208302,4447051191621.000000
4447008467000.000000,1752164274.376024,4447218911038.000000
4447041788000.000000,1752164274.387872,4447230759670.000000
4447075109000.000000,1752164274.399609,4447242496155.000000
4447175072000.000000,1752164274.426568,4447269454365.000000
4447208394000.000000,1752164274.608273,4447451160094.000000
4447341678000.000000,1752164274.620482,4447463368981.000000
4447375001000.000000,1752164274.637142,4447480029561.000000
4447408322000.000000,1752164274.776501,4447619388247.000000
4447441643000.000000,1752164274.792951,4447635837810.000000
4447541607000.000000,1752164274.809662,4447652549001.000000
4447608250000.000000,1752164274.960827,4447803714115.000000
4447641573000.000000,1752164274.972790,4447815676430.000000
4447741535000.000000,1752164274.994792,4447837679045.000000
4447774858000.000000,1752164275.105519,4447948406354.000000
4447808180000.000000,1752164275.138260,4447981147298.000000
4447908143000.000000,1752164275.256967,4448099854465.000000
4447941464000.000000,1752164275.273431,4448116318139.000000
4447974786000.000000,1752164275.300444,4448143330348.000000
4448108071000.000000,1752164275.408714,4448251601609.000000
4448141393000.000000,1752164275.437196,4448280084303.000000
4448241357000.000000,1752164275.526814,4448369701227.000000
4448274680000.000000,1752164275.543485,4448386372955.000000
4448308001000.000000,1752164275.571066,4448413952621.000000
4448374643000.000000,1752164275.703817,4448546704470.000000
4448407964000.000000,1752164275.720492,4448563379587.000000
4448507927000.000000,1752164275.732830,4448575716454.000000
4448541250000.000000,1752164275.875678,4448718564583.000000
4448574571000.000000,1752164275.898080,4448740966583.000000
4448641214000.000000,1752164275.914728,4448757614274.000000
4448674536000.000000,1752164275.931518,4448774404260.000000
4448707857000.000000,1752164276.015290,4448858177858.000000
4448874462000.000000,1752164276.162799,4449005686475.000000
4448907783000.000000,1752164276.184948,4449027835384.000000
4448941105000.000000,1752164276.302923,4449145811096.000000
4448974426000.000000,1752164276.324677,4449167564306.000000
4449041071000.000000,1752164276.341622,4449184508309.000000
4449141033000.000000,1752164276.512127,4449355014345.000000
4449174355000.000000,1752164276.539187,4449382074276.000000
4449274319000.000000,1752164276.555761,4449398648653.000000
4449307641000.000000,1752164276.762638,4449605526130.000000
4449340963000.000000,1752164276.779494,4449622380263.000000
4449474247000.000000,1752164276.801207,4449644093159.000000
4449507570000.000000,1752164276.823070,4449665956257.000000
4449574211000.000000,1752164276.928778,4449771665508.000000
4449774140000.000000,1752164277.044059,4449886946138.000000
4449807462000.000000,1752164277.061253,4449904140101.000000
4449840784000.000000,1752164277.158187,4450001073743.000000
4449874105000.000000,1752164277.174594,4450017480307.000000
4449907426000.000000,1752164277.201729,4450044616589.000000
4450007391000.000000,1752164277.325221,4450168108501.000000
4450040713000.000000,1752164277.342075,4450184961245.000000
4450140676000.000000,1752164277.489544,4450332431103.000000
4450173998000.000000,1752164277.511081,4450353966575.000000
4450207323000.000000,1752164277.538489,4450381376243.000000
4450273961000.000000,1752164277.554852,4450397738344.000000
4450340605000.000000,1752164277.703172,4450546058989.000000
4450473890000.000000,1752164277.730471,4450573357528.000000
4450507212000.000000,1752164277.847620,4450690507416.000000
4450540533000.000000,1752164277.875618,4450718504299.000000
4450573855000.000000,1752164277.897377,4450740263602.000000
4450673819000.000000,1752164278.050652,4450893539897.000000
4450707141000.000000,1752164278.068341,4450911227299.000000
4450840425000.000000,1752164278.079704,4450922590177.000000
4450873747000.000000,1752164278.215724,4451058611102.000000
4450907069000.000000,1752164278.243335,4451086221620.000000
4451007033000.000000,1752164278.259989,4451102875977.000000
4451040354000.000000,1752164278.382519,4451225406696.000000
4451073675000.000000,1752164278.404938,4451247824862.000000
4451173638000.000000,1752164278.437569,4451280455585.000000
4451206961000.000000,1752164278.576894,4451419780807.000000
4451240283000.000000,1752164278.593669,4451436556905.000000
4451340246000.000000,1752164278.620924,4451463810982.000000
4451406887000.000000,1752164278.772631,4451615518015.000000
4451440211000.000000,1752164278.789433,4451632320205.000000
4451540174000.000000,1752164278.811160,4451654046990.000000
4451606817000.000000,1752164278.998597,4451841484046.000000
4451640139000.000000,1752164279.010183,4451853069533.000000
4451740102000.000000,1752164279.027040,4451869926388.000000
4451773424000.000000,1752164279.043406,4451886292749.000000
4451806745000.000000,1752164279.180443,4452023330145.000000
4451973351000.000000,1752164279.202752,4452045638886.000000
4452006674000.000000,1752164279.319559,4452162447055.000000
4452039997000.000000,1752164279.341521,4452184407393.000000
4452073316000.000000,1752164279.363572,4452206458396.000000
4452139958000.000000,1752164279.487365,4452330253082.000000
4452173280000.000000,1752164279.509718,4452352605157.000000
4452306564000.000000,1752164279.620440,4452463327706.000000
4452339888000.000000,1752164279.648274,4452491161184.000000
4452373208000.000000,1752164279.680843,4452523729556.000000
4452439850000.000000,1752164279.846516,4452689403050.000000
4452473172000.000000,1752164279.863412,4452706299220.000000
4452606457000.000000,1752164279.874975,4452717861466.000000
4452639779000.000000,1752164279.988509,4452831396707.000000
4452673101000.000000,1752164280.010553,4452853439155.000000
4452806386000.000000,1752164280.148486,4452991374022.000000
4452839708000.000000,1752164280.170582,4453013468525.000000
4452873029000.000000,1752164280.197644,4453040532030.000000
4452972992000.000000,1752164280.368801,4453211687892.000000
4453006314000.000000,1752164280.396145,4453239032079.000000
4453106279000.000000,1752164280.417609,4453260495496.000000
4453139600000.000000,1752164280.434423,4453277309186.000000
4453172922000.000000,1752164280.654547,4453497434446.000000
4453372852000.000000,1752164280.667195,4453510081736.000000
4453406172000.000000,1752164280.684086,4453526971369.000000
4453439494000.000000,1752164280.816228,4453659115854.000000
4453472815000.000000,1752164280.833072,4453675958969.000000
4453606100000.000000,1752164280.860261,4453703148121.000000
4453639422000.000000,1752164280.981023,4453823911099.000000
4453672743000.000000,1752164280.992824,4453835710805.000000
4453772708000.000000,1752164281.004623,4453847510253.000000
4453806029000.000000,1752164281.108881,4453951767890.000000
4453839351000.000000,1752164281.125912,4453968798595.000000
4453939314000.000000,1752164281.266422,4454109309009.000000
4453972637000.000000,1752164281.282983,4454125869627.000000
4454005957000.000000,1752164281.299909,4454142796723.000000
4454072599000.000000,1752164281.316382,4454159269193.000000
4454105922000.000000,1752164281.409376,4454252263693.000000
4454239207000.000000,1752164281.569460,4454412348155.000000
4454272528000.000000,1752164281.591552,4454434439639.000000
4454305849000.000000,1752164281.613343,4454456229590.000000
4454339171000.000000,1752164281.630044,4454472929799.000000
4454405813000.000000,1752164281.789264,4454632151604.000000
4454572420000.000000,1752164281.796392,4454639279435.000000
4454605743000.000000,1752164281.924706,4454767592794.000000
4454639065000.000000,1752164281.940821,4454783708343.000000
4454672384000.000000,1752164281.957601,4454800487866.000000
4454772349000.000000,1752164282.120338,4454963225689.000000
4454805670000.000000,1752164282.144047,4454986936249.000000
4454905634000.000000,1752164282.163472,4455006360280.000000
4454938956000.000000,1752164282.323314,4455166201986.000000
4454972278000.000000,1752164282.345740,4455188627448.000000
4455072242000.000000,1752164282.372596,4455215482604.000000
4455105563000.000000,1752164282.389079,4455231965778.000000
4455138886000.000000,1752164282.556364,4455399251663.000000
4455338812000.000000,1752164282.583514,4455426401926.000000
4455372134000.000000,1752164282.744067,4455586953587.000000
4455405456000.000000,1752164282.755622,4455598509000.000000
4455438777000.000000,1752164282.757013,4455599899300.000000
4455538743000.000000,1752164282.778198,4455621084072.000000
4455572062000.000000,1752164282.946937,4455789824570.000000
4455705347000.000000,1752164282.968953,4455811840259.000000
4455738669000.000000,1752164282.990732,4455833618914.000000
4455771992000.000000,1752164283.142494,4455985381151.000000
4455805312000.000000,1752164283.159372,4456002259210.000000
4455905276000.000000,1752164283.192004,4456034890192.000000
4455938599000.000000,1752164283.367582,4456210468895.000000
4455971919000.000000,1752164283.389211,4456232097792.000000
4456105203000.000000,1752164283.431939,4456274825424.000000
4456138526000.000000,1752164283.448306,4456291192100.000000
4456171847000.000000,1752164283.627691,4456470577706.000000
4456371774000.000000,1752164283.649438,4456492325584.000000
4456405097000.000000,1752164283.666246,4456509133440.000000
4456438418000.000000,1752164283.817748,4456660635494.000000
4456471740000.000000,1752164283.839947,4456682833274.000000
4456605024000.000000,1752164283.862370,4456705257088.000000
4456638346000.000000,1752164283.950212,4456793100087.000000
4456671672000.000000,1752164283.962116,4456805003200.000000
4456771633000.000000,1752164284.106292,4456949178593.000000
4456804955000.000000,1752164284.128490,4456971377428.000000
4456838275000.000000,1752164284.144792,4456987678715.000000
4456904917000.000000,1752164284.176831,4457019717500.000000
4456938239000.000000,1752164284.366158,4457209045610.000000
4457104847000.000000,1752164284.388824,4457231711311.000000
4457138168000.000000,1752164284.485499,4457328386548.000000
4457171488000.000000,1752164284.497641,4457340527677.000000
4457204812000.000000,1752164284.519332,4457362219073.000000
4457304774000.000000,1752164284.624047,4457466934242.000000
4457338097000.000000,1752164284.646047,4457488934098.000000
4457438060000.000000,1752164284.793309,4457636196921.000000
4457471382000.000000,1752164284.820166,4457663054502.000000
4457504703000.000000,1752164284.837164,4457680050708.000000
4457604666000.000000,1752164284.958927,4457801813286.000000
4457637989000.000000,1752164284.976098,4457818984398.000000
4457737951000.000000,1752164284.993110,4457835997400.000000
4457771274000.000000,1752164285.114972,4457957860033.000000
4457804595000.000000,1752164285.126787,4457969674554.000000
4457937880000.000000,1752164285.261833,4458104720452.000000
4457971202000.000000,1752164285.278272,4458121159257.000000
4458004524000.000000,1752164285.295133,4458138020020.000000
4458104488000.000000,1752164285.422985,4458265872199.000000
4458137809000.000000,1752164285.434460,4458277346483.000000
4458237773000.000000,1752164285.609726,4458452615023.000000
4458271095000.000000,1752164285.626848,4458469735709.000000
4458304416000.000000,1752164285.644589,4458487476277.000000
4458371058000.000000,1752164285.671858,4458514745206.000000
4458437702000.000000,1752164285.813079,4458655965853.000000
4458604308000.000000,1752164285.829704,4458672590840.000000
4458637629000.000000,1752164285.955455,4458798342079.000000
4458670952000.000000,1752164285.967262,4458810149230.000000
4458704273000.000000,1752164285.978880,4458821767401.000000
4458737594000.000000,1752164286.107607,4458950494072.000000
4458804239000.000000,1752164286.139670,4458982557171.000000
4458904201000.000000,1752164286.162011,4459004898227.000000
4458937522000.000000,1752164286.280429,4459123316600.000000
4458970844000.000000,1752164286.292218,4459135105825.000000
4459070808000.000000,1752164286.397290,4459240177102.000000
4459104130000.000000,1752164286.418893,4459261781703.000000
4459137452000.000000,1752164286.435620,4459278506930.000000
4459237415000.000000,1752164286.597418,4459440305781.000000
4459270737000.000000,1752164286.625272,4459468159074.000000
4459370700000.000000,1752164286.642133,4459485019633.000000
4459404022000.000000,1752164286.760679,4459603566598.000000
4459437344000.000000,1752164286.772294,4459615181270.000000
4459570628000.000000,1752164286.932228,4459775115011.000000
4459603952000.000000,1752164286.949065,4459791952774.000000
4459637272000.000000,1752164286.966026,4459808912499.000000
4459737236000.000000,1752164286.988119,4459831006854.000000
4459770557000.000000,1752164287.137450,4459980338339.000000
4459903842000.000000,1752164287.170239,4460013125783.000000
4459937164000.000000,1752164287.283868,4460126755930.000000
4459970486000.000000,1752164287.290375,4460133261360.000000
4460003807000.000000,1752164287.307257,4460150144753.000000
4460103771000.000000,1752164287.487658,4460330545144.000000
4460137093000.000000,1752164287.504330,4460347216946.000000
4460237057000.000000,1752164287.521003,4460363890082.000000
4460303698000.000000,1752164287.607256,4460450144116.000000
4460337021000.000000,1752164287.629831,4460472718188.000000
4460470306000.000000,1752164287.773666,4460616552807.000000
4460503627000.000000,1752164287.795939,4460638826104.000000
4460536949000.000000,1752164287.807468,4460650354702.000000
4460570269000.000000,1752164287.839190,4460682076472.000000
4460603591000.000000,1752164288.010473,4460853359943.000000
4460770198000.000000,1752164288.032993,4460875880553.000000
4460803520000.000000,1752164288.227736,4461070622198.000000
4460836841000.000000,1752164288.244586,4461087473387.000000
4460870163000.000000,1752164288.256183,4461099069280.000000
4460970127000.000000,1752164288.272667,4461115553899.000000
4461036769000.000000,1752164288.294223,4461137109167.000000
4461203375000.000000,1752164288.516615,4461359503514.000000
4461236697000.000000,1752164288.539074,4461381960921.000000
4461270018000.000000,1752164288.555822,4461398709000.000000
4461303342000.000000,1752164288.643779,4461486665868.000000
4461336662000.000000,1752164288.665877,4461508763445.000000
4461469947000.000000,1752164288.838602,4461681488290.000000
4461503270000.000000,1752164288.861028,4461703915493.000000
4461536590000.000000,1752164288.877026,4461719912006.000000
4461636553000.000000,1752164288.903430,4461746315759.000000
4461669876000.000000,1752164289.034048,4461876935353.000000
4461836483000.000000,1752164289.066875,4461909762314.000000
4461869805000.000000,1752164289.173965,4462016852495.000000
4461903127000.000000,1752164289.196514,4462039401808.000000
4461936448000.000000,1752164289.223034,4462065920782.000000
4462003091000.000000,1752164289.349108,4462191995277.000000
4462036412000.000000,1752164289.360800,4462203686262.000000
4462136375000.000000,1752164289.376977,4462219863607.000000
4462169697000.000000,1752164289.493175,4462336061708.000000
4462203020000.000000,1752164289.514842,4462357729419.000000
4462336305000.000000,1752164289.650863,4462493750474.000000
4462369627000.000000,1752164289.672586,4462515473184.000000
4462402947000.000000,1752164289.694999,4462537886813.000000
4462469588000.000000,1752164289.796681,4462639567738.000000
4462502912000.000000,1752164289.818747,4462661633852.000000
4462636195000.000000,1752164289.974108,4462816995754.000000
4462669518000.000000,1752164289.990973,4462833860665.000000
4462702839000.000000,1752164290.022850,4462865736563.000000
4462736160000.000000,1752164290.044169,4462887055204.000000
4462802802000.000000,1752164290.206997,4463049883470.000000
4462969411000.000000,1752164290.228722,4463071609477.000000
4463002733000.000000,1752164290.245625,4463088511665.000000
4463036053000.000000,1752164290.364447,4463207334534.000000
4463069374000.000000,1752164290.386777,4463229663738.000000
4463169338000.000000,1752164290.533782,4463376668841.000000
4463202661000.000000,1752164290.561183,4463404069861.000000
4463235983000.000000,1752164290.577284,4463420170429.000000
4463335945000.000000,1752164290.593834,4463436720677.000000
4463369267000.000000,1752164290.761245,4463604133208.000000
4463502552000.000000,1752164290.796173,4463639060129.000000
4463535874000.000000,1752164290.817637,4463660523712.000000
4463569197000.000000,1752164290.928196,4463771082930.000000
4463602518000.000000,1752164290.950282,4463793168322.000000
4463735801000.000000,1752164291.081420,4463924307058.000000
4463769123000.000000,1752164291.098246,4463941133396.000000
4463802445000.000000,1752164291.114885,4463957771439.000000
4463902409000.000000,1752164291.283102,4464125989480.000000
4463935732000.000000,1752164291.299905,4464142791837.000000
4464069016000.000000,1752164291.332667,4464175554373.000000
4464102338000.000000,1752164291.467472,4464310360422.000000
4464135660000.000000,1752164291.484530,4464327418331.000000
4464235623000.000000,1752164291.506574,4464349460427.000000
4464268945000.000000,1752164291.618654,4464461541943.000000
4464302266000.000000,1752164291.630287,4464473173929.000000
4464435551000.000000,1752164291.718219,4464561105631.000000
4464468874000.000000,1752164291.735088,4464577974820.000000
4464502194000.000000,1752164291.751867,4464594754639.000000
4464568837000.000000,1752164291.895927,4464738814070.000000
4464602159000.000000,1752164291.907791,4464750677350.000000
4464668800000.000000,1752164291.924675,4464767562742.000000
4464702121000.000000,1752164292.043359,4464886245724.000000
4464735443000.000000,1752164292.065472,4464908359060.000000
4464868728000.000000,1752164292.215809,4465058696553.000000
4464902051000.000000,1752164292.232796,4465075683000.000000
4464935373000.000000,1752164292.254534,4465097420673.000000
4465035335000.000000,1752164292.426564,4465269450711.000000
4465068658000.000000,1752164292.443660,4465286547879.000000
4465168621000.000000,1752164292.465924,4465308811121.000000
4465235266000.000000,1752164292.566612,4465409498944.000000
4465268585000.000000,1752164292.583325,4465426213894.000000
4465401870000.000000,1752164292.716588,4465559476923.000000
4465435193000.000000,1752164292.733496,4465576382963.000000
4465468513000.000000,1752164292.750215,4465593100376.000000
4465501834000.000000,1752164292.766478,4465609364182.000000
4465535156000.000000,1752164292.922360,4465765246615.000000
4465701763000.000000,1752164292.949635,4465792522155.000000
4465735084000.000000,1752164293.070639,4465913526094.000000
4465768406000.000000,1752164293.082254,4465925141765.000000
4465801727000.000000,1752164293.109607,4465952494915.000000
4465901691000.000000,1752164293.319823,4466162710578.000000
4465935014000.000000,1752164293.336184,4466179070550.000000
4466034976000.000000,1752164293.352565,4466195451152.000000
4466068299000.000000,1752164293.368903,4466211789365.000000
4466101620000.000000,1752164293.390385,4466233271134.000000
4466334869000.000000,1752164293.574410,4466417297672.000000
4466368191000.000000,1752164293.649588,4466492475344.000000
4466401512000.000000,1752164293.671503,4466514389775.000000
4466434835000.000000,1752164293.699043,4466541929849.000000
4466468156000.000000,1752164293.840265,4466683151773.000000
4466501478000.000000,1752164293.862695,4466705581606.000000
4466601441000.000000,1752164293.879011,4466721897560.000000
4466634763000.000000,1752164294.039768,4466882655571.000000
4466668084000.000000,1752164294.056394,4466899280558.000000
4466801369000.000000,1752164294.073214,4466916101266.000000
4466834691000.000000,1752164294.236904,4467079790930.000000
4466868012000.000000,1752164294.243572,4467086458340.000000
4467001298000.000000,1752164294.266065,4467108951913.000000
4467034620000.000000,1752164294.406045,4467248932684.000000
4467067940000.000000,1752164294.428574,4467271461516.000000
4467201225000.000000,1752164294.444754,4467287641786.000000
4467234548000.000000,1752164294.604538,4467447425196.000000
4467267871000.000000,1752164294.626647,4467469533921.000000
4467367833000.000000,1752164294.647833,4467490719360.000000
4467401155000.000000,1752164294.664522,4467507407661.000000
4467434475000.000000,1752164294.807855,4467650741952.000000
4467567762000.000000,1752164294.819287,4467662175088.000000
4467601083000.000000,1752164294.835753,4467678640022.000000
4467634405000.000000,1752164294.975895,4467818783255.000000
4467667727000.000000,1752164294.993056,4467835942514.000000
4467767688000.000000,1752164294.999511,4467842397556.000000
4467801011000.000000,1752164295.109766,4467952653518.000000
4467834334000.000000,1752164295.131921,4467974807612.000000
4467934295000.000000,1752164295.268968,4468111855360.000000
4467967618000.000000,1752164295.285692,4468128578809.000000
4468000939000.000000,1752164295.297172,4468140059001.000000
4468067581000.000000,1752164295.324334,4468167220264.000000
4468100903000.000000,1752164295.486341,4468329229187.000000
4468234189000.000000,1752164295.508075,4468350961953.000000
4468267510000.000000,1752164295.614267,4468457154421.000000
4468300831000.000000,1752164295.641442,4468484329536.000000
4468334152000.000000,1752164295.658539,4468501426296.000000
4468434116000.000000,1752164295.786307,4468629194181.000000
4468467439000.000000,1752164295.798053,4468640939573.000000
4468600724000.000000,1752164295.896692,4468739579863.000000
4468634046000.000000,1752164295.913388,4468756275757.000000
4468667369000.000000,1752164295.925344,4468768230851.000000
4468734012000.000000,1752164296.082269,4468925156421.000000
4468767332000.000000,1752164296.098969,4468941855723.000000
4468833976000.000000,1752164296.115652,4468958539506.000000
4468867297000.000000,1752164296.233247,4469076133389.000000
4468933939000.000000,1752164296.250187,4469093073910.000000
4469033901000.000000,1752164296.266943,4469109829748.000000
4469067224000.000000,1752164296.433037,4469275924553.000000
4469100546000.000000,1752164296.445452,4469288339068.000000
4469200509000.000000,1752164296.468003,4469310891103.000000
4469233832000.000000,1752164296.592298,4469435184395.000000
4469267153000.000000,1752164296.609150,4469452037825.000000
4469400438000.000000,1752164296.636292,4469479178570.000000
4469433760000.000000,1752164296.747453,4469590340503.000000
4469467081000.000000,1752164296.764061,4469606947528.000000
4469567044000.000000,1752164296.917888,4469760775298.000000
4469600367000.000000,1752164296.944827,4469787713934.000000
4469633688000.000000,1752164296.961262,4469804149665.000000
4469700329000.000000,1752164296.977878,4469820764504.000000
4469766973000.000000,1752164297.120762,4469963650059.000000
4469900259000.000000,1752164297.132664,4469975550894.000000
4469933581000.000000,1752164297.281007,4470123894353.000000
4469966902000.000000,1752164297.297844,4470140731061.000000
4470000225000.000000,1752164297.330292,4470173179248.000000
4470100186000.000000,1752164297.471705,4470314591893.000000
4470133509000.000000,1752164297.488844,4470331730783.000000
4470233473000.000000,1752164297.505714,4470348600842.000000
4470266794000.000000,1752164297.522394,4470365280366.000000
4470300114000.000000,1752164297.697634,4470540520887.000000
4470433399000.000000,1752164297.724875,4470567762224.000000
4470466721000.000000,1752164297.741654,4470584539840.000000
4470500043000.000000,1752164297.872337,4470715224026.000000
4470533364000.000000,1752164297.894656,4470737543285.000000
4470666649000.000000,1752164297.916499,4470759386421.000000
4470699971000.000000,1752164298.110775,4470953662422.000000
4470733293000.000000,1752164298.132764,4470975650723.000000
4470866578000.000000,1752164298.149115,4470992017954.000000
4470899899000.000000,1752164298.165859,4471008745589.000000
4470933220000.000000,1752164298.367221,4471210107903.000000
4471099826000.000000,1752164298.378830,4471221718148.000000
4471133149000.000000,1752164298.395480,4471238367099.000000
4471166471000.000000,1752164298.491567,4471334454694.000000
4471199794000.000000,1752164298.503177,4471346064495.000000
4471299756000.000000,1752164298.668911,4471511797860.000000
4471333078000.000000,1752164298.685768,4471528654549.000000
4471366399000.000000,1752164298.702267,4471545154112.000000
4471499685000.000000,1752164298.874273,4471717160187.000000
4471533007000.000000,1752164298.891290,4471734176540.000000
4471666292000.000000,1752164298.907808,4471750694715.000000
4471699614000.000000,1752164299.107711,4471950599193.000000
4471732935000.000000,1752164299.140802,4471983689170.000000
4471832899000.000000,1752164299.157153,4472000040086.000000
4471899541000.000000,1752164299.173520,4472016407133.000000
4471932864000.000000,1752164299.331313,4472174200323.000000
4472099469000.000000,1752164299.353507,4472196394029.000000
4472132792000.000000,1752164299.476758,4472319645332.000000
4472166113000.000000,1752164299.498809,4472341695909.000000
4472199436000.000000,1752164299.526447,4472369333112.000000
4472299398000.000000,1752164299.654925,4472497812248.000000
4472332720000.000000,1752164299.671270,4472514156387.000000
4472432682000.000000,1752164299.693502,4472536388518.000000
4472466005000.000000,1752164299.885569,4472728456432.000000
4472499327000.000000,1752164299.902588,4472745474934.000000
4472632611000.000000,1752164299.919331,4472762217402.000000
4472665933000.000000,1752164300.061600,4472904486945.000000
4472699255000.000000,1752164300.078387,4472921274968.000000
4472832541000.000000,1752164300.100631,4472943517951.000000
4472865861000.000000,1752164300.202376,4473045263633.000000
4472899183000.000000,1752164300.218954,4473061840603.000000
4473032469000.000000,1752164300.387350,4473230237754.000000
4473065792000.000000,1752164300.408839,4473251727059.000000
4473099112000.000000,1752164300.431272,4473274159614.000000
4473132434000.000000,1752164300.448056,4473290942267.000000
4473232398000.000000,1752164300.587175,4473430062455.000000
4473399003000.000000,1752164300.766956,4473609843242.000000
4473432327000.000000,1752164300.783605,4473626492359.000000
4473465649000.000000,1752164300.826042,4473668928754.000000
4473498969000.000000,1752164300.847071,4473689957732.000000
4473598932000.000000,1752164301.017746,4473860633024.000000
4473765539000.000000,1752164301.045367,4473888253894.000000
4473798863000.000000,1752164301.062586,4473905473357.000000
4473832184000.000000,1752164301.172823,4474015710596.000000
4473865504000.000000,1752164301.189659,4474032545915.000000
4473965468000.000000,1752164301.212268,4474055154875.000000
4473998790000.000000,1752164301.331490,4474174376851.000000
4474032110000.000000,1752164301.343388,4474186274260.000000
4474132075000.000000,1752164301.471763,4474314650231.000000
4474165395000.000000,1752164301.488897,4474331783731.000000
4474198719000.000000,1752164301.505612,4474348499126.000000
4474265358000.000000,1752164301.517273,4474360159556.000000
4474298684000.000000,1752164301.694422,4474537308519.000000
4474431966000.000000,1752164301.711027,4474553914359.000000
4474465288000.000000,1752164301.727660,4474570546439.000000
4474498609000.000000,1752164301.851107,4474693994000.000000
4474531931000.000000,1752164301.867843,4474710729116.000000
4474631894000.000000,1752164301.884377,4474727263975.000000
4474665216000.000000,1752164302.012784,4474855671463.000000
4474698537000.000000,1752164302.024715,4474867601965.000000
4474798501000.000000,1752164302.046331,4474889218195.000000
4474831824000.000000,1752164302.151580,4474994467562.000000
4474865144000.000000,1752164302.179200,4475022087320.000000
4474965107000.000000,1752164302.341835,4475184722663.000000
4474998430000.000000,1752164302.369807,4475212693176.000000
4475031753000.000000,1752164302.391824,4475234711495.000000
4475165037000.000000,1752164302.545714,4475388601598.000000
4475198360000.000000,1752164302.573314,4475416200931.000000
4475298323000.000000,1752164302.594846,4475437732014.000000
4475331645000.000000,1752164302.731154,4475574041824.000000
4475364965000.000000,1752164302.758208,4475601094274.000000
4475498260000.000000,1752164302.779749,4475622636616.000000
4475531574000.000000,1752164302.801305,4475644191977.000000
4475564894000.000000,1752164302.973884,4475816772842.000000
4475731500000.000000,1752164302.985624,4475828511030.000000
4475764823000.000000,1752164303.128532,4475971418788.000000
4475798144000.000000,1752164303.150301,4475993188406.000000
4475831467000.000000,1752164303.166637,4476009523415.000000
4475931428000.000000,1752164303.182972,4476025858480.000000
4475964751000.000000,1752164303.323393,4476166280358.000000
4476098035000.000000,1752164303.340288,4476183175787.000000
4476131356000.000000,1752164303.477425,4476320311978.000000
4476164679000.000000,1752164303.489436,4476332322460.000000
4476198000000.000000,1752164303.506146,4476349033650.000000
4476297963000.000000,1752164303.668108,4476510994629.000000
4476331286000.000000,1752164303.684635,4476527522210.000000
4476431249000.000000,1752164303.721832,4476564718384.000000
4476464572000.000000,1752164303.738531,4476581416964.000000
4476497894000.000000,1752164303.930297,4476773183252.000000
4476664498000.000000,1752164303.946830,4476789718574.000000
4476697822000.000000,1752164303.984335,4476827221818.000000
4476731144000.000000,1752164304.000991,4476843878269.000000
4476764465000.000000,1752164304.152806,4476995693005.000000
4476931070000.000000,1752164304.174902,4477017789804.000000
4476964392000.000000,1752164304.315433,4477158320273.000000
4476997714000.000000,1752164304.337470,4477180356740.000000
4477031035000.000000,1752164304.354234,4477197120874.000000
4477130998000.000000,1752164304.522552,4477365438600.000000
4477164322000.000000,1752164304.550296,4477393182394.000000
4477264285000.000000,1752164304.567102,4477409987972.000000
4477297607000.000000,1752164304.583467,4477426352926.000000
4477330928000.000000,1752164304.756062,4477598949494.000000
4477497533000.000000,1752164304.773104,4477615989940.000000
4477530855000.000000,1752164304.794605,4477637492024.000000
4477564177000.000000,1752164304.944535,4477787422502.000000
4477630822000.000000,1752164304.961219,4477804105786.000000
4477764105000.000000,1752164305.134990,4477977877342.000000
4477797428000.000000,1752164305.151431,4477994317202.000000
4477830749000.000000,1752164305.173091,4478015978876.000000
4477930711000.000000,1752164305.189528,4478032415069.000000
4477997354000.000000,1752164305.323310,4478166198444.000000
4478097318000.000000,1752164305.340015,4478182901802.000000
4478130640000.000000,1752164305.467986,4478310872702.000000
4478163962000.000000,1752164305.484719,4478327606522.000000
4478197283000.000000,1752164305.506825,4478349711414.000000
4478263925000.000000,1752164305.523171,4478366057664.000000
4478297248000.000000,1752164305.663525,4478506412098.000000
4478463855000.000000,1752164305.685686,4478528573433.000000
4478497175000.000000,1752164305.871008,4478713895568.000000
4478530496000.000000,1752164305.898863,4478741749435.000000
4478563818000.000000,1752164305.926149,4478769035345.000000
4478663782000.000000,1752164305.942515,4478785400947.000000
4478697104000.000000,1752164306.154755,4478997643274.000000
4478863712000.000000,1752164306.172471,4479015357361.000000
4478897033000.000000,1752164306.270206,4479113093549.000000
4478930353000.000000,1752164306.297652,4479140539236.000000
4478963675000.000000,1752164306.325192,4479168079310.000000
4479096960000.000000,1752164306.448640,4479291527499.000000
4479130284000.000000,1752164306.465347,4479308234449.000000
4479230245000.000000,1752164306.512728,4479355614847.000000
4479263568000.000000,1752164306.644836,4479487723758.000000
4479296890000.000000,1752164306.656530,4479499416262.000000
4479463495000.000000,1752164306.812770,4479655657580.000000
4479496818000.000000,1752164306.829458,4479672344753.000000
4479530138000.000000,1752164306.845807,4479688692947.000000
4479596780000.000000,1752164306.862091,4479704976994.000000
4479630103000.000000,1752164306.989694,4479832581028.000000
4479796710000.000000,1752164307.079054,4479921941863.000000
4479830032000.000000,1752164307.096486,4479939372675.000000
4479863354000.000000,1752164307.113620,4479956508028.000000
4479896674000.000000,1752164307.260870,4480103756684.000000
4479929997000.000000,1752164307.277476,4480120363820.000000
4480029960000.000000,1752164307.299672,4480142558433.000000
4480063282000.000000,1752164307.425062,4480267949324.000000
4480096603000.000000,1752164307.442026,4480284914252.000000
4480229888000.000000,1752164307.459082,4480301968717.000000
4480263211000.000000,1752164307.661648,4480504534296.000000
4480296532000.000000,1752164307.678582,4480521468614.000000
4480396494000.000000,1752164307.710781,4480553667138.000000
4480429817000.000000,1752164307.835880,4480678766736.000000
4480463138000.000000,1752164307.852653,4480695539870.000000
4480629744000.000000,1752164307.874350,4480717237433.000000
4480663066000.000000,1752164308.003001,4480845889733.000000
4480696388000.000000,1752164308.024956,4480867842553.000000
4480829673000.000000,1752164308.187171,4481030058307.000000
4480862995000.000000,1752164308.203607,4481046493426.000000
4480896316000.000000,1752164308.231467,4481074353089.000000
4480962958000.000000,1752164308.258239,4481101126338.000000
4481029601000.000000,1752164308.377038,4481219925985.000000
4481196208000.000000,1752164308.505462,4481348348900.000000
4481229530000.000000,1752164308.538046,4481380932697.000000
4481262851000.000000,1752164308.554628,4481397514278.000000
4481296172000.000000,1752164308.581100,4481423986623.000000
4481329494000.000000,1752164308.735596,4481578483182.000000
4481496101000.000000,1752164308.747587,4481590473794.000000
4481529422000.000000,1752164308.895539,4481738425664.000000
4481562744000.000000,1752164308.922621,4481765506984.000000
4481596065000.000000,1752164308.939060,4481781946548.000000
4481729349000.000000,1752164309.073053,4481915941032.000000
4481762671000.000000,1752164309.095304,4481938191496.000000
4481862635000.000000,1752164309.117029,4481959915836.000000
4481895957000.000000,1752164309.204172,4482047059213.000000
4481929278000.000000,1752164309.220979,4482063866088.000000
4482029242000.000000,1752164309.408556,4482251443476.000000
4482062565000.000000,1752164309.420082,4482262969334.000000
4482095886000.000000,1752164309.451661,4482294547272.000000
4482129207000.000000,1752164309.463246,4482306132647.000000
4482162529000.000000,1752164309.662369,4482505256300.000000
4482395777000.000000,1752164309.678904,4482521791289.000000
4482429100000.000000,1752164309.706745,4482549631285.000000
4482462420000.000000,1752164309.723526,4482566411938.000000
4482495743000.000000,1752164309.876117,4482719004981.000000
4482662349000.000000,1752164309.887876,4482730762966.000000
4482695671000.000000,1752164310.049780,4482892667334.000000
4482728993000.000000,1752164310.071791,4482914678838.000000
4482762313000.000000,1752164310.099626,4482942512890.000000
4482862278000.000000,1752164310.261605,4483104492036.000000
4482895600000.000000,1752164310.278148,4483121034506.000000
4483028885000.000000,1752164310.300212,4483143099657.000000
4483062206000.000000,1752164310.316572,4483159458833.000000
4483095527000.000000,1752164310.509770,4483352657402.000000
4483228812000.000000,1752164310.526292,4483369178743.000000
4483262134000.000000,1752164310.553998,4483396884963.000000
4483328775000.000000,1752164310.690106,4483532992757.000000
4483362098000.000000,1752164310.706636,4483549524394.000000
4483462062000.000000,1752164310.733829,4483576716065.000000
4483495384000.000000,1752164310.845814,4483688701415.000000
4483528705000.000000,1752164310.862457,4483705343828.000000
4483661990000.000000,1752164310.998292,4483841179626.000000
4483695314000.000000,1752164311.025793,4483868679644.000000
4483728634000.000000,1752164311.042337,4483885224633.000000
4483828597000.000000,1752164311.206520,4484049407866.000000
4483861919000.000000,1752164311.228889,4484071776551.000000
4483961885000.000000,1752164311.260643,4484103529913.000000
4483995204000.000000,1752164311.277390,4484120276603.000000
4484028526000.000000,1752164311.473470,4484316358400.000000
4484195132000.000000,1752164311.490159,4484333046350.000000
4484228454000.000000,1752164311.517868,4484360754311.000000
4484261775000.000000,1752164311.674123,4484517009926.000000
4484295096000.000000,1752164311.691380,4484534266425.000000
4484461703000.000000,1752164311.707802,4484550689323.000000
4484495024000.000000,1752164311.838297,4484681184640.000000
4484528347000.000000,1752164311.856160,4484699047189.000000
4484628310000.000000,1752164311.867466,4484710351660.000000
4484661632000.000000,1752164312.025322,4484868209479.000000
4484694954000.000000,1752164312.041877,4484884764857.000000
4484794918000.000000,1752164312.064135,4484907021432.000000
4484828239000.000000,1752164312.166482,4485009370090.000000
4484861560000.000000,1752164312.178408,4485021296721.000000
4484961524000.000000,1752164312.205923,4485048811406.000000
4484994847000.000000,1752164312.340058,4485182945203.000000
4485028169000.000000,1752164312.352068,4485194955222.000000
4485128131000.000000,1752164312.379343,4485222231706.000000
4485161453000.000000,1752164312.528669,4485371556414.000000
4485194776000.000000,1752164312.545433,4485388319826.000000
4485294738000.000000,1752164312.567073,4485409958889.000000
4485328060000.000000,1752164312.583399,4485426284973.000000
4485361382000.000000,1752164312.691810,4485534696751.000000
4485494667000.000000,1752164312.857114,4485700015286.000000
4485527989000.000000,1752164312.873543,4485716430128.000000
4485561311000.000000,1752164312.890440,4485733327724.000000
4485594632000.000000,1752164312.917464,4485760351081.000000
4485694594000.000000,1752164313.099014,4485941901257.000000
4485827881000.000000,1752164313.110571,4485953457799.000000
4485861203000.000000,1752164313.127817,4485970704021.000000
4485894523000.000000,1752164313.255979,4486098866253.000000
4485927845000.000000,1752164313.277594,4486120480539.000000
4486061130000.000000,1752164313.288980,4486131866749.000000
4486094452000.000000,1752164313.501855,4486344742810.000000
4486127774000.000000,1752164313.519020,4486361906625.000000
4486227738000.000000,1752164313.540451,4486383336561.000000
4486261059000.000000,1752164313.556885,4486399771977.000000
4486327701000.000000,1752164313.701975,4486544862712.000000
4486494309000.000000,1752164313.724599,4486567485672.000000
4486527630000.000000,1752164313.825231,4486668118256.000000
4486560951000.000000,1752164313.841599,4486684486135.000000
4486594273000.000000,1752164313.857946,4486700832237.000000
4486694238000.000000,1752164314.029955,4486872842015.000000
4486727559000.000000,1752164314.041753,4486884640111.000000
4486860844000.000000,1752164314.204216,4487047103844.000000
4486894165000.000000,1752164314.220657,4487063544167.000000
4486927487000.000000,1752164314.237320,4487080205784.000000
4486960807000.000000,1752164314.254082,4487096969214.000000
4487027451000.000000,1752164314.380365,4487223252244.000000
4487194056000.000000,1752164314.459428,4487302315134.000000
4487227378000.000000,1752164314.476223,4487319110027.000000
4487260699000.000000,1752164314.493325,4487336212306.000000
4487294022000.000000,1752164314.663269,4487506156033.000000
4487327343000.000000,1752164314.680595,4487523482513.000000
4487427305000.000000,1752164314.708225,4487551111530.000000
4487460628000.000000,1752164314.899243,4487742130530.000000
4487493949000.000000,1752164314.915666,4487758552909.000000
4487627235000.000000,1752164314.931906,4487774792401.000000
4487660556000.000000,1752164315.022233,4487865119762.000000
4487693878000.000000,1752164315.038944,4487881831471.000000
4487860485000.000000,1752164315.176377,4488019264195.000000
4487893808000.000000,1752164315.198454,4488041341198.000000
4487927128000.000000,1752164315.230362,4488073248429.000000
4487960450000.000000,1752164315.252012,4488094898511.000000
4487993771000.000000,1752164315.421545,4488264432149.000000
4488160377000.000000,1752164315.438462,4488281349300.000000
4488193699000.000000,1752164315.450211,4488293098563.000000
4488227021000.000000,1752164315.589333,4488432220121.000000
4488260342000.000000,1752164315.606143,4488449029922.000000
4488360306000.000000,1752164315.628097,4488470984093.000000
4488393628000.000000,1752164315.644670,4488487556600.000000
4488426950000.000000,1752164315.822502,4488665389519.000000
4488560233000.000000,1752164315.844647,4488687534114.000000
4488593556000.000000,1752164315.871377,4488714264641.000000
4488626877000.000000,1752164316.033620,4488876507395.000000
4488660199000.000000,1752164316.060727,4488903614288.000000
4488793483000.000000,1752164316.077266,4488920153073.000000
4488826805000.000000,1752164316.108976,4488951863251.000000
4488860127000.000000,1752164316.274031,4489116918826.000000
4489026735000.000000,1752164316.291018,4489133904958.000000
4489060056000.000000,1752164316.318609,4489161496920.000000
4489093375000.000000,1752164316.462718,4489305605110.000000
4489126699000.000000,1752164316.479303,4489322189654.000000
4489226662000.000000,1752164316.510767,4489353654297.000000
4489259984000.000000,1752164316.527235,4489370120749.000000
4489293305000.000000,1752164316.654564,4489497451990.000000
4489459911000.000000,1752164316.676586,4489519474327.000000
4489493234000.000000,1752164316.830360,4489673246746.000000
4489526555000.000000,1752164316.841749,4489684635383.000000
4489559876000.000000,1752164316.853350,4489696236110.000000
4489593196000.000000,1752164316.870054,4489712940282.000000
4489626517000.000000,1752164317.066181,4489909067634.000000
4489793124000.000000,1752164317.088519,4489931406560.000000
4489826448000.000000,1752164317.110235,4489953121197.000000
4489859769000.000000,1752164317.126601,4489969487206.000000
4489893090000.000000,1752164317.277399,4490120286249.000000
4490059697000.000000,1752164317.299772,4490142658675.000000
4490093019000.000000,1752164317.443627,4490286514294.000000
4490126347000.000000,1752164317.471596,4490314484159.000000
4490159661000.000000,1752164317.494007,4490336894048.000000
4490259624000.000000,1752164317.574393,4490417279442.000000
4490292948000.000000,1752164317.586054,4490428940631.000000
4490426231000.000000,1752164317.717264,4490560150960.000000
4490459554000.000000,1752164317.734169,4490577055778.000000
4490492874000.000000,1752164317.756545,4490599431592.000000
4490559517000.000000,1752164317.870486,4490713373959.000000
4490592839000.000000,1752164317.893211,4490736097473.000000
4490692801000.000000,1752164318.028449,4490871336296.000000
4490726125000.000000,1752164318.050707,4490893595019.000000
4490759445000.000000,1752164318.066724,4490909610421.000000
4490826088000.000000,1752164318.082978,4490925863838.000000
4490859410000.000000,1752164318.241636,4491084523649.000000
4490992694000.000000,1752164318.264303,4491107190146.000000
4491026016000.000000,1752164318.302155,4491145043035.000000
4491059337000.000000,1752164318.422654,4491265540627.000000
4491092661000.000000,1752164318.444937,4491287824443.000000
4491192623000.000000,1752164318.456347,4491299233431.000000
4491225945000.000000,1752164318.472933,4491315820160.000000
4491259266000.000000,1752164318.617157,4491460045237.000000
4491392552000.000000,1752164318.633968,4491476855519.000000
4491425874000.000000,1752164318.753941,4491596828654.000000
4491459194000.000000,1752164318.765557,4491608443085.000000
4491492516000.000000,1752164318.782281,4491625168053.000000
4491559157000.000000,1752164318.957942,4491800829051.000000
4491592479000.000000,1752164318.974916,4491817803146.000000
4491692444000.000000,1752164318.996504,4491839390562.000000
4491725765000.000000,1752164319.018087,4491860973904.000000
4491759086000.000000,1752164319.183751,4492026638547.000000
4491925693000.000000,1752164319.190470,4492033356771.000000
4491959014000.000000,1752164319.207146,4492050033202.000000
4491992336000.000000,1752164319.333961,4492176848245.000000
4492025658000.000000,1752164319.350798,4492193685915.000000
4492158943000.000000,1752164319.506720,4492349606608.000000
4492192267000.000000,1752164319.528381,4492371268486.000000
4492225587000.000000,1752164319.545382,4492388269988.000000
4492325551000.000000,1752164319.674071,4492516958547.000000
4492358875000.000000,1752164319.690853,4492533739904.000000
4492492157000.000000,1752164319.830320,4492673207662.000000
4492525480000.000000,1752164319.846997,4492689883779.000000
4492558800000.000000,1752164319.873988,4492716874692.000000
4492625442000.000000,1752164319.890939,4492733826084.000000
4492692086000.000000,1752164320.089741,4492932628166.000000
4492825372000.000000,1752164320.106530,4492949417448.000000
4492858693000.000000,1752164320.123566,4492966452228.000000
4492892014000.000000,1752164320.249501,4493092388169.000000
4492925336000.000000,1752164320.272136,4493115023592.000000
4493058620000.000000,1752164320.371242,4493214129822.000000
4493091943000.000000,1752164320.388274,4493231160768.000000
4493125264000.000000,1752164320.404716,4493247603369.000000
4493191906000.000000,1752164320.532702,4493375588991.000000
4493225228000.000000,1752164320.560262,4493403148528.000000
4493325191000.000000,1752164320.577267,4493420153975.000000
4493358514000.000000,1752164320.720802,4493563689004.000000
4493391835000.000000,1752164320.742920,4493585807192.000000
4493491798000.000000,1752164320.759443,4493602329607.000000
4493558442000.000000,1752164320.958270,4493801157800.000000
4493591764000.000000,1752164320.979605,4493822491552.000000
4493691727000.000000,1752164321.000826,4493843712935.000000
4493725050000.000000,1752164321.027583,4493870469221.000000
4493758370000.000000,1752164321.167400,4494010287753.000000
4493958298000.000000,1752164321.184144,4494027031443.000000
4493991620000.000000,1752164321.318979,4494161866566.000000
4494024942000.000000,1752164321.346422,4494189309715.000000
4494058263000.000000,1752164321.378220,4494221106614.000000
4494158227000.000000,1752164321.470459,4494313347102.000000
4494191549000.000000,1752164321.492659,4494335546178.000000
4494291512000.000000,1752164321.571926,4494414814010.000000
4494324835000.000000,1752164321.593512,4494436399315.000000
4494358155000.000000,1752164321.610653,4494453540742.000000
4494424797000.000000,1752164321.766782,4494609669672.000000
4494458120000.000000,1752164321.793876,4494636762140.000000
4494524762000.000000,1752164321.815957,4494658843273.000000
4494591405000.000000,1752164321.953549,4494796436773.000000
4494624727000.000000,1752164321.980986,4494823872997.000000
4494724689000.000000,1752164321.992346,4494835232393.000000
4494758012000.000000,1752164322.014144,4494857031195.000000
4494791333000.000000,1752164322.174234,4495017121565.000000
4494957939000.000000,1752164322.180998,4495023884214.000000
4494991261000.000000,1752164322.353137,4495196024621.000000
4495024584000.000000,1752164322.380296,4495223182514.000000
4495057904000.000000,1752164322.396373,4495239259693.000000
4495124547000.000000,1752164322.417886,4495260771794.000000
4495191189000.000000,1752164322.596395,4495439281873.000000
4495357796000.000000,1752164322.613839,4495456726352.000000
4495391118000.000000,1752164322.745000,4495587887237.000000
4495424439000.000000,1752164322.761825,4495604711278.000000
4495457761000.000000,1752164322.778135,4495621021862.000000
4495557724000.000000,1752164322.945634,4495788521429.000000
4495591046000.000000,1752164322.964107,4495806994267.000000
4495691010000.000000,1752164322.976161,4495819048656.000000
4495724332000.000000,1752164322.993717,4495836604541.000000
4495757653000.000000,1752164323.082467,4495925353993.000000
4495924261000.000000,1752164323.125757,4495968644065.000000
4495957581000.000000,1752164323.233553,4496076440404.000000
4495990902000.000000,1752164323.245767,4496088653866.000000
4496024224000.000000,1752164323.257623,4496100509960.000000
4496057546000.000000,1752164323.437945,4496280831705.000000
4496090869000.000000,1752164323.454890,4496297776763.000000
4496190831000.000000,1752164323.471626,4496314512861.000000
4496224152000.000000,1752164323.488045,4496330930758.000000
4496257472000.000000,1752164323.613893,4496456780255.000000
4496424080000.000000,1752164323.752411,4496595298172.000000
4496457401000.000000,1752164323.769294,4496612180861.000000
4496490723000.000000,1752164323.785822,4496628708516.000000
4496524046000.000000,1752164323.802228,4496645114673.000000
4496557365000.000000,1752164323.987120,4496830006924.000000
4496723973000.000000,1752164324.009476,4496852363202.000000
4496757294000.000000,1752164324.036553,4496879439873.000000
4496790616000.000000,1752164324.144556,4496987442988.000000
4496823937000.000000,1752164324.161074,4497003985051.000000
4496957223000.000000,1752164324.319702,4497162589252.000000
4496990546000.000000,1752164324.336204,4497179091389.000000
4497023866000.000000,1752164324.353242,4497196129854.000000
4497090509000.000000,1752164324.369641,4497212527159.000000
4497157150000.000000,1752164324.566808,4497409695203.000000
4497323758000.000000,1752164324.583703,4497426589410.000000
4497357080000.000000,1752164324.600391,4497443278527.000000
4497390401000.000000,1752164324.719171,4497562058878.000000
4497423721000.000000,1752164324.741072,4497583958624.000000
4497523685000.000000,1752164324.757466,4497600353003.000000
4497557008000.000000,1752164324.924709,4497767595870.000000
4497590330000.000000,1752164324.936609,4497779495853.000000
4497690293000.000000,1752164324.953367,4497796253950.000000
4497723615000.000000,1752164324.970117,4497813003696.000000
4497756937000.000000,1752164325.103687,4497946575036.000000
4497890222000.000000,1752164325.115262,4497958148800.000000
4497923544000.000000,1752164325.298509,4498141396143.000000
4497956866000.000000,1752164325.310088,4498152973796.000000
4497990186000.000000,1752164325.337002,4498179888710.000000
4498023508000.000000,1752164325.363939,4498206825365.000000
4498090150000.000000,1752164325.536395,4498379282286.000000
4498290077000.000000,1752164325.553071,4498395958533.000000
4498323400000.000000,1752164325.709987,4498552874381.000000
4498356721000.000000,1752164325.736737,4498579624723.000000
4498390043000.000000,1752164325.753479,4498596366376.000000
4498523327000.000000,1752164325.855874,4498698761107.000000
4498556650000.000000,1752164325.872692,4498715579556.000000
4498689934000.000000,1752164326.031738,4498874625400.000000
4498723257000.000000,1752164326.043175,4498886061221.000000
4498756578000.000000,1752164326.059184,4498902071178.000000
4498789899000.000000,1752164326.075488,4498918374429.000000
4498823221000.000000,1752164326.091791,4498934676346.000000
4499023148000.000000,1752164326.269005,4499111893698.000000
4499056473000.000000,1752164326.390785,4499233671795.000000
4499089794000.000000,1752164326.407241,4499250127654.000000
4499123115000.000000,1752164326.428611,4499271497499.000000
4499156434000.000000,1752164326.445068,4499287954655.000000
4499256400000.000000,1752164326.580567,4499423453567.000000
4499356363000.000000,1752164326.597374,4499440261349.000000
4499389684000.000000,1752164326.707402,4499550289905.000000
4499423005000.000000,1752164326.724065,4499566951874.000000
4499456328000.000000,1752164326.740573,4499583459826.000000
4499522970000.000000,1752164326.864314,4499707201087.000000
4499556292000.000000,1752164326.876175,4499719062589.000000
4499689576000.000000,1752164327.036249,4499879137255.000000
4499722898000.000000,1752164327.053149,4499896035073.000000
4499756219000.000000,1752164327.064804,4499907691651.000000
4499822863000.000000,1752164327.076316,4499919202805.000000
4499889506000.000000,1752164327.245948,4500088834831.000000
4499989467000.000000,1752164327.262461,4500105348098.000000
4500022790000.000000,1752164327.289542,4500132428714.000000
4500056112000.000000,1752164327.387807,4500230694527.000000
4500089434000.000000,1752164327.409683,4500252569903.000000
4500222719000.000000,1752164327.571680,4500414567603.000000
4500256041000.000000,1752164327.588500,4500431386700.000000
4500289361000.000000,1752164327.600152,4500443040297.000000
4500389324000.000000,1752164327.708738,4500551625462.000000
4500422648000.000000,1752164327.725354,4500568240283.000000
4500522610000.000000,1752164327.828806,4500671693169.000000
4500555933000.000000,1752164327.851146,4500694032929.000000
4500589254000.000000,1752164327.862691,4500705577360.000000
4500655896000.000000,1752164328.002224,4500845111636.000000
4500689219000.000000,1752164328.019295,4500862182212.000000
4500789183000.000000,1752164328.046710,4500889597306.000000
4500822504000.000000,1752164328.193462,4501036349337.000000
4500855825000.000000,1752164328.205166,4501048053063.000000
4500955790000.000000,1752164328.222019,4501064906271.000000
4500989110000.000000,1752164328.248618,4501091504873.000000
4501022432000.000000,1752164328.406203,4501249090418.000000
4501155716000.000000,1752164328.417771,4501260658590.000000
4501189037000.000000,1752164328.573039,4501415926289.000000
4501222360000.000000,1752164328.594934,4501437820350.000000
4501255682000.000000,1752164328.615984,4501458870586.000000
4501355645000.000000,1752164328.637454,4501480340688.000000
4501388967000.000000,1752164328.792391,4501635278651.000000
4501588895000.000000,1752164328.935335,4501778222390.000000
4501622216000.000000,1752164328.957148,4501800034674.000000
4501655538000.000000,1752164328.979247,4501822133677.000000
4501688858000.000000,1752164328.995517,4501838404705.000000
4501788823000.000000,1752164329.143533,4501986420408.000000
4501955430000.000000,1752164329.211663,4502054550731.000000
4501988753000.000000,1752164329.223217,4502066102958.000000
4502022074000.000000,1752164329.359529,4502202415436.000000
4502055396000.000000,1752164329.375924,4502218810278.000000
4502088716000.000000,1752164329.392678,4502235564023.000000
4502155359000.000000,1752164329.404259,4502247146158.000000
4502222002000.000000,1752164329.603817,4502446704399.000000
4502355287000.000000,1752164329.626246,4502469132583.000000
4502388610000.000000,1752164329.762030,4502604917085.000000
4502421931000.000000,1752164329.789265,4502632151810.000000
4502455253000.000000,1752164329.811380,4502654267813.000000
4502588537000.000000,1752164329.961812,4502804699916.000000
4502621859000.000000,1752164329.978522,4502821409162.000000
4502721822000.000000,1752164329.995370,4502838255814.000000
4502755143000.000000,1752164330.016746,4502859633214.000000
4502788467000.000000,1752164330.152251,4502995138256.000000
4502955072000.000000,1752164330.180414,4503023301175.000000
4502988393000.000000,1752164330.337968,4503180855646.000000
4503021715000.000000,1752164330.375100,4503217986431.000000
4503055036000.000000,1752164330.391438,4503234324589.000000
4503088357000.000000,1752164330.407657,4503250543136.000000
4503121679000.000000,1752164330.423938,4503266824591.000000
4503354927000.000000,1752164330.595017,4503437903935.000000
4503388250000.000000,1752164330.616904,4503459791699.000000
4503421572000.000000,1752164330.731797,4503574684796.000000
4503454894000.000000,1752164330.743971,4503586857220.000000
4503488215000.000000,1752164330.765416,4503608303397.000000
4503554858000.000000,1752164330.871759,4503714646864.000000
4503588180000.000000,1752164330.883664,4503726550976.000000
4503688141000.000000,1752164330.999131,4503842019085.000000
4503721465000.000000,1752164331.016407,4503859294159.000000
4503754786000.000000,1752164331.043394,4503886280294.000000
4503788106000.000000,1752164331.171659,4504014546673.000000
4503821428000.000000,1752164331.178722,4504021608930.000000
4503954713000.000000,1752164331.195376,4504038262084.000000
4503988035000.000000,1752164331.302301,4504145190026.000000
4504021357000.000000,1752164331.324636,4504167523582.000000
4504121320000.000000,1752164331.449982,4504292869640.000000
4504154643000.000000,1752164331.472100,4504314987125.000000
4504187964000.000000,1752164331.488815,4504331701241.000000
4504287926000.000000,1752164331.597054,4504439942428.000000
4504321250000.000000,1752164331.614654,4504457541609.000000
4504421212000.000000,1752164331.741911,4504584797961.000000
4504454534000.000000,1752164331.758450,4504601336339.000000
4504487860000.000000,1752164331.774925,4504617811680.000000
4504587821000.000000,1752164331.901811,4504744698370.000000
4504621142000.000000,1752164331.924125,4504767012111.000000
4504687782000.000000,1752164331.945833,4504788720193.000000
4504721106000.000000,1752164332.151106,4504993993243.000000
4504754427000.000000,1752164332.167585,4505010472658.000000
4504887711000.000000,1752164332.183892,4505026778593.000000
4504921034000.000000,1752164332.200239,4505043125214.000000
4504954355000.000000,1752164332.216500,4505059386335.000000
4505154282000.000000,1752164332.429882,4505272769113.000000
4505187604000.000000,1752164332.441587,4505284473690.000000
4505220926000.000000,1752164332.576997,4505419883622.000000
4505254247000.000000,1752164332.593973,4505436859272.000000
4505287570000.000000,1752164332.605619,4505448506203.000000
4505420855000.000000,1752164332.812402,4505655289218.000000
4505454177000.000000,1752164332.834158,4505677051965.000000
4505554139000.000000,1752164332.850449,4505693335438.000000
4505587462000.000000,1752164332.866775,4505709661670.000000
4505620784000.000000,1752164333.030564,4505873451592.000000
4505787389000.000000,1752164333.058679,4505901565401.000000
4505820711000.000000,1752164333.151011,4505993898944.000000
4505854034000.000000,1752164333.178758,4506021644627.000000
4505887354000.000000,1752164333.195242,4506038129634.000000
4505987318000.000000,1752164333.325871,4506168759173.000000
4506020639000.000000,1752164333.342933,4506185820915.000000
4506120602000.000000,1752164333.359963,4506202850621.000000
4506153925000.000000,1752164333.529060,4506371948042.000000
4506187248000.000000,1752164333.546128,4506389015469.000000
4506320531000.000000,1752164333.578449,4506421336232.000000
4506353853000.000000,1752164333.696360,4506539247037.000000
4506387175000.000000,1752164333.723376,4506566262876.000000
4506520460000.000000,1752164333.863388,4506706275703.000000
4506553782000.000000,1752164333.885677,4506728563148.000000
4506587104000.000000,1752164333.907556,4506750443024.000000
4506687067000.000000,1752164334.059132,4506902019522.000000
4506720389000.000000,1752164334.075724,4506918610936.000000
4506820352000.000000,1752164334.092359,4506935246146.000000
4506853674000.000000,1752164334.215111,4507057997732.000000
4506886997000.000000,1752164334.231860,4507074747367.000000
4507020280000.000000,1752164334.243649,4507086536406.000000
4507053603000.000000,1752164334.388340,4507231227182.000000
4507086925000.000000,1752164334.404707,4507247593469.000000
4507186886000.000000,1752164334.421541,4507264427381.000000
4507220209000.000000,1752164334.558370,4507401256964.000000
4507253531000.000000,1752164334.579985,4507422871694.000000
4507353495000.000000,1752164334.601674,4507444560960.000000
4507386817000.000000,1752164334.773625,4507616512091.000000
4507420138000.000000,1752164334.795321,4507638208636.000000
4507553423000.000000,1752164334.811874,4507654761846.000000
4507586744000.000000,1752164334.959455,4507802342036.000000
4507620066000.000000,1752164334.997163,4507840050019.000000
4507720029000.000000,1752164335.019529,4507862415482.000000
4507786672000.000000,1752164335.190571,4508033458178.000000
4507819993000.000000,1752164335.212234,4508055120760.000000
4507953278000.000000,1752164335.239371,4508082257875.000000
4507986600000.000000,1752164335.255756,4508098642662.000000
4508019922000.000000,1752164335.414259,4508257146326.000000
4508186528000.000000,1752164335.441313,4508284200072.000000
4508219851000.000000,1752164335.463444,4508306331667.000000
4508253174000.000000,1752164335.569046,4508411933401.000000
4508286494000.000000,1752164335.585700,4508428587073.000000
4508386458000.000000,1752164335.736614,4508579501171.000000
4508419780000.000000,1752164335.775148,4508618034775.000000
4508453101000.000000,1752164335.791800,4508634686670.000000
4508553064000.000000,1752164335.914693,4508757580421.000000
4508586387000.000000,1752164335.931293,4508774180687.000000
4508719672000.000000,1752164335.948087,4508790973951.000000
4508752994000.000000,1752164336.099154,4508942041177.000000
4508786314000.000000,1752164336.116272,4508959158974.000000
4508886277000.000000,1752164336.127775,4508970662610.000000
4508919600000.000000,1752164336.295601,4509138488451.000000
4508952921000.000000,1752164336.328539,4509171426560.000000
4509052885000.000000,1752164336.344804,4509187689718.000000
4509086206000.000000,1752164336.361162,4509204047838.000000
4509119528000.000000,1752164336.531163,4509374050953.000000
4509319455000.000000,1752164336.558301,4509401188309.000000
4509352779000.000000,1752164336.703912,4509546798538.000000
4509386101000.000000,1752164336.710454,4509553340764.000000
4509419421000.000000,1752164336.732439,4509575326139.000000
4509519384000.000000,1752164336.882743,4509725630484.000000
4509552706000.000000,1752164336.899495,4509742382378.000000
4509652670000.000000,1752164336.927045,4509769931248.000000
4509685992000.000000,1752164337.034165,4509877052077.000000
4509719313000.000000,1752164337.051021,4509893907432.000000
4509852599000.000000,1752164337.184696,4510027582975.000000
4509885920000.000000,1752164337.201534,4510044420905.000000
4509919242000.000000,1752164337.224139,4510067026032.000000
4509985884000.000000,1752164337.245244,4510088130157.000000
4510019205000.000000,1752164337.432298,4510275185847.000000
4510185812000.000000,1752164337.459561,4510302447720.000000
4510219134000.000000,1752164337.581983,4510424870236.000000
4510252455000.000000,1752164337.598383,4510441269782.000000
4510285777000.000000,1752164337.610158,4510453045581.000000
4510385739000.000000,1752164337.626883,4510469769123.000000
4510419062000.000000,1752164337.861457,4510704345099.000000
4510552347000.000000,1752164337.878254,4510721140881.000000
4510585669000.000000,1752164337.905657,4510748543216.000000
4510618990000.000000,1752164338.032740,4510875628181.000000
4510652312000.000000,1752164338.049509,4510892395112.000000
4510818918000.000000,1752164338.065900,4510908787491.000000
4510852240000.000000,1752164338.177454,4511020340420.000000
4510885561000.000000,1752164338.194195,4511037082129.000000
4511018847000.000000,1752164338.362969,4511205855905.000000
4511052168000.000000,1752164338.379847,4511222734112.000000
4511085489000.000000,1752164338.401522,4511244408582.000000
4511118810000.000000,1752164338.529426,4511372312873.000000
4511152134000.000000,1752164338.546137,4511389023285.000000
4511318739000.000000,1752164338.568051,4511410938549.000000
4511352061000.000000,1752164338.679235,4511522121890.000000
4511385383000.000000,1752164338.711046,4511553933696.000000
4511485345000.000000,1752164338.727736,4511570623331.000000
4511518667000.000000,1752164338.862819,4511705706932.000000
4511551989000.000000,1752164338.884946,4511727833435.000000
4511651952000.000000,1752164338.901806,4511744693587.000000
4511685274000.000000,1752164339.114158,4511957044876.000000
4511718597000.000000,1752164339.130637,4511973523828.000000
4511818558000.000000,1752164339.152418,4511995304223.000000
4511851883000.000000,1752164339.168751,4512011637510.000000
4511885203000.000000,1752164339.185202,4512028088815.000000
4512118451000.000000,1752164339.364769,4512207656919.000000
4512151774000.000000,1752164339.409050,4512251937017.000000
4512185096000.000000,1752164339.493402,4512336288516.000000
4512218417000.000000,1752164339.515020,4512357907302.000000
4512251738000.000000,1752164339.536645,4512379532791.000000
4512351703000.000000,1752164339.688184,4512531070809.000000
4512385025000.000000,1752164339.715412,4512558299201.000000
4512484987000.000000,1752164339.736939,4512579826451.000000
4512518310000.000000,1752164339.866087,4512708975116.000000
4512551631000.000000,1752164339.894168,4512737056203.000000
4512651595000.000000,1752164339.910843,4512753729412.000000
4512684917000.000000,1752164340.032784,4512875670933.000000
4512718238000.000000,1752164340.054932,4512897819361.000000
4512851523000.000000,1752164340.162307,4513005193780.000000
4512884844000.000000,1752164340.178746,4513021631696.000000
4512918167000.000000,1752164340.195129,4513038016519.000000
4513018129000.000000,1752164340.357107,4513199993757.000000
4513051451000.000000,1752164340.384415,4513227302834.000000
4513184736000.000000,1752164340.495333,4513338220510.000000
4513218057000.000000,1752164340.527822,4513370709161.000000
4513251379000.000000,1752164340.555371,4513398257772.000000
4513318022000.000000,1752164340.714610,4513557497650.000000
4513351343000.000000,1752164340.737488,4513580375460.000000
4513484629000.000000,1752164340.830219,4513673106110.000000
4513517950000.000000,1752164340.857583,4513700469463.000000
4513551271000.000000,1752164340.873989,4513716876231.000000
4513651236000.000000,1752164341.028408,4513871295310.000000
4513684559000.000000,1752164341.045921,4513888808270.000000
4513784521000.000000,1752164341.062867,4513905753106.000000
4513817843000.000000,1752164341.090138,4513933024405.000000
4513851164000.000000,1752164341.258608,4514101494721.000000
4514017771000.000000,1752164341.275779,4514118666592.000000
4514051094000.000000,1752164341.303223,4514146110519.000000
4514084413000.000000,1752164341.425426,4514268315611.000000
4514117734000.000000,1752164341.454547,4514297434964.000000
4514217699000.000000,1752164341.477694,4514320581401.000000
4514251022000.000000,1752164341.600746,4514443634558.000000
4514284342000.000000,1752164341.617219,4514460105973.000000
4514384305000.000000,1752164341.628747,4514471634071.000000
4514417627000.000000,1752164341.791363,4514634250802.000000
4514484271000.000000,1752164341.808401,4514651288563.000000
4514550914000.000000,1752164341.825182,4514668069327.000000
4514584235000.000000,1752164341.841643,4514684529483.000000
4514617558000.000000,1752164342.036562,4514879448404.000000
4514750842000.000000,1752164342.049086,4514891972955.000000
4514784163000.000000,1752164342.062635,4514905522957.000000
4514817484000.000000,1752164342.079418,4514922307072.000000
4514850807000.000000,1752164342.205894,4515048784471.000000
4515017413000.000000,1752164342.339200,4515182086869.000000
4515050739000.000000,1752164342.355479,4515198365509.000000
4515084056000.000000,1752164342.372412,4515215298308.000000
4515117377000.000000,1752164342.389282,4515232168534.000000
4515184020000.000000,1752164342.556471,4515399357975.000000
4515317304000.000000,1752164342.573619,4515416506180.000000
4515350627000.000000,1752164342.589952,4515432838985.000000
4515383948000.000000,1752164342.753693,4515596580630.000000
4515417270000.000000,1752164342.771696,4515614582529.000000
4515517233000.000000,1752164342.793018,4515635904281.000000
4515550554000.000000,1752164342.951919,4515794806182.000000
4515583876000.000000,1752164342.968881,4515811768944.000000
4515717162000.000000,1752164342.985471,4515828356858.000000
4515750484000.000000,1752164343.002056,4515844942420.000000
4515783805000.000000,1752164343.184595,4516027482956.000000
4515950410000.000000,1752164343.197363,4516040251781.000000
4515983733000.000000,1752164343.215601,4516058490789.000000
4516017061000.000000,1752164343.340069,4516182955930.000000
4516050377000.000000,1752164343.347236,4516190123779.000000
4516150341000.000000,1752164343.472862,4516315749835.000000
4516183662000.000000,1752164343.490020,4516332907039.000000
4516250305000.000000,1752164343.506849,4516349735432.000000
4516283625000.000000,1752164343.632888,4516475774557.000000
4516350269000.000000,1752164343.649540,4516492426340.000000
4516416910000.000000,1752164343.671181,4516514067848.000000
4516483554000.000000,1752164343.845185,4516688071698.000000
4516516875000.000000,1752164343.887851,4516730737924.000000
4516650161000.000000,1752164344.000722,4516843609079.000000
4516683482000.000000,1752164344.017677,4516860563508.000000
4516716803000.000000,1752164344.045479,4516888365949.000000
4516816766000.000000,1752164344.230910,4517073796954.000000
4516850090000.000000,1752164344.247647,4517090534200.000000
4516983374000.000000,1752164344.264287,4517107174002.000000
4517016696000.000000,1752164344.386194,4517229080653.000000
4517050018000.000000,1752164344.403508,4517246395152.000000
4517183302000.000000,1752164344.420359,4517263246785.000000
4517216625000.000000,1752164344.559105,4517401992310.000000
4517249946000.000000,1752164344.581431,4517424318218.000000
4517349909000.000000,1752164344.597940,4517440827207.000000
4517383231000.000000,1752164344.734468,4517577355645.000000
4517416553000.000000,1752164344.761388,4517604275078.000000
4517516516000.000000,1752164344.782806,4517625692884.000000
4517549839000.000000,1752164344.903322,4517746209365.000000
4517583159000.000000,1752164344.925092,4517767980094.000000
4517716444000.000000,1752164345.085707,4517928594198.000000
4517749766000.000000,1752164345.107414,4517950300891.000000
4517783088000.000000,1752164345.124066,4517966952267.000000
4517849728000.000000,1752164345.145624,4517988510516.000000
4517916371000.000000,1752164345.314173,4518157060239.000000
4518082980000.000000,1752164345.444519,4518287405651.000000
4518116302000.000000,1752164345.466073,4518308959530.000000
4518149621000.000000,1752164345.482317,4518325203504.000000
4518182945000.000000,1752164345.504292,4518347179712.000000
4518316230000.000000,1752164345.595107,4518437993790.000000
4518449516000.000000,1752164345.739695,4518582582400.000000
4518482837000.000000,1752164345.751338,4518594224590.000000
4518516158000.000000,1752164345.763069,4518605956612.000000
4518549479000.000000,1752164345.873851,4518716737790.000000
4518582801000.000000,1752164345.895382,4518738269188.000000
4518682764000.000000,1752164345.912014,4518754901842.000000
4518716086000.000000,1752164346.095132,4518938019964.000000
4518749408000.000000,1752164346.112080,4518954967133.000000
4518882694000.000000,1752164346.128566,4518971454215.000000
4518916015000.000000,1752164346.289814,4519132700702.000000
4518949337000.000000,1752164346.306722,4519149610131.000000
4519082620000.000000,1752164346.328763,4519171650616.000000
4519115943000.000000,1752164346.475302,4519318189594.000000
4519149265000.000000,1752164346.491909,4519334795601.000000
4519282548000.000000,1752164346.577922,4519420810027.000000
4519315871000.000000,1752164346.595065,4519437953546.000000
4519349194000.000000,1752164346.612301,4519455188287.000000
4519415836000.000000,1752164346.749295,4519592182460.000000
4519449156000.000000,1752164346.770865,4519613752358.000000
4519582442000.000000,1752164346.892069,4519734956757.000000
4519615763000.000000,1752164346.920225,4519763111435.000000
4519649084000.000000,1752164346.931698,4519774584997.000000
4519682405000.000000,1752164347.051291,4519894177766.000000
4519715726000.000000,1752164347.073774,4519916660690.000000
4519849011000.000000,1752164347.090566,4519933453639.000000
4519882334000.000000,1752164347.221523,4520064410433.000000
4519915656000.000000,1752164347.244143,4520087030357.000000
4520015620000.000000,1752164347.260572,4520103459809.000000
4520048942000.000000,1752164347.394354,4520237241833.000000
4520082262000.000000,1752164347.406215,4520249102131.000000
4520182226000.000000,1752164347.422769,4520265655119.000000
4520215548000.000000,1752164347.541034,4520383920513.000000
4520248871000.000000,1752164347.568239,4520411126239.000000
4520348833000.000000,1752164347.585111,4520427997742.000000
4520382155000.000000,1752164347.778903,4520621789972.000000
4520415476000.000000,1752164347.790630,4520633517512.000000
4520515439000.000000,1752164347.801960,4520644845223.000000
4520548762000.000000,1752164347.943892,4520786779140.000000
4520582083000.000000,1752164347.955372,4520798258202.000000
4520715368000.000000,1752164347.966879,4520809765689.000000
4520748690000.000000,1752164348.103471,4520946358034.000000
4520782012000.000000,1752164348.125115,4520968025023.000000
4520881975000.000000,1752164348.152273,4520995160323.000000
4520915297000.000000,1752164348.297174,4521140060857.000000
4520948619000.000000,1752164348.314423,4521157310060.000000
4521081903000.000000,1752164348.336259,4521179145584.000000
4521115225000.000000,1752164348.459500,4521302388202.000000
4521148546000.000000,1752164348.491978,4521334864760.000000
4521248511000.000000,1752164348.519021,4521361907969.000000
4521281833000.000000,1752164348.671370,4521514257829.000000
4521315155000.000000,1752164348.687650,4521530537321.000000
4521448439000.000000,1752164348.715046,4521557932192.000000
4521481761000.000000,1752164348.731474,4521574360053.000000
4521515083000.000000,1752164348.865473,4521708360981.000000
4521648367000.000000,1752164348.887448,4521730334874.000000
4521681690000.000000,1752164349.035661,4521878548594.000000
4521715010000.000000,1752164349.058223,4521901110351.000000
4521748331000.000000,1752164349.074826,4521917713357.000000
4521814974000.000000,1752164349.184128,4522027014625.000000
4521881617000.000000,1752164349.206658,4522049545142.000000
4521981580000.000000,1752164349.223335,4522066222277.000000
4522014903000.000000,1752164349.323658,4522166545716.000000
4522048224000.000000,1752164349.341268,4522184154916.000000
4522148187000.000000,1752164349.456396,4522299283491.000000
4522181509000.000000,1752164349.478738,4522321625418.000000
4522214831000.000000,1752164349.495298,4522338186350.000000
4522281475000.000000,1752164349.672096,4522514983948.000000
4522314796000.000000,1752164349.705022,4522547908741.000000
4522414759000.000000,1752164349.726893,4522569779469.000000
4522448082000.000000,1752164349.748392,4522591278534.000000
4522481402000.000000,1752164349.945421,4522788307802.000000
4522681330000.000000,1752164349.962137,4522805024530.000000
4522714653000.000000,1752164349.989204,4522832091572.000000
4522747973000.000000,1752164350.093086,4522935974343.000000
4522781296000.000000,1752164350.115186,4522958072901.000000
4522914580000.000000,1752164350.236093,4523078980118.000000
4522947903000.000000,1752164350.257654,4523100541275.000000
4522981224000.000000,1752164350.279452,4523122338596.000000
4523047865000.000000,1752164350.399830,4523242718319.000000
4523081187000.000000,1752164350.421989,4523264876192.000000
4523181151000.000000,1752164350.438979,4523281866823.000000
4523214473000.000000,1752164350.592974,4523435861425.000000
4523247795000.000000,1752164350.615151,4523458038668.000000
4523347757000.000000,1752164350.631424,4523474310363.000000
4523381080000.000000,1752164350.652867,4523495753855.000000
4523414401000.000000,1752164350.821362,4523664249023.000000
4523581008000.000000,1752164350.843539,4523686425932.000000
4523614329000.000000,1752164350.956235,4523799122275.000000
4523647650000.000000,1752164350.973002,4523815889335.000000
4523680971000.000000,1752164350.989873,4523832759857.000000
4523780936000.000000,1752164351.118969,4523961856486.000000
4523814258000.000000,1752164351.130725,4523973611971.000000
4523914221000.000000,1752164351.142528,4523985414566.000000
4523947544000.000000,1752164351.289437,4524132324818.000000
4523980865000.000000,1752164351.312237,4524155123684.000000
4524080828000.000000,1752164351.328802,4524171689302.000000
4524114150000.000000,1752164351.469382,4524312269030.000000
4524147472000.000000,1752164351.486153,4524329039535.000000
4524247435000.000000,1752164351.503278,4524346164721.000000
4524280757000.000000,1752164351.609549,4524452436984.000000
4524314079000.000000,1752164351.632743,4524475630901.000000
4524414043000.000000,1752164351.747953,4524590839828.000000
4524447365000.000000,1752164351.764504,4524607391409.000000
4524480687000.000000,1752164351.781069,4524623955620.000000
4524580648000.000000,1752164351.914626,4524757512701.000000
4524613971000.000000,1752164351.942447,4524785334068.000000
4524713933000.000000,1752164351.958945,4524801832465.000000
4524747256000.000000,1752164352.104311,4524947198863.000000
4524780579000.000000,1752164352.121068,4524963954738.000000
4524880541000.000000,1752164352.138207,4524981094072.000000
4524913863000.000000,1752164352.265259,4525108146612.000000
4524947187000.000000,1752164352.276774,4525119660451.000000
4525080470000.000000,1752164352.446199,4525289086313.000000
4525113792000.000000,1752164352.457751,4525300637781.000000
4525147113000.000000,1752164352.479539,4525322425306.000000
4525213756000.000000,1752164352.511712,4525354598978.000000
4525247078000.000000,1752164352.683096,4525525982986.000000
4525447006000.000000,1752164352.704823,4525547710141.000000
4525480327000.000000,1752164352.721494,4525564381202.000000
4525513649000.000000,1752164352.828828,4525671715436.000000
4525546970000.000000,1752164352.840333,4525683219367.000000
4525646934000.000000,1752164352.938896,4525781784195.000000
4525680255000.000000,1752164352.966030,4525808916181.000000
4525713575000.000000,1752164353.101037,4525943924099.000000
4525746897000.000000,1752164353.117505,4525960391644.000000
4525780218000.000000,1752164353.140090,4525982976678.000000
4525913504000.000000,1752164353.267527,4526110414288.000000
4525946827000.000000,1752164353.284314,4526127200552.000000
4526080110000.000000,1752164353.397830,4526240717534.000000
4526113432000.000000,1752164353.425762,4526268649474.000000
4526146753000.000000,1752164353.438122,4526281009563.000000
4526213396000.000000,1752164353.601470,4526444356731.000000
4526246717000.000000,1752164353.618609,4526461495861.000000
4526346681000.000000,1752164353.635443,4526478329643.000000
4526380004000.000000,1752164353.754547,4526597434269.000000
4526413325000.000000,1752164353.776475,4526619362348.000000
4526579931000.000000,1752164353.916178,4526759065011.000000
4526613254000.000000,1752164353.943063,4526785950518.000000
4526646575000.000000,1752164353.969851,4526812737896.000000
4526679896000.000000,1752164353.997051,4526839937307.000000
4526746539000.000000,1752164354.158848,4527001735417.000000
4526913148000.000000,1752164354.176370,4527019257025.000000
4526946468000.000000,1752164354.192856,4527035743162.000000
4526979789000.000000,1752164354.317319,4527160205841.000000
4527013111000.000000,1752164354.339012,4527181899089.000000
4527113074000.000000,1752164354.371445,4527214332166.000000
4527146396000.000000,1752164354.532308,4527375195491.000000
4527179717000.000000,1752164354.549229,4527392115401.000000
4527279681000.000000,1752164354.565449,4527408335041.000000
4527313003000.000000,1752164354.587072,4527429958716.000000
4527346325000.000000,1752164354.760292,4527603178944.000000
4527512931000.000000,1752164354.777841,4527620727589.000000
4527546253000.000000,1752164354.884845,4527727731715.000000
4527579574000.000000,1752164354.911964,4527754850571.000000
4527612896000.000000,1752164354.933728,4527776615874.000000
4527712859000.000000,1752164355.085150,4527928037059.000000
4527746181000.000000,1752164355.102254,4527945141227.000000
4527846144000.000000,1752164355.124060,4527966947622.000000
4527879467000.000000,1752164355.150933,4527993819444.000000
4527912788000.000000,1752164355.314781,4528157667606.000000
4528079395000.000000,1752164355.337400,4528180287492.000000
4528112715000.000000,1752164355.448571,4528291457814.000000
4528146037000.000000,1752164355.470771,4528313657427.000000
4528179359000.000000,1752164355.487454,4528330341285.000000
4528279322000.000000,1752164355.589922,4528432809034.000000
4528312645000.000000,1752164355.618295,4528461182599.000000
4528412607000.000000,1752164355.754642,4528597529557.000000
4528445930000.000000,1752164355.771073,4528613959454.000000
4528479251000.000000,1752164355.792885,4528635771294.000000
4528545892000.000000,1752164355.809266,4528652152321.000000
4528579214000.000000,1752164356.010435,4528853321378.000000
4528745821000.000000,1752164356.027123,4528870010439.000000
4528779142000.000000,1752164356.043768,4528886655334.000000
4528812463000.000000,1752164356.184392,4529027279358.000000
4528845785000.000000,1752164356.206864,4529049750375.000000
4528979070000.000000,1752164356.218507,4529061393380.000000
4529012393000.000000,1752164356.352107,4529194994201.000000
4529045715000.000000,1752164356.369046,4529211932908.000000
4529145677000.000000,1752164356.390872,4529233758673.000000
4529179000000.000000,1752164356.496249,4529339136187.000000
4529212322000.000000,1752164356.528994,4529371880816.000000
4529312289000.000000,1752164356.662434,4529505321139.000000
4529345607000.000000,1752164356.679473,4529522359752.000000
4529378929000.000000,1752164356.696037,4529538923629.000000
4529478891000.000000,1752164356.847955,4529690842494.000000
4529512214000.000000,1752164356.865241,4529708128160.000000
4529612178000.000000,1752164356.882061,4529724947886.000000
4529645501000.000000,1752164357.009011,4529851898705.000000
4529678820000.000000,1752164357.025859,4529868747505.000000
4529812105000.000000,1752164357.052991,4529895878454.000000
4529845427000.000000,1752164357.181346,4530024233721.000000
4529878749000.000000,1752164357.198101,4530040988262.000000
4529978714000.000000,1752164357.220067,4530062954211.000000
4530012035000.000000,1752164357.332107,4530174994339.000000
4530045357000.000000,1752164357.354175,4530197061564.000000
4530145319000.000000,1752164357.454351,4530297237856.000000
4530178641000.000000,1752164357.475965,4530318851550.000000
4530211964000.000000,1752164357.492510,4530335397890.000000
4530311928000.000000,1752164357.622249,4530465136401.000000
4530345249000.000000,1752164357.634184,4530477070865.000000
4530445212000.000000,1752164357.788145,4530631032079.000000
4530478535000.000000,1752164357.804924,4530647810046.000000
4530511854000.000000,1752164357.826547,4530669434628.000000
4530578497000.000000,1752164357.848393,4530691280375.000000
4530645139000.000000,1752164357.951689,4530794576022.000000
4530778425000.000000,1752164358.062880,4530905768844.000000
4530811748000.000000,1752164358.084729,4530927615664.000000
4530845069000.000000,1752164358.101352,4530944240115.000000
4530878390000.000000,1752164358.223703,4531066590706.000000
4530911711000.000000,1752164358.250763,4531093649637.000000
4531044998000.000000,1752164358.363507,4531206394349.000000
4531078319000.000000,1752164358.375055,4531217942299.000000
4531111640000.000000,1752164358.396899,4531239785656.000000
4531178282000.000000,1752164358.551473,4531394359585.000000
4531211604000.000000,1752164358.578736,4531421622459.000000
4531311567000.000000,1752164358.595443,4531438330260.000000
4531378211000.000000,1752164358.702924,4531545810807.000000
4531411533000.000000,1752164358.719681,4531562568108.000000
4531511496000.000000,1752164358.886495,4531729383517.000000
4531544818000.000000,1752164358.903273,4531746159725.000000
4531578140000.000000,1752164358.920016,4531762903137.000000
4531711424000.000000,1752164359.080882,4531923768795.000000
4531744747000.000000,1752164359.097709,4531940596595.000000
4531844711000.000000,1752164359.120071,4531962957410.000000
4531911353000.000000,1752164359.264412,4532107300079.000000
4531944675000.000000,1752164359.281021,4532123908382.000000
4532044637000.000000,1752164359.302873,4532145760239.000000
4532077959000.000000,1752164359.490467,4532333354128.000000
4532111281000.000000,1752164359.512600,4532355487093.000000
4532211244000.000000,1752164359.528949,4532371835250.000000
4532244566000.000000,1752164359.632946,4532475832909.000000
4532277887000.000000,1752164359.644656,4532487542672.000000
4532477815000.000000,1752164359.803891,4532646778384.000000
4532511137000.000000,1752164359.820431,4532663317632.000000
4532544459000.000000,1752164359.837209,4532680095433.000000
4532611100000.000000,1752164360.000614,4532843501933.000000
4532677744000.000000,1752164360.022525,4532865413568.000000
4532777707000.000000,1752164360.044447,4532887333184.000000
4532811031000.000000,1752164360.152907,4532995794516.000000
4532844353000.000000,1752164360.175703,4533018591086.000000
4532977637000.000000,1752164360.286207,4533129093785.000000
4533010960000.000000,1752164360.308628,4533151514711.000000
4533044280000.000000,1752164360.320253,4533163140475.000000
4533110923000.000000,1752164360.456743,4533299631283.000000
4533144245000.000000,1752164360.473461,4533316348177.000000
4533244208000.000000,1752164360.490003,4533332891055.000000
4533277530000.000000,1752164360.651348,4533494234263.000000
4533310853000.000000,1752164360.668454,4533511340486.000000
4533410815000.000000,1752164360.685108,4533527995085.000000
4533444136000.000000,1752164360.851196,4533694083390.000000
4533477457000.000000,1752164360.893960,4533736846318.000000
4533610743000.000000,1752164360.915514,4533758400235.000000
4533644065000.000000,1752164361.010206,4533853094049.000000
4533677386000.000000,1752164361.026897,4533869783499.000000
4533843992000.000000,1752164361.212483,4534055369983.000000
4533877315000.000000,1752164361.240617,4534083503050.000000
4533910638000.000000,1752164361.257286,4534100172390.000000
4533977278000.000000,1752164361.289635,4534132521578.000000
4534043922000.000000,1752164361.444160,4534287047693.000000
4534210527000.000000,1752164361.455549,4534298435478.000000
4534243848000.000000,1752164361.487574,4534330461430.000000
4534277171000.000000,1752164361.628127,4534471015361.000000
4534310493000.000000,1752164361.655049,4534497937627.000000
4534410456000.000000,1752164361.671903,4534514790242.000000
4534443778000.000000,1752164361.826579,4534669465651.000000
4534477099000.000000,1752164361.843355,4534686241452.000000
4534610384000.000000,1752164361.870766,4534713653824.000000
4534643706000.000000,1752164362.021440,4534864327739.000000
4534677028000.000000,1752164362.054583,4534897469846.000000
4534810313000.000000,1752164362.071289,4534914176073.000000
4534843636000.000000,1752164362.207288,4535050175109.000000
4534876957000.000000,1752164362.223881,4535066767561.000000
4535010240000.000000,1752164362.241033,4535083919672.000000
4535043563000.000000,1752164362.381687,4535224573677.000000
4535076885000.000000,1752164362.403999,4535246885955.000000
4535176847000.000000,1752164362.431098,4535273985682.000000
4535210170000.000000,1752164362.617686,4535460573563.000000
4535243492000.000000,1752164362.639783,4535482670381.000000
4535376777000.000000,1752164362.656481,4535499367738.000000
4535410099000.000000,1752164362.767315,4535610202415.000000
4535443419000.000000,1752164362.783345,4535626231169.000000
4535576704000.000000,1752164362.811081,4535653968352.000000
4535610027000.000000,1752164362.947548,4535790435513.000000
4535643348000.000000,1752164362.964421,4535807308220.000000
4535743311000.000000,1752164362.980814,4535823700784.000000
4535776634000.000000,1752164363.112267,4535955154777.000000
4535809956000.000000,1752164363.134413,4535977300594.000000
4535909919000.000000,1752164363.150644,4535993530531.000000
4535943241000.000000,1752164363.278314,4536121201471.000000
4535976561000.000000,1752164363.300682,4536143568675.000000
4536076524000.000000,1752164363.317447,4536160333902.000000
4536109847000.000000,1752164363.441169,4536284055996.000000
4536143169000.000000,1752164363.457905,4536300791742.000000
4536243132000.000000,1752164363.480031,4536322917819.000000
4536276454000.000000,1752164363.629209,4536472095732.000000
4536309776000.000000,1752164363.651482,4536494368511.000000
4536443061000.000000,1752164363.765655,4536608541615.000000
4536476383000.000000,1752164363.787160,4536630048661.000000
4536509704000.000000,1752164363.820010,4536662898178.000000
4536609668000.000000,1752164363.989951,4536832838183.000000
4536642990000.000000,1752164364.006963,4536849849407.000000
4536776274000.000000,1752164364.034307,4536877193575.000000
4536809595000.000000,1752164364.147279,4536990166637.000000
4536842918000.000000,1752164364.159313,4537002200100.000000
4536942882000.000000,1752164364.310165,4537153052366.000000
4536976203000.000000,1752164364.337288,4537180174500.000000
4537009526000.000000,1752164364.353476,4537196363289.000000
4537109489000.000000,1752164364.370584,4537213471197.000000
4537176130000.000000,1752164364.546694,4537389580579.000000
4537276095000.000000,1752164364.584276,4537427162527.000000
4537309418000.000000,1752164364.684325,4537527213802.000000
4537342737000.000000,1752164364.717797,4537560684404.000000
4537376059000.000000,1752164364.740198,4537583085349.000000
4537509345000.000000,1752164364.856351,4537699238654.000000
4537542667000.000000,1752164364.873332,4537716218305.000000
4537675951000.000000,1752164365.023555,4537866441947.000000
4537709274000.000000,1752164365.039940,4537882826030.000000
4537742595000.000000,1752164365.062126,4537905012847.000000
4537809237000.000000,1752164365.078779,4537921666186.000000
4537875880000.000000,1752164365.254798,4538097686255.000000
4538009165000.000000,1752164365.272101,4538114988235.000000
4538042488000.000000,1752164365.379946,4538222832759.000000
4538075808000.000000,1752164365.396503,4538239391007.000000
4538109131000.000000,1752164365.413138,4538256024680.000000
4538209093000.000000,1752164365.571123,4538414009924.000000
4538242415000.000000,1752164365.598770,4538441657108.000000
4538342379000.000000,1752164365.615162,4538458048802.000000
4538375700000.000000,1752164365.821033,4538663921012.000000
4538409023000.000000,1752164365.858245,4538701131593.000000
4538542307000.000000,1752164365.884987,4538727873620.000000
4538575629000.000000,1752164365.911379,4538754265966.000000
4538642270000.000000,1752164366.048468,4538891354842.000000
4538842199000.000000,1752164366.070691,4538913578159.000000
4538875522000.000000,1752164366.220614,4539063502323.000000
4538908845000.000000,1752164366.242525,4539085412420.000000
4538942165000.000000,1752164366.258958,4539101844910.000000
4539008808000.000000,1752164366.290762,4539133649123.000000
4539042128000.000000,1752164366.396899,4539239787037.000000
4539208735000.000000,1752164366.493501,4539336388571.000000
4539242055000.000000,1752164366.510352,4539353238538.000000
4539275377000.000000,1752164366.537657,4539380543688.000000
4539308698000.000000,1752164366.645384,4539488271844.000000
4539342021000.000000,1752164366.661677,4539504564094.000000
4539475306000.000000,1752164366.777458,4539620344367.000000
4539508627000.000000,1752164366.789418,4539632305164.000000
4539541949000.000000,1752164366.806030,4539648915930.000000
4539575269000.000000,1752164366.964579,4539807465742.000000
4539608590000.000000,1752164366.986416,4539829303210.000000
4539708555000.000000,1752164367.008000,4539850886608.000000
4539741878000.000000,1752164367.024348,4539867234209.000000
4539775198000.000000,1752164367.131811,4539974698757.000000
4539941808000.000000,1752164367.284247,4540127134672.000000
4539975128000.000000,1752164367.301071,4540143958287.000000
4540008450000.000000,1752164367.322734,4540165620683.000000
4540041770000.000000,1752164367.339114,4540181999637.000000
4540108411000.000000,1752164367.458745,4540301632479.000000
4540275019000.000000,1752164367.602962,4540445849093.000000
4540308342000.000000,1752164367.619892,4540462778892.000000
4540341663000.000000,1752164367.641459,4540484346308.000000
4540374984000.000000,1752164367.663066,4540505953557.000000
4540408306000.000000,1752164367.809195,4540652082559.000000
4540574911000.000000,1752164367.836584,4540679471190.000000
4540608234000.000000,1752164367.922149,4540765035806.000000
4540641555000.000000,1752164367.938944,4540781831236.000000
4540674877000.000000,1752164367.960984,4540803871592.000000
4540741518000.000000,1752164368.077310,4540920196432.000000
4540774840000.000000,1752164368.104714,4540947600767.000000
4540874804000.000000,1752164368.142482,4540985368361.000000
4540908127000.000000,1752164368.240066,4541082952755.000000
4540941448000.000000,1752164368.256621,4541099508040.000000
4541074732000.000000,1752164368.440698,4541283585206.000000
4541108053000.000000,1752164368.462418,4541305304676.000000
4541141375000.000000,1752164368.478695,4541321581168.000000
4541208017000.000000,1752164368.494928,4541337814123.000000
4541241339000.000000,1752164368.633182,4541476069339.000000
4541407947000.000000,1752164368.655192,4541498079509.000000
4541441267000.000000,1752164368.672064,4541514951124.000000
4541474589000.000000,1752164368.807499,4541650386037.000000
4541507912000.000000,1752164368.824193,4541667080227.000000
4541607874000.000000,1752164368.840892,4541683778622.000000
4541641198000.000000,1752164368.990760,4541833647694.000000
4541674518000.000000,1752164369.007811,4541850697381.000000
4541774481000.000000,1752164369.024161,4541867048612.000000
4541807804000.000000,1752164369.147676,4541990563023.000000
4541841126000.000000,1752164369.164328,4542007215548.000000
4541941089000.000000,1752164369.186169,4542029056461.000000
4541974410000.000000,1752164369.328526,4542171413633.000000
4542007732000.000000,1752164369.344950,4542187836974.000000
4542107695000.000000,1752164369.361099,4542203985449.000000
4542141017000.000000,1752164369.475539,4542318426254.000000
4542174339000.000000,1752164369.492105,4542334991779.000000
4542274302000.000000,1752164369.508911,4542351797932.000000
4542307624000.000000,1752164369.664393,4542507281240.000000
4542340946000.000000,1752164369.686464,4542529351706.000000
4542440908000.000000,1752164369.713488,4542556375230.000000
4542474231000.000000,1752164369.857521,4542700409198.000000
4542507553000.000000,1752164369.879341,4542722226927.000000
4542640837000.000000,1752164369.896053,4542738939728.000000
4542674158000.000000,1752164370.079045,4542921932296.000000
4542707481000.000000,1752164370.100778,4542943665543.000000
4542807443000.000000,1752164370.122416,4542965301903.000000
4542840766000.000000,1752164370.139210,4542982096852.000000
4542874086000.000000,1752164370.288659,4543131545817.000000
4543074013000.000000,1752164370.305512,4543148398932.000000
4543107336000.000000,1752164370.471949,4543314835771.000000
4543140659000.000000,1752164370.488313,4543331199761.000000
4543173979000.000000,1752164370.505307,4543348194078.000000
4543240621000.000000,1752164370.532238,4543375124381.000000
4543307264000.000000,1752164370.685499,4543528386269.000000
4543440549000.000000,1752164370.702488,4543545375345.000000
4543473871000.000000,1752164370.719053,4543561941648.000000
4543507192000.000000,1752164370.868603,4543711491002.000000
4543540516000.000000,1752164370.880065,4543722951749.000000
4543640478000.000000,1752164370.902409,4543745295342.000000
4543673799000.000000,1752164371.002454,4543845341024.000000
4543707120000.000000,1752164371.019183,4543862070400.000000
4543840406000.000000,1752164371.179857,4544022743689.000000
4543873730000.000000,1752164371.201409,4544044295568.000000
4543907050000.000000,1752164371.217916,4544060803150.000000
4543973693000.000000,1752164371.240188,4544083074521.000000
4544040335000.000000,1752164371.408504,4544251391746.000000
4544173621000.000000,1752164371.425296,4544268182584.000000
4544206947000.000000,1752164371.442246,4544285132809.000000
4544240264000.000000,1752164371.560588,4544403475610.000000
4544273585000.000000,1752164371.577014,4544419900822.000000
4544373549000.000000,1752164371.682840,4544525726683.000000
4544406870000.000000,1752164371.699477,4544542364041.000000
4544440191000.000000,1752164371.721220,4544564107251.000000
4544540156000.000000,1752164371.894765,4544737652050.000000
4544573478000.000000,1752164371.911258,4544754144095.000000
4544640119000.000000,1752164371.928308,4544771194708.000000
4544673441000.000000,1752164371.949366,4544792252388.000000
4544740084000.000000,1752164372.102160,4544945047410.000000
4544873369000.000000,1752164372.118819,4544961706750.000000
4544906691000.000000,1752164372.250738,4545093625071.000000
4544940014000.000000,1752164372.273148,4545116035496.000000
4544973335000.000000,1752164372.294626,4545137513580.000000
4545073297000.000000,1752164372.417022,4545259909485.000000
4545106620000.000000,1752164372.428887,4545271773672.000000
4545239904000.000000,1752164372.604168,4545447055026.000000
4545273225000.000000,1752164372.621092,4545463979140.000000
4545306548000.000000,1752164372.637885,4545480771959.000000
4545373190000.000000,1752164372.659260,4545502146378.000000
4545406511000.000000,1752164372.818449,4545661336461.000000
4545573118000.000000,1752164372.840380,4545683266780.000000
4545606439000.000000,1752164372.857192,4545700078525.000000
4545639761000.000000,1752164372.985854,4545828741270.000000
4545673082000.000000,1752164373.018528,4545861414955.000000
4545773046000.000000,1752164373.040452,4545883338349.000000
4545806368000.000000,1752164373.141660,4545984547149.000000
4545839690000.000000,1752164373.164525,4546007412791.000000
4545939652000.000000,1752164373.265967,4546108854366.000000
4545972975000.000000,1752164373.277694,4546120580610.000000
4546006297000.000000,1752164373.299799,4546142687521.000000
4546072938000.000000,1752164373.443551,4546286437696.000000
4546139583000.000000,1752164373.460501,4546303389050.000000
4546239546000.000000,1752164373.498450,4546341337642.000000
4546272868000.000000,1752164373.682750,4546525637084.000000
4546306190000.000000,1752164373.704719,4546547606292.000000
4546439474000.000000,1752164373.785968,4546628854788.000000
4546472795000.000000,1752164373.797314,4546640200722.000000
4546506117000.000000,1752164373.820102,4546662989476.000000
4546639403000.000000,1752164373.992193,4546835079939.000000
4546672725000.000000,1752164374.019523,4546862410886.000000
4546739367000.000000,1752164374.051297,4546894183655.000000
4546772689000.000000,1752164374.068073,4546910960400.000000
4546839332000.000000,1752164374.180203,4547023090786.000000
4547005937000.000000,1752164374.305666,4547148553306.000000
4547039260000.000000,1752164374.322224,4547165111554.000000
4547072580000.000000,1752164374.420547,4547263433514.000000
4547105902000.000000,1752164374.437211,4547280098075.000000
4547139223000.000000,1752164374.453831,4547296718896.000000
4547272509000.000000,1752164374.612103,4547454989341.000000
4547305831000.000000,1752164374.639056,4547481943181.000000
4547405794000.000000,1752164374.655754,4547498641334.000000
4547439116000.000000,1752164374.801382,4547644268786.000000
4547472437000.000000,1752164374.829431,4547672317613.000000
4547572400000.000000,1752164374.846179,4547689065174.000000
4547605723000.000000,1752164374.974784,4547817672012.000000
4547639044000.000000,1752164375.002716,4547845602582.000000
4547772329000.000000,1752164375.024737,4547867623845.000000
4547805650000.000000,1752164375.170185,4548013072187.000000
4547838973000.000000,1752164375.186993,4548029880284.000000
4547938937000.000000,1752164375.209448,4548052335449.000000
4547972258000.000000,1752164375.348404,4548191291361.000000
4548005579000.000000,1752164375.365388,4548208275789.000000
4548138864000.000000,1752164375.381953,4548224840685.000000
4548172186000.000000,1752164375.553746,4548396633596.000000
4548205508000.000000,1752164375.570579,4548413465822.000000
4548338793000.000000,1752164375.592075,4548434962127.000000
4548372113000.000000,1752164375.748741,4548591627719.000000
4548405436000.000000,1752164375.760518,4548603405537.000000
4548505400000.000000,1752164375.782270,4548625157358.000000
4548538721000.000000,1752164375.886286,4548729173739.000000
4548572042000.000000,1752164375.923566,4548766453875.000000
4548705328000.000000,1752164376.072968,4548915855618.000000
4548738650000.000000,1752164376.089776,4548932662993.000000
4548771972000.000000,1752164376.106358,4548949244352.000000
4548838613000.000000,1752164376.122894,4548965780377.000000
4548905257000.000000,1752164376.260002,4549102888642.000000
4549038542000.000000,1752164376.276603,4549119490186.000000
4549071864000.000000,1752164376.422807,4549265694983.000000
4549105186000.000000,1752164376.434335,4549277222137.000000
4549138507000.000000,1752164376.450982,4549293870124.000000
4549238470000.000000,1752164376.601149,4549444036119.000000
4549271794000.000000,1752164376.634873,4549477759904.000000
4549371756000.000000,1752164376.651897,4549494784054.000000
4549405077000.000000,1752164376.738645,4549581532380.000000
4549438398000.000000,1752164376.755188,4549598075646.000000
4549571685000.000000,1752164376.941313,4549784200069.000000
4549605009000.000000,1752164376.957969,4549800855464.000000
4549638327000.000000,1752164376.974434,4549817319601.000000
4549704969000.000000,1752164376.996206,4549839093126.000000
4549804934000.000000,1752164377.170841,4550013727876.000000
4549938219000.000000,1752164377.187965,4550030852266.000000
4549971541000.000000,1752164377.301807,4550144693578.000000
4550004862000.000000,1752164377.328738,4550171624381.000000
4550038184000.000000,1752164377.345567,4550188455088.000000
4550104828000.000000,1752164377.358392,4550201278932.000000
4550171472000.000000,1752164377.519457,4550362343661.000000
4550271432000.000000,1752164377.536466,4550379352627.000000
4550304756000.000000,1752164377.553160,4550396047743.000000
4550371398000.000000,1752164377.717009,4550559896498.000000
4550404720000.000000,1752164377.733821,4550576708688.000000
4550471362000.000000,1752164377.755368,4550598254641.000000
4550504683000.000000,1752164377.885451,4550728339278.000000
4550538005000.000000,1752164377.902082,4550744969821.000000
4550671290000.000000,1752164377.918901,4550761787714.000000
4550704611000.000000,1752164378.042764,4550885650881.000000
4550737932000.000000,1752164378.059280,4550902167055.000000
4550837897000.000000,1752164378.075848,4550918734636.000000
4550871219000.000000,1752164378.226180,4551069066796.000000
4550904540000.000000,1752164378.242683,4551085570155.000000
4551004503000.000000,1752164378.254470,4551097357288.000000
4551071146000.000000,1752164378.376945,4551219832747.000000
4551104468000.000000,1752164378.388533,4551231420012.000000
4551171111000.000000,1752164378.410553,4551253439349.000000
4551204432000.000000,1752164378.564369,4551407255693.000000
4551237754000.000000,1752164378.581202,4551424089734.000000
4551337716000.000000,1752164378.602813,4551445699539.000000
4551371040000.000000,1752164378.748491,4551591379008.000000
4551404360000.000000,1752164378.760786,4551603672727.000000
4551537645000.000000,1752164378.777350,4551620235827.000000
4551570967000.000000,1752164378.959445,4551802331923.000000
4551604288000.000000,1752164378.976184,4551819071372.000000
4551704252000.000000,1752164378.993041,4551835927580.000000
4551737574000.000000,1752164379.009928,4551852814527.000000
4551770895000.000000,1752164379.178147,4552021033606.000000
4551937502000.000000,1752164379.189943,4552032830275.000000
4551970824000.000000,1752164379.328590,4552171476357.000000
4552004144000.000000,1752164379.344999,4552187886125.000000
4552037467000.000000,1752164379.373235,4552216122580.000000
4552137429000.000000,1752164379.475231,4552318118279.000000
4552170752000.000000,1752164379.497500,4552340387243.000000
4552304038000.000000,1752164379.619395,4552462281616.000000
4552337360000.000000,1752164379.636625,4552479511634.000000
4552370680000.000000,1752164379.658323,4552501209771.000000
4552437324000.000000,1752164379.806284,4552649171475.000000
4552470645000.000000,1752164379.822877,4552665764445.000000
4552603929000.000000,1752164379.844741,4552687628987.000000
4552637251000.000000,1752164379.985671,4552828557748.000000
4552670573000.000000,1752164379.998230,4552841117280.000000
4552770535000.000000,1752164380.014911,4552857799267.000000
4552803858000.000000,1752164380.119971,4552962858395.000000
4552837180000.000000,1752164380.136475,4552979361458.000000
4552970464000.000000,1752164380.302529,4553145416338.000000
4553003789000.000000,1752164380.319505,4553162392192.000000
4553037108000.000000,1752164380.341408,4553184294512.000000
4553070429000.000000,1752164380.475606,4553318493234.000000
4553103750000.000000,1752164380.498202,4553341088898.000000
4553270358000.000000,1752164380.514766,4553357654479.000000
4553303679000.000000,1752164380.664754,4553507642310.000000
4553337000000.000000,1752164380.703020,4553545906379.000000
4553436963000.000000,1752164380.714401,4553557287775.000000
4553470284000.000000,1752164380.847481,4553690369158.000000
4553503607000.000000,1752164380.869745,4553712632029.000000
4553636892000.000000,1752164380.881459,4553724345866.000000
4553670214000.000000,1752164380.995883,4553838771468.000000
4553703535000.000000,1752164381.028400,4553871287118.000000
4553836820000.000000,1752164381.135290,4553978176597.000000
4553870142000.000000,1752164381.162687,4554005573006.000000
4553903463000.000000,1752164381.184050,4554026936517.000000
4553970106000.000000,1752164381.306149,4554149035869.000000
4554003427000.000000,1752164381.322887,4554165775023.000000
4554136712000.000000,1752164381.513197,4554356084382.000000
4554170034000.000000,1752164381.545616,4554388503311.000000
4554203355000.000000,1752164381.562073,4554404959522.000000
4554303318000.000000,1752164381.578676,4554421562899.000000
4554369962000.000000,1752164381.753276,4554596163761.000000
4554503247000.000000,1752164381.780579,4554623466171.000000
4554536569000.000000,1752164381.802248,4554645133678.000000
4554569891000.000000,1752164381.917627,4554760514825.000000
4554603213000.000000,1752164381.946195,4554789083240.000000
4554736497000.000000,1752164382.065649,4554908535973.000000
4554769821000.000000,1752164382.088126,4554931012509.000000
4554803141000.000000,1752164382.104848,4554947734829.000000
4554869782000.000000,1752164382.121502,4554964387909.000000
4554903104000.000000,1752164382.272499,4555115386302.000000
4555069711000.000000,1752164382.305662,4555148549538.000000
4555103032000.000000,1752164382.452651,4555295538530.000000
4555136355000.000000,1752164382.469289,4555312175851.000000
4555169677000.000000,1752164382.485575,4555328462009.000000
4555236319000.000000,1752164382.501789,4555344676594.000000
4555269639000.000000,1752164382.622524,4555465412054.000000
4555436246000.000000,1752164382.749797,4555592683943.000000
4555469570000.000000,1752164382.766623,4555609509910.000000
4555502890000.000000,1752164382.788520,4555631406730.000000
4555536211000.000000,1752164382.804816,4555647701832.000000
4555569531000.000000,1752164382.950686,4555793572614.000000
4555736140000.000000,1752164382.972888,4555815775820.000000
4555769462000.000000,1752164383.113907,4555956794358.000000
4555802783000.000000,1752164383.130287,4555973173866.000000
4555836104000.000000,1752164383.146694,4555989581764.000000
4555902747000.000000,1752164383.163529,4556006415842.000000
4555969390000.000000,1752164383.264190,4556107076370.000000
4556069353000.000000,1752164383.292619,4556135505897.000000
4556102675000.000000,1752164383.421342,4556264229845.000000
4556135997000.000000,1752164383.434455,4556277342426.000000
4556169320000.000000,1752164383.451505,4556294392650.000000
4556202639000.000000,1752164383.467985,4556310872010.000000
4556235963000.000000,1752164383.632196,4556475082705.000000
4556402566000.000000,1752164383.648854,4556491742026.000000
4556435888000.000000,1752164383.770783,4556613669936.000000
4556469210000.000000,1752164383.787643,4556630529551.000000
4556502531000.000000,1752164383.804178,4556647063891.000000
4556602495000.000000,1752164383.920237,4556763125124.000000
4556635820000.000000,1752164383.942003,4556784889223.000000
4556735780000.000000,1752164384.075656,4556918544081.000000
4556769102000.000000,1752164384.092791,4556935677211.000000
4556802424000.000000,1752164384.109332,4556952218644.000000
4556902387000.000000,1752164384.233389,4557076275976.000000
4556935711000.000000,1752164384.255516,4557098402552.000000
4557035672000.000000,1752164384.282491,4557125378688.000000
4557068994000.000000,1752164384.426999,4557269886503.000000
4557102317000.000000,1752164384.443720,4557286608675.000000
4557202280000.000000,1752164384.465622,4557308508643.000000
4557235602000.000000,1752164384.568980,4557411866771.000000
4557268923000.000000,1752164384.590973,4557433859460.000000
4557402208000.000000,1752164384.697099,4557539986707.000000
4557435529000.000000,1752164384.713698,4557556584491.000000
4557468852000.000000,1752164384.735449,4557578336405.000000
4557502171000.000000,1752164384.867682,4557710570093.000000
4557568814000.000000,1752164384.884021,4557726907862.000000
4557668778000.000000,1752164384.901193,4557744080473.000000
4557702100000.000000,1752164385.056096,4557898982603.000000
4557735423000.000000,1752164385.072770,4557915657219.000000
4557835385000.000000,1752164385.089268,4557932155412.000000
4557868706000.000000,1752164385.182289,4558025176393.000000
4557902028000.000000,1752164385.209939,4558052826169.000000
4558001991000.000000,1752164385.348287,4558191174087.000000
4558035315000.000000,1752164385.364630,4558207517171.000000
4558068637000.000000,1752164385.381018,4558223905976.000000
4558135278000.000000,1752164385.399039,4558241928319.000000
4558201920000.000000,1752164385.561558,4558404446496.000000
4558335209000.000000,1752164385.569251,4558412138728.000000
4558368536000.000000,1752164385.749313,4558592200160.000000
4558401850000.000000,1752164385.766049,4558608936332.000000
4558435174000.000000,1752164385.782598,4558625484450.000000
4558535136000.000000,1752164385.798959,4558641845922.000000
4558568457000.000000,1752164385.938194,4558781080942.000000
4558735063000.000000,1752164385.961040,4558803926641.000000
4558768385000.000000,1752164386.082814,4558925701275.000000
4558801707000.000000,1752164386.099944,4558942830720.000000
4558835028000.000000,1752164386.116512,4558959398893.000000
4558868349000.000000,1752164386.285552,4559128439630.000000
4558934991000.000000,1752164386.302316,4559145202338.000000
4559034956000.000000,1752164386.319000,4559161887473.000000
4559068278000.000000,1752164386.425084,4559267971517.000000
4559101598000.000000,1752164386.463421,4559306307289.000000
4559234884000.000000,1752164386.479830,4559322717094.000000
4559268206000.000000,1752164386.577623,4559420510894.000000
4559301527000.000000,1752164386.586308,4559429195911.000000
4559401494000.000000,1752164386.721375,4559564264569.000000
4559434812000.000000,1752164386.738928,4559581817009.000000
4559468133000.000000,1752164386.762188,4559605076870.000000
4559568098000.000000,1752164386.880396,4559723283061.000000
4559601420000.000000,1752164386.898129,4559741015203.000000
4559701383000.000000,1752164387.057348,4559900236212.000000
4559734705000.000000,1752164387.079079,4559921967645.000000
4559768026000.000000,1752164387.101417,4559944304127.000000
4559834667000.000000,1752164387.123195,4559966081485.000000
4559867991000.000000,1752164387.271047,4560113934005.000000
4560067918000.000000,1752164387.292842,4560135728826.000000
4560101240000.000000,1752164387.441684,4560284571205.000000
4560134561000.000000,1752164387.464273,4560307160351.000000
4560167882000.000000,1752164387.485827,4560328713341.000000
4560234525000.000000,1752164387.512683,4560355568496.000000
4560267846000.000000,1752164387.672264,4560515150872.000000
4560434453000.000000,1752164387.694101,4560536988599.000000
4560467774000.000000,1752164387.710204,4560553091630.000000
4560501096000.000000,1752164387.849845,4560692732275.000000
4560534417000.000000,1752164387.866793,4560709679926.000000
4560634381000.000000,1752164387.883187,4560726073435.000000
4560667703000.000000,1752164388.024899,4560867786484.000000
4560701024000.000000,1752164388.047174,4560890061929.000000
4560800988000.000000,1752164388.064000,4560906886915.000000
4560834309000.000000,1752164388.195092,4561037979411.000000
4560867631000.000000,1752164388.217075,4561059961971.000000
4560967595000.000000,1752164388.244902,4561087788394.000000
4561000917000.000000,1752164388.266013,4561108899315.000000
4561034239000.000000,1752164388.425953,4561268841426.000000
4561200844000.000000,1752164388.442557,4561285444063.000000
4561234166000.000000,1752164388.552316,4561395203307.000000
4561267489000.000000,1752164388.574247,4561417134034.000000
4561300809000.000000,1752164388.596186,4561439073094.000000
4561367451000.000000,1752164388.748478,4561591365085.000000
4561400774000.000000,1752164388.770304,4561613190998.000000
4561534058000.000000,1752164388.797774,4561640660536.000000
4561567380000.000000,1752164388.919852,4561762739203.000000
4561600702000.000000,1752164388.946848,4561789735302.000000
4561733986000.000000,1752164389.058958,4561901845503.000000
4561767308000.000000,1752164389.070629,4561913516229.000000
4561800630000.000000,1752164389.082480,4561925366731.000000
4561900593000.000000,1752164389.210182,4562053069579.000000
4561933916000.000000,1752164389.226893,4562069779121.000000
4562033879000.000000,1752164389.358447,4562201334150.000000
4562067203000.000000,1752164389.380174,4562223061249.000000
4562100523000.000000,1752164389.412697,4562255584047.000000
4562200487000.000000,1752164389.604457,4562447344724.000000
4562233809000.000000,1752164389.627238,4562470125368.000000
4562333773000.000000,1752164389.638985,4562481871982.000000
4562367093000.000000,1752164389.656395,4562499281517.000000
4562433736000.000000,1752164389.864974,4562707862476.000000
4562567022000.000000,1752164389.897982,4562740868972.000000
4562600343000.000000,1752164389.930102,4562772988942.000000
4562633665000.000000,1752164389.946494,4562789380450.000000
4562700307000.000000,1752164390.103288,4562946175355.000000
4562866915000.000000,1752164390.119777,4562962663900.000000
4562900236000.000000,1752164390.136553,4562979439497.000000
4562933556000.000000,1752164390.230852,4563073739519.000000
4562966878000.000000,1752164390.247579,4563090466914.000000
4563066841000.000000,1752164390.408399,4563251286831.000000
4563100164000.000000,1752164390.424947,4563267834560.000000
4563133485000.000000,1752164390.442010,4563284898191.000000
4563200129000.000000,1752164390.458617,4563301504290.000000
4563233451000.000000,1752164390.622526,4563465413137.000000
4563400055000.000000,1752164390.639240,4563482126791.000000
4563433377000.000000,1752164390.799449,4563642336270.000000
4563466699000.000000,1752164390.815821,4563658708427.000000
4563500020000.000000,1752164390.842611,4563685497972.000000
4563599984000.000000,1752164390.864091,4563706977408.000000
4563633307000.000000,1752164391.004648,4563847534451.000000
4563766591000.000000,1752164391.016212,4563859098548.000000
4563799913000.000000,1752164391.144233,4563987120522.000000
4563833235000.000000,1752164391.166360,4564009247081.000000
4563866557000.000000,1752164391.182914,4564025800828.000000
4563966520000.000000,1752164391.299639,4564142526331.000000
4563999842000.000000,1752164391.316532,4564159418390.000000
4564099804000.000000,1752164391.323131,4564166017393.000000
4564133126000.000000,1752164391.444256,4564287144127.000000
4564166449000.000000,1752164391.471455,4564314342186.000000
4564266412000.000000,1752164391.612202,4564455089356.000000
4564299734000.000000,1752164391.628650,4564471537012.000000
4564333056000.000000,1752164391.661305,4564504191920.000000
4564399697000.000000,1752164391.677679,4564520564800.000000
4564466341000.000000,1752164391.853905,4564696791607.000000
4564599625000.000000,1752164391.881053,4564723940722.000000
4564632948000.000000,1752164392.003034,4564845921853.000000
4564666268000.000000,1752164392.024535,4564867421455.000000
4564699591000.000000,1752164392.041035,4564883923389.000000
4564799554000.000000,1752164392.068286,4564911172725.000000
4564866197000.000000,1752164392.240768,4565083655554.000000
4564999484000.000000,1752164392.268425,4565111311756.000000
4565032805000.000000,1752164392.402997,4565245884401.000000
4565066126000.000000,1752164392.435027,4565277913426.000000
4565099446000.000000,1752164392.461634,4565304520214.000000
4565199411000.000000,1752164392.488520,4565331406980.000000
4565232732000.000000,1752164392.657939,4565500827323.000000
4565399339000.000000,1752164392.674856,4565517742641.000000
4565432661000.000000,1752164392.766108,4565608995381.000000
4565465983000.000000,1752164392.782676,4565625564240.000000
4565499303000.000000,1752164392.800076,4565642962571.000000
4565599267000.000000,1752164392.900651,4565743538674.000000
4565632589000.000000,1752164392.912899,4565755787487.000000
4565732552000.000000,1752164393.063970,4565906857657.000000
4565765875000.000000,1752164393.080433,4565923319924.000000
4565799195000.000000,1752164393.102382,4565945269429.000000
4565832516000.000000,1752164393.118768,4565961654197.000000
4565899159000.000000,1752164393.297008,4566139895205.000000
4566032444000.000000,1752164393.308497,4566151384637.000000
4566065766000.000000,1752164393.325715,4566168601766.000000
4566099087000.000000,1752164393.423752,4566266639118.000000
4566132408000.000000,1752164393.440542,4566283429345.000000
4566265694000.000000,1752164393.584252,4566427139354.000000
4566299017000.000000,1752164393.601095,4566443982450.000000
4566332344000.000000,1752164393.628313,4566471199676.000000
4566365658000.000000,1752164393.649797,4566492682704.000000
4566398980000.000000,1752164393.842801,4566685688719.000000
4566565586000.000000,1752164393.854549,4566697436500.000000
4566598908000.000000,1752164393.881670,4566724556449.000000
4566632230000.000000,1752164393.897994,4566740880181.000000
4566665552000.000000,1752164394.079801,4566922689391.000000
4566832158000.000000,1752164394.096421,4566939308582.000000
4566865479000.000000,1752164394.113231,4566956117587.000000
4566898801000.000000,1752164394.225868,4567068754448.000000
4566932123000.000000,1752164394.243569,4567086456739.000000
4567032086000.000000,1752164394.347826,4567190713691.000000
4567065407000.000000,1752164394.359676,4567202562934.000000
4567098730000.000000,1752164394.371347,4567214233272.000000
4567165372000.000000,1752164394.488374,4567331261512.000000
4567198694000.000000,1752164394.510279,4567353166295.000000
4567298656000.000000,1752164394.632269,4567475156148.000000
4567331979000.000000,1752164394.648713,4567491599583.000000
4567365300000.000000,1752164394.665258,4567508144145.000000
4567431942000.000000,1752164394.681561,4567524447914.000000
4567465263000.000000,1752164394.832465,4567675352383.000000
4567598549000.000000,1752164394.854334,4567697221240.000000
4567631871000.000000,1752164394.973054,4567815941536.000000
4567665193000.000000,1752164394.995034,4567837920892.000000
4567698515000.000000,1752164395.016605,4567859491790.000000
4567798477000.000000,1752164395.102858,4567945745436.000000
4567831799000.000000,1752164395.125375,4567968262749.000000
4567931764000.000000,1752164395.332849,4568175736145.000000
4567965086000.000000,1752164395.349258,4568192144376.000000
4567998405000.000000,1752164395.365514,4568208399405.000000
4568065048000.000000,1752164395.381838,4568224723470.000000
4568131691000.000000,1752164395.398598,4568241484919.000000
4568331620000.000000,1752164395.574469,4568417357100.000000
4568364942000.000000,1752164395.712924,4568555811592.000000
4568398264000.000000,1752164395.734007,4568576893735.000000
4568431585000.000000,1752164395.751027,4568593914997.000000
4568464906000.000000,1752164395.762399,4568605285615.000000
4568564870000.000000,1752164395.936511,4568779398297.000000
4568664833000.000000,1752164395.948042,4568790929191.000000
4568698156000.000000,1752164395.954596,4568797482676.000000
4568731478000.000000,1752164395.971268,4568814155071.000000
4568764798000.000000,1752164396.104107,4568946994085.000000
4568898084000.000000,1752164396.120769,4568963655425.000000
4568931406000.000000,1752164396.281072,4569123959607.000000
4568964727000.000000,1752164396.308291,4569151178332.000000
4568998049000.000000,1752164396.324950,4569167837134.000000
4569064691000.000000,1752164396.341704,4569184591065.000000
4569131334000.000000,1752164396.500677,4569343564688.000000
4569264618000.000000,1752164396.517599,4569360485913.000000
4569297940000.000000,1752164396.534518,4569377404768.000000
4569331262000.000000,1752164396.651417,4569494304010.000000
4569364584000.000000,1752164396.668507,4569511393918.000000
4569464547000.000000,1752164396.844702,4569687590540.000000
4569497869000.000000,1752164396.851741,4569694629187.000000
4569531191000.000000,1752164396.890094,4569732981033.000000
4569631153000.000000,1752164396.906404,4569749290117.000000
4569664475000.000000,1752164397.061423,4569904310134.000000
4569831082000.000000,1752164397.083818,4569926705411.000000
4569864404000.000000,1752164397.174313,4570017201011.000000
4569897726000.000000,1752164397.196818,4570039704677.000000
4569931047000.000000,1752164397.213545,4570056433256.000000
4569997689000.000000,1752164397.363461,4570206348605.000000
4570031011000.000000,1752164397.385511,4570228397961.000000
4570164295000.000000,1752164397.397316,4570240201556.000000
4570197618000.000000,1752164397.557066,4570399953744.000000
4570230940000.000000,1752164397.573940,4570416827840.000000
4570330903000.000000,1752164397.601511,4570444398321.000000
4570364224000.000000,1752164397.731157,4570574044426.000000
4570397546000.000000,1752164397.758757,4570601645129.000000
4570530831000.000000,1752164397.775237,4570618124025.000000
4570564153000.000000,1752164397.898955,4570741841972.000000
4570597475000.000000,1752164397.915555,4570758442793.000000
4570730760000.000000,1752164398.089597,4570932484087.000000
4570764081000.000000,1752164398.101276,4570944163257.000000
4570797402000.000000,1752164398.117988,4570960875022.000000
4570864044000.000000,1752164398.216335,4571059221852.000000
4570897367000.000000,1752164398.233245,4571076132059.000000
4571030652000.000000,1752164398.338613,4571181500036.000000
4571063974000.000000,1752164398.360348,4571203233950.000000
4571097295000.000000,1752164398.376919,4571219805698.000000
4571197259000.000000,1752164398.511410,4571354297806.000000
4571230580000.000000,1752164398.533381,4571376267144.000000
4571297223000.000000,1752164398.561304,4571404191306.000000
4571330545000.000000,1752164398.679916,4571522804511.000000
4571363866000.000000,1752164398.697480,4571540367748.000000
4571497152000.000000,1752164398.796764,4571639650994.000000
4571530473000.000000,1752164398.813752,4571656639978.000000
4571563794000.000000,1752164398.830685,4571673571370.000000
4571663758000.000000,1752164398.968547,4571811433571.000000
4571697080000.000000,1752164398.996594,4571839480177.000000
4571730401000.000000,1752164399.013012,4571855898259.000000
4571763722000.000000,1752164399.108794,4571951681265.000000
4571797045000.000000,1752164399.141413,4571984300081.000000
4571930329000.000000,1752164399.256701,4572099588155.000000
4571963651000.000000,1752164399.273338,4572116225717.000000
4571996972000.000000,1752164399.290516,4572133402939.000000
4572063614000.000000,1752164399.408202,4572251090376.000000
4572096937000.000000,1752164399.425076,4572267962713.000000
4572230222000.000000,1752164399.598472,4572441358921.000000
4572263545000.000000,1752164399.615426,4572458312683.000000
4572296865000.000000,1752164399.632198,4572475084280.000000
4572363507000.000000,1752164399.648136,4572491022164.000000
4572396828000.000000,1752164399.802780,4572645667518.000000
4572563435000.000000,1752164399.824712,4572667599856.000000
4572596757000.000000,1752164399.938071,4572780957896.000000
4572630078000.000000,1752164399.950037,4572792924582.000000
4572663400000.000000,1752164399.966467,4572809353183.000000
4572763363000.000000,1752164400.073045,4572915932258.000000
4572796685000.000000,1752164400.089695,4572932582542.000000
4572896649000.000000,1752164400.200455,4573043342924.000000
4572929970000.000000,1752164400.217079,4573059965837.000000
4572963293000.000000,1752164400.233925,4573076811637.000000
4573029935000.000000,1752164400.368962,4573211849277.000000
4573063257000.000000,1752164400.385514,4573228400376.000000
4573163220000.000000,1752164400.401769,4573244654535.000000
4573229865000.000000,1752164400.583453,4573426340653.000000
4573263184000.000000,1752164400.600277,4573443163306.000000
4573329826000.000000,1752164400.622087,4573464973312.000000
4573363147000.000000,1752164400.735712,4573578599070.000000
4573396469000.000000,1752164400.752434,4573595320483.000000
4573563077000.000000,1752164400.890331,4573733218721.000000
4573596399000.000000,1752164400.917072,4573759958692.000000
4573629719000.000000,1752164400.938933,4573781819920.000000
4573663042000.000000,1752164400.960001,4573802887897.000000
4573729684000.000000,1752164401.111632,4573954519117.000000
4573896289000.000000,1752164401.123454,4573966341304.000000
4573929612000.000000,1752164401.209388,4574052275157.000000
4573962934000.000000,1752164401.221263,4574064150363.000000
4573996255000.000000,1752164401.343120,4574186008755.000000
4574029576000.000000,1752164401.359660,4574202547670.000000
4574062898000.000000,1752164401.376465,4574219352100.000000
4574162861000.000000,1752164401.504443,4574347331223.000000
4574196184000.000000,1752164401.532321,4574375208108.000000
4574296147000.000000,1752164401.559844,4574402730700.000000
4574329468000.000000,1752164401.682955,4574525842412.000000
4574362790000.000000,1752164401.704854,4574547741084.000000
4574462760000.000000,1752164401.737185,4574580072144.000000
4574529397000.000000,1752164401.845796,4574688682438.000000
4574562718000.000000,1752164401.867497,4574710384667.000000
4574662682000.000000,1752164401.992946,4574835833835.000000
4574696009000.000000,1752164402.004579,4574847466118.000000
4574729326000.000000,1752164402.026967,4574869854006.000000
4574795967000.000000,1752164402.167074,4575009961850.000000
4574829289000.000000,1752164402.189634,4575032521200.000000
4574962575000.000000,1752164402.202809,4575045696465.000000
4574995897000.000000,1752164402.350125,4575193013195.000000
4575029222000.000000,1752164402.372638,4575215526527.000000
4575129180000.000000,1752164402.391007,4575233895273.000000
4575162504000.000000,1752164402.507430,4575350316946.000000
4575195826000.000000,1752164402.534593,4575377479432.000000
4575329109000.000000,1752164402.687515,4575530402267.000000
4575362432000.000000,1752164402.699377,4575542263880.000000
4575395754000.000000,1752164402.710650,4575553535889.000000
4575462395000.000000,1752164402.815536,4575658423149.000000
4575495716000.000000,1752164402.832225,4575675111821.000000
4575629001000.000000,1752164402.948073,4575790960611.000000
4575662323000.000000,1752164402.959698,4575802585079.000000
4575695644000.000000,1752164402.981588,4575824475417.000000
4575762286000.000000,1752164403.110233,4575953120088.000000
4575795608000.000000,1752164403.127211,4575970097516.000000
4575928893000.000000,1752164403.297275,4576140161556.000000
4575962216000.000000,1752164403.314142,4576157028764.000000
4575995539000.000000,1752164403.341111,4576183997400.000000
4576062180000.000000,1752164403.357400,4576200285965.000000
4576128821000.000000,1752164403.530295,4576373182141.000000
4576262108000.000000,1752164403.542197,4576385084420.000000
4576295430000.000000,1752164403.575217,4576418103898.000000
4576328751000.000000,1752164403.689860,4576532747183.000000
4576362072000.000000,1752164403.722792,4576565679106.000000
4576495357000.000000,1752164403.750137,4576593023294.000000
4576528679000.000000,1752164403.850775,4576693662822.000000
4576562001000.000000,1752164403.867999,4576710885544.000000
4576661964000.000000,1752164403.957515,4576800401728.000000
4576695287000.000000,1752164403.984888,4576827774471.000000
4576728609000.000000,1752164403.996240,4576839126700.000000
4576795250000.000000,1752164404.156859,4576999746064.000000
4576828573000.000000,1752164404.189035,4577031922274.000000
4576928535000.000000,1752164404.210888,4577053774279.000000
4576961857000.000000,1752164404.329179,4577172065728.000000
4576995179000.000000,1752164404.345830,4577188717290.000000
4577128463000.000000,1752164404.362776,4577205661756.000000
4577161785000.000000,1752164404.486675,4577329562385.000000
4577195107000.000000,1752164404.503860,4577346747033.000000
4577295070000.000000,1752164404.619641,4577462528417.000000
4577328392000.000000,1752164404.631438,4577474324512.000000
4577361714000.000000,1752164404.648562,4577491448513.000000
4577461677000.000000,1752164404.796563,4577639449846.000000
4577495000000.000000,1752164404.813342,4577656228814.000000
4577594963000.000000,1752164404.829999,4577672886468.000000
4577628285000.000000,1752164404.976301,4577819188763.000000
4577661606000.000000,1752164404.998316,4577841203082.000000
4577761570000.000000,1752164405.025436,4577868322661.000000
4577794892000.000000,1752164405.194598,4578037485618.000000
4577828214000.000000,1752164405.211281,4578054168531.000000
4577961499000.000000,1752164405.238653,4578081538921.000000
4577994820000.000000,1752164405.255426,4578098312963.000000
4578028142000.000000,1752164405.410038,4578252926058.000000
4578161426000.000000,1752164405.442779,4578285666335.000000
4578194748000.000000,1752164405.470559,4578313446129.000000
4578228069000.000000,1752164405.596187,4578439074777.000000
4578261391000.000000,1752164405.623636,4578466522019.000000
4578394675000.000000,1752164405.640129,4578483015823.000000
4578427997000.000000,1752164405.810784,4578653671041.000000
4578461320000.000000,1752164405.822392,4578665278417.000000
4578561283000.000000,1752164405.834115,4578677001031.000000
4578594605000.000000,1752164405.845846,4578688732720.000000
4578627926000.000000,1752164406.017788,4578860675202.000000
4578761212000.000000,1752164406.050771,4578893658477.000000
4578794533000.000000,1752164406.072678,4578915564871.000000
4578827853000.000000,1752164406.201607,4579044494668.000000
4578861176000.000000,1752164406.213202,4579056089673.000000
4578994460000.000000,1752164406.229597,4579072483552.000000
4579027783000.000000,1752164406.348135,4579191022388.000000
4579061105000.000000,1752164406.370969,4579213856327.000000
4579161068000.000000,1752164406.471306,4579314192988.000000
4579194390000.000000,1752164406.503207,4579346095015.000000
4579227711000.000000,1752164406.519919,4579362806020.000000
4579327674000.000000,1752164406.675434,4579518321180.000000
4579360997000.000000,1752164406.692626,4579535512032.000000
4579460960000.000000,1752164406.709323,4579552209908.000000
4579494283000.000000,1752164406.832538,4579675425785.000000
4579527604000.000000,1752164406.850085,4579692971948.000000
4579627567000.000000,1752164406.866609,4579709495845.000000
4579660889000.000000,1752164407.026942,4579869829415.000000
4579694210000.000000,1752164407.043699,4579886586772.000000
4579794173000.000000,1752164407.070650,4579913537500.000000
4579827494000.000000,1752164407.082398,4579925284281.000000
4579860816000.000000,1752164407.231390,4580074277696.000000
4579994102000.000000,1752164407.243300,4580086186735.000000
4580027424000.000000,1752164407.365424,4580208311791.000000
4580060746000.000000,1752164407.392809,4580235695737.000000
4580094067000.000000,1752164407.420710,4580263599029.000000
4580194029000.000000,1752164407.536018,4580378905918.000000
4580227353000.000000,1752164407.552754,4580395641941.000000
4580327317000.000000,1752164407.568849,4580411736713.000000
4580360638000.000000,1752164407.711817,4580554704581.000000
4580393959000.000000,1752164407.728549,4580571435364.000000
4580493921000.000000,1752164407.750506,4580593392609.000000
4580527245000.000000,1752164407.936360,4580779246702.000000
4580560567000.000000,1752164407.948109,4580790996186.000000
4580660529000.000000,1752164407.974699,4580817585493.000000
4580693851000.000000,1752164407.991103,4580833989575.000000
4580727174000.000000,1752164408.174497,4581017384620.000000
4580927101000.000000,1752164408.212899,4581055786725.000000
4580960423000.000000,1752164408.229381,4581072266881.000000
4580993744000.000000,1752164408.385360,4581228247332.000000
4581027065000.000000,1752164408.397266,4581240152074.000000
4581160351000.000000,1752164408.419622,4581262508908.000000
4581193672000.000000,1752164408.544034,4581386921495.000000
4581226993000.000000,1752164408.565727,4581408613521.000000
4581360278000.000000,1752164408.699262,4581542149269.000000
4581393600000.000000,1752164408.726284,4581569170533.000000
4581426922000.000000,1752164408.742538,4581585425581.000000
4581526885000.000000,1752164408.844418,4581687304354.000000
4581560207000.000000,1752164408.861374,4581704260413.000000
4581693493000.000000,1752164409.012362,4581855248899.000000
4581726814000.000000,1752164409.034511,4581877397901.000000
4581760136000.000000,1752164409.066671,4581909558462.000000
4581826778000.000000,1752164409.195326,4582038213115.000000
4581860099000.000000,1752164409.217505,4582060392728.000000
4581993384000.000000,1752164409.229371,4582072257230.000000
4582026707000.000000,1752164409.352011,4582194898910.000000
4582060028000.000000,1752164409.378759,4582221645715.000000
4582159993000.000000,1752164409.473939,4582316826635.000000
4582193313000.000000,1752164409.485611,4582328497657.000000
4582226635000.000000,1752164409.507337,4582350223590.000000
4582293276000.000000,1752164409.609535,4582452423249.000000
4582326598000.000000,1752164409.626143,4582469029997.000000
4582426562000.000000,1752164409.783417,4582626303619.000000
4582459885000.000000,1752164409.800293,4582643179567.000000
4582493205000.000000,1752164409.827380,4582670267257.000000
4582559847000.000000,1752164409.843752,4582686638284.000000
4582626491000.000000,1752164410.034808,4582877695450.000000
4582759775000.000000,1752164410.051447,4582894333771.000000
4582793097000.000000,1752164410.073467,4582916353997.000000
4582826419000.000000,1752164410.176936,4583019823568.000000
4582859740000.000000,1752164410.204073,4583046960499.000000
4582993027000.000000,1752164410.346900,4583189788369.000000
4583026347000.000000,1752164410.363609,4583206496633.000000
4583059669000.000000,1752164410.386199,4583229086094.000000
4583126310000.000000,1752164410.402377,4583245264735.000000
4583192956000.000000,1752164410.590432,4583433319674.000000
4583326238000.000000,1752164410.607222,4583450109549.000000
4583359561000.000000,1752164410.623993,4583466879868.000000
4583392882000.000000,1752164410.797673,4583640559684.000000
4583426204000.000000,1752164410.819164,4583662050416.000000
4583526167000.000000,1752164410.840476,4583683362890.000000
4583559488000.000000,1752164410.867316,4583710201583.000000
4583592811000.000000,1752164411.013977,4583856865152.000000
4583792738000.000000,1752164411.030757,4583873643842.000000
4583826061000.000000,1752164411.155665,4583998552831.000000
4583859383000.000000,1752164411.177321,4584020208487.000000
4583892705000.000000,1752164411.193945,4584036832345.000000
4583959346000.000000,1752164411.210313,4584053198706.000000
4583992668000.000000,1752164411.332561,4584175447890.000000
4584159275000.000000,1752164411.454082,4584296969527.000000
4584192597000.000000,1752164411.481312,4584324199289.000000
4584225917000.000000,1752164411.498055,4584340941053.000000
4584259239000.000000,1752164411.631528,4584474415321.000000
4584325882000.000000,1752164411.659343,4584502229762.000000
4584425846000.000000,1752164411.686719,4584529606078.000000
4584459169000.000000,1752164411.824002,4584666888471.000000
4584492489000.000000,1752164411.836291,4584679177709.000000
4584592452000.000000,1752164411.847843,4584690729585.000000
4584625774000.000000,1752164411.997363,4584840249402.000000
4584659096000.000000,1752164412.014172,4584857059313.000000
4584759059000.000000,1752164412.031361,4584874248684.000000
4584825702000.000000,1752164412.155384,4584998271016.000000
4584859024000.000000,1752164412.177562,4585020448703.000000
4584958986000.000000,1752164412.276870,4585119757856.000000
4584992309000.000000,1752164412.293907,4585136793358.000000
4585025630000.000000,1752164412.310490,4585153377458.000000
4585092272000.000000,1752164412.434237,4585277124404.000000
4585125595000.000000,1752164412.450911,4585293798243.000000
4585258880000.000000,1752164412.597060,4585439947966.000000
4585292202000.000000,1752164412.624662,4585467548928.000000
4585325523000.000000,1752164412.641073,4585483959622.000000
4585392166000.000000,1752164412.657961,4585500847792.000000
4585458809000.000000,1752164412.779620,4585622506797.000000
4585592092000.000000,1752164412.868144,4585711032104.000000
4585625414000.000000,1752164412.885135,4585728022588.000000
4585658736000.000000,1752164412.912086,4585754972853.000000
4585692057000.000000,1752164413.052316,4585895203659.000000
4585725379000.000000,1752164413.074100,4585916987332.000000
4585825342000.000000,1752164413.102214,4585945101214.000000
4585891985000.000000,1752164413.274058,4586116945680.000000
4585925308000.000000,1752164413.296360,4586139246088.000000
4586025271000.000000,1752164413.312631,4586155517672.000000
4586058593000.000000,1752164413.328871,4586171757516.000000
4586091914000.000000,1752164413.470798,4586313685562.000000
4586258523000.000000,1752164413.487605,4586330491141.000000
4586291843000.000000,1752164413.606481,4586449368898.000000
4586325165000.000000,1752164413.623258,4586466144495.000000
4586358486000.000000,1752164413.634752,4586477638446.000000
4586391807000.000000,1752164413.651091,4586493977344.000000
4586458451000.000000,1752164413.827101,4586669988227.000000
4586591735000.000000,1752164413.838697,4586681584195.000000
4586625056000.000000,1752164413.943404,4586786290679.000000
4586658378000.000000,1752164413.970660,4586813547812.000000
4586691700000.000000,1752164413.987101,4586829987450.000000
4586791661000.000000,1752164414.123267,4586966154132.000000
4586824985000.000000,1752164414.155390,4586998276787.000000
4586958268000.000000,1752164414.307972,4587150859645.000000
4586991592000.000000,1752164414.324327,4587167212857.000000
4587024915000.000000,1752164414.351244,4587194131438.000000
4587091556000.000000,1752164414.378167,4587221053519.000000
4587158198000.000000,1752164414.480281,4587323168290.000000
4587291483000.000000,1752164414.603732,4587446619443.000000
4587324806000.000000,1752164414.625473,4587468359709.000000
4587358127000.000000,1752164414.642119,4587485005400.000000
4587391449000.000000,1752164414.678850,4587521737023.000000
4587458091000.000000,1752164414.797642,4587640528356.000000
4587591377000.000000,1752164414.814605,4587657492821.000000
4587624699000.000000,1752164414.969215,4587812101676.000000
4587658020000.000000,1752164414.986223,4587829109530.000000
4587691341000.000000,1752164415.002805,4587845691926.000000
4587791303000.000000,1752164415.103443,4587946330398.000000
4587824627000.000000,1752164415.115293,4587958180326.000000
4587924590000.000000,1752164415.274216,4588117103282.000000
4587957912000.000000,1752164415.291121,4588134007600.000000
4587991234000.000000,1752164415.313523,4588156409192.000000
4588057875000.000000,1752164415.330033,4588172919348.000000
4588124519000.000000,1752164415.503416,4588346304834.000000
4588257804000.000000,1752164415.530652,4588373538596.000000
4588291126000.000000,1752164415.547546,4588390433007.000000
4588324447000.000000,1752164415.687284,4588530172114.000000
4588357769000.000000,1752164415.703791,4588546678788.000000
4588457732000.000000,1752164415.720239,4588563126408.000000
4588524374000.000000,1752164415.866581,4588709467555.000000
4588557697000.000000,1752164415.883569,4588726455613.000000
4588624338000.000000,1752164415.905338,4588748224175.000000
4588657660000.000000,1752164415.921727,4588764613498.000000
4588690982000.000000,1752164416.087097,4588929984182.000000
4588857587000.000000,1752164416.104467,4588947354532.000000
4588890909000.000000,1752164416.245764,4589088651474.000000
4588924230000.000000,1752164416.263095,4589105982565.000000
4588957552000.000000,1752164416.286699,4589129585681.000000
4589024195000.000000,1752164416.298906,4589141793457.000000
4589090838000.000000,1752164416.393296,4589236183108.000000
4589224123000.000000,1752164416.472065,4589314952316.000000
4589257445000.000000,1752164416.484513,4589327400849.000000
4589290769000.000000,1752164416.630471,4589473357741.000000
4589324089000.000000,1752164416.637193,4589480080650.000000
4589357410000.000000,1752164416.649333,4589492220927.000000
4589390735000.000000,1752164416.666309,4589509195281.000000
4589457376000.000000,1752164416.763854,4589606740490.000000
4589590659000.000000,1752164416.905007,4589747893990.000000
4589623982000.000000,1752164416.921379,4589764265740.000000
4589657302000.000000,1752164416.938446,4589781333889.000000
4589690624000.000000,1752164416.966069,4589808956184.000000
4589757267000.000000,1752164417.141911,4589984799292.000000
4589890550000.000000,1752164417.164203,4590007090422.000000
4589923873000.000000,1752164417.185928,4590028815152.000000
4589957194000.000000,1752164417.304156,4590147043823.000000
4589990516000.000000,1752164417.321268,4590164155547.000000
4590090478000.000000,1752164417.337790,4590180676813.000000
4590123800000.000000,1752164417.438293,4590281180435.000000
4590157123000.000000,1752164417.471372,4590314259320.000000
4590257086000.000000,1752164417.563320,4590406207016.000000
4590290408000.000000,1752164417.585775,4590428661255.000000
4590323729000.000000,1752164417.602053,4590444939414.000000
4590390371000.000000,1752164417.733282,4590576169149.000000
4590423694000.000000,1752164417.760472,4590603358375.000000
4590556979000.000000,1752164417.872716,4590715603538.000000
4590590301000.000000,1752164417.900115,4590743002298.000000
4590623622000.000000,1752164417.916743,4590759629619.000000
4590690264000.000000,1752164418.040375,4590883262733.000000
4590756908000.000000,1752164418.063051,4590905937341.000000
4590856870000.000000,1752164418.163309,4591006196373.000000
4590890192000.000000,1752164418.175134,4591018021098.000000
4590923516000.000000,1752164418.197099,4591039985343.000000
4590990156000.000000,1752164418.298517,4591141405029.000000
4591023478000.000000,1752164418.315886,4591158773157.000000
4591123442000.000000,1752164418.444569,4591287455939.000000
4591156764000.000000,1752164418.461623,4591304510662.000000
4591190085000.000000,1752164418.478987,4591321874716.000000
4591256727000.000000,1752164418.620568,4591463454729.000000
4591290050000.000000,1752164418.632576,4591475463637.000000
4591423334000.000000,1752164418.649364,4591492250827.000000
4591456656000.000000,1752164418.742716,4591585602915.000000
4591489978000.000000,1752164418.754859,4591597745580.000000
4591589941000.000000,1752164418.876332,4591719219347.000000
4591623264000.000000,1752164418.888239,4591731125589.000000
4591656584000.000000,1752164418.909594,4591752481767.000000
4591689905000.000000,1752164419.011535,4591854421688.000000
4591723228000.000000,1752164419.043405,4591886292882.000000
4591856512000.000000,1752164419.218097,4592060984150.000000
4591889834000.000000,1752164419.234614,4592077501250.000000
4591923155000.000000,1752164419.262548,4592105434672.000000
4591989797000.000000,1752164419.278803,4592121689201.000000
4592056441000.000000,1752164419.425687,4592268574194.000000
4592189727000.000000,1752164419.442948,4592285835119.000000
4592223048000.000000,1752164419.550074,4592392961614.000000
4592256368000.000000,1752164419.566767,4592409654379.000000
4592289691000.000000,1752164419.578628,4592421514992.000000
4592356332000.000000,1752164419.704222,4592547109974.000000
4592389655000.000000,1752164419.721078,4592563964904.000000
4592489618000.000000,1752164419.834445,4592677332943.000000
4592522941000.000000,1752164419.845942,4592688828763.000000
4592556262000.000000,1752164419.867629,4592710516160.000000
4592656226000.000000,1752164420.001301,4592844188536.000000
4592689548000.000000,1752164420.029227,4592872115180.000000
4592789512000.000000,1752164420.046163,4592889050034.000000
4592822832000.000000,1752164420.163772,4593006659306.000000
4592856155000.000000,1752164420.186329,4593029215989.000000
4592956117000.000000,1752164420.203126,4593046013308.000000
4592989440000.000000,1752164420.325428,4593168315566.000000
4593022761000.000000,1752164420.331882,4593174768756.000000
4593122725000.000000,1752164420.364383,4593207270258.000000
4593156046000.000000,1752164420.503313,4593346200466.000000
4593189368000.000000,1752164420.531107,4593373994704.000000
4593322653000.000000,1752164420.680470,4593523357356.000000
4593355975000.000000,1752164420.696794,4593539681810.000000
4593389296000.000000,1752164420.718740,4593561626444.000000
4593522580000.000000,1752164420.842848,4593685734238.000000
4593555904000.000000,1752164420.854481,4593697367113.000000
4593655866000.000000,1752164421.022006,4593864893476.000000
4593689189000.000000,1752164421.038463,4593881349873.000000
4593722510000.000000,1752164421.050134,4593893021636.000000
4593822474000.000000,1752164421.082362,4593925248364.000000
4593855796000.000000,1752164421.207485,4594050372221.000000
4594022402000.000000,1752164421.338012,4594180898705.000000
4594055724000.000000,1752164421.365915,4594208801775.000000
4594089045000.000000,1752164421.382270,4594225156099.000000
4594122365000.000000,1752164421.398601,4594241487386.000000
4594155688000.000000,1752164421.569206,4594412093402.000000
4594322294000.000000,1752164421.596509,4594439395330.000000
4594355617000.000000,1752164421.615185,4594458072333.000000
4594388937000.000000,1752164421.739869,4594582757083.000000
4594422259000.000000,1752164421.767756,4594610644320.000000
4594522230000.000000,1752164421.784755,4594627641452.000000
4594555549000.000000,1752164421.946450,4594789336990.000000
4594588866000.000000,1752164421.962849,4594805736165.000000
4594688829000.000000,1752164421.979631,4594822517781.000000
4594722151000.000000,1752164422.001578,4594844464544.000000
4594788793000.000000,1752164422.174499,4595017386720.000000
4594922080000.000000,1752164422.191670,4595034558258.000000
4594955401000.000000,1752164422.198302,4595041188705.000000
4594988722000.000000,1752164422.314866,4595157753395.000000
4595022044000.000000,1752164422.331218,4595174105034.000000
4595122006000.000000,1752164422.347763,4595190649559.000000
4595155327000.000000,1752164422.482345,4595325232278.000000
4595188650000.000000,1752164422.499404,4595342291224.000000
4595288613000.000000,1752164422.630931,4595473818826.000000
4595321935000.000000,1752164422.669192,4595512079952.000000
4595355258000.000000,1752164422.686160,4595529046491.000000
4595455219000.000000,1752164422.811263,4595654150978.000000
4595488542000.000000,1752164422.827823,4595670709300.000000
4595621829000.000000,1752164422.953347,4595796234560.000000
4595655150000.000000,1752164422.975236,4595818123010.000000
4595688472000.000000,1752164422.997085,4595839971645.000000
4595721792000.000000,1752164423.024047,4595866933558.000000
4595788434000.000000,1752164423.184519,4596027406794.000000
4595955041000.000000,1752164423.201348,4596044235169.000000
4595988363000.000000,1752164423.218225,4596061111709.000000
4596021686000.000000,1752164423.340500,4596183387171.000000
4596055007000.000000,1752164423.357478,4596200364322.000000
4596154969000.000000,1752164423.544134,4596387021442.000000
4596188292000.000000,1752164423.565805,4596408691765.000000
4596221613000.000000,1752164423.582452,4596425338882.000000
4596321576000.000000,1752164423.598760,4596441647077.000000
4596388222000.000000,1752164423.762054,4596604940653.000000
4596521504000.000000,1752164423.789441,4596632327913.000000
4596554827000.000000,1752164423.806353,4596649240361.000000
4596588148000.000000,1752164423.993647,4596836534845.000000
4596621472000.000000,1752164424.015648,4596858534738.000000
4596721433000.000000,1752164424.042506,4596885392597.000000
4596754755000.000000,1752164424.058853,4596901740421.000000
4596788076000.000000,1752164424.201896,4597044783511.000000
4596988004000.000000,1752164424.219111,4597061997937.000000
4597021327000.000000,1752164424.326143,4597169030119.000000
4597054649000.000000,1752164424.342375,4597185262129.000000
4597087970000.000000,1752164424.359504,4597202390204.000000
4597154611000.000000,1752164424.489544,4597332431156.000000
4597187934000.000000,1752164424.511504,4597354390661.000000
4597287897000.000000,1752164424.533094,4597375980762.000000
4597321219000.000000,1752164424.638100,4597480987872.000000
4597354540000.000000,1752164424.655085,4597497971689.000000
4597454503000.000000,1752164424.800094,4597642982314.000000
4597487824000.000000,1752164424.822526,4597665413609.000000
4597521146000.000000,1752164424.838866,4597681754248.000000
4597621109000.000000,1752164424.939609,4597782496368.000000
4597654431000.000000,1752164424.966865,4597809752000.000000
4597754395000.000000,1752164425.078336,4597921223023.000000
4597787718000.000000,1752164425.100014,4597942902419.000000
4597821039000.000000,1752164425.121995,4597964882034.000000
4597921002000.000000,1752164425.275090,4598117976794.000000
4597954325000.000000,1752164425.319125,4598162011968.000000
4598054288000.000000,1752164425.346353,4598189240046.000000
4598087609000.000000,1752164425.441232,4598284118580.000000
4598120929000.000000,1752164425.468211,4598311098660.000000
4598287537000.000000,1752164425.559650,4598402537269.000000
4598320859000.000000,1752164425.592185,4598435071752.000000
4598354179000.000000,1752164425.608955,4598451841442.000000
4598387504000.000000,1752164425.714903,4598557790894.000000
4598420826000.000000,1752164425.731451,4598574338253.000000
4598520787000.000000,1752164425.897503,4598740390132.000000
4598554110000.000000,1752164425.913941,4598756827974.000000
4598587432000.000000,1752164425.941053,4598783938775.000000
4598687395000.000000,1752164425.957482,4598800368172.000000
4598720716000.000000,1752164426.131461,4598974348725.000000
4598887324000.000000,1752164426.143703,4598986590001.000000
4598920645000.000000,1752164426.166216,4599009104370.000000
4598953966000.000000,1752164426.309150,4599152038035.000000
4598987289000.000000,1752164426.325758,4599168643986.000000
4599087251000.000000,1752164426.342472,4599185358621.000000
4599120573000.000000,1752164426.509047,4599351934402.000000
4599153895000.000000,1752164426.520815,4599363701924.000000
4599253858000.000000,1752164426.537592,4599380479466.000000
4599320500000.000000,1752164426.650594,4599493481601.000000
4599353824000.000000,1752164426.667420,4599510307272.000000
4599453786000.000000,1752164426.684072,4599526959148.000000
4599487108000.000000,1752164426.880176,4599723063556.000000
4599520430000.000000,1752164426.908071,4599750957626.000000
4599620392000.000000,1752164426.924307,4599767193526.000000
4599653715000.000000,1752164426.940539,4599783424703.000000
4599687037000.000000,1752164427.128455,4599971342291.000000
4599853642000.000000,1752164427.140140,4599983027462.000000
4599886964000.000000,1752164427.161816,4600004702914.000000
4599920286000.000000,1752164427.273811,4600116698060.000000
4599953607000.000000,1752164427.295521,4600138409271.000000
4600086893000.000000,1752164427.419349,4600262236105.000000
4600120214000.000000,1752164427.435714,4600278602077.000000
4600153535000.000000,1752164427.452618,4600295505117.000000
4600253499000.000000,1752164427.623659,4600466545906.000000
4600286821000.000000,1752164427.630517,4600473402944.000000
4600386785000.000000,1752164427.652591,4600495478058.000000
4600420106000.000000,1752164427.732425,4600575312921.000000
4600453428000.000000,1752164427.749314,4600592200776.000000
4600553392000.000000,1752164427.862434,4600705322410.000000
4600586713000.000000,1752164427.885176,4600728064110.000000
4600620034000.000000,1752164427.902137,4600745025002.000000
4600686679000.000000,1752164428.011098,4600853984996.000000
4600720000000.000000,1752164428.033367,4600876254997.000000
4600853283000.000000,1752164428.160484,4601003371369.000000
4600886606000.000000,1752164428.172187,4601015073780.000000
4600919926000.000000,1752164428.194286,4601037174376.000000
4600986569000.000000,1752164428.316337,4601159224840.000000
4601019892000.000000,1752164428.328429,4601171316821.000000
4601153175000.000000,1752164428.474856,4601317743745.000000
4601186498000.000000,1752164428.491464,4601334351103.000000
4601219820000.000000,1752164428.507885,4601350772519.000000
4601253140000.000000,1752164428.637722,4601480609918.000000
4601286464000.000000,1752164428.664924,4601507811718.000000
4601419747000.000000,1752164428.703502,4601546388562.000000
4601453069000.000000,1752164428.835044,4601677931276.000000
4601486391000.000000,1752164428.862242,4601705129872.000000
4601619675000.000000,1752164428.879218,4601722104523.000000
4601652999000.000000,1752164429.029190,4601872077316.000000
4601686320000.000000,1752164429.040854,4601883741487.000000
4601786282000.000000,1752164429.052466,4601895352288.000000
4601819604000.000000,1752164429.069307,4601912193884.000000
4601852926000.000000,1752164429.255085,4602097973662.000000
4601986211000.000000,1752164429.271570,4602114456930.000000
4602019532000.000000,1752164429.288835,4602131721614.000000
4602052855000.000000,1752164429.418754,4602261641382.000000
4602086175000.000000,1752164429.446431,4602289317770.000000
4602219460000.000000,1752164429.463233,4602306120459.000000
4602252782000.000000,1752164429.569509,4602412396519.000000
4602286104000.000000,1752164429.581182,4602424068727.000000
4602386067000.000000,1752164429.746243,4602589130543.000000
4602419389000.000000,1752164429.762701,4602605589033.000000
4602452710000.000000,1752164429.795529,4602638416031.000000
4602519353000.000000,1752164429.822208,4602665094818.000000
4602585996000.000000,1752164429.987193,4602830081061.000000
4602752602000.000000,1752164430.009192,4602852078602.000000
4602785924000.000000,1752164430.111672,4602954558851.000000
4602819247000.000000,1752164430.133776,4602976662835.000000
4602852566000.000000,1752164430.150510,4602993396951.000000
4602952530000.000000,1752164430.328063,4603170950096.000000
4602985852000.000000,1752164430.344515,4603187402900.000000
4603085816000.000000,1752164430.361149,4603204035610.000000
4603119138000.000000,1752164430.496359,4603339247840.000000
4603152459000.000000,1752164430.508060,4603350947492.000000
4603285745000.000000,1752164430.524822,4603367708256.000000
4603319067000.000000,1752164430.661328,4603504215361.000000
4603352388000.000000,1752164430.684262,4603527148207.000000
4603452352000.000000,1752164430.706038,4603548925583.000000
4603485673000.000000,1752164430.881884,4603724771117.000000
4603518995000.000000,1752164430.898649,4603741535788.000000
4603618958000.000000,1752164430.915148,4603758034592.000000
4603652280000.000000,1752164431.036765,4603879653005.000000
4603685602000.000000,1752164431.053543,4603896429566.000000
4603818887000.000000,1752164431.070013,4603912899648.000000
4603852209000.000000,1752164431.171966,4604014852976.000000
4603885530000.000000,1752164431.189097,4604031983903.000000
4603985492000.000000,1752164431.309273,4604152160498.000000
4604018816000.000000,1752164431.326254,4604169141260.000000
4604052136000.000000,1752164431.348134,4604191020543.000000
4604118778000.000000,1752164431.471238,4604314125570.000000
4604152100000.000000,1752164431.483606,4604326493011.000000
4604285385000.000000,1752164431.647166,4604490053602.000000
4604318707000.000000,1752164431.674524,4604517410845.000000
4604352029000.000000,1752164431.691041,4604533927649.000000
4604418671000.000000,1752164431.717888,4604560774230.000000
4604485314000.000000,1752164431.895992,4604738880110.000000
4604651921000.000000,1752164431.918070,4604760956872.000000
4604685243000.000000,1752164432.023410,4604866297146.000000
4604718564000.000000,1752164432.045583,4604888470814.000000
4604751886000.000000,1752164432.061937,4604904824268.000000
4604851850000.000000,1752164432.240906,4605083793194.000000
4604885174000.000000,1752164432.258586,4605101473503.000000
4604985134000.000000,1752164432.280395,4605123281861.000000
4605018457000.000000,1752164432.301516,4605144402523.000000
4605051781000.000000,1752164432.472466,4605315353739.000000
4605218384000.000000,1752164432.483865,4605326752246.000000
4605251706000.000000,1752164432.624410,4605467297566.000000
4605285027000.000000,1752164432.646741,4605489628307.000000
4605318349000.000000,1752164432.663141,4605506028168.000000
4605418311000.000000,1752164432.679382,4605522268475.000000
4605451634000.000000,1752164432.858206,4605701093217.000000
4605618240000.000000,1752164432.874882,4605717769130.000000
4605651561000.000000,1752164432.891479,4605734366062.000000
4605684884000.000000,1752164433.038237,4605881124557.000000
4605718205000.000000,1752164433.060311,4605903198671.000000
4605818168000.000000,1752164433.087409,4605930295750.000000
4605851490000.000000,1752164433.210307,4606053194057.000000
4605884814000.000000,1752164433.227175,4606070062579.000000
4605984777000.000000,1752164433.238831,4606081718027.000000
4606018098000.000000,1752164433.381882,4606224769192.000000
4606051420000.000000,1752164433.398360,4606241247440.000000
4606151384000.000000,1752164433.415157,4606258044926.000000
4606184705000.000000,1752164433.436816,4606279702286.000000
4606218028000.000000,1752164433.636842,4606479728836.000000
4606351310000.000000,1752164433.648255,4606491141325.000000
4606384633000.000000,1752164433.665040,4606507926644.000000
4606417954000.000000,1752164433.774196,4606617083821.000000
4606484598000.000000,1752164433.796171,4606639057788.000000
4606617883000.000000,1752164433.918307,4606761194715.000000
4606651205000.000000,1752164433.935123,4606778010330.000000
4606684525000.000000,1752164433.951595,4606794484319.000000
4606717847000.000000,1752164434.121485,4606964371602.000000
4606751167000.000000,1752164434.122943,4606965828994.000000
4606851131000.000000,1752164434.134996,4606977881679.000000
4606884453000.000000,1752164434.146770,4606989656589.000000
4606917775000.000000,1752164434.296324,4607139210535.000000
4607084382000.000000,1752164434.319061,4607161947790.000000
4607117704000.000000,1752164434.453051,4607295938459.000000
4607151026000.000000,1752164434.479943,4607322829262.000000
4607184347000.000000,1752164434.495936,4607338823498.000000
4607250988000.000000,1752164434.507548,4607350434373.000000
4607317631000.000000,1752164434.697628,4607540515586.000000
4607417596000.000000,1752164434.720236,4607563123584.000000
4607450917000.000000,1752164434.736880,4607579767312.000000
4607484238000.000000,1752164434.838634,4607681521606.000000
4607517559000.000000,1752164434.855285,4607698172130.000000
4607650845000.000000,1752164434.988580,4607831467621.000000
4607684167000.000000,1752164435.005337,4607848224534.000000
4607717488000.000000,1752164435.021922,4607864808911.000000
4607817451000.000000,1752164435.133849,4607976735984.000000
4607850774000.000000,1752164435.150405,4607993291121.000000
4607984058000.000000,1752164435.337065,4608179951686.000000
4608017382000.000000,1752164435.364057,4608206943728.000000
4608050702000.000000,1752164435.381035,4608223921638.000000
4608117345000.000000,1752164435.397996,4608240882511.000000
4608183988000.000000,1752164435.596398,4608439285487.000000
4608317272000.000000,1752164435.618705,4608461591914.000000
4608350595000.000000,1752164435.640733,4608483619880.000000
4608383915000.000000,1752164435.734684,4608577572054.000000
4608417236000.000000,1752164435.746178,4608589064727.000000
4608550522000.000000,1752164435.857713,4608700600526.000000
4608583845000.000000,1752164435.885285,4608728172174.000000
4608617165000.000000,1752164435.907395,4608750281844.000000
4608683808000.000000,1752164436.008899,4608851786381.000000
4608717129000.000000,1752164436.030517,4608873404593.000000
4608817093000.000000,1752164436.047457,4608890343651.000000
4608850415000.000000,1752164436.175921,4609018807454.000000
4608883737000.000000,1752164436.198637,4609041524394.000000
4608983700000.000000,1752164436.350423,4609193311464.000000
4609017023000.000000,1752164436.372958,4609215845666.000000
4609050343000.000000,1752164436.389383,4609232270971.000000
4609116986000.000000,1752164436.411283,4609254170754.000000
4609183628000.000000,1752164436.595739,4609438625935.000000
4609350235000.000000,1752164436.617637,4609460523163.000000
4609383557000.000000,1752164436.715360,4609558246796.000000
4609416879000.000000,1752164436.731891,4609574778211.000000
4609450199000.000000,1752164436.769666,4609612552989.000000
4609550163000.000000,1752164436.899406,4609742294241.000000
4609583486000.000000,1752164436.916027,4609758913710.000000
4609683448000.000000,1752164436.932727,4609775613234.000000
4609716771000.000000,1752164437.071506,4609914392926.000000
4609750092000.000000,1752164437.088383,4609931270133.000000
4609850054000.000000,1752164437.105753,4609948640705.000000
4609883377000.000000,1752164437.200621,4610043508092.000000
4609916699000.000000,1752164437.217262,4610060149320.000000
4610016663000.000000,1752164437.364877,4610207764491.000000
4610049985000.000000,1752164437.387237,4610230123602.000000
4610083305000.000000,1752164437.415108,4610257994209.000000
4610183269000.000000,1752164437.576844,4610419731283.000000
4610216591000.000000,1752164437.598805,4610441690806.000000
4610316554000.000000,1752164437.625965,4610468851903.000000
4610349876000.000000,1752164437.647468,4610490354282.000000
4610383198000.000000,1752164437.833033,4610675920304.000000
4610583125000.000000,1752164437.860509,4610703397027.000000
4610616448000.000000,1752164437.872395,4610715282176.000000
4610649769000.000000,1752164437.976238,4610819124948.000000
4610683090000.000000,1752164437.987775,4610830661249.000000
4610783056000.000000,1752164438.109684,4610952570882.000000
4610816375000.000000,1752164438.126215,4610969102852.000000
4610849698000.000000,1752164438.143054,4610985941486.000000
4610949662000.000000,1752164438.254990,4611097876725.000000
4610982984000.000000,1752164438.277204,4611120090875.000000
4611082947000.000000,1752164438.380777,4611223664186.000000
4611116269000.000000,1752164438.402467,4611245352842.000000
4611149590000.000000,1752164438.419037,4611261923738.000000
4611182912000.000000,1752164438.564709,4611407596651.000000
4611249554000.000000,1752164438.581599,4611424486081.000000
4611349519000.000000,1752164438.598242,4611441128920.000000
4611382840000.000000,1752164438.721266,4611564152837.000000
4611416161000.000000,1752164438.738313,4611581200616.000000
4611516124000.000000,1752164438.760056,4611602943049.000000
4611549447000.000000,1752164438.898250,4611741138265.000000
4611582769000.000000,1752164438.914944,4611757830141.000000
4611682732000.000000,1752164438.936917,4611779803664.000000
4611716054000.000000,1752164439.066039,4611908926015.000000
4611749381000.000000,1752164439.082703,4611925589187.000000
4611849338000.000000,1752164439.099301,4611942187861.000000
4611882660000.000000,1752164439.250852,4612093739415.000000
4611915982000.000000,1752164439.272955,4612115841251.000000
4612015944000.000000,1752164439.284395,4612127280461.000000
4612082589000.000000,1752164439.469962,4612312849001.000000
4612115909000.000000,1752164439.481638,4612324524857.000000
4612215873000.000000,1752164439.498394,4612341279547.000000
4612249195000.000000,1752164439.514730,4612357617056.000000
4612282515000.000000,1752164439.703824,4612546711021.000000
4612449123000.000000,1752164439.720674,4612563560358.000000
4612482445000.000000,1752164439.731942,4612574829348.000000
4612515766000.000000,1752164439.836071,4612678958116.000000
4612549088000.000000,1752164439.848382,4612691268428.000000
4612649052000.000000,1752164439.964184,4612807071348.000000
4612682372000.000000,1752164439.975949,4612818835611.000000
4612715694000.000000,1752164439.987373,4612830259266.000000
4612782336000.000000,1752164440.126030,4612968917810.000000
4612815658000.000000,1752164440.149023,4612991909341.000000
4612948944000.000000,1752164440.287689,4613130576256.000000
4612982266000.000000,1752164440.309683,4613152569574.000000
4613015587000.000000,1752164440.331452,4613174338488.000000
4613115549000.000000,1752164440.499892,4613342778935.000000
4613148872000.000000,1752164440.516328,4613359214721.000000
4613248835000.000000,1752164440.532727,4613375614600.000000
4613282158000.000000,1752164440.554714,4613397600771.000000
4613348802000.000000,1752164440.699978,4613542865022.000000
4613482085000.000000,1752164440.721685,4613564572196.000000
4613515408000.000000,1752164440.856361,4613699248135.000000
4613548731000.000000,1752164440.888728,4613731614713.000000
4613582051000.000000,1752164440.905194,4613748081221.000000
4613648692000.000000,1752164440.921560,4613764446396.000000
4613715336000.000000,1752164441.094433,4613937319795.000000
4613848620000.000000,1752164441.106136,4613949022799.000000
4613881943000.000000,1752164441.179933,4614022819986.000000
4613915265000.000000,1752164441.196778,4614039666064.000000
4613948586000.000000,1752164441.219371,4614062257487.000000
4614015228000.000000,1752164441.393452,4614236339206.000000
4614048550000.000000,1752164441.405168,4614248055228.000000
4614148513000.000000,1752164441.421761,4614264647994.000000
4614181835000.000000,1752164441.438439,4614281325389.000000
4614215157000.000000,1752164441.661982,4614504869705.000000
4614348442000.000000,1752164441.678538,4614521425786.000000
4614415084000.000000,1752164441.700150,4614543036480.000000
4614448406000.000000,1752164441.716704,4614559590153.000000
4614481728000.000000,1752164441.912280,4614755166993.000000
4614615013000.000000,1752164441.923783,4614766669443.000000
4614648334000.000000,1752164441.935221,4614778108172.000000
4614681656000.000000,1752164441.951680,4614794567513.000000
4614714977000.000000,1752164442.075920,4614918806769.000000
4614881584000.000000,1752164442.192984,4615035870786.000000
4614914906000.000000,1752164442.209935,4615052821474.000000
4614948227000.000000,1752164442.227019,4615069905920.000000
4614981548000.000000,1752164442.355700,4615198587665.000000
4615048190000.000000,1752164442.377780,4615220667112.000000
4615148154000.000000,1752164442.399776,4615242662487.000000
4615181476000.000000,1752164442.495067,4615337954720.000000
4615214798000.000000,1752164442.516905,4615359791782.000000
4615314761000.000000,1752164442.693234,4615536122199.000000
4615348083000.000000,1752164442.715374,4615558260183.000000
4615381405000.000000,1752164442.742254,4615585140430.000000
4615481369000.000000,1752164442.763286,4615606171889.000000
4615514690000.000000,1752164442.912269,4615755155267.000000
4615681297000.000000,1752164442.939804,4615782691101.000000
4615714621000.000000,1752164443.025430,4615868317160.000000
4615747940000.000000,1752164443.042042,4615884929056.000000
4615781262000.000000,1752164443.058673,4615901560266.000000
4615881226000.000000,1752164443.262753,4616105641125.000000
4615914548000.000000,1752164443.284657,4616127544148.000000
4616014510000.000000,1752164443.301050,4616143936194.000000
4616047833000.000000,1752164443.429163,4616272051926.000000
4616081154000.000000,1752164443.451235,4616294122115.000000
4616214438000.000000,1752164443.478219,4616321105195.000000
4616247761000.000000,1752164443.570853,4616413740494.000000
4616281082000.000000,1752164443.587284,4616430171373.000000
4616414368000.000000,1752164443.714792,4616557678149.000000
4616447689000.000000,1752164443.736573,4616579459618.000000
4616481011000.000000,1752164443.753160,4616596046421.000000
4616514331000.000000,1752164443.888095,4616730982654.000000
4616580975000.000000,1752164443.905110,4616747997785.000000
4616714260000.000000,1752164444.031548,4616874434758.000000
4616747582000.000000,1752164444.043192,4616886078577.000000
4616780903000.000000,1752164444.064652,4616907539124.000000
4616814225000.000000,1752164444.196590,4617039478889.000000
4616847546000.000000,1752164444.214128,4617057016774.000000
4616980830000.000000,1752164444.227389,4617070277983.000000
4617014152000.000000,1752164444.319547,4617162435121.000000
4617047474000.000000,1752164444.349587,4617192474279.000000
4617147439000.000000,1752164444.467917,4617310804339.000000
4617180763000.000000,1752164444.484598,4617327485400.000000
4617214082000.000000,1752164444.512077,4617354963771.000000
4617280723000.000000,1752164444.646087,4617488974255.000000
4617314045000.000000,1752164444.667876,4617510761965.000000
4617414008000.000000,1752164444.684207,4617527093678.000000
4617447330000.000000,1752164444.863633,4617706520876.000000
4617513973000.000000,1752164444.880547,4617723433676.000000
4617647258000.000000,1752164444.907969,4617750856399.000000
4617680580000.000000,1752164445.046967,4617889854033.000000
4617713902000.000000,1752164445.074812,4617917699159.000000
4617813865000.000000,1752164445.091053,4617933940096.000000
4617847187000.000000,1752164445.107676,4617950562657.000000
4617880509000.000000,1752164445.276124,4618119011048.000000
4618047115000.000000,1752164445.292827,4618135715109.000000
4618080437000.000000,1752164445.470392,4618313279217.000000
4618113758000.000000,1752164445.498081,4618340968252.000000
4618147080000.000000,1752164445.514514,4618357400001.000000
4618280364000.000000,1752164445.536156,4618379041768.000000
4618313688000.000000,1752164445.708427,4618551314081.000000
4618480292000.000000,1752164445.725070,4618567957383.000000
4618513614000.000000,1752164445.856735,4618699621855.000000
4618546936000.000000,1752164445.873235,4618716121177.000000
4618580258000.000000,1752164445.895000,4618737887424.000000
4618680220000.000000,1752164446.081790,4618924676507.000000
4618713543000.000000,1752164446.102957,4618945843779.000000
4618813506000.000000,1752164446.124430,4618967316566.000000
4618846829000.000000,1752164446.266161,4619109047985.000000
4618880150000.000000,1752164446.288645,4619131531891.000000
4619046759000.000000,1752164446.311126,4619154012853.000000
4619080077000.000000,1752164446.476569,4619319456832.000000
4619113400000.000000,1752164446.498245,4619341131654.000000
4619213363000.000000,1752164446.525523,4619368410953.000000
4619246685000.000000,1752164446.552434,4619395320312.000000
4619280006000.000000,1752164446.766469,4619609356823.000000
4619479934000.000000,1752164446.782905,4619625791553.000000
4619513256000.000000,1752164446.895220,4619738107474.000000
4619546576000.000000,1752164446.912077,4619754964274.000000
4619579897000.000000,1752164446.928751,4619771639039.000000
4619713182000.000000,1752164447.048115,4619891001588.000000
4619746506000.000000,1752164447.070182,4619913068369.000000
4619879791000.000000,1752164447.240382,4620083269204.000000
4619913113000.000000,1752164447.267330,4620110217191.000000
4619946435000.000000,1752164447.294306,4620137192234.000000
4620013075000.000000,1752164447.310718,4620153603817.000000
4620079719000.000000,1752164447.491370,4620334257688.000000
4620213003000.000000,1752164447.508112,4620350999322.000000
4620246327000.000000,1752164447.525017,4620367903974.000000
4620312969000.000000,1752164447.723604,4620566491207.000000
4620346291000.000000,1752164447.740404,4620583291507.000000
4620479574000.000000,1752164447.762014,4620604900849.000000
4620512899000.000000,1752164447.783411,4620626297378.000000
4620546219000.000000,1752164447.986882,4620829770188.000000
4620712824000.000000,1752164448.014247,4620857133986.000000
4620746147000.000000,1752164448.040950,4620883836550.000000
4620779468000.000000,1752164448.062526,4620905413429.000000
4620812789000.000000,1752164448.233575,4621076462644.000000
4621012718000.000000,1752164448.255441,4621098328279.000000
4621046042000.000000,1752164448.361941,4621204828022.000000
4621079361000.000000,1752164448.388884,4621231771861.000000
4621112682000.000000,1752164448.405833,4621248720642.000000
4621179324000.000000,1752164448.577892,4621420778901.000000
4621212647000.000000,1752164448.594624,4621437511054.000000
4621312609000.000000,1752164448.611008,4621453895100.000000
4621345932000.000000,1752164448.627342,4621470228906.000000
4621379253000.000000,1752164448.785722,4621628608998.000000
4621545859000.000000,1752164448.802534,4621645421261.000000
4621579182000.000000,1752164448.829323,4621672210251.000000
4621612503000.000000,1752164448.920081,4621762968348.000000
4621645824000.000000,1752164448.936994,4621779880555.000000
4621745787000.000000,1752164449.093035,4621935922894.000000
4621779113000.000000,1752164449.104726,4621947613175.000000
4621812433000.000000,1752164449.131691,4621974577515.000000
4621912396000.000000,1752164449.221687,4622064574620.000000
4621945717000.000000,1752164449.234013,4622076902414.000000
4622045679000.000000,1752164449.383468,4622226355083.000000
4622079003000.000000,1752164449.400147,4622243034607.000000
4622112323000.000000,1752164449.421357,4622264243971.000000
4622212287000.000000,1752164449.587585,4622430472904.000000
4622245612000.000000,1752164449.604374,4622447260779.000000
4622345573000.000000,1752164449.620726,4622463612363.000000
4622378895000.000000,1752164449.637414,4622480301313.000000
4622412215000.000000,1752164449.794297,4622637183976.000000
4622578822000.000000,1752164449.811785,4622654671917.000000
4622612144000.000000,1752164449.907405,4622750291907.000000
4622645464000.000000,1752164449.923961,4622766848451.000000
4622678788000.000000,1752164449.935730,4622778616658.000000
4622745428000.000000,1752164450.106873,4622949759964.000000
4622778751000.000000,1752164450.124229,4622967115388.000000
4622878714000.000000,1752164450.151247,4622994134208.000000
4622912036000.000000,1752164450.279731,4623122617900.000000
4622945357000.000000,1752164450.301440,4623144327610.000000
4623078642000.000000,1752164450.328211,4623171098082.000000
4623111964000.000000,1752164450.486839,4623329727134.000000
4623145287000.000000,1752164450.503467,4623346354066.000000
4623278570000.000000,1752164450.520272,4623363158644.000000
4623311892000.000000,1752164450.690541,4623533428182.000000
4623345213000.000000,1752164450.702188,4623545075001.000000
4623445177000.000000,1752164450.713710,4623556595858.000000
4623478500000.000000,1752164450.730287,4623573172717.000000
4623511822000.000000,1752164450.875404,4623718290729.000000
4623645106000.000000,1752164450.902386,4623745273717.000000
4623678428000.000000,1752164451.038105,4623880992349.000000
4623711748000.000000,1752164451.054495,4623897382654.000000
4623745071000.000000,1752164451.077185,4623920072484.000000
4623878355000.000000,1752164451.237398,4624080286426.000000
4623911677000.000000,1752164451.258928,4624101815027.000000
4624011641000.000000,1752164451.275795,4624118682309.000000
4624044963000.000000,1752164451.405373,4624248259600.000000
4624078284000.000000,1752164451.417198,4624260084676.000000
4624178247000.000000,1752164451.433696,4624276582961.000000
4624211570000.000000,1752164451.593824,4624436710960.000000
4624244892000.000000,1752164451.616043,4624458930758.000000
4624378177000.000000,1752164451.638559,4624481445294.000000
4624411498000.000000,1752164451.761683,4624604570524.000000
4624444820000.000000,1752164451.778298,4624621184827.000000
4624578104000.000000,1752164451.907743,4624750629433.000000
4624611428000.000000,1752164451.934721,4624777607606.000000
4624644748000.000000,1752164451.951205,4624794091373.000000
4624711390000.000000,1752164451.967556,4624810442271.000000
4624744711000.000000,1752164452.125454,4624968341942.000000
4624877998000.000000,1752164452.137182,4624980069686.000000
4624911318000.000000,1752164452.169600,4625012486541.000000
4624944640000.000000,1752164452.281542,4625124429670.000000
4624977962000.000000,1752164452.297645,4625140531422.000000
4625077926000.000000,1752164452.325106,4625167992978.000000
4625111248000.000000,1752164452.442598,4625285485788.000000
4625144569000.000000,1752164452.464749,4625307637235.000000
4625244532000.000000,1752164452.491340,4625334226912.000000
4625277854000.000000,1752164452.642946,4625485833539.000000
4625311176000.000000,1752164452.654614,4625497502265.000000
4625411147000.000000,1752164452.676922,4625519808859.000000
4625444461000.000000,1752164452.777623,4625620509664.000000
4625477783000.000000,1752164452.814912,4625657798799.000000
4625611068000.000000,1752164452.932487,4625775374960.000000
4625644389000.000000,1752164452.949274,4625792160909.000000
4625677711000.000000,1752164452.966081,4625808967691.000000
4625744354000.000000,1752164453.115151,4625958037920.000000
4625810996000.000000,1752164453.127544,4625970432083.000000
4625877639000.000000,1752164453.150027,4625992914489.000000
4625910960000.000000,1752164453.264120,4626107009150.000000
4625944281000.000000,1752164453.271245,4626114131740.000000
4626077566000.000000,1752164453.420487,4626263374763.000000
4626110890000.000000,1752164453.447546,4626290432398.000000
4626144213000.000000,1752164453.469538,4626312424698.000000
4626210854000.000000,1752164453.485472,4626328358027.000000
4626244176000.000000,1752164453.641206,4626484093777.000000
4626410779000.000000,1752164453.663006,4626505892709.000000
4626444102000.000000,1752164453.817777,4626660663821.000000
4626477424000.000000,1752164453.844868,4626687755066.000000
4626510746000.000000,1752164453.861166,4626704051909.000000
4626610708000.000000,1752164453.877469,4626720355604.000000
4626644031000.000000,1752164454.054069,4626896957981.000000
4626810636000.000000,1752164454.076024,4626918911189.000000
4626843959000.000000,1752164454.165704,4627008591243.000000
4626877281000.000000,1752164454.187092,4627029979383.000000
4626910602000.000000,1752164454.203560,4627046446298.000000
4627010565000.000000,1752164454.331155,4627174042573.000000
4627043887000.000000,1752164454.353190,4627196077836.000000
4627143851000.000000,1752164454.455660,4627298547881.000000
4627177173000.000000,1752164454.472608,4627315494551.000000
4627210494000.000000,1752164454.494558,4627337444889.000000
4627277136000.000000,1752164454.615045,4627457932684.000000
4627310458000.000000,1752164454.647424,4627490311392.000000
4627410422000.000000,1752164454.669880,4627512767076.000000
4627443743000.000000,1752164454.846449,4627689336861.000000
4627477065000.000000,1752164454.868135,4627711021812.000000
4627577028000.000000,1752164454.884381,4627727267471.000000
4627610351000.000000,1752164454.990257,4627833144572.000000
4627643672000.000000,1752164455.018984,4627861871189.000000
4627776957000.000000,1752164455.036076,4627878961894.000000
4627810279000.000000,1752164455.201201,4628044087913.000000
4627843600000.000000,1752164455.223193,4628066080676.000000
4627976885000.000000,1752164455.245190,4628088076328.000000
4628010208000.000000,1752164455.261481,4628104368116.000000
4628043528000.000000,1752164455.412828,4628255715543.000000
4628176814000.000000,1752164455.435745,4628278633315.000000
4628210134000.000000,1752164455.458191,4628301087684.000000
4628243456000.000000,1752164455.590645,4628433531796.000000
4628276781000.000000,1752164455.607412,4628450298485.000000
4628376741000.000000,1752164455.629778,4628472665856.000000
4628410063000.000000,1752164455.763967,4628606854782.000000
4628443385000.000000,1752164455.785715,4628628602566.000000
4628543348000.000000,1752164455.813291,4628656177899.000000
4628576670000.000000,1752164455.957425,4628800312015.000000
4628609992000.000000,1752164455.974185,4628817072057.000000
4628743276000.000000,1752164455.990700,4628833586527.000000
4628776598000.000000,1752164456.116245,4628959132046.000000
4628809920000.000000,1752164456.127841,4628970728681.000000
4628909884000.000000,1752164456.154734,4628997621391.000000
4628943206000.000000,1752164456.321980,4629164867943.000000
4628976527000.000000,1752164456.333857,4629176745056.000000
4629076491000.000000,1752164456.345526,4629188412264.000000
4629109812000.000000,1752164456.439361,4629282248976.000000
4629143134000.000000,1752164456.451305,4629294192310.000000
4629276420000.000000,1752164456.588474,4629431361704.000000
4629309741000.000000,1752164456.600275,4629443161466.000000
4629343061000.000000,1752164456.616539,4629459425476.000000
4629376383000.000000,1752164456.638261,4629481147928.000000
4629409705000.000000,1752164456.766955,4629609842876.000000
4629576310000.000000,1752164456.943951,4629786837897.000000
4629609635000.000000,1752164456.960639,4629803526977.000000
4629642953000.000000,1752164456.977508,4629820394221.000000
4629676275000.000000,1752164456.999089,4629841975544.000000
4629776238000.000000,1752164457.205175,4630048062567.000000
4629942847000.000000,1752164457.221806,4630064692888.000000
4629976168000.000000,1752164457.244052,4630086938352.000000
4630009489000.000000,1752164457.372771,4630215659245.000000
4630042810000.000000,1752164457.400421,4630243308484.000000
4630176095000.000000,1752164457.416672,4630259557513.000000
4630209417000.000000,1752164457.558391,4630401278636.000000
4630242738000.000000,1752164457.575329,4630418215602.000000
4630342702000.000000,1752164457.596830,4630439717370.000000
4630376024000.000000,1752164457.730072,4630572959121.000000
4630409346000.000000,1752164457.746541,4630589427629.000000
4630509309000.000000,1752164457.774192,4630617078221.000000
4630542632000.000000,1752164457.898821,4630741708787.000000
4630575953000.000000,1752164457.920719,4630763605977.000000
4630675917000.000000,1752164457.937343,4630780230150.000000
4630709239000.000000,1752164458.065346,4630908234661.000000
4630742561000.000000,1752164458.087517,4630930404997.000000
4630842523000.000000,1752164458.094142,4630937029370.000000
4630875845000.000000,1752164458.211290,4631054177794.000000
4630909167000.000000,1752164458.228302,4631071188870.000000
4631009130000.000000,1752164458.245033,4631087919764.000000
4631042452000.000000,1752164458.361557,4631204444547.000000
4631075774000.000000,1752164458.378237,4631221124275.000000
4631175737000.000000,1752164458.488598,4631331485680.000000
4631209060000.000000,1752164458.505872,4631348759698.000000
4631242380000.000000,1752164458.522843,4631365732830.000000
4631309022000.000000,1752164458.646157,4631489044688.000000
4631342344000.000000,1752164458.657925,4631500811598.000000
4631442308000.000000,1752164458.674864,4631517751657.000000
4631475630000.000000,1752164458.866421,4631709307947.000000
4631508951000.000000,1752164458.883352,4631726238653.000000
4631608914000.000000,1752164458.910899,4631753787024.000000
4631675557000.000000,1752164459.047873,4631890759994.000000
4631708880000.000000,1752164459.075292,4631918178958.000000
4631842165000.000000,1752164459.097857,4631940743567.000000
4631875487000.000000,1752164459.245743,4632088630883.000000
4631908808000.000000,1752164459.268194,4632111080400.000000
4632042093000.000000,1752164459.284307,4632127193968.000000
4632075415000.000000,1752164459.420213,4632263100320.000000
4632108737000.000000,1752164459.431843,4632274729787.000000
4632208699000.000000,1752164459.458885,4632301771700.000000
4632242022000.000000,1752164459.592964,4632435851701.000000
4632275344000.000000,1752164459.609734,4632452620854.000000
4632408627000.000000,1752164459.736925,4632579812133.000000
4632441950000.000000,1752164459.753342,4632596229068.000000
4632475272000.000000,1752164459.770095,4632612982110.000000
4632541914000.000000,1752164459.797168,4632640054411.000000
4632575235000.000000,1752164459.976910,4632819797902.000000
4632708520000.000000,1752164459.989141,4632832028345.000000
4632741842000.000000,1752164460.000630,4632843517443.000000
4632775164000.000000,1752164460.181973,4633024860418.000000
4632808485000.000000,1752164460.208776,4633051662777.000000
4632941769000.000000,1752164460.230837,4633073724632.000000
4632975092000.000000,1752164460.247725,4633090612469.000000
4633041734000.000000,1752164460.438558,4633281444786.000000
4633175020000.000000,1752164460.455374,4633298261308.000000
4633208341000.000000,1752164460.482381,4633325267684.000000
4633241663000.000000,1752164460.685617,4633528503830.000000
4633274985000.000000,1752164460.702170,4633545056356.000000
4633408270000.000000,1752164460.728575,4633571461664.000000
4633441591000.000000,1752164460.744920,4633587805803.000000
4633474911000.000000,1752164460.860095,4633702982323.000000
4633674840000.000000,1752164461.001227,4633844114211.000000
4633708161000.000000,1752164461.013325,4633856212285.000000
4633741483000.000000,1752164461.029809,4633872695552.000000
4633774805000.000000,1752164461.046462,4633889348891.000000
4633808126000.000000,1752164461.249660,4634092548612.000000
4633974731000.000000,1752164461.261524,4634104411058.000000
4634008054000.000000,1752164461.348942,4634191830043.000000
4634041376000.000000,1752164461.365675,4634208561733.000000
4634074697000.000000,1752164461.387503,4634230390813.000000
4634174661000.000000,1752164461.548314,4634391201286.000000
4634207983000.000000,1752164461.565610,4634408497156.000000
4634307945000.000000,1752164461.587519,4634430405901.000000
4634341268000.000000,1752164461.753232,4634596119877.000000
4634374590000.000000,1752164461.774986,4634617871828.000000
4634507875000.000000,1752164461.791630,4634634516297.000000
4634541197000.000000,1752164461.995202,4634838089273.000000
4634574518000.000000,1752164462.017023,4634859909131.000000
4634707802000.000000,1752164462.033344,4634876230177.000000
4634741125000.000000,1752164462.049691,4634892577779.000000
4634774447000.000000,1752164462.223035,4635065922395.000000
4634974373000.000000,1752164462.240324,4635083210894.000000
4635007696000.000000,1752164462.256844,4635099731235.000000
4635041018000.000000,1752164462.396111,4635238998995.000000
4635074340000.000000,1752164462.412983,4635255869869.000000
4635174302000.000000,1752164462.429991,4635272877982.000000
4635207625000.000000,1752164462.546084,4635388971455.000000
4635240946000.000000,1752164462.562638,4635405525369.000000
4635340909000.000000,1752164462.579489,4635422375799.000000
4635374231000.000000,1752164462.715487,4635558374039.000000
4635407553000.000000,1752164462.738003,4635580890426.000000
4635507516000.000000,1752164462.759900,4635602787783.000000
4635540839000.000000,1752164462.880620,4635723507928.000000
4635574160000.000000,1752164462.897379,4635740266433.000000
4635674122000.000000,1752164462.913974,4635756860940.000000
4635707444000.000000,1752164463.077587,4635920474086.000000
4635740768000.000000,1752164463.098952,4635941839301.000000
4635840729000.000000,1752164463.120796,4635963682492.000000
4635874051000.000000,1752164463.137800,4635980687531.000000
4635940694000.000000,1752164463.349746,4636192633657.000000
4636073979000.000000,1752164463.366399,4636209286145.000000
4636107301000.000000,1752164463.393442,4636236328187.000000
4636140623000.000000,1752164463.410225,4636253111729.000000
4636173944000.000000,1752164463.572583,4636415469648.000000
4636340551000.000000,1752164463.589157,4636432044266.000000
4636373872000.000000,1752164463.605985,4636448871659.000000
4636407193000.000000,1752164463.744561,4636587447501.000000
4636440515000.000000,1752164463.766731,4636609617429.000000
4636540480000.000000,1752164463.778190,4636621076824.000000
4636573799000.000000,1752164463.954956,4636797842792.000000
4636607122000.000000,1752164463.971663,4636814549908.000000
4636707085000.000000,1752164463.993484,4636836371488.000000
4636773728000.000000,1752164464.161687,4637004573900.000000
4636807050000.000000,1752164464.183398,4637026285574.000000
4636907014000.000000,1752164464.204951,4637047838157.000000
4636940335000.000000,1752164464.221764,4637064651124.000000
4636973657000.000000,1752164464.394303,4637237189452.000000
4637140264000.000000,1752164464.416138,4637259026069.000000
4637173586000.000000,1752164464.423287,4637266174844.000000
4637206906000.000000,1752164464.500053,4637342940462.000000
4637240228000.000000,1752164464.518395,4637361282802.000000
4637373517000.000000,1752164464.655308,4637498197180.000000
4637406837000.000000,1752164464.662438,4637505325529.000000
4637440158000.000000,1752164464.669844,4637512731283.000000
4637473480000.000000,1752164464.796791,4637639678861.000000
4637506802000.000000,1752164464.820861,4637663748620.000000
4637606768000.000000,1752164464.853745,4637696638174.000000
4637640087000.000000,1752164464.980317,4637823204367.000000
4637673418000.000000,1752164465.004187,4637847074129.000000
4637773374000.000000,1752164465.027611,4637870499469.000000
4637806695000.000000,1752164465.118131,4637961019199.000000
4637840032000.000000,1752164465.138000,4637980887837.000000
4637939982000.000000,1752164465.275939,4638118827537.000000
4637973300000.000000,1752164465.288190,4638131078554.000000
4638006624000.000000,1752164465.305556,4638148443941.000000
4638073267000.000000,1752164465.423316,4638266203081.000000
4638106587000.000000,1752164465.450891,4638293779765.000000
4638239868000.000000,1752164465.590364,4638433251320.000000
4638273192000.000000,1752164465.616987,4638459873663.000000
4638306513000.000000,1752164465.634198,4638477085700.000000
4638439797000.000000,1752164465.777837,4638620723747.000000
4638473118000.000000,1752164465.794735,4638637621602.000000
4638573082000.000000,1752164465.822024,4638664911382.000000
4638606403000.000000,1752164465.924403,4638767290262.000000
4638639726000.000000,1752164465.936119,4638779006414.000000
4638739688000.000000,1752164466.039053,4638881941546.000000
4638773010000.000000,1752164466.056900,4638899788225.000000
4638806336000.000000,1752164466.080827,4638923714986.000000
4638839655000.000000,1752164466.211148,4639054035990.000000
4638872977000.000000,1752164466.234039,4639076925800.000000
4639006262000.000000,1752164466.257253,4639100141846.000000
4639039582000.000000,1752164466.430583,4639273471795.000000
4639072904000.000000,1752164466.438946,4639281835687.000000
4639172868000.000000,1752164466.446721,4639289609437.000000
4639206191000.000000,1752164466.455947,4639298838541.000000
4639272837000.000000,1752164466.577873,4639420762303.000000
4639372801000.000000,1752164466.606218,4639449106331.000000
4639406120000.000000,1752164466.667461,4639510349839.000000
4639439440000.000000,1752164466.682147,4639525038218.000000
4639472800000.000000,1752164466.826414,4639669302313.000000
4639539406000.000000,1752164466.859046,4639701933721.000000
4639572726000.000000,1752164466.875763,4639718650078.000000
4639639369000.000000,1752164467.005536,4639848422607.000000
4639672689000.000000,1752164467.022598,4639865485646.000000
4639805974000.000000,1752164467.039573,4639882460426.000000
4639839296000.000000,1752164467.207655,4640050542136.000000
4639872618000.000000,1752164467.251493,4640094380275.000000
4639972580000.000000,1752164467.264023,4640106912603.000000
4640005902000.000000,1752164467.286783,4640129670951.000000
4640039225000.000000,1752164467.455182,4640298069601.000000
4640205830000.000000,1752164467.471905,4640314792107.000000
4640239151000.000000,1752164467.494010,4640336896832.000000
4640272473000.000000,1752164467.635396,4640478283014.000000
4640305794000.000000,1752164467.651406,4640494293823.000000
4640405757000.000000,1752164467.673013,4640515905516.000000
4640472399000.000000,1752164467.843498,4640686385422.000000
4640505722000.000000,1752164467.876164,4640719051274.000000
4640605686000.000000,1752164467.892526,4640735411802.000000
4640639008000.000000,1752164467.919644,4640762530288.000000
4640672331000.000000,1752164468.080271,4640923158726.000000
4640838935000.000000,1752164468.107854,4640950740947.000000
4640872258000.000000,1752164468.124820,4640967707357.000000
4640905579000.000000,1752164468.227463,4641070350456.000000
4640938902000.000000,1752164468.239356,4641082243032.000000
4641038865000.000000,1752164468.379323,4641222210748.000000
4641072187000.000000,1752164468.396053,4641238940160.000000
4641105508000.000000,1752164468.422820,4641265706631.000000
4641172149000.000000,1752164468.450174,4641293061078.000000
4641205471000.000000,1752164468.651936,4641494822740.000000
4641405400000.000000,1752164468.668493,4641511380154.000000
4641438722000.000000,1752164468.685308,4641528195640.000000
4641472042000.000000,1752164468.825538,4641668425890.000000
4641505364000.000000,1752164468.842349,4641685234987.000000
4641605327000.000000,1752164468.858891,4641701778420.000000
4641638649000.000000,1752164469.041174,4641884061143.000000
4641671971000.000000,1752164469.063575,4641906462476.000000
4641771935000.000000,1752164469.080033,4641922918947.000000
4641805257000.000000,1752164469.096418,4641939305289.000000
4641838578000.000000,1752164469.266839,4642109725659.000000
4642005185000.000000,1752164469.288474,4642131361389.000000
4642038507000.000000,1752164469.310844,4642153732148.000000
4642105148000.000000,1752164469.445877,4642288763658.000000
4642138471000.000000,1752164469.473182,4642316069234.000000
4642238433000.000000,1752164469.489509,4642332396355.000000
4642271754000.000000,1752164469.618699,4642461586112.000000
4642305076000.000000,1752164469.635671,4642478557652.000000
4642405039000.000000,1752164469.657778,4642500665210.000000
4642438362000.000000,1752164469.752591,4642595478560.000000
4642471684000.000000,1752164469.769811,4642612698634.000000
4642571647000.000000,1752164469.906206,4642749093074.000000
4642604970000.000000,1752164469.922934,4642765821042.000000
4642638291000.000000,1752164469.949664,4642792551513.000000
4642738254000.000000,1752164470.075701,4642918587490.000000
4642771577000.000000,1752164470.082185,4642925073439.000000
4642871540000.000000,1752164470.098765,4642941653001.000000
4642904862000.000000,1752164470.205152,4643048039301.000000
4642938184000.000000,1752164470.221830,4643064717029.000000
4643038147000.000000,1752164470.386891,4643229778104.000000
4643071471000.000000,1752164470.403876,4643246762773.000000
4643104792000.000000,1752164470.431215,4643274102831.000000
4643171432000.000000,1752164470.458439,4643301325093.000000
4643204755000.000000,1752164470.642650,4643485536722.000000
4643371361000.000000,1752164470.659642,4643502528761.000000
4643404681000.000000,1752164470.671204,4643514090433.000000
4643438004000.000000,1752164470.773213,4643616100520.000000
4643471326000.000000,1752164470.795383,4643638270059.000000
4643604610000.000000,1752164470.940608,4643783494922.000000
4643637932000.000000,1752164470.957237,4643800123928.000000
4643671253000.000000,1752164470.968968,4643811854210.000000
4643771217000.000000,1752164471.111518,4643954406564.000000
4643804539000.000000,1752164471.129172,4643972060337.000000
4643904504000.000000,1752164471.136343,4643979229741.000000
4643937826000.000000,1752164471.275809,4644118695555.000000
4643971146000.000000,1752164471.297748,4644140634152.000000
4644071109000.000000,1752164471.313873,4644156761405.000000
4644104430000.000000,1752164471.492867,4644335753867.000000
4644137753000.000000,1752164471.509815,4644352701074.000000
4644237715000.000000,1752164471.531641,4644374528043.000000
4644271037000.000000,1752164471.659222,4644502109114.000000
4644304359000.000000,1752164471.687521,4644530409439.000000
4644437643000.000000,1752164471.709424,4644552311351.000000
4644470967000.000000,1752164471.897004,4644739891036.000000
4644504289000.000000,1752164471.918622,4644761509322.000000
4644637573000.000000,1752164471.945864,4644788750029.000000
4644670894000.000000,1752164471.962202,4644805087927.000000
4644704216000.000000,1752164472.110565,4644953451997.000000
4644904144000.000000,1752164472.138398,4644981284753.000000
4644937466000.000000,1752164472.262429,4645105316751.000000
4644970789000.000000,1752164472.279167,4645122053960.000000
4645004108000.000000,1752164472.302267,4645145153360.000000
4645104073000.000000,1752164472.478474,4645321361093.000000
4645137395000.000000,1752164472.500982,4645343868536.000000
4645270679000.000000,1752164472.522905,4645365791670.000000
4645304001000.000000,1752164472.640144,4645483031075.000000
4645337323000.000000,1752164472.672867,4645515753630.000000
4645437286000.000000,1752164472.695401,4645538287906.000000
4645470608000.000000,1752164472.853547,4645696435223.000000
4645503929000.000000,1752164472.870183,4645713069173.000000
4645603892000.000000,1752164472.886435,4645729321758.000000
4645637215000.000000,1752164472.902785,4645745670619.000000
4645670536000.000000,1752164473.008395,4645851283112.000000
4645837142000.000000,1752164473.162867,4646005754171.000000
4645870465000.000000,1752164473.195729,4646038616021.000000
4645903786000.000000,1752164473.217044,4646059930274.000000
4645937107000.000000,1752164473.243994,4646086881409.000000
4646003750000.000000,1752164473.401691,4646244579175.000000
4646170357000.000000,1752164473.413574,4646256462084.000000
4646203679000.000000,1752164473.517593,4646360490205.000000
4646237000000.000000,1752164473.534723,4646377610595.000000
4646270323000.000000,1752164473.551587,4646394474469.000000
4646370287000.000000,1752164473.724991,4646567879140.000000
4646403609000.000000,1752164473.747415,4646590301621.000000
4646503570000.000000,1752164473.764388,4646607274697.000000
4646536893000.000000,1752164473.929993,4646772879711.000000
4646570215000.000000,1752164473.962276,4646805161938.000000
4646670177000.000000,1752164473.989073,4646831958909.000000
4646703499000.000000,1752164474.106689,4646949576810.000000
4646736820000.000000,1752164474.134436,4646977322974.000000
4646903425000.000000,1752164474.150945,4646993832463.000000
4646936748000.000000,1752164474.278393,4647121280851.000000
4646970070000.000000,1752164474.305728,4647148615445.000000
4647070032000.000000,1752164474.328407,4647171294109.000000
4647103355000.000000,1752164474.504615,4647347502434.000000
4647136677000.000000,1752164474.521218,4647364104441.000000
4647236642000.000000,1752164474.553570,4647396456130.000000
4647269962000.000000,1752164474.569928,4647412814305.000000
4647303283000.000000,1752164474.711465,4647554352504.000000
4647503212000.000000,1752164474.727941,4647570827957.000000
4647536534000.000000,1752164474.862911,4647705798689.000000
4647569855000.000000,1752164474.879611,4647722497250.000000
4647603176000.000000,1752164474.896352,4647739238422.000000
4647669818000.000000,1752164475.024423,4647867309784.000000
4647736462000.000000,1752164475.040995,4647883882902.000000
4647836425000.000000,1752164475.220382,4648063269360.000000
4647869747000.000000,1752164475.236880,4648079766738.000000
4647903069000.000000,1752164475.253656,4648096543743.000000
4648036352000.000000,1752164475.376797,4648219683770.000000
4648069676000.000000,1752164475.393498,4648236385516.000000
4648169638000.000000,1752164475.420564,4648263451706.000000
4648202960000.000000,1752164475.537389,4648380276060.000000
4648236282000.000000,1752164475.554180,4648397067657.000000
4648336245000.000000,1752164475.580972,4648423859461.000000
4648369567000.000000,1752164475.710886,4648553773878.000000
4648402888000.000000,1752164475.722639,4648565526084.000000
4648502851000.000000,1752164475.749649,4648592536349.000000
4648536173000.000000,1752164475.839997,4648682883840.000000
4648569496000.000000,1752164475.856884,4648699771251.000000
4648669459000.000000,1752164476.070080,4648912967419.000000
4648702781000.000000,1752164476.091971,4648934857498.000000
4648736102000.000000,1752164476.123546,4648966432621.000000
4648802744000.000000,1752164476.156006,4648998892846.000000
4648869387000.000000,1752164476.177422,4649020309227.000000
4649102636000.000000,1752164476.384026,4649226912985.000000
4649135958000.000000,1752164476.401183,4649244070170.000000
4649169280000.000000,1752164476.417655,4649260542419.000000
4649202601000.000000,1752164476.550816,4649393702819.000000
4649235923000.000000,1752164476.572732,4649415619139.000000
4649335886000.000000,1752164476.589541,4649432427754.000000
4649369208000.000000,1752164476.714033,4649556920896.000000
4649402531000.000000,1752164476.725585,4649568471031.000000
4649502493000.000000,1752164476.742476,4649585362997.000000
4649535816000.000000,1752164476.919288,4649762175372.000000
4649569139000.000000,1752164476.946516,4649789402912.000000
4649669100000.000000,1752164476.962838,4649805732848.000000
4649702423000.000000,1752164477.112228,4649955115962.000000
4649735744000.000000,1752164477.128721,4649971607285.000000
4649902350000.000000,1752164477.145196,4649988082978.000000
4649935673000.000000,1752164477.243938,4650086826137.000000
4649968994000.000000,1752164477.271473,4650114360193.000000
4650068957000.000000,1752164477.414307,4650257195192.000000
4650102279000.000000,1752164477.435998,4650278885126.000000
4650135601000.000000,1752164477.452527,4650295413855.000000
4650202242000.000000,1752164477.484613,4650327499732.000000
4650235565000.000000,1752164477.621060,4650463947245.000000
4650402172000.000000,1752164477.653490,4650496377081.000000
4650435493000.000000,1752164477.761229,4650604115996.000000
4650468815000.000000,1752164477.777848,4650620735280.000000
4650502137000.000000,1752164477.799769,4650642655970.000000
4650602099000.000000,1752164477.935086,4650777972976.000000
4650635422000.000000,1752164477.957214,4650800101497.000000
4650735384000.000000,1752164477.978933,4650821820986.000000
4650768706000.000000,1752164478.096513,4650939400276.000000
4650802029000.000000,1752164478.113115,4650956021078.000000
4650901992000.000000,1752164478.230429,4651073316205.000000
4650935314000.000000,1752164478.247074,4651089960970.000000
4650968636000.000000,1752164478.263904,4651106791400.000000
4651068598000.000000,1752164478.402800,4651245687331.000000
4651101921000.000000,1752164478.419480,4651262367004.000000
4651201885000.000000,1752164478.441604,4651284491043.000000
4651235206000.000000,1752164478.623003,4651465891443.000000
4651268529000.000000,1752164478.640774,4651483662196.000000
4651368490000.000000,1752164478.658311,4651501197822.000000
4651401813000.000000,1752164478.775828,4651618715039.000000
4651435134000.000000,1752164478.787637,4651630524652.000000
4651568420000.000000,1752164478.804171,4651647057678.000000
4651601741000.000000,1752164478.931706,4651774594139.000000
4651635063000.000000,1752164478.948468,4651791356347.000000
4651735026000.000000,1752164478.959862,4651802749095.000000
4651768348000.000000,1752164479.148761,4651991648969.000000
4651801670000.000000,1752164479.165343,4652008229661.000000
4651934955000.000000,1752164479.182011,4652024898519.000000
4651968276000.000000,1752164479.311376,4652154264534.000000
4652001598000.000000,1752164479.327875,4652170762542.000000
4652101561000.000000,1752164479.344428,4652187315975.000000
4652134883000.000000,1752164479.510740,4652353627925.000000
4652168205000.000000,1752164479.533204,4652376090795.000000
4652268170000.000000,1752164479.549544,4652392431415.000000
4652301490000.000000,1752164479.565863,4652408749388.000000
4652334811000.000000,1752164479.701055,4652543941988.000000
4652501417000.000000,1752164479.717737,4652560624809.000000
4652534739000.000000,1752164479.850720,4652693607322.000000
4652568061000.000000,1752164479.867465,4652710352068.000000
4652601381000.000000,1752164479.883936,4652726823038.000000
4652668024000.000000,1752164480.023902,4652866789532.000000
4652701346000.000000,1752164480.056204,4652899091036.000000
4652801309000.000000,1752164480.068354,4652911240924.000000
4652834630000.000000,1752164480.217886,4653060773148.000000
4652867952000.000000,1752164480.240088,4653082975205.000000
4653001238000.000000,1752164480.256914,4653099801432.000000
4653034559000.000000,1752164480.359819,4653202706713.000000
4653067883000.000000,1752164480.376300,4653219187424.000000
4653167845000.000000,1752164480.392904,4653235790283.000000
4653201167000.000000,1752164480.541214,4653384101057.000000
4653234488000.000000,1752164480.568291,4653411177284.000000
4653334452000.000000,1752164480.584931,4653427818679.000000
4653367774000.000000,1752164480.757456,4653600344248.000000
4653401096000.000000,1752164480.779408,4653622294642.000000
4653501058000.000000,1752164480.792090,4653634975949.000000
4653534381000.000000,1752164480.808613,4653651499253.000000
4653567702000.000000,1752164480.955112,4653797999695.000000
4653734308000.000000,1752164480.971864,4653814751441.000000
4653767631000.000000,1752164481.104695,4653947581641.000000
4653800953000.000000,1752164481.131788,4653974674330.000000
4653834274000.000000,1752164481.148367,4653991254652.000000
4653900916000.000000,1752164481.165191,4654008077638.000000
4653967559000.000000,1752164481.354663,4654197550358.000000
4654100843000.000000,1752164481.376545,4654219432437.000000
4654134165000.000000,1752164481.392927,4654235814446.000000
4654167487000.000000,1752164481.560409,4654403296365.000000
4654200809000.000000,1752164481.576699,4654419585542.000000
4654300772000.000000,1752164481.603653,4654446540122.000000
4654334094000.000000,1752164481.620054,4654462940575.000000
4654367415000.000000,1752164481.780975,4654623862473.000000
4654534021000.000000,1752164481.803283,4654646169714.000000
4654567343000.000000,1752164481.830773,4654673660067.000000
4654600666000.000000,1752164481.950812,4654793699627.000000
4654633986000.000000,1752164481.957193,4654800079910.000000
4654767271000.000000,1752164482.080006,4654922894644.000000
4654800594000.000000,1752164482.096916,4654939803591.000000
4654833916000.000000,1752164482.118301,4654961187676.000000
4654867236000.000000,1752164482.272545,4655115432553.000000
4654900558000.000000,1752164482.289364,4655132250705.000000
4655033841000.000000,1752164482.306458,4655149344336.000000
4655067164000.000000,1752164482.409867,4655252754964.000000
4655100486000.000000,1752164482.426698,4655269585949.000000
4655233770000.000000,1752164482.573349,4655416236519.000000
4655267095000.000000,1752164482.600927,4655443813482.000000
4655300413000.000000,1752164482.617030,4655459916845.000000
4655367056000.000000,1752164482.739201,4655582087567.000000
4655400378000.000000,1752164482.761385,4655604272366.000000
4655533662000.000000,1752164482.777927,4655620814502.000000
4655566985000.000000,1752164482.903384,4655746271152.000000
4655600307000.000000,1752164482.919874,4655762761401.000000
4655700270000.000000,1752164482.936033,4655778919782.000000
4655733592000.000000,1752164483.067137,4655910023112.000000
4655766914000.000000,1752164483.078985,4655921872059.000000
4655866877000.000000,1752164483.100907,4655943793897.000000
4655900199000.000000,1752164483.264131,4656107018362.000000
4655933521000.000000,1752164483.292025,4656134912081.000000
4656033483000.000000,1752164483.318953,4656161839809.000000
4656066805000.000000,1752164483.494719,4656337606417.000000
4656100126000.000000,1752164483.516628,4656359514737.000000
4656233412000.000000,1752164483.528141,4656371028113.000000
4656300054000.000000,1752164483.680108,4656522995404.000000
4656333377000.000000,1752164483.696575,4656539460967.000000
4656433339000.000000,1752164483.713084,4656555972215.000000
4656466661000.000000,1752164483.725430,4656568318583.000000
4656533305000.000000,1752164483.880586,4656723473968.000000
4656666590000.000000,1752164483.897460,4656740347527.000000
4656699912000.000000,1752164484.045832,4656888720301.000000
4656733233000.000000,1752164484.062622,4656905509324.000000
4656766554000.000000,1752164484.084620,4656927506976.000000
4656866518000.000000,1752164484.209173,4657052060358.000000
4656899840000.000000,1752164484.246691,4657089579065.000000
4656999802000.000000,1752164484.263454,4657106341570.000000
4657033125000.000000,1752164484.376657,4657219544611.000000
4657066447000.000000,1752164484.393486,4657236372874.000000
4657166409000.000000,1752164484.409902,4657252788716.000000
4657199733000.000000,1752164484.575531,4657418418730.000000
4657233054000.000000,1752164484.598143,4657441029708.000000
4657333016000.000000,1752164484.619928,4657462815344.000000
4657399661000.000000,1752164484.701167,4657544053822.000000
4657432982000.000000,1752164484.723071,4657565957827.000000
4657566267000.000000,1752164484.842040,4657684927861.000000
4657599588000.000000,1752164484.848771,4657691657826.000000
4657632910000.000000,1752164484.972795,4657815681713.000000
4657666232000.000000,1752164484.994983,4657837869863.000000
4657699553000.000000,1752164485.022357,4657865243328.000000
4657799516000.000000,1752164485.134625,4657977513212.000000
4657832837000.000000,1752164485.151560,4657994446845.000000
4657932800000.000000,1752164485.173416,4658016302295.000000
4657966124000.000000,1752164485.306806,4658149693618.000000
4657999445000.000000,1752164485.318856,4658161743563.000000
4658099408000.000000,1752164485.330383,4658173268883.000000
4658132730000.000000,1752164485.431081,4658273968410.000000
4658166053000.000000,1752164485.447644,4658290531954.000000
4658266016000.000000,1752164485.584107,4658426994189.000000
4658299338000.000000,1752164485.600541,4658443428401.000000
4658332658000.000000,1752164485.616807,4658459694615.000000
4658365980000.000000,1752164485.714650,4658557537970.000000
4658432624000.000000,1752164485.742117,4658585004396.000000
4658532588000.000000,1752164485.875901,4658718789086.000000
4658565909000.000000,1752164485.892380,4658735267075.000000
4658599230000.000000,1752164485.908801,4658751687658.000000
4658699194000.000000,1752164486.009743,4658852631219.000000
4658732517000.000000,1752164486.026436,4658869322225.000000
4658832479000.000000,1752164486.137749,4658980636601.000000
4658865802000.000000,1752164486.154768,4658997655214.000000
4658899123000.000000,1752164486.166878,4659009764991.000000
4658965765000.000000,1752164486.276654,4659119540884.000000
4658999088000.000000,1752164486.293886,4659136772772.000000
4659099050000.000000,1752164486.411278,4659254164861.000000
4659132374000.000000,1752164486.438285,4659281171589.000000
4659165694000.000000,1752164486.455336,4659298222164.000000
4659232336000.000000,1752164486.633928,4659476815724.000000
4659265658000.000000,1752164486.650967,4659493853966.000000
4659365621000.000000,1752164486.672530,4659515417197.000000
4659398943000.000000,1752164486.688916,4659531802799.000000
4659465585000.000000,1752164486.838956,4659681843554.000000
4659632191000.000000,1752164486.861366,4659704253720.000000
4659665514000.000000,1752164487.000817,4659843704053.000000
4659698836000.000000,1752164487.023144,4659866031405.000000
4659732157000.000000,1752164487.044674,4659887560951.000000
4659798799000.000000,1752164487.060925,4659903811091.000000
4659832121000.000000,1752164487.231073,4660073959927.000000
4659965406000.000000,1752164487.247564,4660090450990.000000
4659998728000.000000,1752164487.264572,4660107458955.000000
4660032049000.000000,1752164487.281943,4660124830749.000000
4660065371000.000000,1752164487.398790,4660241677010.000000
4660198654000.000000,1752164487.493663,4660336550471.000000
4660231977000.000000,1752164487.510475,4660353361901.000000
4660265298000.000000,1752164487.527348,4660370235016.000000
4660298620000.000000,1752164487.660457,4660503344287.000000
4660365262000.000000,1752164487.677238,4660520125199.000000
4660465227000.000000,1752164487.699211,4660542097721.000000
4660498549000.000000,1752164487.828986,4660671873751.000000
4660531871000.000000,1752164487.841717,4660684605410.000000
4660631833000.000000,1752164487.848828,4660691715667.000000
4660665158000.000000,1752164487.972075,4660814962711.000000
4660698479000.000000,1752164487.999750,4660842636709.000000
4660798440000.000000,1752164488.175630,4661018517594.000000
4660831763000.000000,1752164488.202649,4661045535433.000000
4660865083000.000000,1752164488.224172,4661067058312.000000
4660965046000.000000,1752164488.240613,4661083500154.000000
4660998368000.000000,1752164488.378435,4661221322430.000000
4661164974000.000000,1752164488.391213,4661234101088.000000
4661198296000.000000,1752164488.472737,4661315625359.000000
4661231618000.000000,1752164488.484323,4661327209401.000000
4661264940000.000000,1752164488.639067,4661481955402.000000
4661298261000.000000,1752164488.661195,4661504082146.000000
4661331584000.000000,1752164488.682795,4661525681321.000000
4661431547000.000000,1752164488.699106,4661541993108.000000
4661464868000.000000,1752164488.833916,4661676803676.000000
4661631474000.000000,1752164488.851399,4661694286839.000000
4661664796000.000000,1752164488.985506,4661828393600.000000
4661698121000.000000,1752164489.013108,4661855994488.000000
4661731442000.000000,1752164489.039959,4661882846199.000000
4661798081000.000000,1752164489.141671,4661984559178.000000
4661864726000.000000,1752164489.153452,4661996338718.000000
4661964688000.000000,1752164489.301548,4662144434402.000000
4661998011000.000000,1752164489.318388,4662161274147.000000
4662031332000.000000,1752164489.334986,4662177872801.000000
4662097974000.000000,1752164489.448672,4662291558504.000000
4662164617000.000000,1752164489.460338,4662303224378.000000
4662264581000.000000,1752164489.582058,4662424945346.000000
4662297904000.000000,1752164489.593929,4662436815237.000000
4662331223000.000000,1752164489.610668,4662453555797.000000
4662397866000.000000,1752164489.744594,4662587482578.000000
4662431188000.000000,1752164489.761600,4662604486154.000000
4662531152000.000000,1752164489.778274,4662621161475.000000
4662564473000.000000,1752164489.964010,4662806897476.000000
4662597795000.000000,1752164489.986097,4662828983312.000000
4662697758000.000000,1752164490.007501,4662850386971.000000
4662731080000.000000,1752164490.023867,4662866752609.000000
4662764402000.000000,1752164490.166985,4663009873050.000000
4662931009000.000000,1752164490.183613,4663026499927.000000
4662964331000.000000,1752164490.275847,4663118733823.000000
4662997652000.000000,1752164490.292326,4663135212739.000000
4663030974000.000000,1752164490.308669,4663151556248.000000
4663130938000.000000,1752164490.478317,4663321204644.000000
4663164259000.000000,1752164490.484987,4663327873443.000000
4663230901000.000000,1752164490.491568,4663334454890.000000
4663264223000.000000,1752164490.503472,4663346358744.000000
4663297547000.000000,1752164490.684331,4663527218038.000000
4663464152000.000000,1752164490.711987,4663554874296.000000
4663497473000.000000,1752164490.824193,4663667080366.000000
4663530794000.000000,1752164490.845852,4663688738726.000000
4663564116000.000000,1752164490.862999,4663705886189.000000
4663664079000.000000,1752164491.015364,4663858251290.000000
4663697401000.000000,1752164491.031649,4663874535689.000000
4663830685000.000000,1752164491.174459,4664017346448.000000
4663864012000.000000,1752164491.191417,4664034303766.000000
4663897330000.000000,1752164491.208201,4664051088659.000000
4663963971000.000000,1752164491.224910,4664067797387.000000
4664030615000.000000,1752164491.354311,4664197198105.000000
4664163900000.000000,1752164491.472187,4664315075318.000000
4664197222000.000000,1752164491.494671,4664337558835.000000
4664230546000.000000,1752164491.511410,4664354297322.000000
4664263864000.000000,1752164491.648189,4664491076294.000000
4664330508000.000000,1752164491.664998,4664507884965.000000
4664430471000.000000,1752164491.682011,4664524898356.000000
4664463793000.000000,1752164491.816181,4664659068856.000000
4664497115000.000000,1752164491.848310,4664691196603.000000
4664597078000.000000,1752164491.870153,4664713040016.000000
4664630400000.000000,1752164492.005237,4664848124692.000000
4664663721000.000000,1752164492.022547,4664865434080.000000
4664797006000.000000,1752164492.039190,4664882078123.000000
4664830327000.000000,1752164492.226686,4665069573568.000000
4664863649000.000000,1752164492.249436,4665092322767.000000
4664963612000.000000,1752164492.265781,4665108666943.000000
4664996934000.000000,1752164492.282084,4665124969620.000000
4665030257000.000000,1752164492.423970,4665266857519.000000
4665196862000.000000,1752164492.451072,4665293958838.000000
4665230185000.000000,1752164492.541397,4665384284810.000000
4665263505000.000000,1752164492.558053,4665400939483.000000
4665296826000.000000,1752164492.574927,4665417813875.000000
4665363469000.000000,1752164492.684896,4665527784136.000000
4665396791000.000000,1752164492.701478,4665544364939.000000
4665496754000.000000,1752164492.856928,4665699814914.000000
4665530078000.000000,1752164492.895632,4665738519127.000000
4665563398000.000000,1752164492.917989,4665760875331.000000
4665630040000.000000,1752164492.934340,4665777226303.000000
4665696683000.000000,1752164493.102739,4665945626824.000000
4665863290000.000000,1752164493.119730,4665962618827.000000
4665896611000.000000,1752164493.141689,4665984576035.000000
4665929933000.000000,1752164493.244706,4666087593445.000000
4665963256000.000000,1752164493.261886,4666104773093.000000
4666063220000.000000,1752164493.439665,4666282551680.000000
4666096541000.000000,1752164493.466612,4666309498815.000000
4666129862000.000000,1752164493.483194,4666326080304.000000
4666163182000.000000,1752164493.499955,4666342841364.000000
4666229824000.000000,1752164493.634007,4666476894736.000000
4666429753000.000000,1752164493.650743,4666493629426.000000
4666463075000.000000,1752164493.757316,4666600202742.000000
4666496397000.000000,1752164493.774126,4666617012210.000000
4666529718000.000000,1752164493.790728,4666633615216.000000
4666596360000.000000,1752164493.946275,4666789162412.000000
4666629683000.000000,1752164493.958086,4666800973322.000000
4666729646000.000000,1752164493.985649,4666828535970.000000
4666762967000.000000,1752164494.134246,4666977133334.000000
4666796290000.000000,1752164494.161632,4667004519539.000000
4666896252000.000000,1752164494.183258,4667026145528.000000
4666929574000.000000,1752164494.200065,4667042951144.000000
4666962896000.000000,1752164494.308207,4667151094776.000000
4667129502000.000000,1752164494.462608,4667305495985.000000
4667162825000.000000,1752164494.479204,4667322090491.000000
4667196146000.000000,1752164494.495958,4667338843589.000000
4667229466000.000000,1752164494.512368,4667355253246.000000
4667262788000.000000,1752164494.679369,4667522256615.000000
4667462716000.000000,1752164494.700967,4667543854012.000000
4667496038000.000000,1752164494.837550,4667680437561.000000
4667529360000.000000,1752164494.859500,4667702387065.000000
4667562680000.000000,1752164494.871103,4667713989570.000000
4667662643000.000000,1752164495.040745,4667883631985.000000
4667695966000.000000,1752164495.068079,4667910966265.000000
4667795929000.000000,1752164495.089446,4667932331905.000000
4667829251000.000000,1752164495.215742,4668058629620.000000
4667862573000.000000,1752164495.243588,4668086475024.000000
4667995857000.000000,1752164495.265570,4668108457435.000000
4668029181000.000000,1752164495.420894,4668263782078.000000
4668062501000.000000,1752164495.437560,4668280447844.000000
4668195786000.000000,1752164495.454143,4668297030017.000000
4668229108000.000000,1752164495.596908,4668439795221.000000
4668262429000.000000,1752164495.624367,4668467253592.000000
4668395714000.000000,1752164495.646270,4668489156394.000000
4668429037000.000000,1752164495.791293,4668634179962.000000
4668462358000.000000,1752164495.807359,4668650245567.000000
4668562322000.000000,1752164495.834619,4668677505515.000000
4668595644000.000000,1752164495.851482,4668694368389.000000
4668662284000.000000,1752164496.044924,4668887811325.000000
4668762250000.000000,1752164496.056465,4668899352294.000000
4668795571000.000000,1752164496.083702,4668926589037.000000
4668828892000.000000,1752164496.171137,4669014024022.000000
4668862213000.000000,1752164496.193568,4669036454911.000000
4668995498000.000000,1752164496.322936,4669165823037.000000
4669028822000.000000,1752164496.344974,4669187861022.000000
4669062142000.000000,1752164496.361958,4669204844228.000000
4669128784000.000000,1752164496.507906,4669350793546.000000
4669162108000.000000,1752164496.524966,4669367852955.000000
4669295391000.000000,1752164496.547032,4669389918736.000000
4669328714000.000000,1752164496.665220,4669508108316.000000
4669362035000.000000,1752164496.687341,4669530227652.000000
4669495320000.000000,1752164496.794536,4669637423331.000000
4669528642000.000000,1752164496.816586,4669659472261.000000
4669561963000.000000,1752164496.833601,4669676488244.000000
4669628605000.000000,1752164496.987298,4669830185590.000000
4669661927000.000000,1752164497.004426,4669847312721.000000
4669761891000.000000,1752164497.031361,4669874246875.000000
4669795213000.000000,1752164497.145420,4669988307407.000000
4669828534000.000000,1752164497.161952,4670004839247.000000
4669961818000.000000,1752164497.289878,4670132764797.000000
4669995141000.000000,1752164497.311205,4670154091863.000000
4670028462000.000000,1752164497.323638,4670166524174.000000
4670128426000.000000,1752164497.489268,4670332155521.000000
4670161749000.000000,1752164497.516590,4670359477412.000000
4670261712000.000000,1752164497.549323,4670392208930.000000
4670295034000.000000,1752164497.674121,4670517008457.000000
4670328354000.000000,1752164497.700927,4670543814058.000000
4670461639000.000000,1752164497.733299,4670576186394.000000
4670494961000.000000,1752164497.842005,4670684892780.000000
4670528284000.000000,1752164497.854149,4670697035686.000000
4670661567000.000000,1752164497.969986,4670812873847.000000
4670694890000.000000,1752164497.986964,4670829850479.000000
4670728211000.000000,1752164498.003325,4670846211618.000000
4670794854000.000000,1752164498.164319,4671007206793.000000
4670828175000.000000,1752164498.186443,4671029329925.000000
4670928139000.000000,1752164498.208399,4671051285818.000000
4670994780000.000000,1752164498.354825,4671197712372.000000
4671028104000.000000,1752164498.382210,4671225096836.000000
4671128067000.000000,1752164498.404092,4671246978175.000000
4671161389000.000000,1752164498.515873,4671358760639.000000
4671194711000.000000,1752164498.548296,4671391183808.000000
4671327995000.000000,1752164498.684270,4671527157215.000000
4671361318000.000000,1752164498.700944,4671543830721.000000
4671394640000.000000,1752164498.712486,4671555373282.000000
4671461281000.000000,1752164498.739912,4671582799005.000000
4671527925000.000000,1752164498.910608,4671753495816.000000
4671661210000.000000,1752164498.932602,4671775489228.000000
4671694531000.000000,1752164498.955213,4671798099169.000000
4671727853000.000000,1752164499.075589,4671918477633.000000
4671761175000.000000,1752164499.093814,4671936701992.000000
4671861137000.000000,1752164499.111431,4671954319099.000000
4671894460000.000000,1752164499.276795,4672119682856.000000
4671927787000.000000,1752164499.309058,4672151944917.000000
4672027743000.000000,1752164499.330966,4672173852940.000000
4672061067000.000000,1752164499.347336,4672190222282.000000
4672094389000.000000,1752164499.559433,4672402321203.000000
4672294316000.000000,1752164499.576025,4672418912358.000000
4672327637000.000000,1752164499.597965,4672440851789.000000
4672360958000.000000,1752164499.734975,4672577862721.000000
4672394280000.000000,1752164499.752094,4672594980796.000000
4672527565000.000000,1752164499.774042,4672616928542.000000
4672560887000.000000,1752164499.892950,4672735837355.000000
4672594208000.000000,1752164499.920225,4672763111728.000000
4672727493000.000000,1752164500.015264,4672858151131.000000
4672760815000.000000,1752164500.038071,4672880958515.000000
4672794136000.000000,1752164500.050171,4672893058237.000000
4672827458000.000000,1752164500.182797,4673025683994.000000
4672860779000.000000,1752164500.199635,4673042522258.000000
4672994064000.000000,1752164500.362079,4673204965620.000000
4673027386000.000000,1752164500.384161,4673227047494.000000
4673060708000.000000,1752164500.400072,4673242958304.000000
4673127350000.000000,1752164500.416349,4673259235462.000000
4673193993000.000000,1752164500.550297,4673393184150.000000
4673360600000.000000,1752164500.704180,4673547066975.000000
4673393923000.000000,1752164500.720533,4673563419133.000000
4673427243000.000000,1752164500.736947,4673579833882.000000
4673460564000.000000,1752164500.753566,4673596452462.000000
4673560529000.000000,1752164500.997910,4673840797647.000000
4673693813000.000000,1752164501.014973,4673857859760.000000
4673727136000.000000,1752164501.031435,4673874322064.000000
4673760457000.000000,1752164501.178863,4674021749922.000000
4673827100000.000000,1752164501.195618,4674038504760.000000
4673960385000.000000,1752164501.212200,4674055087100.000000
4673993706000.000000,1752164501.344864,4674187751635.000000
4674027028000.000000,1752164501.362521,4674205409371.000000
4674126992000.000000,1752164501.380861,4674223749063.000000
4674160313000.000000,1752164501.560636,4674403523665.000000
4674193636000.000000,1752164501.582731,4674425618464.000000
4674293598000.000000,1752164501.614818,4674457704304.000000
4674326920000.000000,1752164501.749820,4674592707370.000000
4674393562000.000000,1752164501.765819,4674608705105.000000
4674526849000.000000,1752164501.787049,4674629935784.000000
4674560170000.000000,1752164501.888815,4674731701448.000000
4674593492000.000000,1752164501.905536,4674748424101.000000
4674693456000.000000,1752164501.927284,4674770170534.000000
4674726777000.000000,1752164502.086843,4674929729742.000000
4674760099000.000000,1752164502.103281,4674946168788.000000
4674860063000.000000,1752164502.125500,4674968386808.000000
4674893383000.000000,1752164502.146813,4674989699782.000000
4674926705000.000000,1752164502.291680,4675134566797.000000
4675059991000.000000,1752164502.308612,4675151499244.000000
4675093311000.000000,1752164502.397388,4675240274974.000000
4675126634000.000000,1752164502.413919,4675256805944.000000
4675159955000.000000,1752164502.430777,4675273663448.000000
4675259919000.000000,1752164502.559316,4675402203417.000000
4675293241000.000000,1752164502.601613,4675444499795.000000
4675359881000.000000,1752164502.628754,4675471640669.000000
4675426526000.000000,1752164502.772996,4675615883617.000000
4675459847000.000000,1752164502.794802,4675637689345.000000
4675559810000.000000,1752164502.811047,4675653933948.000000
4675593133000.000000,1752164502.971881,4675814768421.000000
4675626455000.000000,1752164502.988543,4675831429908.000000
4675726418000.000000,1752164503.009908,4675852794030.000000
4675759738000.000000,1752164503.026366,4675869252371.000000
4675793060000.000000,1752164503.191429,4676034315799.000000
4675959666000.000000,1752164503.208351,4676051237691.000000
4675992988000.000000,1752164503.225245,4676068132305.000000
4676026309000.000000,1752164503.397048,4676239935715.000000
4676059633000.000000,1752164503.418828,4676261715073.000000
4676159596000.000000,1752164503.434964,4676277850640.000000
4676192917000.000000,1752164503.456477,4676299363464.000000
4676226238000.000000,1752164503.592051,4676434938172.000000
4676392844000.000000,1752164503.619151,4676462037695.000000
4676426167000.000000,1752164503.742997,4676585885196.000000
4676459489000.000000,1752164503.764677,4676607563425.000000
4676492809000.000000,1752164503.776434,4676619320725.000000
4676559451000.000000,1752164503.861813,4676704699250.000000
4676592774000.000000,1752164503.878667,4676721554384.000000
4676692738000.000000,1752164503.982524,4676825411192.000000
4676726059000.000000,1752164503.999319,4676842205789.000000
4676759380000.000000,1752164504.115087,4676957974913.000000
4676792701000.000000,1752164504.132369,4676975256023.000000
4676826025000.000000,1752164504.154353,4676997239805.000000
4676925986000.000000,1752164504.295067,4677137953995.000000
4676959308000.000000,1752164504.311696,4677154583112.000000
4677059271000.000000,1752164504.338793,4677181680265.000000
4677125915000.000000,1752164504.469746,4677312635096.000000
4677159237000.000000,1752164504.482075,4677324961889.000000
4677259201000.000000,1752164504.509678,4677352565777.000000
4677292522000.000000,1752164504.645757,4677488645091.000000
4677325844000.000000,1752164504.658044,4677500930699.000000
4677425807000.000000,1752164504.685433,4677528320182.000000
4677459129000.000000,1752164504.812044,4677654931727.000000
4677492451000.000000,1752164504.828913,4677671798767.000000
4677592415000.000000,1752164504.850964,4677693851104.000000
4677625736000.000000,1752164504.990869,4677833755876.000000
4677659058000.000000,1752164505.007709,4677850595880.000000
4677759022000.000000,1752164505.024460,4677867347422.000000
4677792344000.000000,1752164505.051137,4677894023672.000000
4677825665000.000000,1752164505.219563,4678062450859.000000
4677958950000.000000,1752164505.241221,4678084109922.000000
4677992273000.000000,1752164505.337739,4678180626976.000000
4678025592000.000000,1752164505.355774,4678198662616.000000
4678058913000.000000,1752164505.372483,4678215370788.000000
4678158878000.000000,1752164505.513698,4678356585064.000000
4678192203000.000000,1752164505.546159,4678389045770.000000
4678292163000.000000,1752164505.562907,4678405793979.000000
4678325486000.000000,1752164505.720026,4678562913343.000000
4678358806000.000000,1752164505.736794,4678579681181.000000
4678492091000.000000,1752164505.758724,4678601611760.000000
4678525413000.000000,1752164505.882339,4678725227041.000000
4678558734000.000000,1752164505.899029,4678741914769.000000
4678658699000.000000,1752164505.915940,4678758828179.000000
4678725342000.000000,1752164506.039458,4678882345202.000000
4678758664000.000000,1752164506.056245,4678899131669.000000
4678858626000.000000,1752164506.163072,4679005959056.000000
4678891949000.000000,1752164506.175016,4679017903483.000000
4678925269000.000000,1752164506.191780,4679034667822.000000
4678991914000.000000,1752164506.399209,4679242096719.000000
4679025235000.000000,1752164506.415644,4679258530931.000000
4679125197000.000000,1752164506.432161,4679275047475.000000
4679158520000.000000,1752164506.448549,4679291434854.000000
4679225162000.000000,1752164506.575157,4679418045214.000000
4679358447000.000000,1752164506.591884,4679434771386.000000
4679391769000.000000,1752164506.708306,4679551193318.000000
4679425092000.000000,1752164506.724687,4679567573308.000000
4679458413000.000000,1752164506.741279,4679584165445.000000
4679525055000.000000,1752164506.837281,4679680168485.000000
4679558377000.000000,1752164506.859610,4679702497430.000000
4679658339000.000000,1752164506.954119,4679797006820.000000
4679691664000.000000,1752164506.976310,4679819196730.000000
4679724983000.000000,1752164506.997873,4679840759331.000000
4679791626000.000000,1752164507.104765,4679947653403.000000
4679824949000.000000,1752164507.131559,4679974445855.000000
4679924911000.000000,1752164507.231996,4680074882885.000000
4679958234000.000000,1752164507.244042,4680086929811.000000
4679991555000.000000,1752164507.260417,4680103302987.000000
4680058195000.000000,1752164507.394391,4680237278323.000000
4680091519000.000000,1752164507.416316,4680259203494.000000
4680191482000.000000,1752164507.428079,4680270964793.000000
4680224804000.000000,1752164507.602756,4680445644154.000000
4680258126000.000000,1752164507.619787,4680462673841.000000
4680358089000.000000,1752164507.641520,4680484406478.000000
4680391411000.000000,1752164507.799494,4680642382018.000000
4680424732000.000000,1752164507.821491,4680664378244.000000
4680558018000.000000,1752164507.848810,4680691697247.000000
4680624660000.000000,1752164507.972988,4680815875003.000000
4680657982000.000000,1752164507.989823,4680832710118.000000
4680791267000.000000,1752164508.124040,4680966926877.000000
4680824589000.000000,1752164508.140798,4680983684771.000000
4680857910000.000000,1752164508.162700,4681005587202.000000
4680924552000.000000,1752164508.178653,4681021539178.000000
4680957875000.000000,1752164508.314470,4681157357605.000000
4681091160000.000000,1752164508.331135,4681174021333.000000
4681157803000.000000,1752164508.463264,4681306150745.000000
4681191125000.000000,1752164508.485976,4681328862741.000000
4681224444000.000000,1752164508.502109,4681344996290.000000
4681291087000.000000,1752164508.603454,4681446341495.000000
4681324410000.000000,1752164508.620537,4681463424108.000000
4681424372000.000000,1752164508.771255,4681614142874.000000
4681457695000.000000,1752164508.788159,4681631046341.000000
4681491016000.000000,1752164508.804955,4681647841456.000000
4681590980000.000000,1752164508.951684,4681794570784.000000
4681624301000.000000,1752164508.968777,4681811665063.000000
4681724265000.000000,1752164508.985538,4681828424605.000000
4681757586000.000000,1752164509.187123,4682030011380.000000
4681790908000.000000,1752164509.205229,4682048116518.000000
4681924193000.000000,1752164509.222224,4682065111576.000000
4681957515000.000000,1752164509.238682,4682081568510.000000
4681990838000.000000,1752164509.444530,4682287417406.000000
4682157442000.000000,1752164509.461372,4682304258502.000000
4682190765000.000000,1752164509.477816,4682320702103.000000
4682224086000.000000,1752164509.574107,4682416994030.000000
4682257407000.000000,1752164509.602209,4682445096375.000000
4682390692000.000000,1752164509.723656,4682566542642.000000
4682424015000.000000,1752164509.735131,4682578018297.000000
4682457335000.000000,1752164509.742202,4682585088665.000000
4682523978000.000000,1752164509.763729,4682606615082.000000
4682557300000.000000,1752164509.925602,4682768489339.000000
4682690585000.000000,1752164509.942394,4682785281307.000000
4682723906000.000000,1752164510.062904,4682905790695.000000
4682757228000.000000,1752164510.085387,4682928274601.000000
4682790549000.000000,1752164510.101898,4682944784442.000000
4682890513000.000000,1752164510.262431,4683105318029.000000
4682923835000.000000,1752164510.274135,4683117021903.000000
4683023798000.000000,1752164510.290817,4683133704001.000000
4683057120000.000000,1752164510.307881,4683150767318.000000
4683090442000.000000,1752164510.464289,4683307176005.000000
4683223727000.000000,1752164510.475860,4683318746917.000000
4683257049000.000000,1752164510.632286,4683475172697.000000
4683290371000.000000,1752164510.649215,4683492100848.000000
4683323692000.000000,1752164510.665775,4683508661429.000000
4683423657000.000000,1752164510.682625,4683525512007.000000
4683490298000.000000,1752164510.846848,4683689734554.000000
4683590262000.000000,1752164510.863513,4683706399930.000000
4683623583000.000000,1752164510.880480,4683723367099.000000
4683656905000.000000,1752164511.063626,4683906513684.000000
4683690228000.000000,1752164511.085784,4683928671001.000000
4683790191000.000000,1752164511.118092,4683960978598.000000
4683823512000.000000,1752164511.139571,4683982456940.000000
4683856835000.000000,1752164511.261799,4684104686606.000000
4684090084000.000000,1752164511.372879,4684215765633.000000
4684123405000.000000,1752164511.384703,4684227589543.000000
4684156726000.000000,1752164511.401271,4684244158957.000000
4684190048000.000000,1752164511.495168,4684338056076.000000
4684223370000.000000,1752164511.512733,4684355619498.000000
4684323333000.000000,1752164511.612584,4684455470831.000000
4684356655000.000000,1752164511.629418,4684472304946.000000
4684389976000.000000,1752164511.651635,4684494521929.000000
4684423297000.000000,1752164511.784750,4684627637515.000000
4684456618000.000000,1752164511.801370,4684644257318.000000
4684556582000.000000,1752164511.823866,4684666752705.000000
4684589904000.000000,1752164511.840428,4684683315101.000000
4684623225000.000000,1752164512.038105,4684880993418.000000
4684756511000.000000,1752164512.060432,4684903318770.000000
4684789833000.000000,1752164512.076498,4684919384542.000000
4684823157000.000000,1752164512.182354,4685025241014.000000
4684856477000.000000,1752164512.193989,4685036875962.000000
4685023081000.000000,1752164512.321229,4685164115760.000000
4685056403000.000000,1752164512.337745,4685180631638.000000
4685089726000.000000,1752164512.365494,4685208380931.000000
4685123046000.000000,1752164512.391746,4685234631723.000000
4685156368000.000000,1752164512.548029,4685390915726.000000
4685322973000.000000,1752164512.570050,4685412936508.000000
4685356296000.000000,1752164512.683698,4685526585210.000000
4685389616000.000000,1752164512.705250,4685548137312.000000
4685422940000.000000,1752164512.732187,4685575073763.000000
4685489581000.000000,1752164512.748562,4685591448605.000000
4685556225000.000000,1752164512.956880,4685799768363.000000
4685656188000.000000,1752164512.973621,4685816508090.000000
4685689510000.000000,1752164512.990291,4685833177911.000000
4685756151000.000000,1752164513.128707,4685971594680.000000
4685789474000.000000,1752164513.155938,4685998824813.000000
4685922760000.000000,1752164513.172362,4686015251247.000000
4685956080000.000000,1752164513.267117,4686110005635.000000
4685989403000.000000,1752164513.283879,4686126766584.000000
4686089365000.000000,1752164513.434703,4686277590628.000000
4686122688000.000000,1752164513.451313,4686294200504.000000
4686156022000.000000,1752164513.467929,4686310816159.000000
4686255973000.000000,1752164513.574793,4686417680416.000000
4686289294000.000000,1752164513.591702,4686434588308.000000
4686355937000.000000,1752164513.619276,4686462162086.000000
4686389259000.000000,1752164513.768131,4686611018409.000000
4686422581000.000000,1752164513.789884,4686632770786.000000
4686522544000.000000,1752164513.806193,4686649080352.000000
4686555865000.000000,1752164513.822526,4686665412565.000000
4686589186000.000000,1752164514.001629,4686844516582.000000
4686755793000.000000,1752164514.019379,4686862265390.000000
4686789114000.000000,1752164514.020982,4686863868095.000000
4686822436000.000000,1752164514.184219,4687027105913.000000
4686855759000.000000,1752164514.212780,4687055667809.000000
4686955721000.000000,1752164514.230300,4687073188509.000000
4686989043000.000000,1752164514.424130,4687267017182.000000
4687022365000.000000,1752164514.446254,4687289141407.000000
4687155650000.000000,1752164514.462590,4687305476083.000000
4687188971000.000000,1752164514.479313,4687322199311.000000
4687255613000.000000,1752164514.638823,4687481709872.000000
4687388899000.000000,1752164514.661358,4687504244740.000000
4687422221000.000000,1752164514.673269,4687516156520.000000
4687455542000.000000,1752164514.858422,4687701309471.000000
4687488865000.000000,1752164514.880187,4687723073959.000000
4687588828000.000000,1752164514.896476,4687739362080.000000
4687622152000.000000,1752164514.912875,4687755760885.000000
4687655471000.000000,1752164515.061000,4687903886717.000000
4687855399000.000000,1752164515.083190,4687926076793.000000
4687888720000.000000,1752164515.235285,4688078172693.000000
4687922043000.000000,1752164515.257284,4688100172308.000000
4687955365000.000000,1752164515.274054,4688116941220.000000
4688055327000.000000,1752164515.454869,4688297755589.000000
4688088649000.000000,1752164515.471406,4688314292985.000000
4688188613000.000000,1752164515.483705,4688326591519.000000
4688221935000.000000,1752164515.510392,4688353278084.000000
4688288577000.000000,1752164515.650007,4688492893489.000000
4688421864000.000000,1752164515.671637,4688514523330.000000
4688455184000.000000,1752164515.698711,4688541598761.000000
4688488506000.000000,1752164515.816365,4688659253272.000000
4688521828000.000000,1752164515.838190,4688681076278.000000
4688621790000.000000,1752164515.854799,4688697685674.000000
4688655113000.000000,1752164515.993594,4688836481272.000000
4688688434000.000000,1752164516.005308,4688848195017.000000
4688788397000.000000,1752164516.016814,4688859701782.000000
4688821721000.000000,1752164516.203343,4689046230570.000000
4688855042000.000000,1752164516.241064,4689083950924.000000
4688955005000.000000,1752164516.252513,4689095399671.000000
4688988327000.000000,1752164516.264336,4689107222803.000000
4689021648000.000000,1752164516.422478,4689265364693.000000
4689188255000.000000,1752164516.439038,4689281924386.000000
4689221574000.000000,1752164516.455774,4689298660594.000000
4689254896000.000000,1752164516.616830,4689459717416.000000
4689288218000.000000,1752164516.629271,4689472157060.000000
4689388181000.000000,1752164516.640892,4689483778639.000000
4689421503000.000000,1752164516.662808,4689505694051.000000
4689454824000.000000,1752164516.801034,4689643921564.000000
4689588109000.000000,1752164516.812730,4689655616975.000000
4689621431000.000000,1752164516.931847,4689774735137.000000
4689654752000.000000,1752164516.943646,4689786532492.000000
4689688075000.000000,1752164516.960705,4689803591604.000000
4689754717000.000000,1752164517.080602,4689923489184.000000
4689788038000.000000,1752164517.092228,4689935115430.000000
4689888003000.000000,1752164517.207267,4690050153765.000000
4689921324000.000000,1752164517.239193,4690082080514.000000
4689954647000.000000,1752164517.261630,4690104516532.000000
4690054608000.000000,1752164517.408844,4690251730726.000000
4690087930000.000000,1752164517.425716,4690268602988.000000
4690187896000.000000,1752164517.447771,4690290656825.000000
4690221216000.000000,1752164517.564863,4690407750398.000000
4690254537000.000000,1752164517.587157,4690430043918.000000
4690387823000.000000,1752164517.734829,4690577717050.000000
4690421146000.000000,1752164517.751765,4690594652720.000000
4690454467000.000000,1752164517.768367,4690611254541.000000
4690554430000.000000,1752164517.897758,4690740645167.000000
4690587752000.000000,1752164517.915090,4690757976240.000000
4690721038000.000000,1752164518.058887,4690901773859.000000
4690754360000.000000,1752164518.080745,4690923631383.000000
4690787681000.000000,1752164518.107499,4690950386114.000000
4690854323000.000000,1752164518.123979,4690966866103.000000
4690887645000.000000,1752164518.286613,4691129499593.000000
4691054251000.000000,1752164518.308619,4691151506264.000000
4691087573000.000000,1752164518.325910,4691168797170.000000
4691120895000.000000,1752164518.435868,4691278755339.000000
4691154218000.000000,1752164518.452866,4691295753008.000000
4691254179000.000000,1752164518.556234,4691399121469.000000
4691287501000.000000,1752164518.578481,4691421368563.000000
4691320823000.000000,1752164518.595404,4691438291992.000000
4691387464000.000000,1752164518.736009,4691578897368.000000
4691420790000.000000,1752164518.752778,4691595664743.000000
4691520750000.000000,1752164518.769280,4691612166584.000000
4691554073000.000000,1752164518.927708,4691770595379.000000
4691587395000.000000,1752164518.949823,4691792711511.000000
4691687358000.000000,1752164518.977059,4691819945755.000000
4691720679000.000000,1752164518.993451,4691836337023.000000
4691754001000.000000,1752164519.076443,4691919329963.000000
4691920608000.000000,1752164519.169589,4692012476331.000000
4691953929000.000000,1752164519.191777,4692034664296.000000
4691987251000.000000,1752164519.319526,4692162413810.000000
4692020572000.000000,1752164519.342789,4692185676652.000000
4692053893000.000000,1752164519.359665,4692202552489.000000
4692120535000.000000,1752164519.465437,4692308324276.000000
4692153858000.000000,1752164519.487782,4692330669388.000000
4692287143000.000000,1752164519.583075,4692425961695.000000
4692320464000.000000,1752164519.600282,4692443175177.000000
4692353786000.000000,1752164519.622738,4692465625454.000000
4692420428000.000000,1752164519.716834,4692559721089.000000
4692453750000.000000,1752164519.733848,4692576735684.000000
4692520392000.000000,1752164519.745415,4692588301707.000000
4692553714000.000000,1752164519.926587,4692769474721.000000
4692587035000.000000,1752164519.943046,4692785933117.000000
4692653678000.000000,1752164519.959212,4692802098703.000000
4692686999000.000000,1752164519.980669,4692823556453.000000
4692753642000.000000,1752164520.163948,4693006835796.000000
4692920248000.000000,1752164520.186215,4693029101223.000000
4692953570000.000000,1752164520.202915,4693045802784.000000
4692986892000.000000,1752164520.370968,4693213855882.000000
4693020213000.000000,1752164520.387953,4693230838940.000000
4693120178000.000000,1752164520.409718,4693252605187.000000
4693153499000.000000,1752164520.436571,4693279457695.000000
4693186821000.000000,1752164520.616437,4693459324833.000000
4693386747000.000000,1752164520.633344,4693476231595.000000
4693420069000.000000,1752164520.726256,4693569142799.000000
4693453391000.000000,1752164520.742739,4693585625881.000000
4693486712000.000000,1752164520.769648,4693612534777.000000
4693586677000.000000,1752164520.868721,4693711609210.000000
4693619999000.000000,1752164520.896497,4693739384189.000000
4693719962000.000000,1752164521.062839,4693905725769.000000
4693753284000.000000,1752164521.085073,4693927959585.000000
4693786605000.000000,1752164521.101429,4693944316391.000000
4693853247000.000000,1752164521.188179,4694031066272.000000
4693919891000.000000,1752164521.215654,4694058541347.000000
4694019855000.000000,1752164521.396806,4694239693693.000000
4694053176000.000000,1752164521.413375,4694256262663.000000
4694086499000.000000,1752164521.430270,4694273157629.000000
4694153140000.000000,1752164521.446759,4694289646285.000000
4694253105000.000000,1752164521.630742,4694473629268.000000
4694386389000.000000,1752164521.637234,4694480120791.000000
4694419711000.000000,1752164521.653739,4694496625984.000000
4694453033000.000000,1752164521.851574,4694694461669.000000
4694486355000.000000,1752164521.858325,4694701211597.000000
4694586317000.000000,1752164521.869587,4694712473198.000000
4694619639000.000000,1752164522.006231,4694849118357.000000
4694652962000.000000,1752164522.033929,4694876815947.000000
4694786247000.000000,1752164522.050806,4694893692562.000000
4694819567000.000000,1752164522.169904,4695012792169.000000
4694852889000.000000,1752164522.191911,4695034797988.000000
4694986173000.000000,1752164522.325226,4695168113794.000000
4695019497000.000000,1752164522.349174,4695192061980.000000
4695052817000.000000,1752164522.356480,4695199368328.000000
4695152783000.000000,1752164522.530091,4695372984829.000000
4695186106000.000000,1752164522.532070,4695374956753.000000
4695286067000.000000,1752164522.533482,4695376367867.000000
4695319388000.000000,1752164522.561240,4695404127031.000000
4695352709000.000000,1752164522.562677,4695405563312.000000
